,log_eui,log_area,era,electric_share,steam,oil,borough,occupancy,units_per_10k_sqft
1,3.5667118201397288,11.192100173925192,2010+,0.64,0,0,Queens,100,4.686100199848391
3,4.74406218485471,13.16504731742771,1980-99,0.359,0,0,Manhattan,100,5.6151351848586835
6,4.275276264727001,11.825924345405799,1960-79,0.266,0,1,Queens,100,10.091260091260091
8,4.268297869345539,11.338202962091572,1930-59,0.171,0,1,Manhattan,100,10.122783408162537
9,4.089332020398556,10.906432931112562,2000-09,0.371,0,0,Brooklyn,100,4.2181711477093495
14,4.309455941839047,10.975738754150811,2000-09,0.268,0,0,Unknown,100,13.860606786563768
15,4.321480134805848,12.99996294797378,1960-79,0.327,1,0,Manhattan,80,4.837284158798545
1125,4.286341384539473,13.394254425311056,1980-99,0.408,1,0,Manhattan,100,7.329836549216576
1128,4.647271362006727,13.16281410301281,2000-09,0.287,0,0,Manhattan,100,4.820989551321451
1129,4.73795129722191,12.611537753638338,2000-09,0.222,0,0,Unknown,100,8.466666666666667
1130,4.314817884980432,12.805840031892027,2000-09,0.341,0,0,Manhattan,55,8.041960921010379
1131,4.551769409260976,12.558527196124452,1980-99,0.35200000000000004,0,0,Manhattan,100,10.579555799248535
1179,4.22829253473184,12.587074281459964,1930-59,0.27699999999999997,1,0,Manhattan,100,5.260461144321094
1182,4.223909766576744,11.371200597317179,1960-79,0.161,0,0,Manhattan,100,11.753047726591847
1183,4.12552017969055,11.119141861635901,pre-1930,0.201,0,0,Manhattan,100,6.375092661230541
1189,4.041295341132285,11.489421395782234,1930-59,0.253,0,1,Manhattan,100,9.725933433664014
1190,4.22829253473184,11.443575386835436,1930-59,0.188,0,0,Manhattan,100,7.181136120042872
1192,4.207673247529104,11.839599859111331,1930-59,0.23600000000000002,0,0,Manhattan,100,8.583690987124463
1193,4.330733340286331,12.437600946378776,1930-59,0.17600000000000002,0,0,Bronx,100,9.916503044366435
1208,4.012772908528289,13.710717658959409,1930-59,0.344,0,0,Manhattan,100,4.197616686525762
1220,4.612145799724517,11.098591141393,1930-59,0.14300000000000002,0,0,Bronx,100,11.804231362934715
1221,4.499809670330265,11.242008732184335,pre-1930,0.18100000000000002,0,0,Bronx,100,5.769129910316253
1223,4.489759334476764,10.992823616423841,1930-59,0.13699999999999998,0,0,Bronx,100,8.91565454361942
1224,3.56953269648137,12.267501649626775,2010+,0.8959999999999999,0,0,Manhattan,100,1.3636085785085885
1236,4.667205576907544,11.27706388124797,2000-09,0.597,0,0,Manhattan,100,3.79799718948208
1237,4.225372824628505,11.86507418097645,2000-09,0.499,0,0,Manhattan,100,4.711276122971339
1241,4.310799125385514,10.96242302405134,pre-1930,0.316,0,0,Manhattan,100,9.017445288384836
1242,4.09933210373314,11.421610294478786,pre-1930,0.18100000000000002,0,0,Manhattan,100,7.7788612185421755
1243,4.318820558770089,11.044584452810392,pre-1930,0.168,0,0,Manhattan,100,10.382723148680595
1244,4.041295341132285,12.858309285983152,1960-79,0.415,0,0,Manhattan,100,8.386159191178386
1245,4.060443010546419,11.563333367514074,pre-1930,0.324,0,0,Manhattan,100,6.941142911476657
1254,4.335982696172475,11.414761216182997,1930-59,0.175,0,0,Bronx,100,9.48703805846663
1255,4.3294166844015844,11.161948542146133,1930-59,0.17,0,0,Bronx,100,9.232954545454545
1256,4.264087336809195,11.161948542146133,1930-59,0.16699999999999998,0,0,Bronx,100,9.232954545454545
1257,4.232656178019613,11.992501878559892,1960-79,0.23600000000000002,0,0,Bronx,100,9.780919777886457
1258,4.212127597878484,12.228812132499662,1930-59,0.20199999999999999,0,0,Bronx,100,10.997067448680353
1259,4.128745988939433,12.205332371595023,pre-1930,0.225,0,1,Bronx,100,8.456257630646679
1260,4.604169685654508,11.201633526879315,1930-59,0.147,0,0,Bronx,100,13.105802047781571
1261,4.065602093356446,11.384569229518085,1960-79,0.243,0,0,Bronx,100,8.527184664711099
1267,4.560172820057356,11.12705708060862,2000-09,0.245,0,0,Bronx,100,12.502574059365164
1269,4.658710952916121,10.84515359074151,pre-1930,0.126,0,1,Bronx,100,10.334405771668129
1279,3.977810745966149,11.225243392518447,pre-1930,0.168,0,0,Staten Is,100,7.333333333333333
1280,3.7256934272366524,11.378250561643627,pre-1930,0.415,0,0,Manhattan,100,5.3775743707093815
1281,4.12552017969055,11.929178836596291,1960-79,0.5429999999999999,1,0,Manhattan,100,2.374247330620536
1305,4.294560608892605,11.474818531334202,1930-59,0.14800000000000002,0,0,Queens,100,8.934043901476194
1306,3.824284091120139,11.55076060327325,2000-09,0.415,0,0,Bronx,100,8.665845016176243
1313,4.66814498514948,11.222546425637189,1930-59,0.287,0,0,Manhattan,100,15.642129468702372
1318,4.119037174812473,11.917056350065256,1930-59,0.17,0,0,Queens,100,7.343124165554072
1327,4.30406509320417,10.778977123006351,2000-09,0.636,0,0,Manhattan,100,4.166579862919523
1339,4.069026754237811,11.402049768624291,2000-09,0.267,0,0,Bronx,100,9.161499357577789
1344,4.3134800921387715,11.645881692218854,pre-1930,0.073,0,0,Bronx,100,8.49238312029417
1345,4.178992036282385,10.819258149163396,pre-1930,0.233,0,0,Bronx,100,8.00416216432545
1349,4.128745988939433,12.308809722981286,2000-09,0.611,0,0,Manhattan,100,10.96372495939361
1353,4.403054001865957,11.036742784647778,1960-79,0.228,0,0,Brooklyn,100,10.142477662400387
1355,4.423648309364701,11.436756909734182,1930-59,0.147,0,0,Bronx,100,9.496471197634515
1356,3.8732821771117156,11.744465665551683,pre-1930,0.273,0,0,Bronx,100,9.678391800339538
1359,4.407938016458383,11.168503714525817,pre-1930,0.158,0,0,Manhattan,100,9.031511508121303
1365,4.648229675448539,10.941995917134532,pre-1930,0.172,0,0,Bronx,100,9.91150442477876
1366,4.539030383483547,11.097410021008562,pre-1930,0.16,0,0,Bronx,100,8.636363636363637
1367,4.407938016458383,11.284769371832475,pre-1930,0.14400000000000002,0,0,Bronx,100,9.924623115577889
1368,4.511957804265912,11.222974153074404,1960-79,0.21,0,0,Bronx,100,8.151810771081117
1369,4.162003210695915,11.091559607330387,1980-99,0.251,0,0,Manhattan,95,9.906271431837233
1370,4.462453883786496,11.575900264131617,pre-1930,0.127,0,0,Bronx,100,8.35680751173709
1376,4.324132656254979,11.773881045400401,1930-59,0.156,0,0,Brooklyn,100,7.240962277667794
1379,4.312140507209715,11.222920697148803,pre-1930,0.151,0,0,Manhattan,100,8.686820089273782
1385,2.9652730660692823,12.185869938212655,1960-79,0.598,0,0,Queens,100,7.653061224489796
1390,4.223909766576744,11.436886398684639,1930-59,0.141,0,0,Queens,100,10.35844536999072
1391,3.937690752176724,12.14354809499166,1930-59,0.125,0,0,Queens,100,8.941972982467346
1392,3.5322256440685598,12.236189544433984,1930-59,0.327,0,0,Brooklyn,100,6.695291463503384
1393,4.204692619390966,11.940895428418463,1960-79,0.207,0,0,Brooklyn,100,8.995267706988932
1394,4.268297869345539,12.24384519521612,1960-79,0.195,0,0,Brooklyn,100,10.30337170617095
1400,4.185098925490565,13.103025602047742,1960-79,0.204,0,0,Brooklyn,100,9.07378105476078
1403,4.324132656254979,11.076201860959292,pre-1930,0.183,0,1,Manhattan,100,8.821481080244524
1411,4.320151230955794,13.599642972495742,1980-99,0.568,1,0,Manhattan,100,3.263667071212471
1413,4.2710950739666,12.84093636786029,1930-59,0.408,1,0,Manhattan,100,9.010131097407468
1414,4.189654742026425,13.67074140038455,2000-09,0.391,1,0,Manhattan,100,4.299474585713262
1415,4.469350462845557,12.437378792036133,2000-09,0.381,1,0,Manhattan,100,4.840328666251404
1416,4.597138014290827,13.334784043522097,1960-79,0.384,1,0,Manhattan,100,2.522908331096139
1457,4.192680462942962,13.310922109185771,pre-1930,0.623,0,0,Manhattan,100,5.863315191286518
1463,3.713572066704308,11.216081550726061,2000-09,0.485,0,0,Manhattan,100,1.6147263038914905
1464,3.9871304779149512,12.14855475532163,pre-1930,0.2,0,0,Manhattan,100,6.037464053256788
1467,4.687671407499835,10.96387862838404,pre-1930,0.11199999999999999,0,0,Brooklyn,100,13.16017316017316
1469,4.468204330914934,11.046116726621012,1930-59,0.099,0,0,Brooklyn,100,9.409888357256778
1479,4.704110133842995,12.503752077432232,1930-59,0.289,0,0,Manhattan,95,6.237330422579136
1481,4.275276264727001,11.379451213570258,pre-1930,0.226,0,0,Manhattan,100,3.8854922575852813
1483,4.08260930600368,11.100783113608738,pre-1930,0.228,0,0,Manhattan,100,5.738187638735787
1484,3.7999735016195233,11.420864999121015,pre-1930,0.314,0,0,Manhattan,100,4.27608135518886
1486,3.975936331171799,11.264976794737047,pre-1930,0.205,0,0,Manhattan,100,16.65812403895438
1488,3.7954891891721947,11.008628483166937,1960-79,0.485,0,0,Manhattan,100,12.418657791465899
1489,4.08260930600368,10.98845720216308,pre-1930,0.235,0,0,Manhattan,100,5.913460726172977
1492,3.9318256327243257,10.975156781589796,1980-99,0.244,0,1,Manhattan,100,5.307764746168992
1493,4.198704577546343,11.614064080938498,1930-59,0.265,0,0,Manhattan,100,10.393789033196859
1500,4.3054155323020415,10.893901970726251,pre-1930,0.154,0,0,Manhattan,100,8.72843426746151
1501,4.2710950739666,11.129671845227284,pre-1930,0.18600000000000003,0,0,Manhattan,100,3.961035150519336
1502,4.321480134805848,11.111880573295556,1930-59,0.18899999999999997,0,1,Manhattan,100,11.947074460141572
1504,4.28771595520264,11.312081421150786,pre-1930,0.139,0,0,Unknown,100,6.723387609407853
1506,4.437934266612178,12.943982844563635,pre-1930,0.29,0,0,Manhattan,100,19.100575646885577
1508,4.143134726391533,11.278758882665727,pre-1930,0.201,0,0,Manhattan,100,7.583130063319135
1509,4.35799005684564,11.07184354185952,pre-1930,0.213,0,0,Manhattan,100,6.372990953461622
1510,4.282206299391671,12.109429577825306,pre-1930,0.217,0,0,Manhattan,100,2.588447812486232
1514,4.370712874773608,11.625092761840977,pre-1930,0.198,0,0,Manhattan,100,8.49199964244212
1517,4.152613470346076,11.159103590013903,pre-1930,0.187,0,0,Bronx,100,8.547008547008547
1527,4.252771798816619,11.956841759452645,1960-79,0.179,0,0,Queens,100,10.136002052861175
1528,4.255612709818223,11.829923591756062,1930-59,0.153,0,0,Queens,100,8.739985433357612
1539,4.395682961121367,11.656402237940616,pre-1930,0.162,0,0,Bronx,100,11.955504730221437
1540,4.345103280569283,11.366187244858423,pre-1930,0.165,0,0,Manhattan,100,8.337965536409115
1542,4.231203744939298,11.130786182165561,pre-1930,0.17800000000000002,0,1,Manhattan,100,8.352872215709262
1544,4.437934266612178,10.985292722887856,1930-59,0.14800000000000002,0,1,Queens,100,10.0
1545,4.370712874773608,10.915452034478566,pre-1930,0.14800000000000002,0,1,Manhattan,100,10.905125408942203
1546,4.000033882750859,11.589886506106357,1930-59,0.14,0,0,Brooklyn,100,7.777777777777778
1556,4.341204640153626,11.335591449687312,1930-59,0.192,0,0,Manhattan,100,11.223880597014924
1564,4.852030263919617,10.847315627403372,pre-1930,0.10400000000000001,0,0,Brooklyn,100,7.977274496069733
1566,4.273884476054178,11.08582805673495,pre-1930,0.11599999999999999,0,0,Brooklyn,100,9.043531575720417
1569,4.45318382899021,11.060368749328214,1930-59,0.188,0,0,Bronx,100,11.477987421383649
1570,4.242764567340374,11.734467734917464,1960-79,0.187,0,0,Bronx,100,8.253205128205128
1572,4.373238128640803,11.184421397998193,1930-59,0.177,0,0,Bronx,100,9.305555555555555
1573,4.385769620952716,10.968198289528557,pre-1930,0.16399999999999998,0,0,Manhattan,100,8.448275862068966
1574,4.441474093317302,10.950806546816688,1930-59,0.16399999999999998,0,0,Bronx,100,10.350877192982455
1576,4.480740107609915,10.940224437486151,1930-59,0.147,0,0,Bronx,100,10.106382978723405
1599,4.565389315976247,11.01435773859974,1930-59,0.177,0,0,Manhattan,100,14.487981560750741
1602,4.034240638152395,10.915379330999672,pre-1930,0.162,0,1,Manhattan,100,6.725316271630072
1607,4.2626798770413155,11.11877114800793,1930-59,0.19,0,0,Manhattan,100,9.936967000370784
1608,4.418840607796598,10.942137500031555,1960-79,0.233,0,0,Manhattan,100,13.626389183832377
1611,4.382026634673881,11.06341442102333,1930-59,0.188,0,0,Manhattan,100,8.46474590086842
1612,4.430816798843313,11.43284275649667,1930-59,0.251,0,0,Manhattan,100,13.000520020800831
1613,4.2456340097683265,11.329242982536933,1960-79,0.28800000000000003,0,0,Manhattan,100,10.934871425138189
1616,4.279440045898781,10.984360084726228,1930-59,0.177,0,0,Brooklyn,100,9.161082364916448
1629,4.3425058765115985,11.336236018027902,1930-59,0.166,0,0,Bronx,100,9.307431626175362
1630,4.131961425793407,11.209100460361258,pre-1930,0.19399999999999998,0,0,Bronx,100,10.02723614141113
1632,4.646312129319266,11.24151036498232,1960-79,0.159,0,0,Queens,100,13.642922733831824
1633,4.406719247264253,11.113939322959773,1930-59,0.115,0,0,Brooklyn,100,8.79284649776453
1635,4.389498649512583,11.36098567266235,1930-59,0.155,0,0,Bronx,100,8.38144905941516
1637,4.384523514872469,11.846894571373323,pre-1930,0.155,0,0,Bronx,100,7.733619763694952
1638,4.539030383483547,10.926298127787955,pre-1930,0.145,0,0,Bronx,100,9.888529306005035
1639,2.5494451709255714,11.440354772135393,pre-1930,0.782,0,0,Bronx,100,7.096774193548388
1640,2.7013612129514133,11.35409384662443,pre-1930,0.762,0,0,Bronx,100,7.267271491197224
1647,4.478472532942134,11.984577734461489,1960-79,0.21100000000000002,1,0,Manhattan,100,10.79468876354016
1653,4.037774210733707,12.11405055403374,pre-1930,0.21100000000000002,0,0,Manhattan,100,4.330736718617234
1654,4.210645017918261,11.370958593524604,1980-99,0.315,0,0,Manhattan,100,10.718607733533107
1655,4.400603020246817,11.077902804619738,pre-1930,0.168,0,1,Manhattan,100,9.88798764001545
1656,4.104294893075269,11.392924972572887,pre-1930,0.175,0,1,Manhattan,100,6.313985477833401
1657,4.297285406218791,11.537305833695607,1930-59,0.215,0,1,Manhattan,100,10.930241636413319
1659,4.275276264727001,11.219775135482212,1980-99,0.113,0,1,Queens,100,6.43509270555429
1660,4.345103280569283,11.11032624627511,pre-1930,0.146,0,1,Manhattan,100,9.871668311944719
1661,4.269697449699962,11.155678929132538,pre-1930,0.126,0,1,Manhattan,100,8.719268153230416
1663,4.312140507209715,11.596806948950931,pre-1930,0.248,0,0,Brooklyn,100,12.045977011494253
1665,4.009149716158869,11.50085288373596,1930-59,0.258,0,1,Manhattan,100,7.995951417004048
1666,4.160444363926624,11.576069263934853,pre-1930,0.195,0,1,Manhattan,100,7.041063482228355
1669,4.879006851617819,11.473165406396351,1930-59,0.304,0,1,Manhattan,100,13.527293916879982
1671,4.61512051684126,10.988845725525822,pre-1930,0.23399999999999999,0,1,Manhattan,100,8.106738726566459
1673,4.931592086755803,12.100712129872347,1960-79,0.183,0,1,Manhattan,100,12.38888888888889
1674,4.3267781604434035,11.575317934986494,pre-1930,0.171,0,1,Manhattan,100,8.45562674984498
1675,4.33204826486764,11.748100348667986,pre-1930,0.192,0,1,Manhattan,100,11.540316014954984
1677,4.314817884980432,10.973237296519136,pre-1930,0.191,0,0,Manhattan,100,8.405812018595714
1679,4.475061500641071,10.894069096990533,1930-59,0.156,0,0,Bronx,100,10.212418300653596
1680,4.308110951723713,11.085337439774293,1930-59,0.158,0,0,Bronx,100,8.434547908232119
1681,4.406719247264253,11.109787646621156,pre-1930,0.145,0,0,Bronx,100,9.876986621172668
1682,4.23410650459726,11.179729854342133,1930-59,0.14400000000000002,0,0,Bronx,100,8.372521384815037
1683,4.31748811353631,11.233793403447164,1960-79,0.21100000000000002,0,0,Bronx,100,9.782666173126751
1684,4.14946386144318,11.309584540952198,1930-59,0.159,0,0,Bronx,100,7.720588235294117
1686,4.679349584162343,11.021608307592281,1930-59,0.124,0,0,Bronx,100,10.787486515641854
1689,4.611152257665639,11.651887087174618,1960-79,0.18100000000000002,0,0,Bronx,100,10.443137118390363
1690,4.223909766576744,11.666384477079081,1960-79,0.295,0,0,Manhattan,100,12.866038803973034
1694,3.8199077165203406,12.006859221066001,1930-59,0.381,0,0,Manhattan,100,8.848207475209763
1696,4.4520190064939165,10.876687778383364,1930-59,0.233,0,0,Manhattan,100,8.313180169286577
1697,4.411585436915426,11.401759239859901,pre-1930,0.175,0,0,Bronx,100,8.046580761966494
1699,4.291828366755733,11.877999041451247,1930-59,0.17800000000000002,0,0,Bronx,100,7.77443045355472
1700,4.237000862623624,11.290169338597282,pre-1930,0.145,0,0,Bronx,100,6.872336969424349
1703,4.356708826689592,10.947837230476315,1930-59,0.129,0,0,Manhattan,100,6.51053122415583
1704,4.4272389774954295,11.544346609644972,pre-1930,0.141,0,0,Manhattan,100,9.012326536940849
1705,4.439115601658009,10.991780108797382,1930-59,0.17800000000000002,0,0,Bronx,100,9.935336117472719
1706,4.223909766576744,11.087390293808129,1960-79,0.225,0,0,Bronx,100,8.417250772856663
1709,4.5217885770490405,11.692794015603116,1930-59,0.156,0,0,Bronx,100,9.1891801580539
1710,4.351567427189173,11.224616529414154,1960-79,0.154,0,1,Brooklyn,100,8.538684242125065
1711,2.8213788864092133,10.95835691825632,1960-79,0.858,0,0,Bronx,100,11.143613316617913
1712,4.441474093317302,12.298250652471163,1980-99,0.276,0,0,Manhattan,100,12.767199241263587
1713,4.318820558770089,12.423600458058747,1980-99,0.396,0,0,Manhattan,100,7.361222847948512
1715,4.33729074083249,12.663272783779616,1960-79,0.218,0,0,Manhattan,100,7.5649908682013995
1717,4.468204330914934,11.909517994574795,1980-99,0.41600000000000004,0,0,Manhattan,100,8.609382882125441
1719,4.922168312773925,12.315944469915221,pre-1930,0.298,1,0,Manhattan,100,3.852580557011473
1720,4.355425952876702,12.631252141747437,1980-99,0.332,0,0,Manhattan,100,9.608690962928101
1721,4.222444564849416,12.305107697558185,1980-99,0.314,0,0,Manhattan,100,10.823245977511196
1722,4.380775852772229,12.546149093457174,1980-99,0.28800000000000003,0,0,Manhattan,100,8.82527730231201
1725,4.048300623720694,11.71978515087788,1980-99,0.335,0,0,Manhattan,100,9.838918206877484
1726,4.31748811353631,10.980092785941148,pre-1930,0.19699999999999998,0,1,Manhattan,100,4.089003986778887
1728,4.194189897191817,11.22700184553331,1960-79,0.16,0,0,Bronx,100,7.586647500399297
1729,4.119037174812473,12.40856849257122,1980-99,0.381,0,0,Manhattan,100,7.105201906154166
1733,4.580877493419047,11.91596764014564,1980-99,0.326,0,0,Manhattan,100,10.893027793927972
1734,4.131961425793407,11.743775246868669,pre-1930,0.218,0,0,Manhattan,100,4.763152254161804
1735,4.537961436294641,10.916977587787402,pre-1930,0.142,0,0,Manhattan,100,11.251451800232289
1736,3.9473901492654373,11.629035991651786,pre-1930,0.233,0,0,Manhattan,100,4.808034760310563
1742,4.334672938290411,11.984234491813652,pre-1930,0.377,0,1,Manhattan,100,7.864726700747148
1745,4.255612709818223,11.783479181073538,pre-1930,0.205,0,1,Manhattan,100,3.509601812785632
1746,4.298645025734831,11.164091131524941,1930-59,0.157,0,0,Queens,100,9.213193292795284
1747,4.239886867512759,11.160768869332964,1930-59,0.276,0,1,Queens,100,11.945902128930415
1748,4.401829261970061,10.995897311894359,1930-59,0.172,0,0,Queens,100,10.229921682402857
1750,3.2308043957334744,12.105379000847496,1960-79,0.602,0,0,Queens,100,11.501752911381207
1751,4.3528552573736015,11.631010677188897,2000-09,0.473,0,0,Brooklyn,100,8.530755149554802
1752,4.554928969551344,11.137941064115651,1930-59,0.115,0,0,Staten Is,100,10.475774770842426
1755,4.269697449699962,11.744037185933616,pre-1930,0.19899999999999998,0,1,Manhattan,100,5.0
1756,4.530446639792155,11.141905260895113,1930-59,0.125,0,0,Staten Is,100,8.985116589133806
1758,3.8877303128591016,11.365005334893606,pre-1930,0.213,1,0,Manhattan,100,2.666666666666667
1762,4.29592393562047,11.334444523562208,1930-59,0.218,0,1,Manhattan,100,3.825280321323547
1765,4.200204952921578,12.014536766961907,1980-99,0.46299999999999997,1,0,Manhattan,100,4.541656069469171
1769,4.22683374526818,12.947150096847635,2000-09,0.32,0,0,Manhattan,100,7.8877320744735355
1771,4.207673247529104,10.886483207204273,pre-1930,0.251,0,0,Manhattan,100,11.412748601470561
1774,4.2626798770413155,11.383636489127642,1930-59,0.18899999999999997,0,0,Manhattan,100,10.469774217042971
1784,4.596129441335942,10.97975197754033,pre-1930,0.11,0,0,Manhattan,100,9.373828271466067
1789,4.809742351716865,11.160669315193207,pre-1930,0.139,0,0,Manhattan,100,11.947091452140521
1792,4.457829598089382,10.832852443897554,1930-59,0.11900000000000001,0,0,Brooklyn,100,9.277902799163014
1793,4.546481189639412,10.981897133886719,1930-59,0.14,0,0,Brooklyn,100,9.863945578231293
1794,4.673762977453703,11.043145810640238,pre-1930,0.166,0,0,Manhattan,100,11.677384265924433
1795,4.730921391293652,11.225243392518447,1930-59,0.085,0,0,Brooklyn,100,10.399999999999999
1796,4.289088639014612,11.409906649834781,pre-1930,0.19899999999999998,0,0,Manhattan,100,9.976610391193978
1797,4.579852378003801,11.636248681002227,pre-1930,0.149,0,0,Manhattan,100,12.552486187845304
1798,3.7062280924485496,11.829012761927176,pre-1930,0.33299999999999996,0,0,Manhattan,100,9.112447603426281
1800,4.097672352314776,11.062724463020672,1930-59,0.247,0,0,Manhattan,100,9.411764705882353
1803,4.7535901911063645,10.93969238107562,1930-59,0.13699999999999998,0,0,Manhattan,100,12.417952811779315
1808,3.4210000089583352,11.836775518804453,1930-59,0.528,0,0,Manhattan,100,5.931541332716066
1828,4.185098925490565,11.29849385425804,pre-1930,0.17,0,0,Brooklyn,100,9.045848822800496
1830,3.817712325956905,11.313888988999253,pre-1930,0.23399999999999999,0,0,Manhattan,100,9.39574385005857
1831,4.962844630259907,10.908594698007377,1930-59,0.132,0,0,Manhattan,100,21.59431959593002
1832,4.677490847567717,11.052317557364855,1930-59,0.165,0,0,Bronx,100,9.668727215089554
1834,4.368181227851829,11.206753503204602,pre-1930,0.147,0,0,Manhattan,100,6.655257653546302
1835,4.507557357121091,11.144076720099788,pre-1930,0.115,0,0,Manhattan,100,7.0857374228160745
1836,4.272490747605575,11.031254030856811,pre-1930,0.2,0,0,Manhattan,100,7.932011331444759
1837,4.379523504455763,11.585153098967108,pre-1930,0.165,0,0,Bronx,100,6.140106056377338
1838,4.462453883786496,10.990195936701413,pre-1930,0.166,0,0,Bronx,100,9.782425366840952
1839,4.703203926259457,10.884929118046289,pre-1930,0.151,0,0,Bronx,100,12.367424952216767
1840,4.584967478670572,11.063351717236001,1930-59,0.23399999999999999,0,0,Bronx,100,8.622041072268381
1841,4.619073091157083,11.16227519333528,pre-1930,0.136,0,0,Unknown,100,11.217925961688653
1843,4.123903364463645,11.022523190845115,pre-1930,0.7829999999999999,0,0,Manhattan,100,6.3685946634442665
1845,4.86599480426999,10.956910685613863,1960-79,0.16399999999999998,0,1,Bronx,100,14.298418455422064
1846,4.620058798481842,11.198214720130528,pre-1930,0.14,0,1,Bronx,100,9.726027397260275
1848,4.513054897080286,11.072915494858382,1930-59,0.18899999999999997,0,0,Brooklyn,100,11.179603434622612
1850,4.645351975620923,11.468973577441046,1960-79,0.155,0,0,Bronx,100,8.672936259143157
1851,4.2612704335380815,11.46924522288273,1960-79,0.177,0,0,Bronx,100,7.417002695192529
1852,4.3054155323020415,11.867097278690842,pre-1930,0.16399999999999998,0,0,Bronx,100,8.210526315789474
1855,4.360547602996758,11.176053148327675,1930-59,0.125,0,0,Brooklyn,100,9.243697478991598
1857,4.823502180305079,10.839580911706463,pre-1930,0.099,0,0,Brooklyn,100,11.372549019607844
1858,4.6913478822291435,10.839580911706463,pre-1930,0.12300000000000001,0,0,Brooklyn,100,11.372549019607844
1859,4.694096395182493,11.25623805662067,1930-59,0.14400000000000002,0,0,Brooklyn,100,10.987448455940331
1861,4.751000634199631,10.9153066222346,pre-1930,0.10400000000000001,0,0,Brooklyn,100,12.724496473496693
1863,4.219507705176107,11.47833402020061,1930-59,0.134,0,0,Brooklyn,100,8.799171842650104
1865,4.14946386144318,11.48883766944114,1930-59,0.13,0,0,Brooklyn,100,7.887727924605613
1866,4.477336814478207,11.089805421623343,1930-59,0.10300000000000001,0,0,Brooklyn,100,9.16030534351145
1867,4.29592393562047,11.433882257629776,1930-59,0.121,0,0,Brooklyn,100,9.523809523809524
1868,4.368181227851829,11.229235413787984,pre-1930,0.10300000000000001,0,0,Brooklyn,100,9.296148738379815
1869,4.091005660956586,11.33857207782545,1930-59,0.134,0,0,Brooklyn,100,7.142857142857143
1870,4.4272389774954295,11.172095748307555,1930-59,0.151,0,0,Manhattan,100,10.124019235636549
1871,4.409155302062135,11.00897614514367,pre-1930,0.168,0,0,Manhattan,100,7.117555533485616
1874,4.426043520090656,11.440354772135393,1930-59,0.157,0,0,Brooklyn,100,10.0
1875,4.480740107609915,11.277000579291286,1930-59,0.125,0,0,Brooklyn,100,7.469867314899219
1877,4.681204872264089,11.00069886028861,1930-59,0.114,0,0,Brooklyn,100,8.845717337605983
1878,4.778282803696737,11.89587226164779,1960-79,0.155,0,0,Brooklyn,100,10.773216964407473
1882,4.950885289690482,11.02307824758943,pre-1930,0.111,0,0,Brooklyn,100,9.629194411803107
1883,4.534747721691546,11.039267165545677,1930-59,0.16699999999999998,0,0,Brooklyn,100,12.043936279547792
1884,4.645351975620923,10.843025951129974,pre-1930,0.163,0,0,Brooklyn,100,12.115053931530406
1885,4.4355674016019115,11.153675780659027,1930-59,0.188,0,0,Brooklyn,100,12.174162131194501
1887,4.440295542797857,12.28707642968326,pre-1930,0.132,0,0,Bronx,100,7.976945244956772
1888,4.724729421045731,10.869710653158492,1960-79,0.11800000000000001,0,0,Brooklyn,100,13.88888888888889
1891,4.695924549256556,11.225243392518447,1930-59,0.11800000000000001,0,0,Brooklyn,100,8.8
1893,4.789157022101107,11.097106944782572,pre-1930,0.10300000000000001,0,0,Brooklyn,100,10.912397696271597
1896,4.3294166844015844,11.309143267134639,1930-59,0.18899999999999997,0,0,Brooklyn,100,9.563042518758275
1897,4.318820558770089,12.305936079883606,1930-59,0.27399999999999997,0,0,Manhattan,100,11.673996850735733
1898,4.412798293340635,11.896063161194302,1930-59,0.156,0,0,Brooklyn,100,9.066863001745201
1900,4.532599493153256,11.521786093402424,1930-59,0.13699999999999998,0,1,Queens,100,8.325899494498959
1901,4.356708826689592,10.92521879686828,pre-1930,0.168,0,0,Queens,100,11.699064074874011
1903,4.642465970731788,10.859767932626442,1930-59,0.16899999999999998,0,0,Queens,100,11.145272867025364
1905,4.507557357121091,11.32945925330878,1930-59,0.158,0,0,Unknown,100,10.812369350537015
1907,4.611152257665639,10.950806546816688,1930-59,0.141,0,0,Queens,100,10.526315789473683
1908,4.154184562578117,10.950806546816688,1930-59,0.21899999999999997,0,0,Queens,100,10.526315789473683
1909,4.572646994282532,11.643953727376633,1930-59,0.147,0,0,Queens,100,10.350877192982455
1910,4.675628649636653,10.950806546816688,1930-59,0.159,0,0,Queens,100,10.526315789473683
1911,4.572646994282532,11.002099841204238,1930-59,0.121,0,0,Queens,100,11.833333333333334
1912,4.514150787600923,11.097410021008562,1930-59,0.122,0,0,Queens,100,9.84848484848485
1914,4.4796069630127455,11.002099841204238,1930-59,0.14,0,0,Queens,100,9.833333333333332
1915,4.476199804691132,11.002099841204238,1930-59,0.13699999999999998,0,0,Queens,100,10.0
1916,4.219507705176107,10.973717513311941,1930-59,0.23800000000000002,0,0,Manhattan,95,16.460623103170384
1919,4.3267781604434035,12.265647304563846,1930-59,0.18899999999999997,0,0,Queens,100,9.610084936191862
1924,4.56746831880408,10.915561079786999,pre-1930,0.187,0,0,Unknown,100,8.904881328826374
1925,4.707726774313183,11.111850705163357,pre-1930,0.225,0,0,Unknown,100,10.603345280764637
1927,4.472780997942346,10.896739325546411,1960-79,0.34700000000000003,0,0,Manhattan,100,13.88888888888889
1929,4.324132656254979,10.87804719253426,1930-59,0.182,0,0,Manhattan,100,7.3584905660377355
1930,3.933784497209659,11.77528972943772,pre-1930,0.191,0,0,Manhattan,100,5.999999999999999
1931,3.9318256327243257,11.77528972943772,pre-1930,0.20800000000000002,0,0,Manhattan,100,5.923076923076923
1932,4.393213824064446,10.858998997563564,1960-79,0.14800000000000002,0,0,Manhattan,100,9.423076923076923
1933,4.394449154672439,10.87804719253426,1930-59,0.171,0,0,Manhattan,100,11.509433962264152
1934,4.662495252607361,10.858998997563564,1930-59,0.163,0,0,Manhattan,100,11.153846153846153
1936,4.75960653929251,10.819778284410283,1930-59,0.244,0,1,Manhattan,100,13.600000000000001
1937,3.6584202466292277,10.819778284410283,1960-79,1.0,0,0,Manhattan,100,13.4
1938,4.154184562578117,11.461632170582678,1930-59,0.188,0,0,Manhattan,100,8.947368421052632
1939,4.404277243608702,11.512925464970229,1930-59,0.18,0,0,Bronx,100,10.0
1940,4.345103280569283,11.56171562913966,1930-59,0.203,0,0,Manhattan,100,8.952380952380953
1941,4.517431271680085,10.819778284410283,1930-59,0.15,0,0,Manhattan,100,11.8
1942,4.416428061391214,11.075969689770693,1930-59,0.18100000000000002,0,0,Queens,100,9.442724458204335
1943,4.203198967134183,11.002099841204238,1930-59,0.183,0,0,Queens,100,10.166666666666666
1944,4.3476939555933765,11.377163013956228,pre-1930,0.456,0,0,Manhattan,100,36.65311265105091
1945,4.751000634199631,11.931635799828413,1960-79,0.14300000000000002,0,0,Queens,100,11.776315789473685
1946,4.283586561860629,11.451581834729176,1960-79,0.2,0,0,Queens,100,12.759170653907496
1947,4.509760001183433,11.350406535472453,pre-1930,0.13699999999999998,0,0,Queens,100,9.764705882352942
1948,4.653960350157523,11.345819560782635,1930-59,0.204,0,0,Queens,100,9.10047156989044
1949,4.238444906195857,10.873394877847296,pre-1930,0.20199999999999999,0,0,Bronx,100,9.28839519278159
1951,4.21803603456465,11.182196702976082,pre-1930,0.195,0,0,Bronx,100,10.71826280623608
1953,4.3694478524670215,10.872939832524516,pre-1930,0.165,0,0,Bronx,100,10.430494974397876
1956,4.467056883858457,10.98334166827565,pre-1930,0.171,0,0,Bronx,100,10.019529591576804
1957,4.189654742026425,10.947854826351842,pre-1930,0.18600000000000003,0,0,Bronx,100,9.50168918918919
1963,4.462453883786496,11.006921531483451,pre-1930,0.14400000000000002,0,0,Bronx,100,10.94708906949743
1965,4.6443908991413725,10.860152178548557,pre-1930,0.17600000000000002,0,0,Manhattan,100,10.372646945831733
1966,4.417635062141249,10.858806671377762,1930-59,0.133,0,1,Bronx,100,8.078476630121177
1970,4.600157644164547,11.246482895510866,1930-59,0.168,0,0,Bronx,100,13.444720010442502
1973,4.6141299273595635,11.124317473928487,pre-1930,0.21600000000000003,0,0,Bronx,100,9.882005899705016
1980,4.751864565138895,11.138013809905521,1980-99,0.19699999999999998,0,0,Manhattan,100,7.419800683785554
1981,4.460144413937834,10.867196078739436,1930-59,0.191,0,0,Manhattan,100,8.583199816891737
1986,4.264087336809195,11.16336798880036,pre-1930,0.386,0,0,Manhattan,100,8.652482269503547
1995,3.3105430133940246,11.969400493986138,1960-79,0.52,0,0,Bronx,100,7.918910357934748
1997,4.279440045898781,12.40002216806491,1960-79,0.203,0,0,Bronx,100,8.566474607404235
2000,4.839451481712757,12.015922525341635,1930-59,0.136,0,0,Unknown,100,9.554506038084988
2001,4.804840381116659,12.676076274775909,1930-59,0.175,0,0,Brooklyn,100,9.65625
2004,4.761318868478023,11.229208853010284,1930-59,0.16899999999999998,0,1,Queens,100,15.671066960609844
2006,4.33729074083249,11.938435001203755,1930-59,0.314,1,0,Manhattan,100,1.764279226592262
2008,3.9589065913269965,12.397696633566689,1930-59,0.35600000000000004,0,0,Manhattan,100,5.242669550822934
2009,3.979681653901961,12.361750729709852,pre-1930,0.153,0,0,Manhattan,100,2.139586631862724
2012,3.9815490680767565,11.659628479662329,1960-79,0.152,1,0,Manhattan,100,4.663172166043471
2015,4.436751534363128,11.599956008442847,1960-79,0.371,0,0,Manhattan,100,10.99978917070756
2016,4.136765278106052,12.152998819568241,2000-09,0.551,0,0,Manhattan,100,4.53438221678565
2017,4.032469158504013,12.303879705533086,2000-09,0.484,1,0,Manhattan,100,1.586941736567672
2018,4.279440045898781,11.671858974524941,1930-59,0.259,0,0,Manhattan,100,9.63949976967567
2019,4.626931677769604,13.001841845487549,1980-99,0.28800000000000003,0,0,Manhattan,100,10.807054592546967
2021,4.273884476054178,11.296012463406655,1930-59,0.157,0,1,Manhattan,100,11.428571428571429
2023,4.526126978647638,11.063398745445097,pre-1930,0.17800000000000002,0,1,Manhattan,100,5.956766416377972
2024,4.300002799195291,11.689321165173205,1960-79,0.259,0,1,Manhattan,100,12.658121735923078
2028,4.783316371371566,10.952979622572824,1960-79,0.139,0,1,Queens,100,15.755199215741193
2033,4.520701029361642,11.219734915343984,1960-79,0.243,0,0,Queens,100,12.602563415026546
2034,4.669083511731744,10.74019380506744,1930-59,0.151,0,0,Queens,100,14.293448835950189
2043,4.945207488773801,10.939231036425246,1960-79,0.149,0,0,Queens,100,13.133607837569217
2046,3.487375077903208,11.056824740893484,1960-79,0.531,0,0,Manhattan,100,9.467455621301776
2047,4.351567427189173,11.276734667306584,pre-1930,0.214,0,0,Manhattan,100,15.830198953940453
2048,4.548599834499697,11.195100286271227,1960-79,0.161,0,0,Queens,100,13.054292113833428
2049,4.400603020246817,11.259838037282947,1930-59,0.212,0,0,Manhattan,100,11.978361669242659
2052,4.513054897080286,11.403445364351407,pre-1930,0.179,0,0,Manhattan,100,8.144594443824612
2056,4.847331743138063,11.148232750152198,1930-59,0.10099999999999999,0,0,Bronx,100,9.50447142178252
2057,4.1588830833596715,12.65075846679162,1930-59,0.171,0,0,Bronx,100,6.9230769230769225
2058,4.286341384539473,11.127071789411104,1960-79,0.187,0,0,Bronx,100,9.707738244076074
2059,4.200204952921578,12.250630054694122,pre-1930,0.16,0,0,Manhattan,100,6.1210924237134945
2061,4.044804116661965,11.393296977514698,1960-79,0.21600000000000003,0,0,Queens,100,8.903916596224288
2062,4.51852237926242,11.07964713021658,1960-79,0.212,0,0,Brooklyn,100,10.333446435732132
2067,4.387014176184921,11.12285622984002,pre-1930,0.226,0,0,Manhattan,100,11.816664451042081
2069,4.565389315976247,11.257362022399908,pre-1930,0.18600000000000003,0,0,Manhattan,100,14.848672657783288
2070,3.9815490680767565,11.536759172221625,1930-59,0.19399999999999998,0,0,Bronx,100,6.737491700191383
2071,3.095577608523707,10.993748398115178,1930-59,0.522,0,0,Manhattan,100,10.924186148131964
2073,3.983413001514819,11.597937344296067,1930-59,0.184,0,0,Bronx,100,7.8072616718562
2075,4.294560608892605,11.548524242210092,pre-1930,0.23800000000000002,0,0,Manhattan,100,12.448853547440747
2076,4.2612704335380815,11.289781913656018,1960-79,0.14400000000000002,0,0,Bronx,100,8.0
2077,4.5031374604229395,11.01582192792268,1960-79,0.142,0,0,Bronx,100,9.86371631951865
2078,4.647271362006727,10.935603849915873,pre-1930,0.111,0,0,Manhattan,100,9.796936230851443
2080,4.553876891600541,11.065356290839253,1930-59,0.11699999999999999,0,0,Brooklyn,100,11.264432554210082
2081,4.446174454497633,11.115547567044683,1930-59,0.161,0,0,Bronx,100,7.737174145935008
2082,4.152613470346076,11.803353763090035,1930-59,0.149,0,0,Queens,100,7.180254300673148
2083,4.051784947803305,11.854335490621065,pre-1930,0.225,0,0,Brooklyn,100,7.676288088248882
2085,4.3267781604434035,11.586250273388417,pre-1930,0.146,0,0,Queens,100,7.991970857185339
2089,4.732683506287051,10.907404472364913,1930-59,0.11900000000000001,0,0,Brooklyn,100,12.09256307370967
2090,4.257030144499196,11.05089000537367,pre-1930,0.163,0,0,Brooklyn,100,9.523809523809524
2091,4.041295341132285,11.474704252150032,1930-59,0.136,0,0,Bronx,100,7.584415584415584
2092,4.48863636973214,11.17970194554807,1930-59,0.156,0,0,Manhattan,100,9.768214230892674
2093,4.395682961121367,11.79506219036638,pre-1930,0.18100000000000002,0,0,Manhattan,100,6.862952125252647
2097,4.415219602029645,11.040518951108183,1960-79,0.14400000000000002,0,0,Queens,100,10.585404971932638
2098,3.832979798087693,11.52598975429943,1960-79,0.773,1,0,Manhattan,100,16.285841188372896
2099,4.699570861409576,10.916541952842591,1930-59,0.12300000000000001,0,0,Manhattan,100,10.167029774872912
2100,4.041295341132285,12.552169841830985,2000-09,0.547,0,0,Manhattan,100,5.836410713527739
2102,4.412798293340635,11.30310526235444,1930-59,0.161,0,1,Queens,100,11.101106410272223
2104,3.756538102587751,11.63644313723251,2000-09,0.561,0,0,Manhattan,100,5.833119746877955
2106,4.237000862623624,11.86920032888762,2000-09,0.461,1,0,Manhattan,100,4.69187675070028
2107,4.990432586778736,11.956033118502903,2000-09,0.156,0,0,Brooklyn,100,6.934011325551832
2109,3.9569963710708773,13.322138399143228,1980-99,0.635,1,0,Manhattan,100,4.258357846188114
2111,4.08260930600368,11.135639567127372,pre-1930,0.285,1,0,Manhattan,100,2.6249781251822903
2112,3.55820113047182,11.391288763472755,pre-1930,0.342,1,0,Manhattan,100,2.484556224378014
2118,3.4210000089583352,11.47249922546196,pre-1930,0.363,0,0,Manhattan,100,5.310397967471209
2120,4.56746831880408,11.739184159184584,2000-09,0.45399999999999996,1,0,Manhattan,100,2.7115399952149297
2121,3.5779478934066544,11.328281212806628,pre-1930,0.361,0,1,Manhattan,100,3.367813326918451
2123,4.888090941338162,11.575750018103463,1980-99,0.308,0,0,Manhattan,100,4.789451936441155
2129,3.858622228701031,11.476396326278334,1980-99,0.374,0,0,Manhattan,100,9.023679379336812
2130,3.983413001514819,12.188656867441738,pre-1930,0.267,0,0,Manhattan,100,2.0351366339857644
2131,4.183575695950044,11.444218266960437,pre-1930,0.2,0,0,Manhattan,100,4.177377892030848
2132,4.328098292648326,11.000732239796932,pre-1930,0.249,0,1,Manhattan,100,2.837210854834941
2133,4.37449836825309,11.02485561999279,pre-1930,0.424,0,0,Manhattan,100,1.955002362294521
2135,4.186619838331271,11.367240516173135,1980-99,0.282,0,0,Manhattan,100,11.105584026468309
2137,4.341204640153626,10.948540824109674,pre-1930,0.17300000000000001,0,1,Manhattan,100,5.450932812857168
2138,4.0943445622221,11.9992391098306,pre-1930,0.209,0,0,Manhattan,100,3.689333521899269
2144,4.398146016553765,11.866542738997211,pre-1930,0.22899999999999998,0,0,Manhattan,100,1.8255734758216837
2145,4.291828366755733,10.893753390594856,pre-1930,0.342,1,0,Manhattan,100,2.971823399394491
2147,4.324132656254979,12.258584447236059,1930-59,0.289,1,0,Manhattan,100,1.8502440898933976
2151,4.394449154672439,11.124287974968324,pre-1930,0.27699999999999997,0,0,Manhattan,100,1.7699637157438273
2153,4.355425952876702,12.11193228122481,1930-59,0.217,0,1,Manhattan,100,3.2412061681801454
2160,4.443827035579329,11.71019310387089,pre-1930,0.462,1,0,Manhattan,100,4.433242752879556
2161,4.107589788972121,11.240460358323308,pre-1930,0.209,0,1,Manhattan,100,3.8082731451083385
2162,4.09933210373314,10.658670124015526,pre-1930,0.37200000000000005,1,0,Manhattan,100,3.289473684210526
2163,3.910021002757473,11.706582531427928,1960-79,0.365,1,0,Manhattan,100,3.707731856832114
2164,4.2612704335380815,11.505618836454456,1930-59,0.18,0,0,Manhattan,100,3.5256668547022323
2165,4.1956970564823886,11.318017024670775,1930-59,0.322,0,1,Manhattan,100,2.5519194079546974
2166,4.37197629882038,11.541308819361998,pre-1930,0.4,1,0,Manhattan,100,1.3608219364496155
2167,4.147885329150131,12.332982790998017,pre-1930,0.304,0,0,Manhattan,100,2.1139507537555655
2169,4.324132656254979,12.205362393360806,1930-59,0.247,0,0,Manhattan,100,2.001421008916331
2170,4.100989104940769,11.210589885718521,pre-1930,0.306,1,0,Manhattan,100,2.029522791540949
2172,4.540098189244376,11.019038895261161,pre-1930,0.193,1,0,Manhattan,100,2.9496108152396556
2173,4.252771798816619,11.192720200812888,pre-1930,0.315,0,1,Manhattan,100,1.7906336088154269
2174,4.257030144499196,11.861968358765294,pre-1930,0.22899999999999998,0,0,Manhattan,100,3.0330603579011224
2176,4.223909766576744,11.087558624655156,pre-1930,0.249,1,0,Manhattan,100,2.2952274570409927
2177,3.9945242269398897,11.823237047669794,pre-1930,0.294,1,0,Manhattan,100,3.3728049272280676
2179,4.231203744939298,11.609598352230488,1930-59,0.267,0,0,Manhattan,100,4.176123467998185
2180,4.000033882750859,12.18943500437715,1960-79,0.287,1,0,Manhattan,100,4.575495678698526
2182,4.209160236650682,12.4130868149145,1930-59,0.225,0,0,Manhattan,100,2.2357723577235773
2184,4.165113633110308,12.018103169223618,pre-1930,0.193,0,0,Manhattan,100,3.19801119907318
2185,3.269568939183719,11.789306419666856,pre-1930,0.56,0,0,Manhattan,100,4.096029127318239
2186,4.257030144499196,11.882735761201952,2000-09,0.516,0,0,Manhattan,100,3.730673041051221
2187,4.380775852772229,12.240420930738903,pre-1930,0.287,1,0,Manhattan,100,1.5942876191488435
2189,4.085976312551584,12.052116946692887,pre-1930,0.17800000000000002,1,0,Manhattan,100,6.298771739510795
2191,4.235554730773624,11.06663836234181,pre-1930,0.249,1,0,Manhattan,100,3.4375
2193,4.522874943261261,11.085751413699848,pre-1930,0.135,0,0,Manhattan,100,10.423852226565495
2195,4.2456340097683265,11.3290026268093,2000-09,0.49200000000000005,0,0,Manhattan,100,3.125
2197,4.119037174812473,11.156250521031495,pre-1930,0.5770000000000001,1,0,Manhattan,100,3.2857142857142856
2199,3.169685580677429,11.289781913656018,1930-59,0.7609999999999999,0,0,Manhattan,100,3.875
2203,4.502029427068578,11.608235644774552,1960-79,0.24,1,0,Manhattan,100,4.2727272727272725
2204,4.2017030805426,11.05089000537367,pre-1930,0.29600000000000004,0,0,Manhattan,100,2.380952380952381
2206,4.1666652238017265,12.526244899142673,1980-99,0.514,0,0,Manhattan,100,6.3164085046447385
2207,4.275276264727001,11.67615764004789,2000-09,0.40700000000000003,0,0,Manhattan,100,4.58672737002149
2209,4.130354999745133,11.222827142402501,pre-1930,0.335,0,1,Manhattan,100,1.8711824536548203
2210,3.653252276470785,11.509088111738974,pre-1930,0.313,1,0,Manhattan,100,4.2161478462511415
2211,4.087655574071304,11.671927216442565,pre-1930,0.363,1,0,Manhattan,100,2.217786648924373
2213,4.091005660956586,11.471519966911558,1930-59,0.247,0,0,Manhattan,100,4.690235970983073
2214,4.545420181582317,11.582824592349896,pre-1930,0.225,0,0,Manhattan,100,5.594927265945542
2215,3.6506582412937387,11.82591703287175,pre-1930,0.231,0,0,Unknown,100,1.0968841178492297
2216,4.154184562578117,12.167851432709975,pre-1930,0.204,0,1,Manhattan,100,6.4935064935064934
2219,4.123903364463645,12.254862809699606,1930-59,0.431,1,0,Manhattan,100,1.1904761904761905
2221,4.343805421853684,11.387158139534739,pre-1930,0.235,1,0,Manhattan,100,2.2680365607493593
2222,4.169761201506855,10.891335864219382,pre-1930,0.191,0,1,Manhattan,100,3.9099592247109425
2225,4.640537329825382,11.06663836234181,pre-1930,0.26,0,0,Manhattan,100,3.75
2228,4.155753190350744,12.090914287392236,1930-59,0.212,0,0,Manhattan,100,4.712614659597745
2229,4.102643365036796,11.933935784413855,1960-79,0.341,0,0,Manhattan,100,9.123728257302265
2230,4.165113633110308,11.973099693550447,pre-1930,0.319,0,0,Manhattan,100,3.155868337172973
2233,4.841822087327094,12.412639560439581,2000-09,0.226,0,0,Manhattan,100,10.411159461547847
2234,4.269697449699962,12.28845875912812,1930-59,0.26899999999999996,1,0,Manhattan,100,1.7957868078738346
2237,4.165113633110308,11.830637102623689,pre-1930,0.185,0,1,Manhattan,100,3.5662818963885936
2238,2.91235066461494,12.360937356091089,1960-79,0.45,0,1,Manhattan,100,6.680942184154175
2240,4.95723451736914,12.835286455145562,1980-99,0.207,1,1,Manhattan,100,10.127202999784132
2242,4.52720864451838,12.421595230913018,pre-1930,0.276,0,0,Manhattan,100,12.17241295918614
2243,4.404277243608702,12.235675136137756,pre-1930,0.264,0,0,Manhattan,100,12.62080782878418
2245,4.532599493153256,13.732634256118695,1980-99,0.309,0,0,Manhattan,100,10.864074136441907
2247,4.3489867805956814,12.174091662174996,pre-1930,0.192,0,0,Manhattan,100,15.69396763119176
2248,4.469350462845557,13.066004643734944,pre-1930,0.233,0,1,Manhattan,100,7.257723233178164
2251,4.144720769547168,12.913319950468901,pre-1930,0.183,0,0,Manhattan,100,7.690790771051074
2252,4.060443010546419,12.686904932658223,1960-79,0.215,1,0,Manhattan,100,5.997205425925238
2257,4.320151230955794,11.650537271371899,1930-59,0.203,0,0,Brooklyn,100,7.930075902155063
2258,3.7864597824528,12.33255109955378,1960-79,0.218,0,0,Brooklyn,100,6.961425770493247
2259,4.613138355637268,10.950806546816688,1930-59,0.157,0,0,Queens,100,10.526315789473683
2260,4.131961425793407,11.047471470423064,pre-1930,0.317,1,0,Manhattan,100,2.229831966233973
2261,4.45318382899021,10.966714430533441,pre-1930,0.33899999999999997,1,0,Manhattan,100,2.4173774907621643
2263,4.185098925490565,12.100712129872347,1960-79,0.16899999999999998,0,0,Bronx,100,6.777777777777778
2264,3.720862499966987,12.369742162847842,pre-1930,0.23199999999999998,0,0,Manhattan,100,3.863052660624456
2265,4.065602093356446,11.097561524682817,pre-1930,0.27,0,1,Manhattan,100,2.2723829722769278
2266,3.977810745966149,12.31756929654385,pre-1930,0.233,0,0,Manhattan,100,5.188067444876784
2267,3.9415818076696905,10.98563164849693,pre-1930,0.371,1,0,Manhattan,100,5.591324974584886
2269,3.7495040759303713,12.434203738355423,1930-59,0.284,0,0,Manhattan,100,3.343283582089552
2270,4.213607983048918,13.505916835791174,1980-99,0.361,1,0,Manhattan,100,8.91317828400875
2271,3.9871304779149512,12.28706720773872,pre-1930,0.205,0,0,Manhattan,100,6.132621395932181
2273,3.2188758248682006,11.509469499996838,pre-1930,0.755,0,0,Manhattan,100,4.916963524158346
2274,4.131961425793407,11.861855494336515,pre-1930,0.249,0,0,Manhattan,100,11.216535571937497
2280,4.180522258463153,11.696446302339664,pre-1930,0.239,0,1,Manhattan,100,7.823944599813557
2281,4.26689632742025,12.036677185622352,pre-1930,0.21899999999999997,0,0,Manhattan,100,4.146059762490005
2285,4.139955073474153,11.084938636179775,1930-59,0.28,1,0,Manhattan,100,8.131079132275781
2287,4.062165663857866,11.96363158932398,1960-79,0.35700000000000004,1,0,Manhattan,100,5.0337067196798815
2290,3.933784497209659,11.126836422605564,1930-59,0.207,0,1,Manhattan,100,5.590619528916744
2292,4.412798293340635,11.463262419951128,1930-59,0.207,0,0,Manhattan,100,6.93605170511271
2296,4.582924577040772,11.279605307204458,1930-59,0.11,0,0,Brooklyn,100,9.723449930546787
2299,4.280824129164719,11.13648503590268,pre-1930,0.121,0,0,Brooklyn,100,8.01398805187236
2310,4.11251186617755,10.90632288581047,pre-1930,0.212,0,0,Manhattan,100,7.8870139398385914
2314,4.3489867805956814,13.219624380387861,1960-79,0.146,0,0,Manhattan,100,5.861281787926849
2318,3.937690752176724,12.37033205950572,pre-1930,0.317,0,0,Manhattan,100,3.351661405831042
2319,4.048300623720694,12.17099453991731,pre-1930,0.313,0,0,Manhattan,100,2.1231862293248267
2322,3.9871304779149512,12.459966521950244,pre-1930,0.273,0,0,Manhattan,100,3.2970400338237518
2323,4.242764567340374,13.36088409180275,pre-1930,0.235,0,0,Manhattan,100,2.631226513939986
2325,4.469350462845557,11.932208004509139,pre-1930,0.205,0,0,Manhattan,100,4.668380597947228
2327,4.328098292648326,10.84564094393601,pre-1930,0.157,0,0,Manhattan,100,6.626388618203079
2328,4.801558999993482,12.041451507940529,1960-79,0.359,1,0,Manhattan,100,2.652629345154236
2329,4.345103280569283,11.688583201081919,1930-59,0.44299999999999995,1,0,Manhattan,100,1.593919616117044
2331,4.257030144499196,11.467928099039492,1930-59,0.13699999999999998,0,0,Brooklyn,100,8.786610878661088
2332,4.447346100794524,11.701436162789994,1930-59,0.261,0,1,Manhattan,100,9.275746407718746
2335,4.368181227851829,11.114565058591996,1930-59,0.134,0,0,Brooklyn,100,9.383098507640524
2338,4.3067641501733345,11.57929356141373,pre-1930,0.122,0,0,Brooklyn,100,7.860605266605528
2339,4.3294166844015844,11.502875129116727,1930-59,0.18100000000000002,0,0,Brooklyn,100,8.585858585858587
2340,4.241326752570746,10.900196306260026,1930-59,0.10800000000000001,0,0,Brooklyn,100,9.780943768800634
2341,4.169761201506855,11.32176495950907,1930-59,0.11699999999999999,0,0,Brooklyn,100,7.8692493946731235
2348,4.4331949212482815,10.981897133886719,1930-59,0.095,0,0,Brooklyn,100,8.16326530612245
2351,4.104294893075269,12.549942452531823,pre-1930,0.447,1,0,Manhattan,100,10.032650427717059
2352,3.9435216724875173,12.776978743090915,2000-09,0.606,0,0,Manhattan,100,5.367625870826671
2354,4.169761201506855,10.981897133886719,1930-59,0.11800000000000001,0,0,Brooklyn,100,7.142857142857143
2361,4.45318382899021,11.26770244632564,pre-1930,0.13699999999999998,0,0,Brooklyn,100,7.539647042285918
2362,4.244200317766478,11.05089000537367,1930-59,0.149,0,0,Brooklyn,100,8.571428571428571
2363,4.278054044290903,11.2872787834379,1930-59,0.172,0,0,Brooklyn,100,7.518796992481203
2377,3.6428355156125294,11.959122963584328,2000-09,0.5539999999999999,0,0,Manhattan,100,6.976625105609462
2380,4.11414718951828,11.604647396523173,1930-59,0.29100000000000004,0,0,Manhattan,100,4.470558181121472
2389,4.028916756899646,10.918718232265187,1930-59,0.016,0,0,Queens,100,7.608695652173913
2392,4.014579593753238,11.251560700835821,pre-1930,0.256,0,1,Manhattan,100,2.7272727272727275
2393,4.484131857611035,11.900932395411234,2000-09,0.32299999999999995,0,0,Queens,100,6.44487259504491
2395,4.276666119016055,11.931898923103185,pre-1930,0.531,1,0,Manhattan,100,6.577216521967903
2397,4.441474093317302,12.144904438498061,pre-1930,0.527,1,0,Manhattan,100,6.484774069408344
2399,3.899950424193877,12.006785991840184,1980-99,0.34299999999999997,0,0,Manhattan,100,9.337068160597573
2400,3.9531649487593215,10.947467645551173,2000-09,0.665,0,0,Manhattan,100,7.393064601302588
2402,4.497584975308154,11.910358401381128,pre-1930,0.22399999999999998,0,1,Brooklyn,100,8.333333333333334
2403,4.48863636973214,11.761346823468706,1980-99,0.243,1,0,Manhattan,100,5.77223088923557
2405,4.1588830833596715,11.922827382533193,1980-99,0.32899999999999996,0,0,Manhattan,100,8.827414098641375
2406,4.039536325727106,11.670313755218972,1980-99,0.396,0,0,Manhattan,100,9.398094749882524
2410,4.22683374526818,12.81228299177666,1960-79,0.57,0,0,Bronx,100,8.453915253590187
2411,4.147885329150131,12.163248648339245,1960-79,0.586,0,0,Bronx,100,7.880344021376086
2412,4.1713056033582285,13.37315789277616,1960-79,0.625,0,0,Manhattan,100,8.995786921246399
2413,4.773223770984341,12.60854327465801,1980-99,0.223,0,0,Manhattan,100,10.397755956978031
2416,4.175924549214524,11.34810978230594,1960-79,0.209,0,0,Queens,100,9.315488473556984
2417,4.22683374526818,11.194962863227914,1930-59,0.19,0,0,Queens,100,10.032571499250993
2418,4.12552017969055,11.344447639996924,1930-59,0.18100000000000002,0,0,Queens,100,8.63956447127049
2426,4.443827035579329,12.01195984444122,1930-59,0.212,0,1,Manhattan,100,11.656639123809292
2427,4.097672352314776,12.143532127055275,1980-99,0.27,0,0,Manhattan,100,8.090485695276113
2428,4.476199804691132,11.599332492710968,1960-79,0.518,0,0,Bronx,100,13.850034395780785
2433,4.4942386252808095,11.1324846217668,1960-79,0.174,0,1,Manhattan,100,13.897829012815262
2435,4.272490747605575,11.568823640599039,1930-59,0.215,1,0,Manhattan,100,9.0781000293147
2443,4.489759334476764,11.35654062459722,1960-79,0.138,0,1,Bronx,100,8.886498368859838
2444,4.012772908528289,13.897226941184263,1960-79,0.873,0,0,Queens,100,10.053928127776118
2446,4.034240638152395,12.312079951973736,1980-99,0.377,0,0,Manhattan,100,9.353947995646816
2448,4.844187086458591,13.80252764347405,1960-79,0.124,0,0,Unknown,100,8.823818433979907
2449,4.0943445622221,11.37366339763672,2000-09,0.5710000000000001,0,0,Manhattan,100,3.67816091954023
2451,4.33990170837321,11.53076538309856,1930-59,0.18600000000000003,0,0,Bronx,100,7.662082514734775
2453,4.412798293340635,10.982356212167627,1930-59,0.29600000000000004,0,0,Manhattan,100,10.539378176687576
2462,4.409155302062135,10.991241097869361,1930-59,0.134,0,0,Bronx,100,9.266747540099743
2471,4.018183201256536,11.093858266443778,1930-59,0.156,0,0,Bronx,100,6.386278624213119
2474,4.648229675448539,11.071470419128909,1960-79,0.152,0,1,Bronx,100,9.174311926605505
2475,4.133565275375382,11.29815922578547,1960-79,0.20600000000000002,0,0,Bronx,100,8.924919117920494
2476,4.33204826486764,10.795485591841238,1960-79,0.355,0,0,Manhattan,100,7.78688524590164
2477,4.107589788972121,12.721127314266194,pre-1930,0.21100000000000002,0,0,Manhattan,100,4.152402119816219
2479,4.409155302062135,10.879649681447674,pre-1930,0.17800000000000002,0,0,Manhattan,100,7.723462371668079
2480,4.449685283147696,11.062928363800124,1930-59,0.139,0,0,Unknown,100,8.625692015745809
2481,4.100989104940769,10.879800371798126,pre-1930,0.17800000000000002,0,0,Manhattan,100,7.533949861563672
2483,4.269697449699962,11.577626472906104,1930-59,0.172,0,0,Bronx,100,7.686250984215065
2485,4.701389043728634,11.616104603153248,pre-1930,0.28600000000000003,0,0,Manhattan,100,7.666705751833245
2488,4.007333185232471,11.292752497100851,1980-99,0.363,0,0,Manhattan,100,10.219596699818043
2490,4.283586561860629,11.539216798924297,1960-79,0.175,0,1,Queens,100,12.175640925738332
2491,4.394449154672439,11.382588963242226,1930-59,0.192,0,0,Queens,100,10.252904989747096
2492,4.048300623720694,11.168785909439716,1930-59,0.18899999999999997,0,0,Queens,100,8.323575469435548
2493,4.3267781604434035,11.654425027243928,1960-79,0.163,0,0,Queens,100,10.850694444444445
2494,4.420044701861403,11.098924025839777,1960-79,0.172,0,1,Queens,100,12.405446293494704
2495,4.497584975308154,11.184421397998193,1960-79,0.156,0,0,Queens,100,10.694444444444445
2496,4.571613402459248,11.4464009730976,1930-59,0.145,0,0,Queens,100,10.58099268949596
2497,4.662495252607361,11.982772832007662,1960-79,0.15,0,0,Manhattan,100,8.938896702609783
2501,4.249922794040544,11.048363005673876,pre-1930,0.16899999999999998,0,0,Brooklyn,100,10.502697283620567
2510,3.295836866004329,11.33857207782545,1930-59,0.442,0,0,Queens,100,11.190476190476192
2512,2.797281334830153,10.915088464214607,1960-79,0.755,0,0,Queens,100,12.727272727272728
2513,4.827513417131532,11.238804358891151,pre-1930,0.10800000000000001,0,1,Manhattan,100,11.443754603809325
2516,4.409155302062135,10.9246066585059,1960-79,0.221,0,0,Queens,100,13.687281633829196
2542,3.8372994592322094,12.020309172131363,2000-09,0.452,0,0,Queens,100,7.345238238587788
2543,4.034240638152395,11.786457901817567,pre-1930,0.272,0,0,Manhattan,100,3.270956945078351
2546,3.9852734671677386,13.087123689444192,1930-59,0.285,1,0,Manhattan,100,5.572969646996915
2547,3.7909846770510898,11.465225706092808,pre-1930,0.114,0,0,Manhattan,100,1.7830546873361162
2550,4.0163830207523885,11.531972905223657,pre-1930,0.21100000000000002,0,0,Manhattan,100,5.690570332505912
2551,4.092676505121403,12.043088902140804,1930-59,0.19699999999999998,0,0,Manhattan,100,4.943473731910712
2555,4.189654742026425,11.440354772135393,1930-59,0.33399999999999996,0,0,Brooklyn,100,8.817204301075268
2559,2.6390573296152584,11.011356862466915,1930-59,0.9129999999999999,0,0,Manhattan,100,12.715083060867267
2565,4.469350462845557,11.4572647525448,pre-1930,0.19399999999999998,0,0,Manhattan,100,5.603366248704882
2566,4.3425058765115985,10.930388993650237,pre-1930,0.196,0,1,Manhattan,100,4.118321157427303
2574,4.220977213155467,11.853873385046603,1930-59,0.131,0,0,Bronx,100,9.24424723383679
2576,2.617395832834079,11.06595062590531,1930-59,0.7809999999999999,0,0,Bronx,100,8.59966226780912
2579,4.133565275375382,12.18948075828721,1960-79,0.295,0,1,Manhattan,100,10.523158574340778
2580,3.7328963395307104,11.614786865860147,pre-1930,0.316,0,1,Manhattan,100,5.418928316609918
2586,4.219507705176107,11.915004847974185,2000-09,0.619,0,1,Manhattan,100,4.950064551517462
2588,4.421247347827163,11.247774320758346,2000-09,0.474,0,0,Manhattan,100,8.86467037766103
2590,4.074141854904581,10.931248100232287,1930-59,0.22899999999999998,0,0,Manhattan,100,9.839702304279376
2592,4.139955073474153,12.017662591395661,1930-59,0.377,0,0,Brooklyn,100,5.070779632368477
2595,4.138361447638875,10.837618202538614,1930-59,0.172,0,1,Queens,100,9.823182711198427
2599,4.198704577546343,11.46461718467611,pre-1930,0.17800000000000002,0,0,Manhattan,90,5.982116619789262
2600,4.207673247529104,12.759239109785689,1960-79,0.301,1,0,Manhattan,85,5.003594536304816
2601,4.4520190064939165,11.897888501227891,1930-59,0.18899999999999997,0,0,Manhattan,80,10.207136830071585
2603,4.141546163706395,11.612644095080643,pre-1930,0.17600000000000002,0,0,Manhattan,90,5.340043082381478
2604,3.9926809084456005,11.817324526676888,pre-1930,0.183,0,0,Unknown,100,4.499155486388211
2607,4.257030144499196,11.890656172270688,1930-59,0.193,0,0,Manhattan,90,8.704771174184527
2608,4.041295341132285,11.717799133734651,pre-1930,0.184,0,0,Manhattan,90,4.807026406055224
2609,4.162003210695915,11.47183260043467,1930-59,0.195,0,0,Manhattan,90,8.439785775314148
2611,4.194189897191817,12.98580569589774,1960-79,0.321,1,0,Manhattan,90,6.098427706119978
2612,4.278054044290903,11.302710478431823,pre-1930,0.16899999999999998,0,0,Manhattan,80,3.5784356066682297
2613,4.206184043977636,12.159033447524388,1930-59,0.223,0,0,Manhattan,90,5.555264399140506
2617,4.300002799195291,12.01288223617111,pre-1930,0.233,0,0,Manhattan,100,13.040972917235313
2622,3.624340932976365,11.769294873063064,1980-99,0.498,0,0,Manhattan,100,4.488365074328874
2623,4.231203744939298,11.414981820640103,pre-1930,0.254,0,0,Manhattan,100,5.845373331862799
2627,4.192680462942962,12.646808367720258,pre-1930,0.215,0,1,Manhattan,100,4.955433278630498
2628,4.720282993088596,12.076396668373784,1960-79,0.16899999999999998,0,0,Queens,100,13.54766729661422
2630,4.065602093356446,12.344498913680834,2000-09,0.6990000000000001,0,0,Manhattan,100,8.315447140313374
2631,4.409155302062135,11.023404607698067,1930-59,0.171,0,0,Manhattan,100,11.910200352411408
2633,3.6609942506244004,11.112970150035661,pre-1930,0.622,0,0,Manhattan,100,12.232415902140673
2634,4.436751534363128,11.727456030786199,pre-1930,0.172,0,1,Manhattan,100,9.279581692595702
2639,4.389498649512583,11.301179216941446,1960-79,0.163,0,0,Manhattan,100,11.493258524166738
2642,4.523960130562548,10.83891402271876,pre-1930,0.17,0,1,Manhattan,100,10.399089589137857
2648,4.206184043977636,11.25854921122492,1930-59,0.17800000000000002,0,0,Bronx,100,7.8669074026309005
2659,4.52720864451838,10.990870359252689,pre-1930,0.172,0,0,Manhattan,100,7.079049384796899
2665,4.175924549214524,12.752620562415695,1960-79,0.184,0,0,Bronx,100,8.278912509842064
2666,4.210645017918261,11.47460035064856,2000-09,0.344,0,0,Manhattan,100,11.42975893599335
2667,3.8691155044168695,11.175128351086599,1980-99,0.43200000000000005,0,0,Manhattan,100,10.093363613424174
2674,3.912023005428146,12.000222448467158,pre-1930,0.35200000000000004,0,0,Manhattan,100,3.5014220687875866
2676,3.9435216724875173,10.754215238626523,1960-79,0.44299999999999995,1,0,Manhattan,100,5.1252482542123134
2696,4.314817884980432,11.991907418169982,pre-1930,0.115,0,0,Brooklyn,100,6.441902095476422
2697,4.423648309364701,11.379394072345706,pre-1930,0.105,0,0,Brooklyn,100,7.085714285714285
2698,4.3489867805956814,11.401546876986838,pre-1930,0.126,0,0,Brooklyn,100,8.048289738430583
2700,3.728100167267218,11.972455689083295,1930-59,0.225,0,0,Brooklyn,100,6.378960797812206
2701,4.529368472571809,11.572259843015331,1930-59,0.099,0,0,Brooklyn,100,8.952720213357459
2710,4.624972813284271,12.793998189677012,1960-79,0.175,0,0,Brooklyn,100,10.85960283293987
2736,4.186619838331271,11.188925129844336,pre-1930,0.235,0,0,Manhattan,100,6.636709298306257
2739,3.8628327612373745,12.234698974318496,pre-1930,0.19699999999999998,0,1,Manhattan,100,4.567363756510923
2740,4.278054044290903,12.22242816188974,1960-79,0.21100000000000002,0,1,Manhattan,100,9.001564206239117
2742,4.089332020398556,10.92282211863275,2000-09,0.349,0,0,Manhattan,100,8.118786872823714
2743,4.065602093356446,12.27606501735021,1960-79,0.267,1,0,Manhattan,100,6.293706293706293
2747,4.974662633637438,11.56403674279377,1930-59,0.109,0,1,Manhattan,100,9.12166014214587
2749,3.7999735016195233,12.122527979819829,1980-99,0.287,0,0,Staten Is,100,7.283796271131163
2750,3.5751506887855933,11.590543697516175,pre-1930,0.531,1,0,Manhattan,100,3.5162069380314795
2754,2.8903717578961645,12.123766544981097,pre-1930,0.718,0,0,Manhattan,100,7.87196386497139
2755,4.264087336809195,11.594956962919463,1930-59,0.151,0,0,Brooklyn,100,8.291186468783682
2757,3.8979240810486444,11.346870880640147,1980-99,0.396,0,0,Manhattan,100,9.917355371900827
2758,4.335982696172475,11.524854035835503,1930-59,0.16399999999999998,0,0,Brooklyn,100,10.57312252964427
2759,3.8543938925915096,12.139451958188278,1980-99,0.306,0,0,Manhattan,100,9.139009139009138
2760,4.169761201506855,11.352698025649339,1960-79,0.16,0,0,Bronx,100,6.690533482011855
2761,4.334672938290411,10.93349974971198,pre-1930,0.134,0,0,Bronx,100,9.282067759094641
2762,4.415219602029645,11.069213169678562,pre-1930,0.153,0,0,Brooklyn,100,10.28598145406374
2764,4.186619838331271,11.415863752127096,pre-1930,0.14,0,0,Bronx,100,7.823691460055096
2765,4.30406509320417,11.668843154145106,1930-59,0.161,0,0,Brooklyn,100,8.385170227511914
2766,4.437934266612178,11.214101552099603,pre-1930,0.142,0,0,Brooklyn,100,9.033423667570009
2767,4.450852825603734,10.940756210963185,1930-59,0.14400000000000002,0,0,Brooklyn,100,6.379585326953748
2768,4.084294226368599,11.137213315011412,1930-59,0.195,0,0,Brooklyn,100,9.172976121141525
2771,4.535820107853298,10.907605994775803,1930-59,0.141,0,0,Bronx,100,10.624656530500092
2777,4.197201947661808,11.554201756282067,2000-09,0.514,1,0,Manhattan,100,4.8937762680637915
2778,4.147885329150131,11.361730412968603,pre-1930,0.205,0,0,Manhattan,100,3.838637632607482
2782,4.120661870539474,11.334049963700565,pre-1930,0.196,0,1,Manhattan,100,7.055643917197833
2783,3.517497837358316,12.389048155117049,1930-59,0.145,1,0,Manhattan,100,4.330500464279617
2786,3.2809112157876537,11.915713660008194,2000-09,0.9159999999999999,0,0,Queens,100,8.82358839297054
2787,4.609162207257629,12.466735463357907,pre-1930,0.28300000000000003,0,0,Manhattan,100,12.020434739056396
2791,4.117409835153096,12.095342181919952,2000-09,0.557,0,0,Manhattan,100,7.205254809088675
2793,3.893859034800475,11.698990008043017,pre-1930,0.306,0,0,Manhattan,100,6.641760066417601
2796,3.883623530906448,11.372294645230435,pre-1930,0.267,0,1,Manhattan,100,6.675797930502642
2797,4.251348311031766,11.174006236905964,pre-1930,0.23199999999999998,0,0,Manhattan,100,9.964352878434894
2798,4.1059436980654525,11.12663043119762,pre-1930,0.163,0,1,Manhattan,100,8.829112527039157
2799,4.683056724645162,11.607053127694927,1960-79,0.225,0,0,Manhattan,100,9.465732228997906
2802,3.730501128804756,11.347390226276332,1980-99,0.536,1,0,Manhattan,100,5.664117813650524
2803,4.207673247529104,12.952471451694759,1960-79,0.215,0,0,Manhattan,100,9.813263550125866
2817,4.540098189244376,11.654260083085832,1930-59,0.171,0,0,Queens,100,9.550186228631459
2820,4.163559631243574,11.2708539037705,pre-1930,0.184,0,0,Brooklyn,100,13.248407643312103
2822,3.9259259105971376,12.155042474417394,pre-1930,0.183,0,0,Manhattan,100,6.471981057616417
2823,3.9454577815143836,11.165875480711094,1960-79,0.273,0,0,Manhattan,100,9.479745886214753
2824,3.979681653901961,12.05318949538099,pre-1930,0.253,0,0,Manhattan,100,3.029490929005045
2825,3.6000482404073204,12.17382317668967,1960-79,0.977,0,0,Manhattan,100,12.599856444258544
2827,4.269697449699962,11.048538035310022,pre-1930,0.157,0,1,Manhattan,100,10.182651307834277
2833,4.483002552013883,12.743372708125035,1960-79,0.27899999999999997,1,0,Manhattan,100,10.254882025032432
2837,4.44500143383527,11.682609166082562,1980-99,0.301,0,0,Manhattan,100,12.490189293882338
2838,4.209160236650682,11.21785617408443,pre-1930,0.14800000000000002,0,0,Manhattan,100,10.074145712443585
2840,3.8753590210565547,11.215462380663341,pre-1930,0.188,0,0,Manhattan,100,5.251110811902517
2841,4.61015772749913,11.910828720871104,1930-59,0.207,0,0,Manhattan,100,11.486531873446632
2842,4.070734696582967,11.646809295481223,pre-1930,0.188,0,0,Manhattan,100,5.510557528471214
2843,4.653007515402251,13.185601052808853,2000-09,0.474,0,0,Manhattan,100,6.777560829077801
2845,4.35799005684564,11.308480991088503,1930-59,0.16,0,0,Queens,100,10.428168322905165
2846,4.420044701861403,10.917902682403483,1930-59,0.162,0,0,Queens,100,7.796210678995558
2847,4.272490747605575,11.162445577694408,1930-59,0.147,0,0,Queens,100,8.944416838219635
2848,4.293195420967266,11.161991154874562,1930-59,0.147,0,0,Queens,100,8.522364103802396
2849,4.648229675448539,11.269260277935222,1930-59,0.12300000000000001,0,0,Brooklyn,100,10.845295055821373
2851,4.421247347827163,11.482672421799208,1930-59,0.136,0,0,Queens,100,9.27643784786642
2852,4.454347296253507,11.056588026488308,1930-59,0.122,0,0,Queens,100,14.204545454545455
2853,4.356708826689592,11.705213854131365,1930-59,0.191,0,0,Queens,100,8.003168264550089
2854,4.553876891600541,10.955846456686777,1930-59,0.106,0,0,Queens,100,9.600614439324117
2855,4.252771798816619,11.495758960048319,1930-59,0.142,0,0,Queens,100,6.714276994445462
2859,4.651099117876491,11.733144744767191,1960-79,0.16899999999999998,0,1,Queens,100,8.183896979179202
2860,4.616110126026426,12.711729936443355,1960-79,0.175,0,0,Queens,100,10.313164362287592
2862,4.403054001865957,11.47833402020061,1960-79,0.201,0,0,Queens,100,12.939958592132506
2863,4.593097604753822,11.238843819335349,1930-59,0.183,0,0,Queens,100,16.046930695673908
2864,4.550714000192032,12.654341782629903,1930-59,0.153,0,0,Queens,100,11.401379662749106
2867,4.28496492183075,11.636345913844021,1960-79,0.201,0,0,Queens,100,10.429925045962383
2868,4.2612704335380815,11.182892451977917,1930-59,0.244,0,0,Manhattan,100,10.15440255946585
2872,4.368181227851829,12.864972524994823,2000-09,0.335,0,1,Manhattan,100,13.03899020264764
2873,4.483002552013883,12.237140018045034,1980-99,0.3,0,0,Manhattan,100,10.081866696395247
2874,3.9080149840306073,11.607098634987478,pre-1930,0.431,0,0,Brooklyn,100,8.00910125142207
2876,4.144720769547168,11.576979493760334,pre-1930,0.201,0,0,Bronx,100,7.8788163016461095
2877,4.085976312551584,11.433882257629776,pre-1930,0.20199999999999999,0,0,Bronx,100,6.4935064935064934
2878,4.351567427189173,11.847324124644533,1960-79,0.21899999999999997,0,0,Brooklyn,100,13.026984467826212
2879,4.449685283147696,10.933106969717286,pre-1930,0.18600000000000003,0,1,Bronx,100,9.642857142857142
2880,4.3267781604434035,10.933106969717286,pre-1930,0.195,0,1,Bronx,100,9.642857142857142
2883,4.583946549536464,11.165634920913137,1930-59,0.11,0,1,Queens,100,9.340503821115199
2884,3.728100167267218,11.190182548433263,pre-1930,0.273,0,0,Manhattan,100,11.599646486964208
2888,4.151039905898646,13.420851849821096,1960-79,0.355,0,1,Bronx,100,5.92067189980858
2889,4.162003210695915,11.637706181867534,1980-99,0.28800000000000003,0,0,Bronx,100,10.239209109365346
2893,3.996364153861897,11.130199843831553,1930-59,0.19899999999999998,0,0,Queens,100,7.038123167155425
2897,4.079230924412053,11.629730244512313,1980-99,0.247,0,0,Bronx,100,6.495239790016905
2901,4.053522567701846,11.725339662071352,1930-59,0.15,0,0,Brooklyn,100,7.601119143499426
2902,4.074141854904581,11.232007133430743,1930-59,0.155,0,0,Queens,100,8.608245374723543
2903,4.3134800921387715,11.69515535089587,1930-59,0.204,0,0,Brooklyn,100,8.500779238096825
2904,4.232656178019613,11.800522533809305,1930-59,0.16399999999999998,0,1,Queens,100,9.150777816114369
2905,4.309455941839047,11.518022453228072,1930-59,0.134,0,0,Queens,100,8.357294226502571
2906,4.163559631243574,11.167331753899454,1930-59,0.133,0,0,Brooklyn,100,7.629273806159932
2907,4.216562194946349,10.996400296278916,1930-59,0.157,0,0,Brooklyn,100,9.889538879297339
2908,4.355425952876702,11.603661563231706,1930-59,0.161,0,0,Queens,100,12.328992310361832
2909,3.9871304779149512,11.975331555874519,1960-79,0.145,0,0,Brooklyn,100,8.18696509204038
2911,4.000033882750859,11.163013315982314,1930-59,0.183,0,0,Queens,100,9.932600212841432
2913,4.072439726834051,11.363241461342312,1930-59,0.172,0,0,Queens,100,8.246416873794978
2916,3.9721769282478934,11.561991781482282,1930-59,0.171,0,0,Bronx,100,6.093555113349646
2917,4.442651256490317,10.812632816249412,1930-59,0.136,0,0,Brooklyn,100,8.460236886632826
2918,4.185098925490565,11.299682738333281,1930-59,0.135,0,0,Brooklyn,100,8.044952720431704
2920,4.269697449699962,11.66035359903666,1930-59,0.159,0,0,Queens,100,9.751046295896794
2921,4.468204330914934,12.454236560596524,1980-99,0.27,0,0,Manhattan,100,9.8699353187638
2922,3.914021008090819,11.521379627616787,1930-59,0.201,0,0,Brooklyn,100,8.329284375650726
2923,4.102643365036796,11.729036344920257,1930-59,0.146,0,0,Brooklyn,100,7.170249105732977
2924,3.6635616461296463,11.309952120445402,pre-1930,0.327,0,1,Bronx,100,8.820286659316428
2925,4.252771798816619,11.408298013888231,1930-59,0.193,0,0,Queens,100,8.882375147114338
2926,4.055257173514054,11.292902040992262,1930-59,0.161,0,0,Brooklyn,100,7.4766355140186915
2927,4.08260930600368,11.177047052000846,1930-59,0.165,0,0,Queens,100,10.213932923843238
2928,4.206184043977636,11.071921258241396,1930-59,0.215,0,0,Queens,100,9.325603444256206
2930,4.206184043977636,11.26557886870785,1930-59,0.165,0,0,Queens,100,10.116920870311318
2931,4.175924549214524,11.279479020660121,1930-59,0.158,0,0,Queens,100,9.21949987370548
2932,4.273884476054178,11.108439876975565,pre-1930,0.158,0,0,Unknown,100,8.841335491218606
2933,4.298645025734831,11.609407684939793,1930-59,0.16699999999999998,0,0,Brooklyn,100,9.625076047181032
2934,4.1728476237100445,11.118934278935692,1930-59,0.153,0,0,Bronx,100,7.266148644640845
2938,3.9945242269398897,12.32455765696612,1960-79,0.21,0,0,Manhattan,100,8.83823803728937
2956,4.3267781604434035,11.164544601284863,1930-59,0.105,0,0,Brooklyn,100,8.21727611464517
2962,3.9219733362813143,12.341171558951789,1930-59,0.158,0,0,Bronx,100,6.159087930808544
2963,4.42484663185681,12.21020907868257,1930-59,0.13,0,0,Bronx,100,6.423375110168352
2966,4.185098925490565,11.89939122306861,pre-1930,0.365,0,0,Manhattan,100,6.522758311420942
2967,4.484131857611035,11.132762539724283,pre-1930,0.22399999999999998,0,1,Manhattan,90,6.142595978062157
2972,4.152613470346076,11.680251820256691,1930-59,0.141,0,0,Bronx,100,7.697903801580185
2974,4.361823927356363,11.245046019814627,pre-1930,0.14400000000000002,0,0,Manhattan,100,8.627450980392156
2975,4.457829598089382,11.049571676442373,1960-79,0.16699999999999998,0,0,Manhattan,100,13.827741309979814
2976,4.395682961121367,10.978899448033802,1960-79,0.145,0,0,Bronx,100,10.91703056768559
2978,4.405498990859024,12.417143615610113,1960-79,0.262,0,0,Bronx,100,7.935222672064777
2980,4.247065649239764,11.02841714952161,1960-79,0.17300000000000001,0,0,Brooklyn,100,10.714285714285715
2981,4.294560608892605,11.911406239303949,1930-59,0.193,0,0,Queens,100,11.077096592282286
2982,4.592084946439436,10.925938480238674,pre-1930,0.131,0,0,Queens,100,9.892086330935252
2985,4.477336814478207,10.915015734297125,1930-59,0.138,0,0,Queens,100,11.273547167066695
2986,4.891100725401066,11.403277995665698,1960-79,0.154,0,0,Brooklyn,100,12.944261563354349
2987,3.0726933146901194,10.952296664110428,pre-1930,0.685,0,0,Manhattan,100,12.087238328807917
2988,4.186619838331271,11.919090328192667,1960-79,0.168,0,1,Manhattan,100,9.193564504846607
2990,3.879499813722586,11.5781044059952,pre-1930,0.373,0,0,Manhattan,100,2.998079355412939
3001,4.399375273008495,11.134355420324708,pre-1930,0.1,0,0,Manhattan,100,11.9735996729163
3003,4.320151230955794,11.204305721303568,1930-59,0.131,0,0,Queens,100,8.986193938403726
3006,3.711130063048756,11.618365977428226,1960-79,0.33299999999999996,0,0,Queens,100,10.799136069114471
3007,4.79081953287472,11.052301706866754,1930-59,0.128,0,1,Bronx,100,11.25394284265086
3008,4.602165676967792,11.023910255468087,1930-59,0.111,0,1,Bronx,100,8.479689512907067
3012,4.4355674016019115,11.211306726779574,pre-1930,0.193,0,0,Manhattan,100,8.788296692896353
3013,4.383275854074314,11.384807962189786,1980-99,0.263,0,0,Manhattan,100,12.503552145495881
3014,2.631888840136646,11.50117671793568,pre-1930,0.866,0,0,Bronx,100,10.320543953375426
3015,4.272490747605575,11.750050813804856,pre-1930,0.225,0,0,Bronx,100,7.178920795203535
3016,4.45318382899021,13.00019574343012,1960-79,0.135,0,1,Manhattan,100,17.401129943502823
3017,3.370738174177447,12.584509081250419,1960-79,0.8370000000000001,0,0,Bronx,100,10.95890410958904
3018,4.3476939555933765,11.450496716695914,pre-1930,0.18899999999999997,0,0,Manhattan,100,6.386511687316387
3021,4.215086179918229,11.852215157404094,1930-59,0.165,0,0,Brooklyn,100,7.122760782079134
3022,2.7536607123542622,11.523143086830645,1930-59,0.903,0,0,Manhattan,100,8.611559286131431
3023,3.711130063048756,11.593278893595778,1960-79,0.51,0,1,Manhattan,100,3.414323548681794
3025,4.33990170837321,11.903033250757352,2000-09,0.207,0,0,Manhattan,100,8.733092327064462
3027,4.3294166844015844,11.235022091481989,2000-09,0.408,0,1,Manhattan,100,5.809577881352576
3028,4.613138355637268,12.737694520431697,1960-79,0.272,0,0,Manhattan,100,9.696243146519048
3041,3.8088822465086327,11.112298633502313,1930-59,0.32899999999999996,0,0,Manhattan,100,9.255112703388566
3043,4.429625613473161,11.077763745125228,1930-59,0.153,0,0,Queens,100,9.116756289016626
3045,4.449685283147696,11.077763745125228,1930-59,0.129,0,0,Queens,100,9.116756289016626
3050,4.3067641501733345,10.920528187510426,pre-1930,0.172,0,0,Queens,100,9.945750452079567
3058,4.018183201256536,11.739845874965935,pre-1930,0.203,0,0,Manhattan,100,4.463111585759486
3059,4.09933210373314,11.619544188752133,pre-1930,0.225,0,1,Manhattan,100,5.75275727858626
3062,4.239886867512759,10.89488575689709,1960-79,0.205,0,1,Bronx,100,9.461966604823749
3065,4.079230924412053,11.348522408678619,1960-79,0.19,0,0,Brooklyn,100,9.900990099009901
3067,4.659658371272161,10.972825498500242,1930-59,0.301,0,0,Manhattan,100,10.983541849010622
3070,2.8903717578961645,10.967508396434619,1930-59,0.805,0,0,Bronx,100,13.802622498274673
3071,4.183575695950044,11.754419609497031,pre-1930,0.139,0,1,Brooklyn,100,4.869811098456584
3072,2.91235066461494,11.031966039560452,1930-59,0.733,0,0,Bronx,100,12.617480062763875
3074,4.4942386252808095,11.630975131744043,1960-79,0.163,0,0,Bronx,100,11.996800853105837
3078,4.258445572902527,12.963412193573426,2000-09,0.35200000000000004,0,0,Manhattan,100,9.237572065957202
3083,4.3463994570307305,13.090267780217614,2000-09,0.304,0,0,Queens,100,10.284857509288383
3084,4.416428061391214,12.948659779101048,pre-1930,0.402,0,0,Brooklyn,100,5.948514418009246
3097,4.012772908528289,11.650659265098087,pre-1930,0.24,0,0,Manhattan,100,12.024362403826885
3104,5.264760583019194,11.54935382158378,1960-79,0.07400000000000001,0,0,Queens,100,10.895767042715264
3105,2.533696813957432,11.277481573693176,1930-59,1.0,0,0,Queens,100,10.376857077775808
3107,2.975529566236472,10.82774645405946,1930-59,1.0,0,0,Queens,100,15.07936507936508
3108,4.26689632742025,11.138522882313882,1960-79,0.184,0,0,Queens,100,11.778391740584558
3109,4.046553898385752,10.82377030567982,pre-1930,0.16699999999999998,0,0,Brooklyn,100,9.362549800796812
3110,4.335982696172475,11.11992732031744,1930-59,0.16399999999999998,0,0,Brooklyn,100,10.666192613661616
3111,4.298645025734831,11.474267793279349,pre-1930,0.24100000000000002,0,0,Brooklyn,100,9.978380176284716
3112,4.558078578454241,11.127262984158243,pre-1930,0.156,0,0,Queens,100,9.705882352941176
3114,4.225372824628505,11.281220367994111,1930-59,0.162,0,0,Brooklyn,100,9.833833429990671
3117,4.174387269895637,11.654416346650697,pre-1930,0.16399999999999998,0,0,Brooklyn,100,8.159793053759147
3121,3.7864597824528,11.469381017936865,pre-1930,0.256,0,0,Brooklyn,100,8.77385391533231
3122,4.206184043977636,11.454395522779825,pre-1930,0.18,0,0,Brooklyn,100,9.860573609712135
3123,4.255612709818223,11.300956742030754,pre-1930,0.153,0,0,Brooklyn,100,9.518041014104005
3125,3.9512437185814275,11.004846066872263,pre-1930,0.221,0,0,Manhattan,100,8.144269924374637
3126,4.600157644164547,10.854759253305529,pre-1930,0.11800000000000001,0,0,Brooklyn,100,12.746234067207416
3127,4.308110951723713,11.220498821487691,pre-1930,0.19699999999999998,0,0,Brooklyn,100,12.59293991560051
3128,2.7343675094195836,11.122545994280104,pre-1930,1.0,0,0,Brooklyn,100,10.638297872340425
3129,3.7954891891721947,11.264848647110806,pre-1930,0.426,0,0,Queens,100,22.81173907471485
3137,4.398146016553765,11.291280789779755,1960-79,0.15,0,0,Bronx,100,9.610584123814279
3139,3.462606009790799,11.711776323715394,1930-59,0.9420000000000001,0,0,Brooklyn,100,7.049180327868852
3140,4.646312129319266,11.77528972943772,1930-59,0.17600000000000002,0,0,Brooklyn,100,8.461538461538462
3141,3.2068032436339315,11.880986342454655,2000-09,1.0,0,0,Brooklyn,100,9.4122206612085
3144,4.464758032271346,11.482672421799208,1930-59,0.19399999999999998,0,0,Queens,100,12.987012987012987
3145,4.574710978503383,11.073039704959928,1980-99,0.298,0,1,Brooklyn,100,11.488720870658739
3148,4.32280727501391,11.40296549915084,pre-1930,0.157,0,1,Queens,100,9.376360409434405
3149,4.251348311031766,12.428239720246252,pre-1930,0.212,0,0,Manhattan,100,11.371098191835232
3152,4.350277936359301,11.314645243380708,1960-79,0.163,0,0,Queens,100,10.97373619138196
3159,3.0587070727153796,11.14430806435553,1930-59,0.182,0,1,Manhattan,100,11.85502175830213
3177,4.1059436980654525,11.053204784521506,pre-1930,0.635,0,0,Manhattan,100,10.927057929243341
3178,4.210645017918261,10.920528187510426,pre-1930,0.18,0,0,Queens,100,9.945750452079567
3180,4.087655574071304,11.178598924695258,pre-1930,0.138,0,0,Manhattan,100,7.5437959263501995
3182,3.877431560658527,11.08446293162936,pre-1930,0.218,0,1,Manhattan,100,2.916302128900554
3186,4.335982696172475,11.369343736492205,pre-1930,0.154,0,0,Bronx,100,8.427128427128427
3187,4.283586561860629,11.637626736572198,pre-1930,0.16399999999999998,0,0,Manhattan,100,12.005543736372383
3190,4.318820558770089,12.524526376648708,1930-59,0.166,0,0,Queens,100,9.200000000000001
3192,4.286341384539473,12.310432660854417,1960-79,0.213,0,0,Brooklyn,100,10.495495495495497
3194,4.465908118654584,11.2891567182621,1960-79,0.336,0,0,Queens,100,9.00562851782364
3196,4.107589788972121,14.167479948129689,pre-1930,0.7040000000000001,0,1,Manhattan,100,5.942898939069462
3198,4.6434288981051814,11.663257434223068,1960-79,0.18100000000000002,0,0,Bronx,100,8.604222952625149
3200,4.330733340286331,11.495351951353065,1960-79,0.18600000000000003,0,1,Bronx,100,8.752467992428098
3201,4.7059200890882344,11.16157915574956,pre-1930,0.11599999999999999,0,1,Bronx,100,8.383778099866428
3202,4.499809670330265,11.205040685200927,1930-59,0.11,0,1,Bronx,100,8.16326530612245
3203,4.475061500641071,11.316326468878131,1930-59,0.155,0,1,Bronx,100,8.885967474924529
3207,4.272490747605575,11.524854035835503,1930-59,0.245,0,0,Bronx,100,9.090909090909092
3208,3.091042453358316,11.099861558986733,pre-1930,0.6940000000000001,0,0,Bronx,100,9.068649678062936
3216,4.258445572902527,11.211577099354628,pre-1930,0.27699999999999997,0,0,Unknown,100,3.108864318347706
3232,4.468204330914934,10.942562128488042,1930-59,0.08900000000000001,0,0,Brooklyn,100,8.313875327248283
3233,4.581901559048737,11.047551104108155,1930-59,0.099,0,1,Brooklyn,100,9.396400700748526
3241,4.599152113662528,11.200704768071294,1930-59,0.135,0,0,Bronx,100,9.975130496570193
3247,4.324132656254979,11.27043343321954,1960-79,0.17300000000000001,0,0,Manhattan,100,8.66606344068207
3248,3.7909846770510898,11.173388536976171,pre-1930,0.278,0,0,Manhattan,100,9.549220615082152
3249,4.3067641501733345,11.242244714198357,1930-59,0.127,0,0,Unknown,100,6.292111265500878
3253,3.407841924380824,11.386829220145378,pre-1930,0.376,0,1,Bronx,100,6.806348053951652
3254,4.316153890523174,11.071890172413422,pre-1930,0.16699999999999998,0,0,Manhattan,100,6.528125340006528
3255,4.28496492183075,10.849628306379168,pre-1930,0.16,0,0,Manhattan,100,9.317674463748423
3256,4.634728988229636,10.484473366207743,1930-59,0.098,0,1,Manhattan,100,10.347913636872134
3257,4.612145799724517,10.807584238309577,pre-1930,0.141,0,1,Manhattan,100,7.288334615540349
3261,4.475061500641071,10.324826009800583,pre-1930,0.14300000000000002,0,1,Manhattan,100,10.170603674540683
3262,4.194189897191817,10.62772149362817,1930-59,0.135,0,1,Manhattan,100,7.028088117684123
3264,4.00369019395397,11.293524899934853,pre-1930,0.21600000000000003,1,0,Manhattan,100,11.830635118306352
3265,4.272490747605575,11.22390916950531,1930-59,0.142,0,0,Queens,100,8.144192256341789
3267,4.570578741218473,11.301191575207582,1960-79,0.135,0,0,Brooklyn,100,11.245952692849551
3268,3.9684033388642534,11.247409238284769,pre-1930,0.191,0,0,Unknown,100,9.389548910421096
3269,2.4595888418037104,11.406230726299265,1930-59,0.805,0,0,Queens,100,9.345794392523365
3271,4.146304301152812,11.722083675717743,pre-1930,0.126,0,0,Brooklyn,100,7.625908618899273
3272,4.318820558770089,11.108529784820083,1980-99,0.306,0,0,Manhattan,100,4.345350474991759
3273,4.182050142641207,11.985413505508884,pre-1930,0.262,0,0,Manhattan,100,2.805521265851195
3275,3.7773481021015445,11.297936077911888,1980-99,0.6709999999999999,0,0,Manhattan,100,2.4796974769078175
3277,3.9908341858524357,11.34977103946999,2000-09,0.627,0,0,Queens,100,8.475972971063971
3279,3.960813169597578,11.23257643988524,2000-09,0.405,0,0,Brooklyn,100,6.353240152477764
3288,4.092676505121403,11.465089345555336,1960-79,0.184,0,0,Brooklyn,100,10.699787053257666
3289,4.079230924412053,11.791223646111668,1930-59,0.151,0,0,Brooklyn,100,8.176367270304645
3291,4.21803603456465,11.561763247053529,1930-59,0.172,0,0,Brooklyn,100,9.904290271891814
3293,4.312140507209715,12.459621242862386,1980-99,0.22,0,0,Bronx,100,8.342451827190962
3295,4.355425952876702,12.590235802918322,1960-79,0.226,0,0,Queens,100,9.091621066682103
3308,4.368181227851829,10.955182921416487,1930-59,0.175,0,0,Bronx,100,9.08296943231441
3317,4.280824129164719,11.586343198964391,1930-59,0.139,0,0,Queens,100,7.712464457618614
3318,4.290459441148391,11.70547784132952,pre-1930,0.156,0,0,Manhattan,100,10.55809426398535
3320,4.074141854904581,11.580584113444043,1930-59,0.147,0,0,Queens,100,6.635514018691589
3322,4.356708826689592,11.387486950771708,1960-79,0.14,0,0,Brooklyn,100,10.202809173459093
3326,4.2626798770413155,10.968198289528557,pre-1930,0.152,0,1,Queens,100,9.655172413793103
3328,4.050044303325521,11.846758507695311,1960-79,0.188,0,0,Brooklyn,100,8.164376105592599
3330,4.457829598089382,10.924138299734526,pre-1930,0.19399999999999998,0,0,Manhattan,100,16.936936936936938
3334,4.37449836825309,11.73257491903016,1960-79,0.22899999999999998,0,1,Manhattan,100,9.392761953694487
3335,2.856470206220483,11.180106546846918,1930-59,0.67,0,1,Queens,100,10.60119960942949
3337,3.8877303128591016,11.12860032481358,1930-59,0.179,0,0,Queens,100,7.930563510596114
3338,3.8155121050473024,11.823061059753844,1960-79,0.18600000000000003,0,0,Brooklyn,100,7.333475113852201
3340,2.8094026953624978,10.968198289528557,pre-1930,0.868,0,0,Queens,100,14.827586206896552
3344,4.194189897191817,11.47172840011989,1930-59,0.217,0,0,Bronx,100,7.294402067441957
3345,4.363098624788363,11.443082232028438,1930-59,0.16399999999999998,0,1,Queens,100,11.259570635039784
3346,4.477336814478207,10.907239560180278,pre-1930,0.16899999999999998,0,0,Brooklyn,100,10.628550485614808
3349,4.207673247529104,11.66590402956731,1960-79,0.182,0,1,Queens,100,9.096370033467776
3350,4.039536325727106,11.228637625586463,1930-59,0.153,0,1,Queens,100,7.9728921666334465
3354,4.207673247529104,11.041576931746437,1930-59,0.188,0,1,Queens,100,10.734427069982056
3355,4.590056548178043,11.897371205854318,1960-79,0.18100000000000002,0,1,Queens,100,10.757080610021786
3356,2.8735646395797834,11.356271654924852,1930-59,0.71,0,0,Bronx,100,8.771929824561404
3357,3.3775875160230218,11.7382745822347,1930-59,0.436,0,0,Bronx,100,8.541141160318018
3358,4.546481189639412,12.127262095105685,1960-79,0.149,0,1,Bronx,100,7.952694989802157
3360,3.5085558999826545,11.303980633055831,1930-59,0.306,0,1,Bronx,100,6.531598146504979
3361,4.722953221644475,11.313254269841162,1930-59,0.102,0,1,Bronx,100,8.18070818070818
3369,4.280824129164719,11.494598548277343,1980-99,0.503,0,0,Manhattan,100,9.166462967489611
3370,4.30406509320417,11.744037185933616,1930-59,0.153,0,0,Brooklyn,100,9.444444444444445
3372,4.370712874773608,11.002099841204238,1930-59,0.131,0,0,Brooklyn,100,8.0
3375,4.269697449699962,11.069758489678053,1930-59,0.136,0,0,Brooklyn,100,7.4766355140186915
3376,4.58700621536042,11.041320554357519,1930-59,0.127,0,0,Brooklyn,100,9.615384615384617
3380,4.104294893075269,11.34264709697859,pre-1930,0.233,0,0,Manhattan,100,3.319777574902482
3391,4.308110951723713,11.001883151061957,2000-09,0.331,0,0,Manhattan,100,8.001733708970276
3392,4.475061500641071,11.460262812386922,2000-09,0.314,0,0,Brooklyn,100,12.648887951934226
3396,4.014579593753238,11.049603463848204,1930-59,0.22399999999999998,0,0,Brooklyn,100,8.741397670020184
3397,4.354141431184346,11.34085518384002,1960-79,0.156,0,0,Brooklyn,100,10.452299505891297
3398,3.9589065913269965,10.964397974020226,1980-99,0.159,0,0,Brooklyn,100,6.922810661128419
3399,4.430816798843313,10.87804719253426,pre-1930,0.14800000000000002,0,0,Queens,100,13.39622641509434
3400,4.545420181582317,11.202015706399143,1930-59,0.138,0,0,Queens,100,13.100794235650538
3401,5.812337881210547,11.108170104931304,1930-59,0.040999999999999995,0,0,Queens,100,11.69169889378541
3402,4.418840607796598,11.195704723407564,pre-1930,0.16,0,0,Manhattan,100,9.475809220374362
3403,4.384523514872469,11.080926425083522,1930-59,0.154,0,0,Queens,100,11.09040218111243
3407,4.133565275375382,11.058669192692133,1930-59,0.152,0,0,Queens,100,9.292509292509292
3408,4.410371107683024,11.078412524053402,1930-59,0.124,0,0,Queens,100,9.110843447913771
3409,4.4331949212482815,11.146892586105778,1930-59,0.12,0,0,Queens,100,8.507815654380803
3410,4.480740107609915,11.300721853694354,1930-59,0.16699999999999998,0,0,Queens,100,5.9347181008902075
3411,4.123903364463645,11.460378753805015,1930-59,0.23,0,0,Brooklyn,100,7.799243262613167
3412,4.528289141652134,10.999613419284296,1930-59,0.11199999999999999,0,0,Manhattan,100,9.690731984427996
3413,4.318820558770089,11.2872787834379,1960-79,0.165,0,0,Brooklyn,100,10.526315789473683
3416,4.345103280569283,11.077562847265659,1960-79,0.204,0,0,Brooklyn,100,10.509559062176406
3421,4.1956970564823886,10.839580911706463,1930-59,0.132,0,0,Brooklyn,100,7.254901960784314
3422,4.155753190350744,11.06601316694789,1930-59,0.14800000000000002,0,0,Brooklyn,100,8.442776735459661
3423,4.441474093317302,11.174399120112454,1930-59,0.124,0,0,Brooklyn,100,8.276984371931203
3424,4.692264892839025,11.565660219954093,1930-59,0.218,0,0,Manhattan,100,3.79452639567424
3425,4.26549281841793,11.33857207782545,1930-59,0.158,0,0,Brooklyn,100,8.571428571428571
3427,4.471638793363569,11.010299465547192,1930-59,0.149,0,0,Brooklyn,100,9.422422058385955
3428,4.206184043977636,11.345015559651559,1930-59,0.14800000000000002,0,0,Queens,100,9.935772328874064
3430,4.206184043977636,11.461526901884229,1930-59,0.138,0,0,Queens,100,10.106326981787557
3432,4.454347296253507,11.602455334559975,1930-59,0.165,0,0,Queens,100,10.97233143755829
3434,4.478472532942134,11.003864949150904,1930-59,0.18100000000000002,0,0,Queens,100,15.805410441553256
3439,4.070734696582967,11.138101097868566,pre-1930,0.23199999999999998,0,0,Manhattan,100,5.091575624445382
3443,4.065602093356446,10.870091098283872,pre-1930,0.253,0,0,Manhattan,100,5.325218714340053
3445,4.320151230955794,11.300053974926623,1930-59,0.162,0,0,Manhattan,100,14.72298517803677
3446,4.097672352314776,10.938716208481797,pre-1930,0.2,0,1,Unknown,100,7.458048477315103
3448,4.275276264727001,11.173922027561483,pre-1930,0.187,0,0,Manhattan,100,9.965192005389627
3449,3.4242626545931514,11.431975679359194,pre-1930,0.376,0,0,Manhattan,100,4.662560721721027
3453,4.370712874773608,11.064354506326959,1930-59,0.19,0,0,Queens,100,10.64929370125599
3468,4.380775852772229,12.346273621950562,1980-99,0.258,0,0,Queens,100,8.95259038422258
3469,4.29592393562047,11.614371328365458,1960-79,0.174,0,0,Queens,100,7.318593745764703
3474,3.8649313978942956,11.95456819919698,1930-59,0.221,0,0,Queens,100,9.64468963388758
3475,4.368181227851829,11.302599417366633,1930-59,0.127,0,0,Brooklyn,100,8.14493039786751
3477,3.8958936234982624,11.950005512447644,1930-59,0.24,0,0,Queens,100,9.559611931429162
3478,4.122283930911342,11.34363069001631,1980-99,0.27899999999999997,0,0,Staten Is,100,11.844692393338544
3479,4.75960653929251,11.387713654165296,1960-79,0.12300000000000001,1,0,Manhattan,100,12.467273407305822
3480,3.9852734671677386,10.950806546816688,pre-1930,0.19,0,1,Bronx,100,8.947368421052632
3481,4.528289141652134,11.14207915125768,1930-59,0.12300000000000001,0,1,Staten Is,100,9.128450336883287
3483,4.563305981889393,10.9532246734221,1930-59,0.133,0,0,Queens,100,8.400714060695158
3484,4.404277243608702,10.901745293274272,1930-59,0.131,0,0,Queens,100,11.424149177276998
3485,4.471638793363569,11.37547784248964,1930-59,0.124,0,0,Bronx,100,8.375593749282912
3488,4.33729074083249,11.32042023009976,pre-1930,0.172,0,0,Bronx,100,7.273697099007141
3490,4.45318382899021,11.857762617923068,1930-59,0.13699999999999998,0,0,Brooklyn,100,11.050036833456112
3492,4.546481189639412,11.95928936464968,1960-79,0.129,0,1,Brooklyn,100,11.775095672652341
3493,3.1612467120315646,12.240860471015838,1960-79,0.713,0,0,Manhattan,100,13.279891829244736
3494,4.237000862623624,11.777379851302705,1930-59,0.21899999999999997,0,0,Manhattan,100,11.437607467452715
3495,4.324132656254979,11.971804949713029,1930-59,0.13,0,1,Brooklyn,100,9.16387537129495
3499,4.1956970564823886,12.003258543501381,1930-59,0.121,0,1,Brooklyn,100,8.083975356123611
3500,2.4336133554004498,12.038523438314064,1980-99,0.6759999999999999,0,0,Manhattan,100,7.271781349950043
3501,4.476199804691132,10.810333825582283,pre-1930,0.159,0,0,Queens,100,9.085402786190189
3502,4.562262684976814,11.313107738959514,1960-79,0.141,0,0,Brooklyn,100,12.089683470105511
3504,4.461299815568389,10.873319051338314,pre-1930,0.14800000000000002,0,0,Brooklyn,100,10.995260663507109
3505,4.382026634673881,11.097046318513192,1930-59,0.146,0,0,Queens,100,9.094216078574027
3506,4.542230386214217,11.266103786301441,pre-1930,0.149,0,0,Queens,100,9.215646119189023
3507,4.516338972281476,11.68843218676883,pre-1930,0.14300000000000002,0,0,Queens,100,10.06838108822419
3508,4.579852378003801,11.280993407622939,1960-79,0.21,0,0,Queens,100,8.448928121059268
3510,2.653241964607215,10.886239955109703,pre-1930,0.875,0,0,Manhattan,100,12.351223894004042
3511,3.960813169597578,11.40593028063594,1930-59,0.322,1,0,Manhattan,100,6.121108922350951
3512,4.4520190064939165,11.00551068432632,1930-59,0.17600000000000002,0,0,Manhattan,100,12.457437089942697
3514,4.389498649512583,10.834745711532069,pre-1930,0.17600000000000002,0,0,Manhattan,100,13.003901170351106
3516,4.351567427189173,10.978233970102256,pre-1930,0.149,0,0,Manhattan,100,12.801911752154988
3517,4.599152113662528,10.903714939282837,pre-1930,0.142,0,0,Manhattan,100,11.585567692816948
3518,4.406719247264253,10.778956289890028,1930-59,0.146,0,0,Queens,100,10.0
3519,4.418840607796598,11.338786340583832,1980-99,0.259,0,0,Bronx,100,11.069056630721988
3521,4.440295542797857,11.08827753744529,pre-1930,0.151,0,0,Bronx,100,7.6452599388379205
3523,4.467056883858457,11.159103590013903,1980-99,0.20800000000000002,0,0,Bronx,100,9.401709401709402
3524,4.251348311031766,10.982577174715374,1930-59,0.198,0,0,Queens,100,14.61590754588715
3528,4.204692619390966,11.097410021008562,pre-1930,0.254,0,0,Brooklyn,100,11.06060606060606
3530,4.414009680526933,11.256574086814853,1930-59,0.136,0,0,Queens,100,10.466874281210023
3532,4.330733340286331,11.518907536647776,1930-59,0.193,0,1,Brooklyn,100,10.039761431411533
3533,4.1728476237100445,11.214681141146768,2000-09,0.392,0,0,Manhattan,100,6.333207567509297
3534,4.135166556742356,11.94214616143279,1930-59,0.175,0,0,Queens,100,7.8772964597737065
3538,4.264087336809195,12.071969661006694,pre-1930,0.242,0,0,Manhattan,100,4.5168667810177245
3539,4.300002799195291,10.855820875757212,pre-1930,0.22399999999999998,0,0,Manhattan,100,6.75219446320054
3540,4.119037174812473,11.3943558700572,pre-1930,0.31,0,0,Manhattan,100,5.629426136299666
3544,4.382026634673881,11.208707423878348,1960-79,0.214,0,0,Queens,100,13.691202385793682
3545,4.593097604753822,10.968198289528557,1980-99,0.2,0,0,Unknown,100,13.275862068965518
3546,4.432006566978902,11.12041606802228,1980-99,0.299,0,0,Manhattan,100,14.658848614072495
3547,4.237000862623624,11.96686322652917,1980-99,0.436,0,0,Queens,100,7.748491584630041
3554,4.598145571051127,12.241536309805742,1960-79,0.15,0,0,Queens,100,8.01080976739697
3557,4.604169685654508,10.655728772403778,pre-1930,0.22,0,0,Bronx,100,9.897490279250619
3558,4.483002552013883,12.249055503702028,1930-59,0.289,0,1,Manhattan,100,8.956625028737834
3560,4.335982696172475,11.170632319684012,pre-1930,0.131,0,1,Bronx,100,7.604134396034585
3562,4.373238128640803,11.141861783579396,1930-59,0.12,0,0,Brooklyn,100,12.028985507246377
3563,4.4331949212482815,10.943764264191275,1930-59,0.11900000000000001,0,0,Brooklyn,100,12.014134275618375
3564,4.448516375942715,11.177452728682098,1930-59,0.10800000000000001,0,0,Brooklyn,100,12.027972027972028
3573,4.37197629882038,11.518489954442641,1930-59,0.162,0,0,Brooklyn,100,11.137850792577417
3575,4.165113633110308,13.392453108078225,1980-99,0.48700000000000004,1,0,Manhattan,100,8.167427687732523
3576,4.147885329150131,12.87323769492794,2000-09,0.405,0,0,Manhattan,100,8.877690568864965
3577,4.157319361383489,11.598580088652863,1980-99,0.287,0,0,Manhattan,100,5.782840568003452
3578,4.1956970564823886,11.210292178065234,1930-59,0.183,0,0,Bronx,100,7.985166538091951
3580,4.162003210695915,11.95530092709849,1930-59,0.257,0,0,Manhattan,100,10.79414032382421
3582,4.283586561860629,11.4164696291526,1930-59,0.18899999999999997,0,0,Bronx,100,8.259457078354716
3583,4.4331949212482815,11.19987088218331,pre-1930,0.152,0,0,Bronx,100,8.889375145307094
3585,4.535820107853298,11.151697313755115,1930-59,0.155,0,0,Queens,100,8.610545047501507
3587,4.4355674016019115,11.933719154453085,pre-1930,0.242,0,1,Manhattan,100,7.747001319616326
3589,4.259859000699674,11.146200185177994,1930-59,0.2,0,0,Bronx,100,7.936507936507937
3590,4.007333185232471,11.98665340037014,1960-79,0.215,0,0,Bronx,100,6.2267663779522655
3592,3.3945083935113587,12.276158253096861,1980-99,0.429,0,0,Brooklyn,100,7.644974827521909
3593,4.355425952876702,13.014332633190623,1960-79,0.162,0,0,Brooklyn,100,8.02139037433155
3594,4.286341384539473,11.37590226880356,pre-1930,0.20800000000000002,0,0,Manhattan,100,8.830781581512701
3595,4.050044303325521,11.475535075751669,pre-1930,0.18100000000000002,0,0,Manhattan,100,4.671441918405481
3596,4.039536325727106,10.990887213990135,1980-99,0.33,0,0,Manhattan,100,7.416021978392409
3597,4.465908118654584,10.973546033786176,pre-1930,0.17600000000000002,0,0,Bronx,100,11.318619128466327
3598,4.244200317766478,11.110520669325322,1930-59,0.15,0,0,Bronx,100,7.327541086569664
3599,3.597312260588446,11.480402273264668,1930-59,0.198,0,0,Queens,100,7.231404958677685
3602,4.321480134805848,11.719703834198159,1930-59,0.275,0,0,Manhattan,100,10.49027819567215
3605,4.310799125385514,11.012413142479302,1930-59,0.11800000000000001,0,0,Manhattan,100,11.38200653228201
3606,4.279440045898781,11.127748160558784,pre-1930,0.133,0,0,Manhattan,100,9.554186938691517
3607,5.177843213080163,11.25835574396865,1930-59,0.067,0,0,Manhattan,100,17.542728152208966
3608,4.251348311031766,10.971863976474273,pre-1930,0.133,0,0,Manhattan,100,11.165890780409875
3609,4.300002799195291,11.005842827483072,1930-59,0.149,0,0,Manhattan,100,9.9626400996264
3610,4.22829253473184,11.049539888026068,pre-1930,0.124,0,0,Manhattan,100,11.126122546292617
3611,4.415219602029645,11.944707881395766,1930-59,0.29600000000000004,0,0,Manhattan,100,8.701298701298702
3612,3.966511190712216,12.086021414462344,1930-59,0.207,0,0,Queens,100,11.50105708245243
3614,4.1956970564823886,11.815249814158879,1930-59,0.163,0,0,Queens,100,7.834441980783444
3617,4.5685062016165,12.784611121908386,1960-79,0.078,0,0,Queens,100,8.130400408202172
3619,3.822098297900159,12.926710958193725,1960-79,0.22,0,0,Queens,100,5.837299859661583
3620,4.155753190350744,12.897468293051313,1960-79,0.259,0,0,Queens,100,6.210869020786377
3621,4.191168746857641,11.07380015536943,1960-79,0.155,0,0,Bronx,100,10.238907849829351
3623,3.1135153092103742,11.524755216723806,1980-99,0.9490000000000001,0,0,Queens,100,10.1788714299832
3625,4.225372824628505,11.292154097801074,1930-59,0.154,0,0,Brooklyn,100,8.479860331712183
3627,4.694096395182493,12.946423017398269,1960-79,0.16,0,0,Bronx,100,8.44195796191103
3628,3.9357395320454622,11.187070663371383,1930-59,0.19699999999999998,0,0,Queens,100,7.341635383912122
3629,4.713127327493184,12.044165293686538,1960-79,0.133,0,1,Bronx,100,10.111461223721959
3632,4.3294166844015844,11.079354049239294,1930-59,0.141,0,0,Unknown,100,9.256545148798963
3634,4.674696248636701,12.638208895453152,1960-79,0.115,0,0,Queens,100,9.217517177362557
3636,4.593097604753822,12.83993680392628,1960-79,0.12,0,0,Queens,100,8.515130936717457
3637,4.663439094112067,12.633651433883449,1960-79,0.109,0,0,Queens,100,11.73754841738722
3638,4.525044141508807,12.62835881630194,1960-79,0.13,0,0,Queens,100,9.341536404131254
3639,4.60816569496789,12.762841527729503,1960-79,0.145,0,0,Queens,100,9.197575965960374
3645,4.2612704335380815,12.990076923807246,1960-79,0.174,0,0,Brooklyn,100,7.761759636567019
3648,4.220977213155467,12.092388697124708,1930-59,0.165,0,0,Queens,100,8.01084545230466
3649,4.6210435351443815,11.853247424746188,1930-59,0.105,0,0,Brooklyn,100,8.538494378824534
3654,4.249922794040544,11.388608630462848,1930-59,0.187,0,0,Queens,100,9.285471634016533
3656,2.970414465569701,12.956308793074246,1930-59,0.73,0,0,Queens,100,9.185360094451005
3657,4.333361462692601,11.358281330080711,1930-59,0.22699999999999998,0,0,Queens,100,9.454664301055187
3658,4.473921899378137,12.411133689293617,1930-59,0.177,0,0,Manhattan,100,8.349625285109157
3662,4.146304301152812,11.175156387814715,pre-1930,0.265,0,1,Manhattan,100,4.20545026354155
3663,4.087655574071304,12.360183324557411,1960-79,0.327,1,0,Manhattan,100,5.528792580274639
3664,4.248495242049359,12.027812828690891,1960-79,0.36200000000000004,1,0,Manhattan,100,2.9878394932624217
3665,4.02535169073515,11.648941268887672,1930-59,0.278,1,0,Manhattan,100,7.069913589945012
3674,4.2017030805426,11.691113490482577,2000-09,0.20800000000000002,0,0,Brooklyn,100,5.690138487929375
3676,4.289088639014612,11.723259321343335,pre-1930,0.305,0,1,Manhattan,100,11.101297312189548
3678,4.130354999745133,11.663601543928637,2000-09,0.239,0,0,Brooklyn,100,6.450946999019456
3679,4.136765278106052,11.663601543928637,2000-09,0.271,0,0,Brooklyn,100,4.128606079372451
3680,4.175924549214524,11.37634944215948,2000-09,0.225,0,0,Brooklyn,100,5.50244170850815
3681,4.198704577546343,11.37634944215948,2000-09,0.239,0,0,Brooklyn,100,5.50244170850815
3685,4.09933210373314,11.663506925563143,2000-09,0.218,0,0,Brooklyn,100,5.419308221004551
3691,4.320151230955794,11.170505576079114,1930-59,0.18100000000000002,0,0,Manhattan,100,10.140130976691783
3693,4.577798989191959,12.506106865134031,1980-99,0.268,0,0,Manhattan,100,11.519329137976376
3701,4.206184043977636,11.80395941360335,1930-59,0.21100000000000002,0,1,Manhattan,100,7.325404952870737
3703,4.400603020246817,11.772331512070272,1930-59,0.21100000000000002,0,0,Manhattan,100,9.18096531292433
3704,4.1956970564823886,11.927277632588252,pre-1930,0.24,0,0,Manhattan,100,3.2377642246876217
3710,4.279440045898781,11.170364731008458,1930-59,0.184,0,0,Manhattan,100,9.5781393055849
3711,4.147885329150131,11.393894150537971,1930-59,0.18,0,0,Manhattan,100,7.6595552952308
3713,4.826712455935327,11.235418120634911,pre-1930,0.37200000000000005,0,0,Manhattan,100,23.361093879921338
3714,4.079230924412053,12.152914455410304,pre-1930,0.602,0,0,Manhattan,100,21.93560634023391
3717,4.45898767581001,10.90137670441254,1930-59,0.154,0,0,Queens,100,9.585076772778383
3718,4.497584975308154,11.79036021247046,1960-79,0.182,0,1,Queens,100,11.820510100474335
3728,4.309455941839047,11.074653033885946,pre-1930,0.322,1,0,Manhattan,100,1.860032550569635
3729,4.583946549536464,10.748690362694553,pre-1930,0.29100000000000004,1,0,Manhattan,100,2.147351242242694
3733,4.092676505121403,10.883222456966818,1960-79,0.207,0,0,Brooklyn,100,10.13608634443923
3735,4.428433007488037,10.950490707471008,1930-59,0.128,0,0,Brooklyn,100,9.476676845319576
3737,3.9871304779149512,10.750385332901992,pre-1930,0.159,0,0,Brooklyn,100,9.217972903447093
3739,4.147885329150131,11.384296322373048,pre-1930,0.175,0,0,Bronx,100,7.960877971113385
3740,4.182050142641207,11.233211562167625,pre-1930,0.19399999999999998,0,0,Bronx,100,10.582010582010582
3744,3.901972669574645,11.028968945306259,1930-59,0.20199999999999999,0,0,Bronx,100,8.76139792971412
3752,4.478472532942134,11.517624407626693,1930-59,0.14800000000000002,0,0,Brooklyn,100,9.953120801027163
3756,4.117409835153096,11.7317235885742,1980-99,0.222,0,0,Manhattan,100,3.29428401549117
3757,4.1956970564823886,11.593592593037384,1960-79,0.141,0,0,Manhattan,100,5.350504146640714
3758,4.254193263163997,11.031966039560452,1960-79,0.1,0,0,Manhattan,100,5.176402077031333
3761,4.282206299391671,10.90718458340795,pre-1930,0.16399999999999998,0,0,Manhattan,100,8.796525372477872
3772,4.572646994282532,11.747823658981607,pre-1930,0.335,0,0,Manhattan,100,7.432122582583532
3773,4.330733340286331,12.216745487586477,pre-1930,0.276,0,0,Manhattan,100,15.088104637242388
3774,4.613138355637268,11.610777865137733,pre-1930,0.09,0,0,Manhattan,100,5.894087776568734
3776,4.429625613473161,10.839580911706463,pre-1930,0.146,0,0,Brooklyn,100,10.588235294117647
3779,4.185098925490565,11.045494523523427,1930-59,0.196,0,0,Bronx,100,9.575333939771149
3783,4.359269647551265,12.851766517930358,1960-79,0.209,0,1,Manhattan,100,10.85298142409991
3786,4.168214410788556,11.497740758645026,1930-59,0.28,0,0,Manhattan,100,7.817814463972059
3788,4.215086179918229,11.352193173777415,1980-99,0.168,0,0,Brooklyn,100,9.042653137918075
3789,2.9391619220655967,10.897738825879495,1980-99,0.997,0,0,Manhattan,100,3.5150035150035146
3790,4.259859000699674,12.297338293595402,1930-59,0.17,0,0,Brooklyn,100,7.71295045456205
3792,4.301358731606427,11.34359515530778,1930-59,0.121,0,1,Brooklyn,100,7.817774777015742
3797,4.35799005684564,11.238488619268468,2000-09,0.204,0,0,Bronx,100,11.18421052631579
3799,4.449685283147696,12.528645155548773,1960-79,0.573,0,0,Bronx,100,8.58275843337498
3801,2.9652730660692823,10.815127486194855,1930-59,0.743,0,0,Bronx,100,8.84102234367465
3802,4.405498990859024,10.312878278646764,pre-1930,0.153,0,0,Bronx,100,6.6405471810877215
3803,4.368181227851829,11.01402841206951,pre-1930,0.18100000000000002,0,0,Bronx,100,7.740447957839263
3804,4.092676505121403,11.003848311738354,pre-1930,0.221,0,0,Bronx,100,7.653273438149904
3805,4.592084946439436,10.878386757517054,pre-1930,0.152,0,0,Bronx,100,9.053528990154287
3806,4.294560608892605,11.554815688730413,2000-09,0.242,0,0,Bronx,100,9.302057960451869
3807,4.473921899378137,10.929672507268652,2000-09,0.239,0,0,Manhattan,100,9.496846330275229
3811,4.2456340097683265,11.449900464548778,2000-09,0.29100000000000004,0,0,Bronx,100,8.413922378903422
3813,4.333361462692601,10.922749949034161,1980-99,0.23399999999999999,0,0,Manhattan,100,11.908413474550276
3817,4.31748811353631,11.563903709734857,1980-99,0.33,0,0,Bronx,100,7.982514492065
3818,4.653960350157523,12.252722425472587,1980-99,0.23600000000000002,0,0,Manhattan,100,7.587651693382518
3819,4.484131857611035,11.52592066046504,1980-99,0.196,0,0,Manhattan,100,8.686382121846252
3833,3.768152635008444,11.331163751434788,1960-79,0.064,0,0,Queens,100,11.87335092348285
3835,4.373238128640803,11.906823936706928,1980-99,0.222,0,0,Manhattan,100,7.283763277693475
3838,4.395682961121367,11.520457031385575,2000-09,0.375,0,0,Manhattan,100,11.314462662273213
3839,4.730039168033961,11.641978092884843,1980-99,0.22399999999999998,0,0,Manhattan,100,12.832344539661614
3841,4.577798989191959,10.837618202538614,pre-1930,0.015,0,0,Queens,100,11.198428290766207
3844,4.513054897080286,11.264374358054788,1930-59,0.179,0,0,Brooklyn,100,11.53949713435821
3847,4.415219602029645,11.642645854940355,1930-59,0.13699999999999998,0,0,Brooklyn,100,9.83741908283634
3848,4.269697449699962,11.200581779447585,1930-59,0.2,0,0,Brooklyn,100,11.342981700900605
3851,4.009149716158869,11.205938241460442,2000-09,0.342,0,0,Brooklyn,100,6.116956202593589
3853,4.410371107683024,11.787719846748347,1980-99,0.215,0,0,Manhattan,100,8.357011532675916
3856,4.642465970731788,12.331823850835734,1960-79,0.187,0,0,Bronx,100,7.936507936507937
3861,4.037774210733707,11.138130192163176,2000-09,0.374,0,0,Brooklyn,100,8.582692055918422
3865,4.182050142641207,11.193628878749106,pre-1930,0.27,0,0,Bronx,100,10.734043431591116
3867,3.6938669956249757,11.446785662465684,1930-59,0.192,0,0,Bronx,100,3.8461538461538463
3869,4.117409835153096,11.014933799184323,pre-1930,0.179,0,0,Unknown,100,8.885232414644179
3870,3.8501476017100584,11.446785662465684,1930-59,0.168,0,0,Bronx,100,4.487179487179487
3874,4.4272389774954295,10.962318971192394,1930-59,0.14400000000000002,0,0,Bronx,100,10.405827263267431
3879,4.2456340097683265,11.274033556687879,pre-1930,0.168,0,0,Brooklyn,100,9.523809523809524
3881,4.316153890523174,11.094770176045547,pre-1930,0.155,0,0,Brooklyn,100,9.114939385653086
3884,4.084294226368599,11.402686401861295,pre-1930,0.174,0,0,Brooklyn,100,9.602286684084769
3890,4.3463994570307305,11.099952241371742,1930-59,0.177,0,0,Brooklyn,100,10.881392818280741
3892,2.7343675094195836,11.252080046472008,1930-59,0.8740000000000001,0,0,Queens,100,12.331256490134995
3895,4.177459468932607,11.827838389370264,1930-59,0.131,0,0,Queens,100,7.006583268863036
3900,4.443827035579329,11.72556605275796,1930-59,0.134,0,1,Queens,100,9.701359807266318
3902,4.548599834499697,10.974437406387494,1930-59,0.127,0,0,Queens,100,10.280485924301354
3909,4.4343818650078095,12.17217454212441,2000-09,0.371,0,0,Brooklyn,100,9.982724197502767
3913,4.390738575275903,12.90989514160314,1960-79,0.249,0,0,Manhattan,100,6.6783248782442435
3920,3.58351893845611,10.840364918018672,pre-1930,0.267,0,0,Bronx,100,10.9717868338558
3921,4.6839813664123815,10.937650205005172,pre-1930,0.13699999999999998,0,0,Bronx,100,9.95467069593814
3922,4.31748811353631,11.077717387662826,1930-59,0.159,0,0,Brooklyn,100,7.417365907931945
3923,4.185098925490565,10.949472323803551,1930-59,0.109,0,0,Brooklyn,100,8.256622865575153
3924,4.1059436980654525,11.942471616584688,pre-1930,0.168,0,1,Manhattan,100,5.011193835580778
3925,4.619073091157083,11.554345680520598,pre-1930,0.121,0,0,Queens,100,10.361799499179691
3926,4.051784947803305,11.348522408678619,1960-79,0.222,0,0,Queens,100,10.01885902876002
3928,4.29592393562047,11.6195711544383,1960-79,0.172,0,0,Queens,100,9.258094090998975
3929,4.247065649239764,11.617843882917262,1960-79,0.154,0,1,Queens,100,8.913939961462965
3930,4.055257173514054,11.84170389430147,1960-79,0.154,0,0,Queens,100,7.917827348175661
3931,4.471638793363569,11.025897744718698,1930-59,0.145,0,0,Queens,100,11.717796403287492
3932,4.300002799195291,11.75063442384374,1930-59,0.17300000000000001,0,0,Queens,100,10.486147247583455
3933,4.2017030805426,11.340546318205993,pre-1930,0.138,0,0,Queens,100,8.554523204144191
3951,3.7819143200811256,11.29295188398684,1930-59,0.34600000000000003,0,0,Bronx,100,13.208064395544147
3968,4.289088639014612,12.142424394651075,1930-59,0.18100000000000002,0,1,Brooklyn,100,9.80460070230781
3969,4.416428061391214,12.142424394651075,1930-59,0.17,0,1,Brooklyn,100,9.80460070230781
3971,4.189654742026425,12.142424394651075,1930-59,0.22399999999999998,0,1,Brooklyn,100,9.751314828925704
3975,4.100989104940769,11.964376809915091,1930-59,0.188,0,0,Manhattan,100,6.048682342304485
3976,4.188138441508461,11.144626075344043,1980-99,0.29,0,0,Manhattan,100,5.492043762917143
3977,4.254193263163997,12.073169626865946,1960-79,0.251,1,0,Manhattan,100,9.936611272914169
3982,4.973971309724664,12.570715759118084,1960-79,0.237,0,0,Manhattan,100,10.45138888888889
3988,4.897093252697127,10.887829379231441,pre-1930,0.14800000000000002,0,0,Manhattan,100,13.265820892733693
3993,4.4343818650078095,11.248595269325769,1930-59,0.142,0,0,Bronx,100,9.378419215338925
3994,4.328098292648326,11.974833916501604,pre-1930,0.132,0,0,Bronx,100,7.749984247999496
4009,5.071416766356115,10.985529982875073,pre-1930,0.209,0,0,Bronx,100,11.692140847934388
4011,4.42484663185681,10.95052580565819,pre-1930,0.32,0,0,Manhattan,100,3.334269268566615
4012,2.8735646395797834,11.141861783579396,pre-1930,0.738,0,0,Bronx,100,8.695652173913043
4016,4.421247347827163,11.368211782943137,1930-59,0.14300000000000002,0,0,Bronx,100,9.014527257387867
4017,3.975936331171799,11.314279385256405,1930-59,0.183,0,0,Bronx,100,9.514051522248243
4018,4.505349850705881,11.314425744568778,1930-59,0.11900000000000001,0,0,Bronx,100,9.512659154105078
4020,4.56746831880408,12.480893617446013,pre-1930,0.364,0,0,Manhattan,100,3.7605551946941986
4021,4.749270529961848,11.561248853550216,1960-79,0.243,0,0,Unknown,100,10.671646768491962
4025,4.235554730773624,10.796366351399625,pre-1930,0.34700000000000003,0,1,Manhattan,100,10.646356693896772
4026,4.442651256490317,11.458891576477743,1930-59,0.107,0,0,Brooklyn,100,12.032932235592147
4028,4.308110951723713,10.927376295008301,pre-1930,0.223,0,0,Bronx,100,12.033045977011495
4042,4.089332020398556,11.649604398885447,1930-59,0.19,0,1,Queens,100,9.769202588838686
4055,4.345103280569283,11.530107013178988,1930-59,0.156,0,1,Queens,100,10.616024298900061
4056,4.611152257665639,11.37930263959443,1980-99,0.18,0,0,Staten Is,100,13.94413203492891
4057,4.248495242049359,11.39107416513789,1960-79,0.147,0,0,Brooklyn,100,9.262606181095247
4058,4.278054044290903,11.112328488258925,1930-59,0.135,0,0,Brooklyn,100,10.747551946501074
4059,4.462453883786496,11.383522680758052,1930-59,0.19,0,0,Brooklyn,100,6.601261068493774
4060,4.396915247167632,11.221636896924336,1930-59,0.142,0,0,Manhattan,100,7.493643784290111
4061,4.411585436915426,11.253636467019666,1960-79,0.174,0,0,Brooklyn,100,11.664074650077762
4062,2.970414465569701,10.992049505350737,1930-59,0.752,0,0,Brooklyn,100,11.784511784511784
4064,4.454347296253507,10.848948661710063,1960-79,0.165,0,1,Queens,100,12.626262626262628
4065,4.709530201312334,11.69458013277648,1960-79,0.244,0,0,Brooklyn,100,9.673115410273516
4067,3.9889840465642745,10.779976602527347,pre-1930,0.203,0,0,Manhattan,100,7.492351557784762
4068,3.835141961092188,11.386227811924272,1960-79,0.435,0,1,Bronx,100,10.896708286038592
4071,4.264087336809195,11.764018757691357,1960-79,0.341,0,0,Manhattan,100,8.090677827653003
4073,4.822697998516666,11.999042326015434,1960-79,0.24600000000000002,1,0,Manhattan,100,10.762673817182147
4074,4.131961425793407,11.977162499321627,1960-79,0.75,0,0,Manhattan,100,9.994971083731455
4076,4.948050418904635,12.511275331699943,1960-79,0.171,0,0,Brooklyn,100,11.017761073034121
4077,5.649326288860142,11.50891744357269,1960-79,0.187,0,0,Bronx,100,23.3644578313253
4083,4.4355674016019115,13.092234012422816,1930-59,0.298,0,0,Staten Is,100,10.429549014758019
4084,4.974662633637438,12.977337605354071,1930-59,0.158,0,0,Queens,100,9.22543352601156
4090,4.801558999993482,11.764881909336918,1960-79,0.213,0,0,Manhattan,100,8.39460879568455
4092,4.937347498326424,13.695902357707858,1930-59,0.17600000000000002,0,0,Brooklyn,100,10.075873355062958
4097,4.115779842942166,11.189685297117734,1960-79,0.391,0,0,Bronx,100,9.947499309201438
4101,4.215086179918229,12.65107892825887,1960-79,0.17300000000000001,0,0,Queens,100,5.414931111823133
4102,4.952299717083292,13.967415861677427,1930-59,0.183,0,0,Manhattan,100,10.686826167260856
4105,4.8721392168423305,12.896305583808093,1960-79,0.195,0,0,Manhattan,100,10.656008986149697
4113,4.727387818712341,11.121363262031055,1960-79,0.198,0,0,Bronx,100,14.053254437869823
4114,4.73356340075649,13.248114582709889,1930-59,0.19,0,0,Brooklyn,100,9.401587301587302
4116,4.632785353021065,13.015023125583662,1960-79,0.249,0,0,Brooklyn,100,8.349847476119436
4117,5.400873954873129,11.32996370328885,1960-79,0.11599999999999999,0,0,Brooklyn,100,14.889529298751201
4118,4.684905154006945,11.958892516387722,1960-79,0.159,0,0,Queens,100,13.700384122919335
4119,4.971894465779825,13.361537745791066,1930-59,0.168,0,1,Brooklyn,100,11.021886317115413
4120,5.155024196721561,11.62714660906025,1960-79,0.133,0,0,Manhattan,100,15.254237288135593
4123,4.497584975308154,12.416025581936442,1960-79,0.249,1,0,Manhattan,100,8.876315234837309
4124,4.635699391022914,11.918923764240052,1960-79,0.249,0,0,Manhattan,100,8.995202558635395
4128,4.776599301615622,10.620107089281216,1980-99,0.15,0,0,Manhattan,100,10.256410256410257
4132,4.784988612563928,12.168370778346162,1960-79,0.22699999999999998,0,0,Bronx,100,11.318795430944963
4136,3.2268439945173775,14.51045761776933,1930-59,0.85,0,0,Bronx,100,10.156702700085795
4141,5.03500265054455,14.073750946315913,1930-59,0.163,0,0,Bronx,100,10.412080485073187
4142,4.565389315976247,12.864757772535016,1960-79,0.248,0,0,Bronx,100,8.849786518307672
4145,4.809742351716865,11.585246126549855,1960-79,0.17300000000000001,0,0,Bronx,100,12.186046511627907
4148,4.715816706075155,13.137173169057808,1960-79,0.233,1,0,Manhattan,100,9.301225712371417
4150,4.888090941338162,14.473667145782665,1930-59,0.174,0,0,Manhattan,100,10.040238625248481
4151,4.919250732294404,13.44154411691548,1930-59,0.141,0,0,Brooklyn,100,9.215116279069766
4153,3.5234150143864045,12.730801174465157,1960-79,0.413,0,0,Brooklyn,100,11.242603550295858
4156,4.544358046591334,10.515966830028619,1980-99,0.18100000000000002,0,0,Bronx,100,9.214092140921409
4158,4.881285622068407,11.844535902174535,1960-79,0.17300000000000001,0,0,Manhattan,100,10.694726566705667
4159,5.020585624949423,13.362592141696348,1930-59,0.16899999999999998,0,0,Bronx,100,11.010271009956432
4161,5.097424424168647,12.86747112777554,1960-79,0.16899999999999998,0,0,Manhattan,100,13.850580645161292
4162,4.929425238670713,13.52582648284182,1930-59,0.18,0,0,Brooklyn,100,10.875083500334002
4165,4.9621450849358215,13.135871727429121,1960-79,0.17300000000000001,0,0,Brooklyn,100,10.043409629044987
4168,4.360547602996758,11.807086503519718,1980-99,0.21600000000000003,0,0,Queens,100,10.804769001490314
4169,5.342334251964811,13.22401703113083,1960-79,0.20600000000000002,0,0,Manhattan,100,11.454381210478772
4173,4.946629964120343,14.07119874075421,1930-59,0.16899999999999998,0,0,Manhattan,100,10.671003213691097
4178,4.758749273916392,13.81049801614073,1960-79,0.145,0,0,Brooklyn,100,8.844221105527637
4180,4.782479200958502,11.02679245379461,1960-79,0.256,0,0,Queens,100,13.495934959349594
4192,4.911183215124596,14.182615915517804,1960-79,0.16399999999999998,0,0,Manhattan,100,8.811610266357244
4197,3.3357695763397,13.371169997093599,1960-79,0.8640000000000001,0,0,Bronx,100,9.606282758437855
4198,5.1089711948171175,13.798466123355016,1930-59,0.149,0,1,Bronx,100,10.385515206998269
4199,4.6434288981051814,11.883633483120388,1960-79,0.17600000000000002,0,0,Manhattan,100,32.37251166514813
4200,4.92870191133357,12.5762628455472,1960-79,0.129,0,1,Manhattan,100,9.357670181835761
4201,4.920710586568268,11.923709734555993,1960-79,0.11800000000000001,0,1,Bronx,100,11.737400530503978
4207,4.964242254526545,13.013173316165965,1960-79,0.19,0,1,Bronx,100,10.32836619969662
4210,3.624340932976365,11.061939841560255,1960-79,0.42,0,0,Manhattan,100,15.2276295133438
4214,4.545420181582317,12.334993425597013,1980-99,0.159,0,0,Staten Is,100,12.130801687763714
4228,4.942356453342962,14.37781016979173,1960-79,0.18899999999999997,0,0,Manhattan,100,9.198137804517346
4229,4.867534450455582,14.618408602483338,1930-59,0.139,0,1,Queens,100,9.269713261648747
4250,4.579852378003801,11.600936342292941,1960-79,0.226,1,0,Manhattan,100,13.736263736263737
4251,4.2710950739666,12.303199356260896,1960-79,0.32,0,0,Manhattan,100,8.52994555353902
4257,5.048573133436648,13.777247785838941,1930-59,0.165,0,0,Bronx,100,10.456850154811628
4261,5.460436216024472,11.648330101976432,1960-79,0.11199999999999999,0,0,Brooklyn,100,10.91703056768559
4262,5.090062427727577,13.524757106988007,1930-59,0.145,0,0,Bronx,100,10.472114484418883
4266,4.613138355637268,11.828465865550406,1960-79,0.121,0,0,Queens,100,11.159737417943107
4270,4.9279780604152466,13.007334046819564,1930-59,0.185,0,0,Staten Is,100,9.446451410236273
4274,4.657762636107262,13.50959662391769,1960-79,0.273,0,0,Staten Is,100,9.410007468259895
4279,4.719391330078114,11.703545824578878,1980-99,0.17,0,0,Brooklyn,100,12.396694214876034
4280,4.950177325059141,13.85952744338105,1930-59,0.192,0,1,Brooklyn,100,10.507177033492823
4287,3.349904087274605,11.218554404367652,1960-79,1.0,0,0,Bronx,100,12.080536912751677
4288,4.583946549536464,11.151711664560553,1980-99,0.23199999999999998,1,0,Manhattan,100,12.485111146190606
4292,4.801558999993482,13.103241718196742,1930-59,0.174,0,0,Staten Is,100,10.233828715878744
4294,4.330733340286331,12.174581978438804,1980-99,0.209,0,0,Bronx,100,11.30030959752322
4295,4.666265285347902,12.798017320580957,1960-79,0.2,0,0,Bronx,100,8.603042876901798
4296,4.892602227184663,12.45510224335058,1960-79,0.218,0,0,Manhattan,100,9.744461248226509
4301,4.350277936359301,11.80634106926977,1980-99,0.222,0,0,Manhattan,100,11.185682326621924
4303,4.377014092850337,12.567934116156206,1980-99,0.237,0,0,Brooklyn,100,10.027855153203344
4304,4.829113417472866,12.375815420117268,1960-79,0.18600000000000003,0,0,Brooklyn,100,9.873417721518987
4307,4.919980925828125,14.499319270444841,1930-59,0.19699999999999998,0,0,Manhattan,100,10.866706032572763
4311,5.187944309066666,13.276285459676586,1960-79,0.152,0,0,Bronx,100,10.378772290809328
4317,4.921439715291784,11.044312867790632,1960-79,0.205,1,0,Manhattan,100,11.024653682074552
4318,4.6839813664123815,11.958508319674282,1960-79,0.237,1,0,Manhattan,100,10.759574740617396
4320,4.457829598089382,11.608235644774552,1960-79,0.265,0,0,Bronx,100,13.454545454545455
4321,5.1101789244325175,11.895804074405596,1960-79,0.17,0,0,Manhattan,100,16.823048073644735
4322,4.914858338702487,13.040502350924008,1960-79,0.187,0,0,Manhattan,100,8.639027566746256
4325,4.799914262780603,13.174048395058302,1960-79,0.18600000000000003,0,0,Brooklyn,100,10.028071001781502
4326,4.388257184424518,11.109982174405573,pre-1930,0.113,0,0,Queens,100,10.922420887259669
4327,4.9670316566141235,10.255235378138305,1960-79,0.261,0,0,Manhattan,100,17.938166086314233
4331,4.56954300834494,10.82774645405946,1930-59,0.10099999999999999,0,1,Brooklyn,100,9.523809523809524
4332,4.605170185988092,10.929529148369403,1930-59,0.11599999999999999,0,0,Brooklyn,100,10.573476702508962
4333,4.462453883786496,11.081680903874577,1930-59,0.121,0,0,Brooklyn,100,8.927197167923657
4334,4.355425952876702,11.158961129724467,1930-59,0.037000000000000005,0,0,Brooklyn,100,9.83046017951275
4335,4.239886867512759,11.62616486057674,1930-59,0.16,0,0,Brooklyn,100,10.000892936869363
4336,4.312140507209715,11.184421397998193,1930-59,0.16699999999999998,0,0,Brooklyn,100,11.527777777777777
4339,4.324132656254979,10.900620672254384,1960-79,0.18899999999999997,0,0,Brooklyn,100,12.728278915329275
4340,4.334672938290411,10.86936812875028,1960-79,0.16699999999999998,0,0,Brooklyn,100,13.132351261847665
4341,4.338597076746545,10.894848650457261,1930-59,0.142,0,0,Brooklyn,85,8.720175145645479
4343,4.400603020246817,11.588960151246226,1930-59,0.128,0,0,Brooklyn,100,10.194624652455978
4347,4.373238128640803,10.896739325546411,1930-59,0.133,0,0,Brooklyn,100,8.703703703703704
4351,2.91235066461494,10.986376880739002,1930-59,0.715,0,0,Bronx,100,8.296085602058783
4352,4.363098624788363,10.82774645405946,1930-59,0.126,0,0,Brooklyn,100,11.904761904761905
4353,4.2017030805426,11.033598508263609,1930-59,0.157,0,0,Brooklyn,100,8.397932816537468
4355,2.833213344056216,11.29130575202436,1960-79,0.774,0,0,Bronx,100,7.863008911410099
4356,4.235554730773624,11.118726653135957,1930-59,0.16399999999999998,0,0,Manhattan,100,12.013882708908072
4359,4.4953553199808844,11.33857207782545,pre-1930,0.19,0,0,Brooklyn,100,12.023809523809524
4360,4.380775852772229,11.132733288839441,1930-59,0.156,0,1,Brooklyn,100,8.62913723253331
4364,4.280824129164719,11.154277146636973,1930-59,0.18600000000000003,0,0,Brooklyn,100,8.588359909535942
4372,3.883623530906448,11.581191405640316,1960-79,0.26,0,0,Manhattan,100,11.02134217531406
4373,3.9473901492654373,11.219037509130262,pre-1930,0.33399999999999996,0,1,Manhattan,100,1.0733068584308254
4389,3.7376696182833684,11.389265192140968,pre-1930,0.192,0,0,Manhattan,100,5.2055042549339126
4394,4.222444564849416,11.309131006748558,1960-79,0.198,0,1,Queens,100,8.214509029829703
4398,4.056988775678332,11.153174365942744,pre-1930,0.03,0,1,Bronx,100,11.893673425521245
4401,4.500920164614292,10.863795169827057,2000-09,0.19699999999999998,0,0,Manhattan,100,9.186602870813397
4405,4.2017030805426,10.889528202598388,pre-1930,0.162,0,0,Manhattan,100,7.461016190405132
4408,4.665324108807838,11.054644851868005,1960-79,0.145,0,0,Bronx,100,11.54387463035881
4410,4.858260813670253,11.199419473575627,1930-59,0.255,0,1,Queens,100,9.167031523642732
4411,3.9180050771056933,11.087543323021706,pre-1930,0.191,0,1,Manhattan,100,9.946137838168687
4417,4.443827035579329,10.992049505350737,1960-79,0.182,0,0,Queens,100,11.784511784511784
4419,4.251348311031766,11.429250334697135,pre-1930,0.151,0,0,Bronx,100,6.632381242321116
4420,4.389498649512583,11.232245487201833,1930-59,0.126,0,1,Queens,100,8.870999774914932
4421,4.72384171570559,10.839580911706463,1930-59,0.11,0,1,Bronx,100,9.803921568627452
4429,4.417635062141249,11.384535120197711,pre-1930,0.14800000000000002,0,0,Brooklyn,100,7.276779115643937
4430,3.742420221041966,11.289781913656018,pre-1930,0.314,0,1,Brooklyn,100,6.125
4431,2.72785282839839,11.279731577802517,pre-1930,0.6729999999999999,0,0,Bronx,100,7.3232323232323235
4432,4.216562194946349,11.237171963383721,pre-1930,0.152,0,0,Bronx,100,7.378129117259552
4433,4.6491870714048655,11.186502564202017,1930-59,0.147,0,0,Bronx,100,9.563409563409564
4434,4.646312129319266,11.193628878749106,pre-1930,0.136,0,0,Bronx,100,10.321195607299149
4435,4.48863636973214,11.053838036608653,pre-1930,0.23600000000000002,0,0,Bronx,100,9.33751147406071
4440,4.275276264727001,12.45712704000522,1960-79,0.18,0,0,Brooklyn,100,8.713376589024257
4443,4.1588830833596715,12.754402124877172,1960-79,0.203,0,0,Brooklyn,100,7.859636145079637
4444,4.484131857611035,11.89941160648059,1960-79,0.125,0,0,Brooklyn,100,8.968609865470851
4448,4.163559631243574,10.868549400779258,1930-59,0.195,0,0,Queens,100,11.428789119792759
4449,4.604169685654508,11.002099841204238,pre-1930,0.424,0,0,Manhattan,100,6.666666666666666
4455,4.550714000192032,11.021902468500418,pre-1930,0.188,0,0,Bronx,100,9.967320261437909
4463,3.6888794541139363,11.532728092266408,2000-09,0.15,0,0,Brooklyn,100,11.27450980392157
4465,2.9856819377004897,11.130199843831553,pre-1930,0.759,0,0,Bronx,100,12.023460410557185
4467,4.418840607796598,11.702603231717443,1930-59,0.16399999999999998,0,0,Unknown,100,9.92670780735569
4471,4.036008985209137,11.475223597786217,pre-1930,0.231,0,0,Bronx,100,7.995846313603323
4472,3.6712245188752153,11.141861783579396,pre-1930,0.501,0,1,Manhattan,100,2.028985507246377
4476,3.9473901492654373,11.743354413214822,1960-79,0.285,0,0,Manhattan,100,9.29205648299633
4493,4.475061500641071,11.37772410730138,1930-59,0.141,0,0,Bronx,100,8.471277789225452
4499,4.343805421853684,11.002366472321668,1930-59,0.162,0,0,Bronx,100,7.498000533191148
4501,4.443827035579329,11.332038878114268,pre-1930,0.162,0,0,Bronx,100,9.226750386445065
4506,3.8199077165203406,11.121733016148783,pre-1930,0.157,0,0,Brooklyn,100,10.351201478743068
4507,4.314817884980432,11.070225670251839,1980-99,0.24,0,0,Manhattan,100,7.473143390938813
4510,4.3267781604434035,11.331703303619575,1930-59,0.14800000000000002,0,1,Manhattan,100,8.630506442912797
4511,4.520701029361642,11.109158913497646,1930-59,0.17300000000000001,0,0,Bronx,100,11.979634621144056
4513,4.359269647551265,10.87804719253426,1930-59,0.153,0,1,Unknown,100,11.132075471698114
4519,4.481871969643598,10.895405102533275,1930-59,0.09699999999999999,0,0,Brooklyn,100,8.900756564307965
4520,4.382026634673881,11.203992517016918,1930-59,0.113,0,1,Brooklyn,100,8.852811789221361
4527,4.689511334421843,10.933106969717286,pre-1930,0.18899999999999997,0,0,Bronx,100,11.785714285714286
4534,4.2017030805426,11.750705380217427,2000-09,0.245,0,0,Queens,100,4.572581853157053
4542,4.3294166844015844,11.815988639460311,1960-79,0.183,0,0,Queens,100,9.084194977843426
4550,3.0633909220278057,11.153489570255058,pre-1930,0.478,0,1,Manhattan,100,8.881630782013264
4552,4.422448549172797,12.32379790173958,1960-79,0.122,0,0,Queens,100,8.622720423846712
4554,4.215086179918229,11.127262984158243,pre-1930,0.195,0,0,Manhattan,100,10.735294117647058
4558,2.5649493574615367,11.407120406073252,1930-59,0.73,0,0,Bronx,100,6.780791462872387
4559,2.6026896854443837,11.708714263340772,1930-59,0.738,0,0,Bronx,100,7.2352355973591385
4560,4.480740107609915,11.06663836234181,pre-1930,0.146,0,1,Manhattan,100,7.5
4561,4.30406509320417,11.134589024250317,pre-1930,0.315,0,1,Manhattan,100,10.948905109489052
4564,4.370712874773608,13.06656309970336,1960-79,0.20600000000000002,0,0,Queens,100,9.347296474250523
4575,4.175924549214524,11.082557847244853,1930-59,0.23800000000000002,0,1,Manhattan,100,17.37739708121242
4576,4.072439726834051,11.719939634354555,pre-1930,0.21,0,0,Manhattan,100,7.073170731707317
4579,4.289088639014612,11.110505715048024,pre-1930,0.23199999999999998,0,0,Bronx,100,7.776282338866458
4580,4.231203744939298,11.224843312497107,1930-59,0.188,0,0,Bronx,100,7.469654528478057
4586,2.9014215940827497,11.268571045253626,1930-59,0.833,0,0,Queens,100,12.257249013674492
4587,2.8678989020441064,11.261755311995426,1930-59,0.773,0,0,Queens,100,12.341076501819023
4592,4.439115601658009,13.05697329379033,2000-09,0.27899999999999997,0,0,Brooklyn,100,10.462238790992227
4595,4.037774210733707,12.052408513985768,pre-1930,0.48100000000000004,0,0,Brooklyn,100,7.812864405989085
4597,3.901972669574645,11.041016020812398,pre-1930,0.182,0,0,Manhattan,100,6.732819287924207
4598,4.26549281841793,11.512925464970229,1960-79,0.221,0,1,Queens,100,11.0
4599,4.584967478670572,10.920528187510426,1960-79,0.16399999999999998,0,0,Bronx,100,10.488245931283906
4602,4.484131857611035,11.597726066662693,1930-59,0.131,0,1,Bronx,100,8.819476343592099
4603,4.119037174812473,12.05355646251825,2000-09,0.461,0,0,Manhattan,100,5.53261622861935
4605,4.14946386144318,10.933106969717286,1930-59,0.222,0,0,Queens,100,10.714285714285715
4608,4.395682961121367,11.456355113481834,1960-79,0.17300000000000001,0,0,Queens,100,10.793650793650793
4611,4.470495282661489,11.327342595873901,2000-09,0.276,0,0,Manhattan,100,10.835279670607498
4615,4.3067641501733345,11.211820372186306,pre-1930,0.159,0,0,Bronx,100,9.72972972972973
4616,4.041295341132285,12.399569030698864,2000-09,0.321,0,0,Unknown,100,5.2328623757195185
4617,5.768320995793772,10.946939430026962,pre-1930,0.033,0,0,Manhattan,100,8.277562522014794
4622,4.497584975308154,11.563437954609073,1930-59,0.09,0,0,Brooklyn,100,11.408904650079387
4625,4.533674184283021,11.079060882340366,1980-99,0.24,0,0,Brooklyn,100,13.425925925925926
4628,4.210645017918261,11.156250521031495,pre-1930,0.185,0,0,Bronx,100,9.0
4630,4.301358731606427,11.05089000537367,pre-1930,0.14300000000000002,0,0,Bronx,100,8.412698412698413
4631,3.8732821771117156,10.933106969717286,pre-1930,0.237,0,0,Bronx,100,9.464285714285715
4632,4.439115601658009,11.025262829230666,pre-1930,0.28800000000000003,0,1,Manhattan,100,8.631078396247924
4638,4.2017030805426,11.332122754145544,pre-1930,0.22699999999999998,0,1,Manhattan,100,2.7558111670261205
4639,4.122283930911342,10.979342854081622,1930-59,0.19,0,0,Queens,100,11.082693947144074
4640,4.508659285607248,11.221623515328044,pre-1930,0.14400000000000002,0,0,Bronx,100,9.367180077346143
4642,4.446174454497633,11.442288385370787,1930-59,0.165,0,0,Bronx,100,9.01481004507405
4644,4.625952725170619,11.26952818462875,1930-59,0.134,0,0,Brooklyn,100,9.439257104954335
4645,4.465908118654584,11.472103470449973,1930-59,0.179,0,0,Brooklyn,100,11.25
4646,4.5217885770490405,11.049571676442373,pre-1930,0.16899999999999998,0,0,Bronx,100,9.695312872514583
4656,4.1666652238017265,11.292902040992262,1930-59,0.17600000000000002,0,1,Bronx,100,7.601246105919003
4666,4.110873864173311,11.952289458083852,1930-59,0.17800000000000002,0,1,Brooklyn,100,6.702240094862475
4667,4.3489867805956814,11.129789202345128,1930-59,0.214,0,0,Unknown,100,10.854896438420466
4672,4.389498649512583,11.50953973986602,1960-79,0.14,0,0,Brooklyn,100,8.930184021994341
4673,4.525044141508807,11.018465195290503,pre-1930,0.10300000000000001,0,0,Brooklyn,100,8.689949171995409
4674,4.411585436915426,11.469067616906344,1960-79,0.159,0,0,Brooklyn,100,11.702138774827864
4677,4.469350462845557,11.105408252735932,1930-59,0.14800000000000002,0,1,Brooklyn,100,9.770028558545016
4678,4.231203744939298,11.083495479408231,1930-59,0.185,0,0,Brooklyn,100,10.754670599803344
4679,4.248495242049359,11.137941064115651,1930-59,0.18,0,0,Brooklyn,100,9.60279353993889
4680,4.443827035579329,11.02841714952161,pre-1930,0.145,0,1,Brooklyn,100,11.525974025974026
4681,4.360547602996758,11.028547011219086,1930-59,0.19,0,0,Brooklyn,100,11.362160758343071
4684,4.135166556742356,11.03398603006656,pre-1930,0.517,0,0,Manhattan,100,5.973137026992122
4685,4.293195420967266,11.33857207782545,1930-59,0.165,0,1,Unknown,100,9.285714285714286
4686,4.180522258463153,11.153618488843147,pre-1930,0.18899999999999997,0,0,Brooklyn,100,9.453420419388106
4687,4.293195420967266,11.829821620060404,pre-1930,0.17,0,1,Unknown,100,9.396442463179056
4692,4.383275854074314,10.905148315127787,1930-59,0.198,0,0,Brooklyn,100,9.91626267078008
4694,4.404277243608702,11.759394841587936,pre-1930,0.16899999999999998,0,0,Brooklyn,100,9.691285658460336
4696,4.364371699435161,11.574885665093,pre-1930,0.171,0,0,Brooklyn,100,10.057147153921349
4697,4.387014176184921,11.387860983815653,pre-1930,0.159,0,1,Brooklyn,100,10.652282308145596
4700,4.302712827954156,11.123786359460837,1930-59,0.163,0,1,Brooklyn,100,8.854258898530192
4702,4.609162207257629,11.11632098529426,1930-59,0.15,0,0,Unknown,100,14.272970561998216
4704,4.229749199228304,11.03488966402723,pre-1930,0.163,0,1,Manhattan,100,7.903225806451613
4707,4.429625613473161,10.821776287072955,1930-59,0.14,0,0,Brooklyn,100,11.776447105788423
4708,4.483002552013883,11.066482100133506,1930-59,0.151,0,0,Brooklyn,100,9.376465072667605
4714,4.333361462692601,11.421686984535958,2010+,0.225,0,0,Staten Is,100,11.503067484662578
4717,4.147885329150131,12.095280739875141,1960-79,0.16699999999999998,0,0,Queens,100,8.825583019131406
4719,4.602165676967792,10.829312687193204,1930-59,0.154,0,0,Brooklyn,100,12.084233047405851
4721,4.3067641501733345,11.24726577655294,1930-59,0.165,0,0,Brooklyn,100,8.477892265553672
4723,4.377014092850337,11.410272391990642,1960-79,0.18100000000000002,0,0,Bronx,100,10.194583573423163
4724,4.426043520090656,11.63885302156802,1930-59,0.083,0,0,Brooklyn,100,9.345794392523365
4725,4.4796069630127455,11.002766285747398,1930-59,0.11,0,0,Brooklyn,100,11.825449700199867
4726,4.6443908991413725,11.038913814326953,pre-1930,0.091,0,0,Brooklyn,100,9.477911646586346
4727,4.350277936359301,11.81440688693344,1930-59,0.146,0,0,Brooklyn,100,7.10132706049443
4728,4.765586907393996,11.0955294659941,pre-1930,0.11599999999999999,0,0,Brooklyn,100,12.295828526322182
4729,4.71760561531788,11.029844701512797,1960-79,0.129,0,0,Brooklyn,100,10.699001426533524
4730,4.729156165769083,11.231914424952485,pre-1930,0.114,0,0,Brooklyn,100,10.860639453259516
4731,4.350277936359301,11.819601013914543,1930-59,0.129,0,0,Manhattan,100,7.358893222459343
4733,4.109233174715851,12.230174839955598,1930-59,0.188,0,0,Brooklyn,100,7.3213945792394535
4734,5.023222409601727,11.094451102268424,1960-79,0.359,0,0,Brooklyn,100,9.72570473368285
4735,4.104294893075269,11.907006014211754,1930-59,0.163,0,0,Brooklyn,100,6.945287319119095
4736,4.855928904335275,10.923579585124024,pre-1930,0.106,0,0,Brooklyn,100,10.63657177883142
4737,2.89591193827178,11.459503590974155,1930-59,0.621,0,1,Bronx,100,7.067659655266989
4738,4.6709579265260945,11.387520959557314,pre-1930,0.156,0,1,Bronx,100,8.2753304464144
4741,4.533674184283021,11.108979202831334,pre-1930,0.152,0,0,Bronx,100,8.387251377905583
4742,4.552823705615882,11.069758489678053,1930-59,0.20800000000000002,0,0,Bronx,100,10.43613707165109
4743,4.37449836825309,10.941925118168168,1930-59,0.16899999999999998,0,0,Bronx,100,8.496176720475786
4744,4.7318028369214575,11.18603121266209,pre-1930,0.13699999999999998,0,1,Bronx,100,10.954573187642131
4745,4.72384171570559,11.055940721071757,1930-59,0.131,0,1,Bronx,100,8.212384908163425
4746,4.533674184283021,11.156250521031495,pre-1930,0.136,0,1,Bronx,100,8.571428571428571
4747,4.415219602029645,11.251560700835821,pre-1930,0.11900000000000001,0,1,Bronx,100,7.792207792207792
4749,3.1179499062782403,12.309580946897686,pre-1930,0.708,0,0,Bronx,100,8.205183692422828
4751,3.1570004211501135,10.845446031158861,1960-79,0.747,0,0,Queens,100,15.594541910331383
4752,4.239886867512759,11.484217300833485,1930-59,0.157,0,0,Queens,100,9.982504888340024
4753,4.138361447638875,11.62528046211101,pre-1930,0.175,0,0,Bronx,100,8.222287762197139
4756,4.366912996863833,10.911445472936107,pre-1930,0.122,0,0,Brooklyn,100,9.124087591240876
4758,4.22683374526818,12.125437262259148,pre-1930,0.452,0,0,Manhattan,100,3.5229206638266506
4762,4.122283930911342,10.95406439216568,2000-09,0.534,0,0,Manhattan,100,9.967474556709686
4764,4.007333185232471,11.441193130292387,1960-79,0.155,0,0,Brooklyn,100,9.454436064376115
4765,4.259859000699674,10.858998997563564,1930-59,0.12300000000000001,0,0,Brooklyn,100,9.23076923076923
4767,4.437934266612178,11.451337254050895,pre-1930,0.156,0,0,Queens,100,11.27335765258915
4771,4.552823705615882,12.102166627133728,1930-59,0.154,0,0,Unknown,100,8.986919040063906
4772,4.667205576907544,10.976782033219948,1960-79,0.156,0,0,Queens,100,13.333333333333332
4774,2.766319109226186,10.844392845174202,pre-1930,0.812,0,0,Manhattan,100,8.195761620419155
4780,3.6888794541139363,12.578187773956785,1930-59,0.366,0,0,Brooklyn,100,8.271298593879239
4781,4.050044303325521,11.181291504989264,pre-1930,0.172,0,0,Bronx,100,9.056078021595264
4784,4.32280727501391,11.123963428961078,pre-1930,0.158,0,0,Brooklyn,100,11.3609537299339
4785,4.293195420967266,13.079096730488258,2000-09,0.465,0,0,Manhattan,5,2.8402683218191083
4791,4.426043520090656,11.18749998760779,1930-59,0.12,0,0,Manhattan,100,7.338484118412672
4793,4.312140507209715,10.90641459106983,1930-59,0.22,0,0,Queens,100,11.004126547455295
4794,4.259859000699674,12.313697595420498,1930-59,0.205,0,0,Manhattan,100,6.644935930246132
4795,4.232656178019613,12.191385312778296,1930-59,0.22899999999999998,0,0,Manhattan,100,6.74839154878123
4796,4.219507705176107,11.79506219036638,pre-1930,0.16,0,0,Manhattan,100,3.8462698723943407
4797,4.030694535145645,12.266061771344145,1960-79,0.368,1,0,Manhattan,100,6.4982459444823775
4798,4.075841090657541,11.930622128342288,pre-1930,0.27,0,1,Manhattan,100,3.81965939175217
4799,4.070734696582967,12.214923362128136,pre-1930,0.27899999999999997,0,0,Manhattan,100,2.081495504960898
4800,4.29592393562047,12.045551718695071,1980-99,0.23800000000000002,0,1,Manhattan,100,6.1054361864506275
4801,3.977810745966149,11.965630329637635,pre-1930,0.265,0,0,Manhattan,100,4.133387597293585
4802,3.7612001156935624,12.263789514516127,1960-79,0.529,1,0,Manhattan,100,4.625194092966401
4803,4.162003210695915,12.307342305034457,pre-1930,0.21100000000000002,0,0,Manhattan,100,4.066601902266001
4804,4.154184562578117,11.671287265568951,pre-1930,0.278,0,0,Manhattan,100,4.096996389521932
4809,4.282206299391671,11.82963950187977,1980-99,0.249,0,0,Manhattan,100,8.596760915336477
4811,4.097672352314776,12.06488343509236,pre-1930,0.275,0,0,Manhattan,100,2.9366884519045287
4813,4.146304301152812,11.89495134134463,1960-79,0.18899999999999997,0,0,Queens,100,8.257976454529944
4814,4.49647076906475,12.383519841907868,1980-99,0.18,0,0,Manhattan,100,6.782982251196443
4815,4.293195420967266,11.90539313784774,1960-79,0.265,0,0,Manhattan,100,6.75388179356085
4816,4.359269647551265,11.639769547294895,pre-1930,0.222,0,0,Manhattan,100,12.244106972974878
4818,4.30406509320417,12.257183923353715,1960-79,0.19899999999999998,0,0,Manhattan,100,6.176124054577933
4819,4.1059436980654525,11.396391648714276,pre-1930,0.27399999999999997,0,1,Manhattan,100,2.696629213483146
4820,4.005513348515485,11.601897418772491,pre-1930,0.287,0,1,Manhattan,100,2.195690956497873
4821,4.681204872264089,11.18644712260972,1960-79,0.157,0,0,Brooklyn,100,12.890527541374434
4822,4.154184562578117,11.129715855760479,pre-1930,0.23199999999999998,0,1,Manhattan,100,4.8410521219945135
4823,4.280824129164719,11.32506459446695,pre-1930,0.365,1,0,Manhattan,100,2.0513315555126517
4825,4.351567427189173,12.192723946760442,pre-1930,0.231,0,0,Manhattan,100,2.128220199850011
4826,4.338597076746545,11.48007164009915,1960-79,0.264,0,0,Manhattan,100,9.817294973544975
4828,4.28496492183075,11.975570838531445,pre-1930,0.29600000000000004,1,0,Manhattan,100,2.4555018982918524
4829,3.871201010907891,11.068371235050263,pre-1930,0.313,0,0,Bronx,100,9.202788912979052
4831,4.370712874773608,11.289131702314432,2000-09,0.207,0,0,Bronx,100,10.63191074198229
4832,4.616110126026426,11.131591836436993,pre-1930,0.191,0,0,Bronx,100,10.396075847426605
4833,3.563882963939251,11.84778211151404,2000-09,0.56,0,0,Bronx,100,9.086096126604376
4834,4.533674184283021,11.334528198068428,2000-09,0.215,0,0,Bronx,100,9.681930648689352
4835,4.291828366755733,11.675715857618547,2000-09,0.331,0,0,Bronx,100,10.79206995300776
4837,3.091042453358316,11.289781913656018,2000-09,0.7959999999999999,0,0,Bronx,100,9.875000000000002
4838,4.382026634673881,11.1672611099801,2000-09,0.225,0,0,Bronx,100,11.020840692334865
4839,3.7376696182833684,10.928255936745675,2000-09,0.531,0,0,Bronx,100,8.7925496599616
4840,4.821087692210561,11.033291613631048,2000-09,0.19,0,0,Bronx,100,10.500638115700879
4841,4.297285406218791,11.427367576608582,2000-09,0.217,0,0,Bronx,100,8.169934640522875
4845,3.3978584803966405,11.208639643351667,1960-79,1.0,0,0,Queens,100,12.200908289839354
4846,3.8979240810486444,11.589126958463805,2000-09,0.254,0,0,Manhattan,100,6.486406345558665
4847,3.8088822465086327,11.087543323021706,2000-09,0.292,0,0,Manhattan,100,6.273717713306403
4849,4.624972813284271,12.5305554380048,1980-99,0.16699999999999998,0,0,Manhattan,100,8.494088475871367
4853,4.286341384539473,12.055075321978245,pre-1930,0.285,0,0,Manhattan,100,2.7911845089259755
4854,4.359269647551265,11.147224191728812,pre-1930,0.17800000000000002,0,1,Manhattan,100,5.477793314209108
4856,4.415219602029645,11.804250892336809,1960-79,0.25,0,1,Manhattan,100,5.529816170975938
4857,3.899950424193877,11.430977610322795,1930-59,0.361,1,0,Manhattan,100,3.7988972344028133
4858,4.122283930911342,12.133931967752492,1930-59,0.221,1,0,Manhattan,100,3.116938950988822
4867,4.210645017918261,11.031205466342891,pre-1930,0.23199999999999998,0,0,Manhattan,100,5.50411189535712
4868,4.122283930911342,12.637504351113204,1960-79,0.28600000000000003,0,0,Queens,100,8.704350876281294
4870,4.312140507209715,11.466274012126416,pre-1930,0.159,0,0,Manhattan,100,6.391316192032858
4872,4.151039905898646,11.345689545594315,1930-59,0.162,0,0,Brooklyn,100,7.683215130023641
4873,3.960813169597578,12.184225730100165,1980-99,0.287,0,0,Staten Is,100,9.045472664274982
4874,4.097672352314776,10.672808427318916,1930-59,0.24,0,0,Manhattan,100,7.644905712829542
4875,4.410371107683024,12.851902826281028,pre-1930,0.21100000000000002,0,0,Manhattan,100,2.0444859166373974
4876,4.363098624788363,10.855820875757212,pre-1930,0.24600000000000002,0,1,Manhattan,100,2.7008777852802157
4879,4.169761201506855,11.104325448166577,pre-1930,0.379,1,0,Manhattan,100,2.558006560534473
4880,4.074141854904581,11.867946041197035,pre-1930,0.36700000000000005,1,0,Manhattan,100,4.417301799875194
4881,4.046553898385752,11.86168617380529,pre-1930,0.609,0,0,Manhattan,100,6.914507059147258
4882,4.075841090657541,11.549469522150842,pre-1930,0.389,1,0,Manhattan,100,2.217465918512948
4884,4.102643365036796,12.842739417646674,1980-99,0.546,1,0,Manhattan,100,5.1847188348138005
4885,4.268297869345539,11.670817707841008,pre-1930,0.185,0,0,Manhattan,100,6.404563464954229
4887,4.183575695950044,11.662465532239803,pre-1930,0.345,0,0,Manhattan,100,2.9277533798329456
4888,3.9512437185814275,11.676743550199623,1960-79,0.531,1,0,Manhattan,100,3.480475382003396
4890,4.216562194946349,10.986867753062814,pre-1930,0.252,1,0,Manhattan,100,4.399844313201225
4891,4.11414718951828,11.545895916640138,pre-1930,0.275,1,0,Manhattan,100,2.6124313027324098
4896,2.6461747973841225,11.692576793208303,1980-99,0.815,0,0,Queens,100,6.684491978609625
4898,4.107589788972121,10.866432836449293,1930-59,0.37,0,0,Brooklyn,100,4.581201801939375
4899,3.9926809084456005,11.149139583853552,2000-09,0.436,0,0,Queens,100,13.236648250460407
4900,4.711330381816482,11.124317473928487,1930-59,0.17600000000000002,0,0,Bronx,90,10.766961651917404
4902,3.927896354584436,12.515801149594786,2010+,0.635,0,0,Manhattan,100,2.531079083382549
4908,4.454347296253507,12.795405336939412,2000-09,0.322,0,0,Manhattan,100,10.899802250407008
4910,4.774912960575186,11.938735536943636,1960-79,0.154,0,0,Manhattan,100,7.708236708190981
4915,4.471638793363569,11.572759185871679,2010+,0.465,0,0,Manhattan,100,24.67833392988339
4916,4.930870325627393,11.589858727942769,1980-99,0.24,0,0,Manhattan,100,9.074326138689038
4917,4.286341384539473,11.4173502500472,2000-09,0.508,0,0,Bronx,100,20.905539968091546
4918,4.065602093356446,11.051207415311266,2010+,0.304,0,0,Brooklyn,100,11.424944462075532
4919,4.02535169073515,12.785491060761776,1960-79,0.318,0,0,Manhattan,100,7.6190476190476195
4924,4.104294893075269,12.072495537575007,pre-1930,0.22399999999999998,0,0,Manhattan,100,9.94331169424888
4925,4.513054897080286,11.789799338705405,1980-99,0.183,0,0,Manhattan,100,9.552691432903714
4931,4.203198967134183,12.69364601888597,1960-79,0.46399999999999997,1,0,Manhattan,100,12.190179075880026
4932,4.229749199228304,11.426637462645683,2000-09,0.321,0,0,Manhattan,100,9.375034066257507
4933,4.203198967134183,11.407231560411164,pre-1930,0.23800000000000002,0,0,Manhattan,100,10.6702234078026
4940,4.294560608892605,12.160520732561208,2000-09,0.5660000000000001,0,0,Manhattan,100,3.087485740002302
4943,3.8308129500026027,12.71137705540735,2000-09,0.6579999999999999,1,0,Manhattan,100,4.977405595207211
4948,4.536891345234797,12.994709535232634,1980-99,0.262,0,0,Manhattan,100,8.998384380986142
4949,3.9589065913269965,12.397865870781942,2000-09,0.637,0,0,Manhattan,100,5.654521140479767
4966,4.393213824064446,11.242926127370755,1960-79,0.166,0,0,Brooklyn,100,13.099635830123923
4968,4.565389315976247,12.187883216329963,1960-79,0.131,0,0,Brooklyn,100,9.776216298785611
4971,4.4343818650078095,11.107945239287579,pre-1930,0.161,0,0,Bronx,100,10.944691824465135
4975,4.7808027546312495,10.822973175306803,1930-59,0.158,0,0,Queens,100,11.961722488038276
4976,4.500920164614292,10.979547436733727,pre-1930,0.166,0,0,Bronx,100,6.989192322116533
4979,4.33204826486764,11.207011530923644,pre-1930,0.174,0,0,Manhattan,100,7.604046438997895
4981,4.4272389774954295,11.063116543010013,pre-1930,0.157,0,0,Brooklyn,100,11.446491571932576
4982,4.37449836825309,11.162459775080668,pre-1930,0.166,0,0,Brooklyn,100,10.222045544891817
4984,4.01096295328305,11.916629022458732,1930-59,0.18600000000000003,0,0,Brooklyn,100,7.413046962654271
4986,4.33204826486764,11.377975924391935,1930-59,0.124,0,0,Brooklyn,100,8.92693645852408
4988,4.291828366755733,11.30257473545477,1930-59,0.147,0,0,Brooklyn,100,10.243119832160927
4990,4.0943445622221,11.884282103444944,1930-59,0.18600000000000003,0,0,Brooklyn,100,7.311857625715665
4992,4.278054044290903,11.142571676473336,1930-59,0.146,0,0,Brooklyn,100,6.95158510622891
4993,4.394449154672439,11.201770036332805,pre-1930,0.145,0,0,Bronx,100,9.828009828009828
4994,4.12552017969055,11.154076731490644,1960-79,0.191,0,0,Bronx,100,10.737601649295613
4995,4.51085950651685,11.201770036332805,pre-1930,0.135,0,0,Bronx,100,9.828009828009828
4996,4.3694478524670215,11.295701856167009,pre-1930,0.158,0,0,Unknown,100,8.822615719167443
4998,4.395682961121367,11.538242272954019,pre-1930,0.114,0,0,Brooklyn,100,11.115011115011114
4999,4.572646994282532,11.215772013616148,1930-59,0.155,0,0,Bronx,100,9.691357193813683
5000,4.320151230955794,11.288781413322436,pre-1930,0.161,0,0,Bronx,100,8.258258258258257
5001,4.28771595520264,12.005075785771119,1930-59,0.154,0,0,Queens,100,11.370374672184761
5002,4.141546163706395,11.041320554357519,1930-59,0.151,0,0,Brooklyn,100,7.6923076923076925
5003,4.229749199228304,11.186502564202017,pre-1930,0.149,0,0,Brooklyn,100,8.87040887040887
5006,4.368181227851829,11.042953835212504,pre-1930,0.18100000000000002,0,0,Brooklyn,100,8.479728648683242
5007,4.380775852772229,10.993311335171159,1930-59,0.183,0,0,Bronx,100,8.575031525851198
5008,2.714694743820879,11.405117512335924,1960-79,0.777,0,0,Bronx,100,7.796836711962575
5009,4.136765278106052,11.152385920215057,1960-79,0.221,0,0,Bronx,100,11.329413451885845
5013,4.450852825603734,10.9616944265692,1960-79,0.145,0,0,Brooklyn,100,10.412328196584756
5014,4.314817884980432,12.165042295972182,1930-59,0.162,0,1,Queens,100,10.158366326317983
5017,4.365643155423357,11.669501772012325,1930-59,0.171,0,1,Queens,100,12.997007268063276
5018,4.023564380161053,11.687492029391116,1930-59,0.3,0,0,Manhattan,100,12.093421682497292
5020,3.983413001514819,11.30942521453493,1930-59,0.201,0,0,Bronx,100,9.682915170308995
5021,4.157319361383489,11.198748824046977,1930-59,0.24,0,0,Brooklyn,100,11.08996563479785
5026,3.6402142821326553,11.712202462413597,1930-59,0.188,0,0,Manhattan,100,6.554583292367187
5028,4.35799005684564,11.405039540929112,2000-09,0.578,0,0,Manhattan,100,8.020228799304913
5029,4.097672352314776,12.266165361203733,1930-59,0.23399999999999999,0,0,Manhattan,100,6.780075993351759
5030,4.3067641501733345,11.413105129688017,1930-59,0.161,0,0,Queens,100,8.397790055248619
5031,4.378269585796169,11.070428047405706,1960-79,0.159,0,1,Bronx,100,8.40558504428498
5032,4.26549281841793,11.475223597786217,1930-59,0.14300000000000002,0,0,Brooklyn,100,5.815160955347872
5033,4.11251186617755,10.972499371427947,pre-1930,0.153,0,0,Brooklyn,100,8.240343347639485
5035,4.414009680526933,11.208436274202066,1930-59,0.215,0,0,Brooklyn,100,9.35593220338983
5037,2.970414465569701,10.825561529166011,1930-59,0.731,0,0,Brooklyn,100,9.345794392523365
5038,4.437934266612178,10.955654425961269,1930-59,0.12300000000000001,0,0,Brooklyn,100,8.380327181940395
5041,4.33204826486764,10.937241268855741,1960-79,0.162,0,0,Queens,100,13.159766680893442
5043,4.598145571051127,10.905038128361106,1930-59,0.153,0,0,Manhattan,100,12.48852157943067
5045,4.623010104116422,11.036839375008135,1960-79,0.10800000000000001,0,0,Brooklyn,100,10.302474203570451
5047,4.055257173514054,12.35793499483942,pre-1930,0.598,1,0,Manhattan,100,4.725085910652921
5049,4.508659285607248,10.922930363265726,1980-99,0.27899999999999997,0,0,Manhattan,100,13.89064275792398
5051,4.580877493419047,10.8604210628723,2000-09,0.213,0,0,Manhattan,100,10.94596151630372
5054,4.562262684976814,11.225243392518447,pre-1930,0.113,0,0,Manhattan,100,6.4
5059,4.467056883858457,11.47494318464235,1960-79,0.129,0,0,Queens,100,12.672296490189357
5070,4.084294226368599,11.635452784249921,pre-1930,0.34700000000000003,1,0,Manhattan,100,4.688813199451498
5072,4.231203744939298,11.183337477435154,pre-1930,0.135,0,0,Brooklyn,100,10.010845082172354
5074,4.5591262474866845,11.003099341537322,pre-1930,0.11599999999999999,0,0,Brooklyn,100,10.822510822510823
5075,4.3134800921387715,11.724587353540851,1960-79,0.193,0,0,Bronx,100,8.577925598634005
5087,4.012772908528289,11.131665045558881,pre-1930,0.516,0,0,Brooklyn,100,7.027818448023426
5108,4.239886867512759,11.784363819687744,1960-79,0.172,0,1,Brooklyn,100,9.223615504821435
5112,4.294560608892605,11.182614210462487,pre-1930,0.159,0,0,Bronx,100,9.044107416168082
5114,4.334672938290411,11.140396943108325,1960-79,0.125,0,0,Queens,100,8.563259263559704
5123,4.469350462845557,11.198214720130528,1960-79,0.14800000000000002,0,0,Brooklyn,100,10.410958904109588
5133,4.213607983048918,12.288154810557563,1980-99,0.308,0,1,Manhattan,100,7.691988816677338
5142,3.9569963710708773,10.997087299380693,pre-1930,0.292,0,0,Bronx,100,9.882747068676718
5154,4.223909766576744,11.140396943108325,1960-79,0.161,0,0,Queens,100,8.563259263559704
5156,4.442651256490317,10.854063762376834,pre-1930,0.14300000000000002,0,0,Manhattan,100,11.209029066171924
5157,4.223909766576744,10.912083955194309,pre-1930,0.17800000000000002,0,0,Bronx,100,10.030090270812437
5162,4.133565275375382,11.031771905639792,1960-79,0.135,0,1,Bronx,100,8.08969857783099
5167,4.370712874773608,11.368777919882517,1960-79,0.16399999999999998,0,1,Queens,100,11.435039733875438
5168,4.341204640153626,11.316204735887123,pre-1930,0.22699999999999998,0,1,Manhattan,100,3.286990820773782
5169,4.754451888703846,11.156664720953149,pre-1930,0.42,0,1,Manhattan,100,6.997101200931043
5171,4.638604962074329,11.0062578513529,pre-1930,0.128,0,0,Brooklyn,100,9.46058091286307
5173,4.204692619390966,11.272610322147692,pre-1930,0.185,0,0,Manhattan,100,7.502734047152776
5175,4.32280727501391,11.267434049992112,2000-09,0.317,0,0,Manhattan,100,10.73729420186113
5177,4.6061696863211745,11.294669947728794,pre-1930,0.125,0,1,Bronx,100,13.185391581251867
5178,4.693181063310805,11.350406535472453,1960-79,0.14300000000000002,0,1,Bronx,100,10.23529411764706
5179,4.665324108807838,10.993597128712489,pre-1930,0.11900000000000001,0,1,Bronx,100,11.093928595441403
5180,4.602165676967792,11.20166083026084,pre-1930,0.156,0,0,Bronx,100,11.330748648501064
5181,4.45318382899021,11.435558341393785,pre-1930,0.157,0,0,Bronx,100,8.535465398951974
5182,4.5612182984589085,11.705651045062906,1960-79,0.205,0,1,Bronx,100,10.22638241721991
5186,4.463606621666305,10.968922165398224,1930-59,0.128,0,0,Brooklyn,100,9.131318700251542
5188,4.581901559048737,10.868377954246345,1930-59,0.133,0,0,Queens,100,14.478948371118307
5190,4.053522567701846,11.129055494298653,1930-59,0.162,0,0,Brooklyn,100,8.66093185754969
5193,4.499809670330265,11.201797335987466,pre-1930,0.13,0,1,Manhattan,100,9.827741530397752
5214,4.276666119016055,11.079246050380892,1930-59,0.138,0,0,Queens,100,9.411837314077639
5215,4.403054001865957,12.124021672641305,1960-79,0.182,0,0,Manhattan,100,9.823875817525577
5216,4.163559631243574,11.03650126792157,pre-1930,0.134,0,0,Brooklyn,100,8.695652173913043
5218,4.188138441508461,11.78517912926479,1980-99,0.23600000000000002,0,0,Bronx,100,5.63629162477531
5221,3.6270040503958487,11.27990832985772,2000-09,0.39299999999999996,0,0,Queens,100,9.215542707097232
5223,4.188138441508461,12.803132844653515,1930-59,0.21,0,0,Manhattan,100,5.174017624685568
5227,4.223909766576744,13.801238190552512,2000-09,0.521,0,0,Manhattan,95,3.956061345324595
5259,4.33729074083249,11.392191830575566,1960-79,0.23,0,0,Bronx,100,10.944745957778103
5260,4.354141431184346,12.040242357177279,2000-09,0.38,0,1,Unknown,90,9.324944817573389
5262,4.247065649239764,11.32960340784269,1930-59,0.13699999999999998,0,0,Bronx,100,7.807807807807808
5263,4.439115601658009,10.799575577092764,2000-09,0.305,0,0,Manhattan,100,6.530612244897959
5264,4.009149716158869,10.84964771801256,2000-09,0.377,0,0,Manhattan,100,11.452752542899292
5265,4.551769409260976,11.247396197159581,1980-99,0.248,0,0,Manhattan,100,13.041210224308816
5270,4.507557357121091,10.80699695004555,1960-79,0.2,0,0,Manhattan,100,8.102906917856782
5271,4.278054044290903,11.582404884740031,pre-1930,0.184,0,0,Bronx,100,9.142217454172304
5281,4.422448549172797,11.237171963383721,1930-59,0.12300000000000001,0,1,Brooklyn,100,7.905138339920948
5284,2.5257286443082556,11.194797930643736,pre-1930,0.871,0,0,Manhattan,100,11.408777886214622
5287,4.506454213048934,11.253117929284427,1930-59,0.349,0,0,Brooklyn,100,26.063278008298752
5291,4.242764567340374,10.967853402475647,pre-1930,0.168,0,1,Manhattan,100,6.209037599172128
5294,4.52720864451838,11.099528986535784,pre-1930,0.131,0,0,Brooklyn,100,7.710916238282431
5298,4.450852825603734,11.168701259326799,1930-59,0.134,0,0,Manhattan,100,8.88863806312344
5299,4.457829598089382,11.25388267828313,1960-79,0.127,0,1,Bronx,100,8.551548996488682
5302,4.320151230955794,11.381049843656648,pre-1930,0.11800000000000001,0,0,Manhattan,100,10.83918078612585
5304,2.833213344056216,11.038721024659884,pre-1930,0.8420000000000001,0,0,Manhattan,100,8.676371348693724
5312,3.828641396489095,11.069976534440391,pre-1930,0.251,0,1,Manhattan,100,8.253651851621141
5317,4.784988612563928,11.083142049210858,pre-1930,0.235,0,1,Bronx,100,10.912164758318603
5319,4.35799005684564,10.960965297845682,2000-09,0.635,0,0,Manhattan,100,2.083984578514119
5322,4.1956970564823886,11.428575996501866,1980-99,0.28600000000000003,0,0,Brooklyn,100,8.486470607435454
5323,3.6584202466292277,12.187806836723281,2000-09,0.504,0,0,Brooklyn,100,4.837559832976882
5328,4.26689632742025,10.899513252429136,pre-1930,0.18600000000000003,0,0,Bronx,100,9.04893813481071
5332,4.931592086755803,11.418296053390623,1930-59,0.099,0,1,Bronx,100,9.233711842235437
5333,4.39197696552705,10.878424479843016,2000-09,0.64,0,0,Manhattan,100,3.017729158807997
5334,4.441474093317302,11.233608308850075,1930-59,0.126,0,0,Bronx,100,9.652254396403544
5338,4.722953221644475,10.834627487260489,1930-59,0.135,0,1,Bronx,100,11.231969732797351
5339,4.536891345234797,10.86283777387073,pre-1930,0.127,0,1,Bronx,100,8.237547892720306
5347,3.7773481021015445,11.350406535472453,1980-99,0.273,0,0,Bronx,100,8.23529411764706
5351,4.096009841541162,11.451581834729176,1980-99,0.261,0,0,Unknown,100,12.652844231791601
5352,4.276666119016055,10.974557338197837,pre-1930,0.18899999999999997,0,1,Manhattan,100,6.338872708583176
5356,4.412798293340635,10.812088795925902,1930-59,0.19399999999999998,0,0,Queens,100,11.084910413769475
5357,4.084294226368599,11.689245716568339,1930-59,0.192,0,0,Manhattan,100,6.706795660703208
5368,4.804840381116659,10.855801583586938,1930-59,0.099,0,1,Brooklyn,100,7.909866111046804
5370,4.019980146933238,10.848482352538639,pre-1930,0.21100000000000002,0,0,Manhattan,100,6.996268656716418
5380,3.9357395320454622,13.2236556288862,1980-99,0.46799999999999997,0,0,Manhattan,100,4.482197722754383
5381,4.278054044290903,11.409562951975076,1930-59,0.18,0,0,Queens,100,10.423597249944557
5382,3.9815490680767565,10.879781536746092,pre-1930,0.253,0,0,Manhattan,100,2.0718752354403676
5385,4.37197629882038,10.974128944240208,pre-1930,0.45,0,0,Brooklyn,100,11.997600479904019
5386,2.6390573296152584,11.246443735365446,1960-79,0.7879999999999999,0,0,Bronx,100,8.093255185557457
5387,4.188138441508461,11.57969586860408,pre-1930,0.213,0,0,Manhattan,100,6.64141059819466
5388,4.177459468932607,10.941942818379685,1930-59,0.146,0,0,Queens,100,8.850027435085048
5389,4.492001487882454,12.060815632873036,1930-59,0.184,0,1,Unknown,100,9.250693802035153
5394,4.470495282661489,10.923381256492833,pre-1930,0.141,0,1,Manhattan,100,6.491398896462187
5395,4.231203744939298,11.914342390231823,2000-09,0.259,0,0,Manhattan,100,9.505067137903799
5399,3.655839600035736,10.853561162377853,2000-09,0.868,0,0,Brooklyn,100,14.115008314319965
5408,3.5496173867804286,11.280186019982573,1980-99,0.97,0,0,Manhattan,100,7.950931394820536
5409,4.789988622980633,11.38632996334682,2000-09,0.159,0,0,Manhattan,100,9.420150041425961
5410,4.014579593753238,11.302204433654575,pre-1930,0.153,0,1,Queens,100,11.604938271604938
5414,4.3054155323020415,11.190486302560442,1930-59,0.257,0,0,Manhattan,100,7.868798144620227
5415,4.324132656254979,12.101972446450768,1930-59,0.324,0,1,Manhattan,100,6.436327520293852
5420,4.366912996863833,11.03513157024943,pre-1930,0.251,0,0,Bronx,100,9.513827299846811
5421,4.356708826689592,11.394232015012483,pre-1930,0.106,0,0,Brooklyn,100,8.5577875867039
5425,4.3476939555933765,11.036082500701703,pre-1930,0.146,0,0,Manhattan,100,6.92721590359893
5428,4.546481189639412,11.202943249023479,1930-59,0.248,0,0,Bronx,100,8.589425462874594
5430,4.609162207257629,11.052792955519756,pre-1930,0.147,0,0,Brooklyn,100,10.297845373891002
5432,4.3267781604434035,11.470571046888528,pre-1930,0.16899999999999998,0,0,Brooklyn,100,7.928807653385913
5435,4.440295542797857,11.066732107947553,pre-1930,0.158,0,0,Brooklyn,100,9.5303565290754
5437,4.39197696552705,10.824168632711576,pre-1930,0.177,0,1,Manhattan,100,10.553564317005177
5445,4.658710952916121,11.03321083622929,1960-79,0.131,0,0,Queens,100,11.309293007625694
5447,4.51085950651685,12.119179443375804,1960-79,0.16,0,1,Manhattan,100,7.035532164380574
5450,4.1728476237100445,11.052063919241686,1930-59,0.20600000000000002,0,0,Queens,100,9.354092018898438
5454,4.283586561860629,11.267024926533402,1930-59,0.11,0,0,Brooklyn,100,7.544757033248082
5456,4.22683374526818,11.774512504399652,1930-59,0.14400000000000002,0,0,Brooklyn,100,8.160185990654277
5457,4.429625613473161,12.01846514270698,1930-59,0.11800000000000001,0,0,Brooklyn,100,8.625473496272347
5458,4.182050142641207,11.484443682534579,1960-79,0.14,0,0,Brooklyn,100,8.23113013416742
5459,4.133565275375382,11.193036955048681,pre-1930,0.20600000000000002,0,0,Brooklyn,100,9.3634248103218
5460,4.147885329150131,11.396504001952977,1930-59,0.13699999999999998,0,0,Brooklyn,100,7.41489720256151
5464,4.294560608892605,11.119408690377906,pre-1930,0.17300000000000001,0,0,Queens,100,12.153910001778621
5466,4.35799005684564,11.175688936352282,pre-1930,0.19399999999999998,0,0,Manhattan,100,18.63423655672934
5468,4.423648309364701,10.983867979609434,pre-1930,0.14400000000000002,0,0,Bronx,100,9.844524407631205
5469,4.314817884980432,11.010877868015744,pre-1930,0.196,0,0,Bronx,100,10.903864263410927
5470,4.1956970564823886,11.113939322959773,pre-1930,0.17,0,0,Bronx,100,8.04769001490313
5471,4.283586561860629,11.34396228641916,1930-59,0.165,0,0,Bronx,100,8.051720463210742
5472,4.276666119016055,11.398625107742928,pre-1930,0.182,0,0,Bronx,100,8.744492651262906
5473,4.500920164614292,11.37927978010031,pre-1930,0.174,0,0,Bronx,100,8.915304606240714
5475,4.507557357121091,10.936369499018918,pre-1930,0.14,0,0,Bronx,100,10.32340743641315
5477,4.255612709818223,11.086976997920663,pre-1930,0.172,0,0,Bronx,100,7.9614177447753205
5478,4.29592393562047,11.926656317495425,pre-1930,0.153,0,0,Bronx,100,8.198618136136732
5479,4.283586561860629,11.320553572322773,1930-59,0.187,0,0,Bronx,100,8.242424242424242
5480,4.461299815568389,10.93131965914319,1960-79,0.14,0,1,Brooklyn,100,11.627906976744185
5481,4.324132656254979,11.11282096310416,pre-1930,0.17600000000000002,0,0,Queens,100,12.532637075718016
5482,4.39197696552705,11.244967585366178,1930-59,0.141,0,0,Queens,100,12.288545506837139
5483,4.405498990859024,11.073086279770727,1980-99,0.264,0,0,Manhattan,100,12.574906076318813
5503,3.9357395320454622,10.821197277163698,2010+,0.332,0,0,Queens,100,8.188372511034332
5504,4.509760001183433,12.459784198410802,1930-59,0.177,0,0,Unknown,100,10.979205462445686
5505,2.8094026953624978,12.459784198410802,1960-79,0.867,0,0,Manhattan,100,11.095592799503413
5506,4.258445572902527,12.459784198410802,1930-59,0.21899999999999997,0,0,Manhattan,100,11.018001241464928
5507,4.141546163706395,10.966317211064466,pre-1930,0.2,0,0,Manhattan,100,18.655749598383167
5508,4.4796069630127455,11.112089625245726,2000-09,0.268,0,0,Manhattan,100,7.763975155279502
5509,4.060443010546419,11.327041570579484,2010+,0.436,0,0,Manhattan,100,9.634259426520707
5510,4.257030144499196,11.708261958841678,2000-09,0.251,0,0,Manhattan,100,10.199717040107918
5511,4.001863709427935,11.894903566785938,2000-09,0.292,0,0,Manhattan,100,8.599625984520673
5513,4.526126978647638,11.207188037852,1980-99,0.161,0,0,Queens,100,9.096092752993565
5514,4.550714000192032,11.136106121051972,1960-79,0.128,0,0,Queens,100,10.932307154101803
5515,4.22683374526818,11.197885898951482,1960-79,0.183,0,0,Queens,100,9.181100635825477
5516,4.341204640153626,11.998248648323797,1960-79,0.201,0,0,Queens,100,9.35557333661599
5518,4.310799125385514,11.281774943254103,1960-79,0.183,0,0,Queens,100,10.83642045311358
5520,4.157319361383489,12.068544705911586,1980-99,0.192,0,0,Queens,100,8.66312492111393
5521,3.4965075614664802,10.963445634222696,2000-09,0.836,0,0,Queens,100,10.394110004330878
5522,5.1670690799380825,11.001199435961073,2000-09,0.21600000000000003,0,0,Queens,100,15.01351216094485
5523,4.410371107683024,11.58994206011876,2000-09,0.231,0,0,Queens,100,8.332870396089106
5524,4.421247347827163,11.212576842747048,2000-09,0.335,0,0,Queens,100,9.722372258831156
5526,4.31748811353631,11.827371174691224,2000-09,0.321,0,0,Queens,100,10.441767068273093
5531,4.2612704335380815,11.367957494717622,1930-59,0.182,0,0,Brooklyn,100,10.635223397491474
5532,4.498697941477575,11.332482143188047,1930-59,0.095,0,0,Brooklyn,100,7.0667145765959996
5541,4.436751534363128,10.535822593699315,pre-1930,0.306,1,0,Manhattan,100,1.594048884165781
5542,4.56954300834494,10.913050024370726,pre-1930,0.201,0,1,Manhattan,100,10.20259437399796
5543,4.4520190064939165,10.957886686527912,pre-1930,0.158,0,1,Manhattan,100,10.974653775803501
5546,4.481871969643598,11.125113617099382,pre-1930,0.20600000000000002,0,1,Manhattan,100,7.368762342676924
5552,4.293195420967266,11.938892302351057,2000-09,0.366,0,0,Manhattan,100,7.5764008177287785
5553,3.9871304779149512,11.652687407345388,2000-09,0.424,0,0,Bronx,100,8.869565217391305
5557,4.1728476237100445,10.839580911706463,pre-1930,0.171,0,0,Bronx,100,8.627450980392156
5558,4.4953553199808844,11.01402841206951,2000-09,0.39799999999999996,0,0,Manhattan,100,7.905138339920948
5560,3.735285826928092,11.308358299228955,pre-1930,0.423,0,0,Bronx,95,8.83435582822086
5561,3.653252276470785,11.729060514007191,2010+,0.5479999999999999,0,0,Brooklyn,100,3.5447565799544014
5562,4.301358731606427,11.324002164541712,pre-1930,0.396,0,0,Unknown,100,11.233919188258742
5563,4.771531723203316,10.70810902150003,pre-1930,0.136,0,0,Brooklyn,100,9.3924011002527
5566,4.447346100794524,11.17289691214624,2000-09,0.257,0,0,Manhattan,100,11.94239550403934
5569,3.9815490680767565,11.910250868717979,2000-09,0.54,0,0,Manhattan,100,6.78836434025164
5583,4.529368472571809,11.25145679933435,pre-1930,0.162,0,0,Bronx,100,8.961970074812967
5584,4.387014176184921,11.390124862352046,pre-1930,0.205,0,1,Manhattan,100,12.776446112794536
5587,4.219507705176107,11.054850406589766,pre-1930,0.223,0,0,Bronx,100,8.853754940711463
5588,4.117409835153096,11.054850406589766,pre-1930,0.26,0,0,Bronx,100,8.695652173913043
5589,4.239886867512759,10.86283777387073,pre-1930,0.188,0,0,Manhattan,100,9.003831417624522
5590,4.640537329825382,11.012479122949106,pre-1930,0.151,0,0,Manhattan,100,8.412232375548445
5595,4.739701078945697,10.846322839632395,pre-1930,0.132,0,0,Manhattan,100,11.880416788392248
5596,4.500920164614292,11.358654777942395,pre-1930,0.172,0,0,Manhattan,100,9.917856809483803
5597,4.519612297626445,11.18066434912048,1930-59,0.073,0,1,Manhattan,100,10.455876202425765
5600,4.282206299391671,12.459233146547534,2000-09,0.532,0,0,Manhattan,100,7.414078208820812
5603,4.197201947661808,11.328521741971949,1930-59,0.23399999999999999,0,1,Manhattan,100,10.582010582010582
5604,5.5479080878770946,10.917576276133584,1930-59,0.046,0,1,Bronx,100,10.156519215771622
5608,4.131961425793407,11.636469651061683,2010+,0.485,0,0,Manhattan,100,9.809986743261158
5609,4.356708826689592,11.42551400795926,pre-1930,0.184,0,0,Brooklyn,100,11.568263669104006
5615,4.215086179918229,11.118548653847485,1930-59,0.134,0,0,Brooklyn,100,8.900756564307965
5616,4.074141854904581,11.637344213284221,1930-59,0.14,0,0,Brooklyn,100,7.94709004053016
5617,4.697749367281185,11.06585680700699,1930-59,0.11,0,0,Brooklyn,100,7.818608287724785
5618,4.514150787600923,10.986376880739002,1930-59,0.13,0,0,Brooklyn,100,9.142624949207638
5620,4.3254562831854875,10.791666834249208,1960-79,0.156,0,0,Brooklyn,100,8.84518862879006
5622,4.9883896851489355,10.842713255692779,1930-59,0.127,0,0,Staten Is,100,13.682564503518375
5624,4.570578741218473,11.082419433618579,pre-1930,0.38,0,0,Manhattan,100,11.842874280968347
5625,4.146304301152812,11.54607006356253,2000-09,0.366,0,0,Bronx,100,9.964206249395376
5627,4.207673247529104,11.434628732195051,1930-59,0.136,0,0,Brooklyn,100,7.24567152234803
5630,4.447346100794524,11.099408023671236,pre-1930,0.17,0,0,Bronx,100,9.072763563781528
5633,4.330733340286331,11.00259971624589,1930-59,0.11699999999999999,0,0,Brooklyn,100,8.828918873896386
5634,4.548599834499697,11.018104415345954,pre-1930,0.22399999999999998,0,0,Bronx,100,9.677207715522897
5635,4.1728476237100445,11.287140929324929,1930-59,0.223,0,0,Manhattan,100,11.78107257892692
5639,4.160444363926624,11.858215850042322,1930-59,0.13699999999999998,0,0,Unknown,100,8.14216935712263
5640,4.4355674016019115,11.475223597786217,1930-59,0.11,0,0,Brooklyn,100,8.61889927310488
5641,4.409155302062135,10.911938052328884,1930-59,0.182,0,0,Bronx,100,9.849161909278276
5642,4.225372824628505,11.004729713390253,pre-1930,0.156,0,0,Bronx,100,9.308820107051432
5643,3.9080149840306073,11.315010967701793,pre-1930,0.183,0,0,Bronx,100,8.044463946175222
5644,4.423648309364701,11.037434809491726,pre-1930,0.155,0,0,Bronx,100,8.687538209080087
5645,4.168214410788556,11.296099416147895,pre-1930,0.196,0,0,Manhattan,100,9.812811308333435
5647,4.364371699435161,11.29404780180307,1930-59,0.17300000000000001,0,0,Bronx,100,10.455303577207438
5648,4.3528552573736015,11.126806997859351,pre-1930,0.16,0,0,Brooklyn,100,12.064323441568952
5649,4.174387269895637,11.099317291919597,1930-59,0.139,0,0,Brooklyn,100,9.073586788857636
5652,4.297285406218791,11.263348098551994,1930-59,0.16,0,0,Brooklyn,90,8.34263858406171
5654,4.532599493153256,11.944785800437922,1960-79,0.138,0,0,Brooklyn,100,10.194010856296911
5655,4.483002552013883,11.164742929660637,1960-79,0.15,0,1,Brooklyn,100,8.782242871510121
5656,4.35799005684564,11.38349991752977,1930-59,0.124,0,0,Unknown,100,10.926473935806966
5657,4.355425952876702,11.491987793755348,1960-79,0.179,0,0,Brooklyn,100,9.190425618821992
5658,4.351567427189173,11.028936495157797,1930-59,0.11900000000000001,0,0,Brooklyn,100,7.78816199376947
5659,4.297285406218791,11.028936495157797,1930-59,0.114,0,0,Brooklyn,100,7.625908618899273
5660,4.258445572902527,10.895405102533275,1930-59,0.131,0,0,Brooklyn,100,8.900756564307965
5661,4.379523504455763,10.907239560180278,1930-59,0.11199999999999999,0,0,Brooklyn,100,8.796041781198461
5662,4.3489867805956814,10.966248113308387,1930-59,0.132,0,0,Brooklyn,100,8.292017205935704
5665,4.396915247167632,11.450667009173657,1930-59,0.128,0,0,Queens,100,9.684560044272274
5666,4.383275854074314,11.450667009173657,1930-59,0.129,0,0,Queens,100,9.684560044272274
5674,4.297285406218791,11.069758489678053,1930-59,0.152,0,0,Brooklyn,100,8.411214953271028
5676,4.072439726834051,10.895405102533275,1930-59,0.17300000000000001,0,0,Brooklyn,100,8.715324135884885
5677,4.1059436980654525,11.157464070097157,1930-59,0.172,0,0,Queens,100,9.417136334451024
5680,4.662495252607361,11.659343467417829,2010+,0.257,0,0,Bronx,100,10.79745698293138
5681,4.298645025734831,11.283021614237802,pre-1930,0.23,0,0,Bronx,100,10.445375718906131
5687,4.678420647727684,12.49281802942617,1960-79,0.231,0,0,Manhattan,100,11.14793725625617
5690,4.355425952876702,11.049015233213044,1930-59,0.193,0,0,Bronx,100,10.17779332718425
5694,4.596129441335942,10.863125088913648,pre-1930,0.3,0,0,Manhattan,100,10.53337163650292
5699,4.509760001183433,10.998677324402907,1960-79,0.34299999999999997,0,0,Brooklyn,100,8.3619031691613
5704,4.537961436294641,12.921663570407329,1960-79,0.17,0,0,Brooklyn,100,7.99356603492235
5718,4.463606621666305,10.990566925390514,1960-79,0.145,0,0,Brooklyn,100,11.12759643916914
5729,4.259859000699674,11.48246625748552,pre-1930,0.10800000000000001,0,0,Bronx,100,8.247422680412372
5737,4.338597076746545,11.141702350580776,pre-1930,0.131,0,1,Manhattan,100,7.537433503891925
5741,4.396915247167632,10.82211555087377,1930-59,0.125,0,1,Manhattan,100,10.176187720733482
5742,3.9852734671677386,11.648199089027798,2000-09,0.42100000000000004,0,0,Manhattan,100,7.511901122417783
5745,3.979681653901961,11.146834904336085,2000-09,0.353,0,0,Bronx,100,10.094600830641438
5746,3.3141860046725258,11.283877014000634,2000-09,0.653,0,0,Bronx,100,7.79589835154472
5749,4.888090941338162,11.046754481744669,1960-79,0.177,0,0,Brooklyn,100,8.288173414089893
5753,5.1101789244325175,11.07045917871758,2000-09,0.138,0,0,Bronx,100,10.27317300957273
5754,4.162003210695915,11.746834856103916,2010+,0.341,0,0,Bronx,100,8.705768758953091
5755,4.545420181582317,10.778956289890028,pre-1930,0.212,0,0,Bronx,100,10.208333333333332
5756,4.743191483885466,11.002099841204238,pre-1930,0.152,0,0,Bronx,100,9.333333333333334
5757,4.212127597878484,12.07151215213448,2000-09,0.303,0,0,Bronx,100,7.035808259924494
5758,4.520701029361642,10.849337086651827,pre-1930,0.136,0,1,Bronx,100,11.067961165048544
5759,3.8264651170664994,11.590349361935033,2000-09,0.9059999999999999,0,0,Bronx,100,7.774178621008793
5760,3.903990833730882,11.155678929132538,1930-59,0.287,0,0,Bronx,100,10.577472841623784
5761,4.216562194946349,11.88077869838353,2000-09,0.28600000000000003,0,0,Bronx,100,8.445068979600313
5762,4.119037174812473,11.725945950513454,2000-09,0.249,0,0,Brooklyn,100,11.798837895281274
5763,4.713127327493184,11.5787506579904,1960-79,0.23199999999999998,0,0,Brooklyn,100,9.737463016366428
5764,3.871201010907891,11.334193458026807,2000-09,0.473,0,0,Brooklyn,100,6.337211387849294
5765,4.147885329150131,11.357253628771032,1930-59,0.151,0,0,Unknown,100,9.69807440643111
5766,4.363098624788363,10.903935592417007,pre-1930,0.171,0,1,Brooklyn,100,11.766868909726053
5767,4.526126978647638,11.364425456651784,1960-79,0.327,0,0,Brooklyn,100,10.324825986078887
5769,4.5031374604229395,10.963359012887807,1930-59,0.11900000000000001,0,0,Queens,100,11.26126126126126
5772,4.414009680526933,11.2365393522603,pre-1930,0.146,0,0,Brooklyn,100,10.94236144070031
5778,4.02535169073515,11.075938729539109,1960-79,0.396,0,0,Manhattan,100,8.978606148797176
5779,4.373238128640803,10.82774645405946,pre-1930,0.1,0,0,Brooklyn,100,9.523809523809524
5781,4.2710950739666,11.454501544832512,1930-59,0.132,0,0,Brooklyn,100,6.891068115557912
5782,4.169761201506855,11.233211562167625,1930-59,0.17300000000000001,0,0,Brooklyn,100,6.349206349206349
5783,3.5524868292083815,11.303438240103505,1930-59,0.38,0,1,Queens,100,12.453760789149198
5784,3.9684033388642534,11.746945650659269,1980-99,0.268,0,0,Queens,100,5.381151724738262
5787,4.351567427189173,11.039395625947934,pre-1930,0.095,0,0,Brooklyn,100,10.27617212588311
5788,4.351567427189173,11.608235644774552,1960-79,0.18100000000000002,0,0,Brooklyn,100,11.818181818181818
5789,4.403054001865957,11.929726082742139,1960-79,0.157,0,0,Queens,100,11.007843912728232
5790,4.571613402459248,11.209114010588564,1930-59,0.13699999999999998,0,0,Queens,100,12.195121951219512
5791,4.33990170837321,11.297303555054865,1960-79,0.179,0,0,Brooklyn,100,10.917572328916679
5792,4.291828366755733,11.489656838030873,1960-79,0.184,0,1,Brooklyn,100,9.825997952917092
5793,4.504244267398131,11.385660113924352,1960-79,0.222,0,0,Queens,100,9.994321408290743
5796,4.571613402459248,11.510151621420833,1980-99,0.23800000000000002,0,0,Bronx,100,12.233887869398234
5797,4.333361462692601,11.528848025514044,1960-79,0.2,0,0,Queens,100,10.235716746223119
5798,4.297285406218791,11.147411572364291,1930-59,0.18100000000000002,0,0,Queens,100,10.665283062377494
5799,4.014579593753238,11.02038170488225,2000-09,0.34700000000000003,0,0,Manhattan,100,3.9275369433943736
5801,4.279440045898781,11.184421397998193,1930-59,0.153,0,0,Brooklyn,100,7.916666666666666
5804,4.602165676967792,11.023698240756733,pre-1930,0.138,0,1,Bronx,100,9.623226227369107
5808,4.570578741218473,11.337380892455297,1930-59,0.184,0,0,Queens,100,10.846245530393325
5809,4.45318382899021,11.887230088828769,1930-59,0.44299999999999995,0,0,Queens,100,10.591617491299743
5813,4.389498649512583,11.695247021764184,1930-59,0.122,0,0,Brooklyn,100,8.25
5814,4.335982696172475,11.56171562913966,pre-1930,0.139,0,0,Unknown,100,10.666666666666668
5820,4.2710950739666,11.362102575235644,1930-59,0.13,0,0,Brooklyn,100,8.255813953488373
5821,4.406719247264253,10.847899160126937,pre-1930,0.147,0,0,Unknown,100,10.694979193404116
5822,4.507557357121091,11.939447315604003,1960-79,0.171,0,0,Brooklyn,100,9.726356467700663
5826,4.191168746857641,11.451454234882123,1960-79,0.231,0,0,Brooklyn,100,9.995959080371765
5830,4.120661870539474,12.032135838270612,1960-79,0.16399999999999998,0,0,Brooklyn,100,7.9728684476706135
5831,4.189654742026425,11.72214046278653,1960-79,0.177,0,0,Brooklyn,100,10.708114641724332
5833,4.37449836825309,11.191865841461494,1980-99,0.276,0,0,Bronx,100,7.444373983291516
5835,4.1059436980654525,11.490935447078613,1930-59,0.162,0,1,Queens,100,9.608995655507282
5836,4.312140507209715,10.928847912796902,1930-59,0.153,0,1,Queens,100,7.890678239661418
5837,4.3294166844015844,10.939408501864317,1930-59,0.15,0,1,Queens,100,8.695034957589524
5838,4.48863636973214,11.04914244753755,1960-79,0.264,0,0,Bronx,100,8.427412943234218
5843,4.330733340286331,13.129902883761952,2000-09,0.42200000000000004,0,0,Manhattan,100,9.52789290648373
5845,4.609162207257629,11.159388449722423,pre-1930,0.145,0,0,Bronx,100,11.250356023924809
5849,4.087655574071304,11.380113813270055,1960-79,0.152,0,0,Brooklyn,100,7.537430193118098
5851,3.6838669122903918,11.944409135476945,pre-1930,0.308,0,0,Bronx,100,7.534718162568041
5852,4.072439726834051,11.358561429050845,pre-1930,0.225,0,0,Bronx,100,8.401792382374907
5853,4.489759334476764,10.910039375355025,pre-1930,0.177,0,0,Bronx,100,10.050618569888348
5854,4.30406509320417,11.221355845791255,pre-1930,0.207,0,0,Bronx,100,10.440509175601333
5859,4.2710950739666,12.26986870361025,pre-1930,0.302,0,0,Manhattan,100,4.362612876744459
5860,4.119037174812473,10.922334872735375,1930-59,0.124,0,1,Queens,100,7.76173285198556
5862,4.021773869387265,11.523736811181879,1930-59,0.153,0,0,Queens,100,7.815050402128859
5864,3.5380565643793527,11.55200193695202,pre-1930,0.5770000000000001,0,0,Manhattan,100,2.404192912439294
5867,4.3134800921387715,11.705246856342516,2000-09,0.556,1,0,Manhattan,90,4.207712489480719
5869,4.251348311031766,11.159103590013903,pre-1930,0.182,0,0,Brooklyn,100,10.113960113960115
5870,4.441474093317302,11.157050201202061,pre-1930,0.14400000000000002,0,0,Brooklyn,100,11.133949982870847
5871,4.554928969551344,11.165663225069604,pre-1930,0.125,0,0,Brooklyn,100,10.3308709065693
5872,4.135166556742356,11.187749188090867,1960-79,0.183,0,0,Brooklyn,100,10.65891472868217
5873,4.389498649512583,11.192720200812888,1930-59,0.122,0,0,Brooklyn,100,9.917355371900827
5874,4.215086179918229,11.65276566515273,1930-59,0.163,0,0,Brooklyn,100,8.694971697867123
5877,4.394449154672439,11.10920383611844,1930-59,0.142,0,0,Brooklyn,100,10.930925534941528
5878,4.366912996863833,11.95495391238544,1930-59,0.127,0,0,Brooklyn,100,8.03414188937308
5879,4.359269647551265,10.142898076314209,1960-79,0.184,0,0,Brooklyn,100,14.167650531286895
5880,4.351567427189173,10.809546113844034,1930-59,0.17600000000000002,0,0,Brooklyn,100,10.506960861570791
5881,4.412798293340635,11.021902468500418,pre-1930,0.18,0,0,Brooklyn,100,9.640522875816993
5882,4.264087336809195,11.110580484198307,pre-1930,0.152,0,0,Brooklyn,100,8.97196261682243
5884,4.310799125385514,11.472103470449973,pre-1930,0.146,0,0,Brooklyn,100,10.0
5885,4.133565275375382,11.775028156769032,1930-59,0.168,0,0,Brooklyn,100,7.540433651878184
5888,4.09933210373314,11.681688857165332,pre-1930,0.14800000000000002,0,0,Bronx,100,6.926611704284363
5895,4.012772908528289,11.664014319333084,1930-59,0.151,0,0,Brooklyn,100,6.70621614650503
5897,4.204692619390966,11.424531314207632,pre-1930,0.153,0,0,Brooklyn,100,7.7561721651736955
5898,4.31748811353631,11.177452728682098,pre-1930,0.153,0,0,Brooklyn,100,8.391608391608392
5900,3.3032169733019514,10.890497664622936,1980-99,1.0,0,0,Bronx,100,15.839296362552176
5901,4.219507705176107,11.405896892211706,pre-1930,0.588,0,0,Bronx,100,10.5731775180857
5902,4.740574822994295,10.564627936960987,2000-09,0.41100000000000003,0,0,Brooklyn,100,18.58544140423335
5903,4.225372824628505,10.915797303837524,2000-09,0.41600000000000004,0,0,Bronx,100,9.81122476789186
5905,4.388257184424518,11.717090049686636,2000-09,0.27399999999999997,0,0,Bronx,100,9.62087240114146
5910,4.155753190350744,11.795883898585595,pre-1930,0.154,0,1,Manhattan,100,6.028408876832071
5912,4.146304301152812,11.145608379503926,pre-1930,0.204,0,0,Manhattan,100,8.085591764247246
5913,4.343805421853684,12.411109251067343,2000-09,0.33,0,0,Brooklyn,100,10.019795205161415
5915,4.138361447638875,11.366152502731856,pre-1930,0.281,0,0,Manhattan,100,8.454064320374295
5917,4.516338972281476,10.997472484818747,1960-79,0.172,0,1,Queens,100,16.074209266111882
5920,4.628886712605407,11.412497210135735,1930-59,0.16,0,1,Manhattan,100,11.056443142241141
5923,4.110873864173311,10.827508330472194,pre-1930,0.193,0,0,Manhattan,100,8.335317932841152
5933,3.6913763343125234,10.885285086612402,1930-59,0.449,0,0,Bronx,100,12.550341856326684
5936,4.414009680526933,10.926837356703691,1930-59,0.161,0,0,Bronx,100,10.96136567834681
5940,4.368181227851829,11.192720200812888,pre-1930,0.19699999999999998,0,0,Bronx,100,8.677685950413222
5941,4.310799125385514,11.833558637561696,1980-99,0.237,0,0,Bronx,100,10.522496371552975
5947,4.139955073474153,11.05089000537367,pre-1930,0.184,0,1,Bronx,100,8.571428571428571
5948,4.426043520090656,11.155678929132538,1960-79,0.174,0,1,Bronx,100,9.005145797598628
5957,4.49647076906475,10.979018845927424,1930-59,0.145,0,0,Brooklyn,100,10.062935989493614
5958,4.4796069630127455,11.20714730824904,1930-59,0.184,0,0,Brooklyn,100,11.540289186070193
5959,4.2017030805426,13.83163289186932,2010+,0.57,1,0,Manhattan,95,8.8363822788223
5966,4.415219602029645,11.520496730466547,2010+,0.34299999999999997,0,0,Staten Is,100,9.229853116315999
5975,4.409155302062135,10.865898220023837,pre-1930,0.131,0,0,Brooklyn,100,12.032085561497327
5976,3.871201010907891,11.459777820759337,2000-09,0.413,0,0,Bronx,100,9.069433898591074
5979,3.597312260588446,11.082142548877775,2000-09,0.312,0,0,Brooklyn,95,5.538461538461539
6009,3.9160150266976834,10.940756210963185,1930-59,0.231,0,0,Brooklyn,100,8.32890306574517
6024,4.2612704335380815,11.68408495705799,1930-59,0.172,0,0,Bronx,100,8.08979674385681
6026,4.390738575275903,11.4620215684417,1930-59,0.159,0,1,Brooklyn,100,7.575996717068089
6027,4.238444906195857,11.350994597824007,1930-59,0.152,0,0,Brooklyn,100,7.1722516166960615
6029,4.483002552013883,11.040534989471949,1930-59,0.127,0,1,Brooklyn,100,8.500264630880018
6040,4.403054001865957,11.115428526511241,1930-59,0.185,0,0,Brooklyn,100,12.000000000000002
6041,4.581901559048737,11.026402133727203,1930-59,0.166,0,0,Queens,100,9.759906304899474
6042,4.363098624788363,11.322164395462405,pre-1930,0.124,0,0,Bronx,100,8.108140815412728
6045,3.9684033388642534,13.158533287741443,2000-09,0.47,0,0,Manhattan,95,9.22039443227061
6050,4.404277243608702,10.862818616599109,2010+,0.441,0,0,Manhattan,100,12.452345830379892
6054,4.4343818650078095,11.067700298288187,pre-1930,0.10400000000000001,0,0,Manhattan,100,10.61372291939814
6055,4.414009680526933,10.882753083571671,1960-79,0.21100000000000002,0,0,Queens,100,14.460093896713614
6056,4.060443010546419,11.300437441343993,2010+,0.369,0,0,Bronx,0,7.296832679916395
6057,3.9512437185814275,11.855202251122634,2000-09,0.489,0,0,Brooklyn,95,8.521819408443703
6058,4.338597076746545,10.920112187793817,pre-1930,0.132,0,0,Brooklyn,100,10.492609946270601
6062,3.9871304779149512,11.539392112785254,pre-1930,0.214,0,0,Manhattan,100,4.6746265168189165
6065,4.26689632742025,10.85321306049652,1980-99,0.244,0,0,Queens,100,10.638297872340425
6068,4.247065649239764,11.669971947909513,1960-79,0.258,1,0,Manhattan,100,10.854236998418871
6069,4.074141854904581,11.312704668288442,1960-79,0.249,0,0,Manhattan,100,10.628550485614808
6071,3.2809112157876537,10.95191119962095,1930-59,0.8340000000000001,0,0,Bronx,100,8.587000332965319
6075,4.3694478524670215,11.380673253844087,1980-99,0.20600000000000002,0,0,Queens,100,9.13116924622198
6078,4.351567427189173,12.779678683368813,2010+,0.34299999999999997,0,0,Queens,100,10.762655276659407
6079,4.536891345234797,12.17455617831238,1960-79,0.18100000000000002,0,1,Brooklyn,95,8.307747877912227
6082,4.152613470346076,12.40886245771397,1980-99,0.37799999999999995,0,0,Manhattan,100,10.817960263386716
6085,4.144720769547168,11.26270615111828,1930-59,0.132,0,1,Brooklyn,100,7.834273017993143
6086,4.580877493419047,12.265755647691348,1960-79,0.171,0,0,Bronx,100,11.25765426283561
6087,4.206184043977636,11.261382439134321,1930-59,0.188,0,1,Bronx,100,10.030864197530866
6092,4.110873864173311,11.859701576729714,1980-99,0.23,0,0,Queens,100,11.240721102863203
6094,4.72384171570559,11.084524325579006,2010+,0.297,0,0,Manhattan,100,7.213567646381705
6107,4.0163830207523885,12.09720599054306,2010+,0.405,0,0,Manhattan,100,9.366114734905501
6110,4.130354999745133,11.22357533541775,pre-1930,0.149,0,0,Manhattan,100,4.808013355592654
6116,4.021773869387265,10.838285955966024,2010+,0.4,0,0,Bronx,90,9.031295401892645
6118,4.373238128640803,11.021804424478573,pre-1930,0.177,0,0,Bronx,100,7.843906265320129
6119,4.147885329150131,11.460747568911648,1980-99,0.251,0,0,Bronx,100,13.064183067133044
6120,2.740840023925201,10.871421517562121,pre-1930,0.8320000000000001,0,0,Bronx,100,11.016144349477683
6122,5.342812606434588,11.109682885215161,1980-99,0.083,0,0,Bronx,100,13.919030157898675
6124,4.534747721691546,11.19684391799675,pre-1930,0.192,0,0,Bronx,100,9.465020576131687
6126,4.683056724645162,10.846167018748186,1980-99,0.2,0,0,Bronx,100,17.92079786508756
6127,3.960813169597578,11.244366050125537,1980-99,0.32799999999999996,0,0,Bronx,100,11.90351611552951
6128,4.155753190350744,11.185032322456948,1980-99,0.326,0,0,Bronx,100,12.769973904835934
6129,3.9627161197436642,11.447127484379797,pre-1930,0.237,0,1,Bronx,100,7.6896787423103214
6130,4.511957804265912,11.04114425676673,pre-1930,0.231,0,0,Bronx,100,6.731955953773902
6131,4.502029427068578,11.287228656868301,2010+,0.4,0,0,Brooklyn,100,20.176449947365782
6133,3.742420221041966,11.384228083947963,1930-59,0.251,0,1,Bronx,100,9.667440061871616
6134,4.2017030805426,11.814273728185825,1930-59,0.231,0,0,Bronx,100,6.954308712121213
6136,4.484131857611035,11.36789969291997,1960-79,0.195,0,0,Queens,100,9.595375722543352
6137,4.45318382899021,11.211820372186306,1930-59,0.152,0,0,Bronx,100,8.783783783783784
6142,4.239886867512759,11.389333087717597,pre-1930,0.165,0,1,Bronx,90,8.712969878018422
6143,4.400603020246817,11.256974590679901,pre-1930,0.131,0,1,Bronx,90,8.78348704435661
6146,4.522874943261261,11.484083505735331,1960-79,0.19899999999999998,0,0,Brooklyn,100,10.910176312566259
6150,4.903050083416319,10.934891091510787,pre-1930,0.152,0,1,Bronx,100,11.586452762923352
6152,4.109233174715851,11.347402026452155,2010+,0.324,0,0,Manhattan,100,9.440084960764647
6154,4.041295341132285,11.834719067050777,1980-99,0.506,1,0,Manhattan,100,2.6094520150768337
6155,2.5649493574615367,13.089840185698769,1960-79,0.915,0,0,Brooklyn,100,6.6115702479338845
6156,4.333361462692601,12.121059271203217,1960-79,0.172,0,0,Bronx,100,7.729994556341862
6157,3.8897773964808264,11.84939770159144,1960-79,0.345,0,0,Bronx,100,9.0
6158,4.506454213048934,11.04879256919622,1930-59,0.221,0,0,Brooklyn,100,9.54380606986066
6159,4.443827035579329,11.557372879705524,1930-59,0.1,0,0,Brooklyn,100,6.886986465158544
6160,4.3267781604434035,11.685979207943268,1960-79,0.20600000000000002,0,0,Brooklyn,80,11.186529063948257
6161,4.484131857611035,11.350406535472453,1930-59,0.22,0,0,Bronx,100,9.294117647058824
6163,4.100989104940769,11.565707650409198,1930-59,0.157,0,0,Brooklyn,100,7.968127490039841
6164,3.9926809084456005,12.29346061826539,1980-99,0.486,1,0,Manhattan,100,7.9261811384378555
6165,4.308110951723713,11.125349389697805,pre-1930,0.157,0,1,Manhattan,100,4.862236628849271
6166,4.229749199228304,11.16978705872982,1960-79,0.23,0,0,Manhattan,100,10.28835583617555
6167,4.110873864173311,12.40431266201148,2000-09,0.495,0,0,Brooklyn,100,7.422565419046878
6168,4.1728476237100445,11.244941439182865,1930-59,0.163,0,0,Bronx,100,7.190294409872928
6174,4.223909766576744,11.400495575625094,pre-1930,0.12,0,1,Brooklyn,100,7.832956605420406
6175,4.475061500641071,11.018465195290503,1930-59,0.10300000000000001,0,0,Brooklyn,90,7.706181341203476
6176,4.036008985209137,11.721564330081556,pre-1930,0.26,0,0,Manhattan,100,2.5974025974025974
6180,4.784152841516532,11.722189134850398,1960-79,0.129,0,1,Queens,100,4.380379146150539
6182,4.42484663185681,11.024513436041138,pre-1930,0.149,0,0,Bronx,100,10.104302477183833
6184,4.060443010546419,10.896739325546411,pre-1930,0.213,0,0,Bronx,100,11.481481481481481
6185,4.531523645819793,11.730646340116044,pre-1930,0.161,0,0,Bronx,100,9.491329107815064
6202,4.857484114602081,11.516887605315247,2010+,0.521,0,0,Manhattan,100,9.761247846051177
6203,4.624972813284271,12.28506865175667,1960-79,0.22699999999999998,0,1,Manhattan,100,10.8575124745888
6210,4.4520190064939165,13.245506245682936,2000-09,0.38299999999999995,0,1,Manhattan,100,10.043800163742233
6213,4.39197696552705,12.46685489003296,1980-99,0.27,0,0,Manhattan,100,9.55356351771454
6219,4.590056548178043,12.333277819765462,1980-99,0.239,0,1,Manhattan,100,9.862193457491305
6220,4.500920164614292,12.679738311327593,1980-99,0.293,0,1,Manhattan,100,8.468929614476888
6223,5.38632824387075,12.32756877909844,1960-79,0.166,0,1,Manhattan,100,11.911245721471682
6226,4.514150787600923,13.163345999023361,2000-09,0.3,0,1,Manhattan,100,7.601978818122657
6227,4.473921899378137,12.575924392825469,2000-09,0.42100000000000004,0,1,Manhattan,100,7.910080689731403
6229,4.646312129319266,12.727838209334498,2000-09,0.275,0,1,Manhattan,100,8.516320474777448
6232,3.7062280924485496,12.429672092907978,1960-79,1.0,0,0,Queens,100,8.596080187434529
6234,3.977810745966149,10.942968894965482,pre-1930,0.287,0,1,Manhattan,100,6.188665900450889
6238,4.9459189793765646,11.418944401499335,1930-59,0.10099999999999999,0,1,Queens,100,10.436119960452597
6239,3.242592351485517,10.887268694433738,pre-1930,0.5770000000000001,0,0,Manhattan,100,4.673683423379634
6246,3.681351187693145,11.888879369704004,2000-09,0.774,0,0,Manhattan,100,4.39445749049012
6247,3.8522730010223722,11.587550446308809,2000-09,0.5429999999999999,0,0,Manhattan,100,10.023387905111926
6248,3.8372994592322094,11.8618978199901,pre-1930,0.315,0,0,Manhattan,100,3.5270631555928644
6252,4.102643365036796,11.342860488481676,1930-59,0.221,0,1,Manhattan,100,9.483054966157347
6253,4.231203744939298,11.58303904156588,pre-1930,0.226,0,1,Manhattan,100,2.4239486122894194
6254,4.335982696172475,11.856621546680762,1930-59,0.28800000000000003,0,0,Manhattan,100,13.899230578307272
6257,4.460144413937834,12.174040035948861,1930-59,0.20600000000000002,0,1,Manhattan,100,13.061772374093291
6258,3.5751506887855933,11.984496615013056,1960-79,0.496,0,1,Manhattan,100,12.66762765910977
6260,4.247065649239764,11.847252545245054,pre-1930,0.231,0,0,Manhattan,100,15.60486757337151
6261,4.373238128640803,11.702752121249956,pre-1930,0.23800000000000002,0,1,Manhattan,100,19.850459868986963
6262,4.601162164590552,12.239352670764973,1960-79,0.2,0,0,Manhattan,100,8.125048363383115
6265,4.1666652238017265,11.441042707496603,pre-1930,0.198,0,1,Manhattan,100,5.909911458781054
6266,4.11251186617755,11.915419497133438,pre-1930,0.203,0,0,Manhattan,100,4.145632041723781
6267,3.735285826928092,12.51972943515415,pre-1930,0.43,0,1,Manhattan,100,5.846158343198725
6268,4.074141854904581,11.785468518579206,1930-59,0.188,0,1,Manhattan,100,7.918982715297342
6269,3.8437441646748516,12.253519050116106,pre-1930,0.251,0,0,Manhattan,100,3.9100124929667457
6270,4.249922794040544,12.075092281976602,pre-1930,0.19699999999999998,0,0,Manhattan,100,7.124658728846888
6271,4.023564380161053,11.334528198068428,pre-1930,0.318,0,0,Manhattan,100,3.2273102162297844
6272,4.2612704335380815,12.202451095627644,pre-1930,0.175,0,0,Manhattan,100,4.014512462552126
6273,3.912023005428146,11.767583187099595,1930-59,0.222,0,1,Manhattan,100,5.503790638904824
6275,4.039536325727106,11.878692946219847,pre-1930,0.239,0,0,Manhattan,100,4.508816470359734
6276,4.373238128640803,11.673938260817932,pre-1930,0.142,0,0,Manhattan,100,5.788712011577424
6277,4.133565275375382,11.535107611903877,pre-1930,0.204,0,0,Manhattan,100,4.303473098402825
6279,4.146304301152812,11.242297147084274,pre-1930,0.213,0,0,Manhattan,100,4.980993577139862
6280,4.183575695950044,12.890509501111792,1930-59,0.193,0,0,Manhattan,100,6.027271512189463
6281,4.085976312551584,11.914790768215276,pre-1930,0.18,0,1,Manhattan,100,4.616588942934946
6282,3.899950424193877,12.387410385201395,pre-1930,0.217,0,0,Manhattan,100,3.5451527335212956
6283,4.138361447638875,11.932470977286398,pre-1930,0.204,0,1,Manhattan,100,6.179047769298021
6284,4.000033882750859,11.996215438541698,pre-1930,0.171,0,0,Manhattan,100,4.440606882940669
6286,4.3694478524670215,11.125938578107837,pre-1930,0.162,0,1,Manhattan,100,9.129730525695773
6287,4.543294782270004,12.473810905719647,1930-59,0.204,0,1,Manhattan,100,17.559228924143365
6288,4.308110951723713,11.565451499221675,pre-1930,0.21,0,1,Manhattan,100,13.56826354691488
6289,4.26549281841793,11.787195496759322,1930-59,0.18600000000000003,0,1,Manhattan,100,12.39006666311941
6290,3.9852734671677386,11.506796722537052,1930-59,0.18,0,0,Manhattan,100,9.960860859853707
6291,4.294560608892605,11.515861151622323,1930-59,0.522,0,0,Manhattan,100,5.782997985921392
6292,4.483002552013883,11.772632355591485,1930-59,0.301,0,0,Manhattan,100,11.26065327214531
6294,4.2017030805426,11.003731842099363,pre-1930,0.259,0,0,Manhattan,100,5.158241538819928
6295,4.242764567340374,11.128717807741976,pre-1930,0.17600000000000002,0,0,Manhattan,100,5.726956342971262
6299,3.9815490680767565,11.405807850963289,pre-1930,0.239,0,0,Manhattan,100,4.674873667104472
6300,4.232656178019613,11.486509618464794,1960-79,0.196,0,0,Manhattan,100,9.754294456480444
6301,4.2612704335380815,11.051968788357373,pre-1930,0.251,0,1,Manhattan,100,5.7081245639627065
6304,3.9982007016691985,11.681232610378604,pre-1930,0.28300000000000003,0,1,Manhattan,100,4.9860559452378945
6305,4.272490747605575,11.120134697003119,1980-99,0.311,0,0,Manhattan,100,8.442318230964053
6307,4.143134726391533,12.652577324487147,1960-79,0.297,0,0,Manhattan,100,6.046684241509047
6309,4.283586561860629,11.401010180341729,pre-1930,0.177,0,1,Manhattan,100,6.82235046749877
6310,4.028916756899646,11.500731418869522,pre-1930,0.17800000000000002,0,0,Manhattan,100,6.0736121796169575
6311,4.096009841541162,11.518211469399466,pre-1930,0.2,0,1,Manhattan,100,9.847806624888092
6312,4.334672938290411,11.415213402954866,1930-59,0.185,0,1,Manhattan,100,9.372484590532688
6313,4.089332020398556,11.309890866578732,pre-1930,0.23,0,0,Manhattan,100,9.310872894333844
6314,4.1059436980654525,12.050967343529459,pre-1930,0.14800000000000002,0,0,Manhattan,100,4.437567512334686
6315,4.631812116934513,12.178896702024423,pre-1930,0.153,0,0,Manhattan,100,17.31419352849906
6316,3.586292865338835,11.619409349413,pre-1930,0.26,0,0,Manhattan,100,4.584846632385199
6318,4.447346100794524,13.091904169919621,1960-79,0.151,0,0,Bronx,100,6.989690721649484
6319,4.28771595520264,12.199249420182047,1930-59,0.124,0,1,Queens,100,7.853403141361257
6327,3.8522730010223722,11.85963087787147,2000-09,0.6609999999999999,0,0,Manhattan,100,6.999434389140272
6329,4.3476939555933765,10.96332436225283,pre-1930,0.235,0,0,Manhattan,100,3.8116358848192937
6330,4.259859000699674,11.660042897971735,pre-1930,0.188,0,1,Manhattan,100,4.833878583328298
6335,4.235554730773624,11.924644310965979,1960-79,0.364,0,0,Manhattan,100,9.805155656846052
6338,4.163559631243574,11.776327652148,1960-79,0.345,1,0,Manhattan,100,10.834902216928572
6339,4.601162164590552,12.141806087407309,1960-79,0.21600000000000003,1,0,Manhattan,100,15.569098538530852
6340,3.822098297900159,12.289669031403008,1960-79,0.22,1,0,Manhattan,100,13.153174698074853
6341,4.046553898385752,12.155052997908458,2000-09,0.596,0,0,Manhattan,100,6.787616020878497
6342,3.824284091120139,11.732631113462913,1960-79,0.34,0,0,Manhattan,100,7.064244487079657
6344,4.084294226368599,11.07497848661681,pre-1930,0.233,0,0,Manhattan,100,7.282756910871452
6345,4.169761201506855,11.30475672933072,1930-59,0.191,0,0,Manhattan,100,8.98937283731698
6346,4.328098292648326,11.034518627459738,1930-59,0.183,0,0,Manhattan,100,16.29636800748665
6348,3.7013019741124933,11.162970746789632,pre-1930,0.35,0,0,Manhattan,100,8.939720740152117
6349,4.398146016553765,11.88963438199166,1960-79,0.198,1,0,Manhattan,100,8.645058594286029
6350,4.302712827954156,12.42236477939528,1930-59,0.2,0,0,Manhattan,100,8.256374525258465
6353,4.335982696172475,10.891652334646002,pre-1930,0.317,0,0,Manhattan,100,8.37583293005249
6354,4.571613402459248,12.795225044060075,1960-79,0.187,0,1,Manhattan,100,8.738057987417196
6355,4.3054155323020415,12.028362440093629,1930-59,0.26899999999999996,0,0,Manhattan,100,7.286322616864851
6356,4.356708826689592,11.997694546416437,1960-79,0.196,0,1,Bronx,100,8.129079935952705
6357,4.811371016571989,11.905852296380287,1960-79,0.11900000000000001,0,1,Bronx,100,9.316078336067399
6358,4.257030144499196,11.7698132222486,1960-79,0.27699999999999997,0,0,Bronx,100,9.28146028308454
6359,4.355425952876702,12.141331437186272,1930-59,0.12,0,1,Bronx,100,7.681556795510557
6360,4.000033882750859,12.017934203414654,1930-59,0.13699999999999998,0,1,Bronx,100,6.819553409776705
6361,4.151039905898646,11.49792349605188,2010+,0.534,0,0,Brooklyn,100,6.699759417729999
6363,4.23410650459726,12.755008750985898,1960-79,0.145,0,0,Brooklyn,100,8.259164495988818
6364,4.4343818650078095,12.185272821198257,1930-59,0.18100000000000002,0,1,Brooklyn,100,8.576548245636426
6365,4.242764567340374,11.956905909306727,1930-59,0.151,0,1,Queens,100,8.210917954968247
6366,4.09933210373314,11.424094251263613,1930-59,0.195,0,1,Queens,100,10.491803278688526
6367,3.6454498961866,10.967646413134858,2010+,0.47200000000000003,0,0,Brooklyn,100,4.830251173060999
6399,3.4657359027997265,11.284128462976676,2000-09,0.349,0,0,Unknown,100,5.782599404140844
6402,4.368181227851829,11.576707450006516,1960-79,0.153,0,0,Queens,100,9.475916161597208
6403,3.8133070324889884,11.364228221424934,2000-09,0.8590000000000001,0,0,Manhattan,100,4.641286564635717
6404,4.841822087327094,11.27311885275948,pre-1930,0.187,0,0,Manhattan,100,8.261521645186711
6406,3.1780538303479458,11.408298013888231,1930-59,0.435,0,0,Manhattan,100,7.661048564386117
6407,4.28771595520264,11.576707450006516,1960-79,0.159,0,0,Queens,80,9.475916161597208
6408,4.207673247529104,11.472821962272894,1960-79,0.205,0,0,Queens,100,12.803297629828561
6409,3.906004933102583,12.733489864389083,2000-09,0.389,0,0,Manhattan,100,9.560060192971585
6410,4.504244267398131,11.43421769919846,2000-09,0.365,0,0,Manhattan,95,6.0585734223366625
6414,4.486386649998124,13.357819615525157,2000-09,0.569,0,0,Manhattan,95,5.673709547162118
6415,4.1956970564823886,13.178845785025775,1960-79,0.488,0,0,Manhattan,95,9.318519470602244
6419,4.147885329150131,12.070373190069281,2000-09,0.363,0,0,Manhattan,95,11.968778096563414
6430,4.619073091157083,10.935764150568996,pre-1930,0.228,0,0,Bronx,100,10.86395127250708
6439,4.624972813284271,10.991409569996048,1930-59,0.135,0,0,Bronx,100,9.602102355041946
6440,4.421247347827163,11.362102575235644,1930-59,0.139,0,0,Bronx,100,10.0
6446,4.410371107683024,11.679287002185454,1980-99,0.265,0,0,Manhattan,100,10.245554614733278
6448,4.065602093356446,11.888343651726096,2000-09,0.361,0,0,Bronx,100,8.93102500687002
6450,4.3489867805956814,11.113193888709825,2000-09,0.273,0,0,Bronx,100,8.650260999254288
6453,4.251348311031766,11.506535089948214,2000-09,0.231,0,0,Bronx,100,8.856415365880661
6454,4.207673247529104,11.314352567590223,2010+,0.28300000000000003,0,0,Bronx,100,9.269423100378095
6457,4.185098925490565,11.924644310965979,2010+,0.545,0,0,Brooklyn,100,10.798921432877748
6458,4.33204826486764,10.871421517562121,2000-09,0.263,0,0,Brooklyn,100,12.535612535612536
6460,4.3294166844015844,11.173950098130897,1930-59,0.159,0,0,Bronx,100,8.842105263157896
6463,4.361823927356363,11.441569088318415,1980-99,0.23800000000000002,0,0,Queens,100,7.517747253337342
6465,4.473921899378137,12.152645497147313,1930-59,0.289,0,0,Manhattan,100,11.814657559534798
6470,2.833213344056216,11.222920697148803,1930-59,0.77,0,0,Bronx,100,9.622323791195575
6473,4.231203744939298,11.321135221314014,1930-59,0.183,0,0,Bronx,100,10.297039298347629
6474,4.314817884980432,11.362102575235644,1930-59,0.132,0,0,Bronx,100,7.558139534883721
6477,4.3294166844015844,11.880571011187392,2000-09,0.331,0,0,Queens,100,7.615988035975159
6478,4.388257184424518,11.159530849153066,1930-59,0.153,0,0,Bronx,100,9.540082585789548
6479,4.191168746857641,11.317129535174256,pre-1930,0.171,0,0,Unknown,100,4.500231092948017
6481,4.257030144499196,12.641927925406803,2010+,0.586,0,0,Brooklyn,100,11.349783513388541
6483,3.6428355156125294,12.39236132288524,1960-79,0.493,0,0,Manhattan,100,9.005868340015107
6484,4.0809215418899605,10.916669032639797,2000-09,0.373,0,0,Manhattan,100,5.990524080091491
6486,4.316153890523174,13.346036388529953,2000-09,0.409,0,0,Manhattan,100,8.875299641309962
6488,4.117409835153096,11.273258653353224,pre-1930,0.23199999999999998,0,1,Manhattan,100,4.702054925084828
6490,4.251348311031766,11.924710559823211,1960-79,0.254,0,0,Manhattan,100,10.135739412127114
6493,4.475061500641071,11.15499258730738,pre-1930,0.185,0,0,Queens,100,14.017622153564481
6495,4.416428061391214,11.48246625748552,2000-09,0.293,0,0,Manhattan,100,9.278350515463917
6496,4.072439726834051,11.45245333152685,2000-09,0.32799999999999996,0,0,Manhattan,100,7.648833552883186
6497,4.4953553199808844,11.135377034856273,2010+,0.249,0,0,Bronx,100,8.752224523733116
6499,4.26689632742025,11.529605575221426,2000-09,0.33299999999999996,0,0,Bronx,100,7.572628390472256
6500,4.268297869345539,11.635965768057957,2000-09,0.319,0,0,Bronx,100,7.073824197784124
6501,4.30406509320417,11.569844405694335,2000-09,0.28800000000000003,0,0,Bronx,100,7.557365124649292
6502,4.411585436915426,12.051451855218296,2000-09,0.228,0,0,Bronx,100,7.995424516189276
6503,4.231203744939298,11.768838193733025,2000-09,0.272,0,0,Bronx,100,7.742095320677588
6505,4.418840607796598,11.916148060525613,2000-09,0.294,0,0,Bronx,100,8.752939918751336
6509,4.283586561860629,11.490281003485675,2000-09,0.215,0,0,Bronx,100,7.671770951606469
6511,4.244200317766478,11.699172639766655,2000-09,0.23800000000000002,0,0,Bronx,100,9.960820771631582
6512,4.380775852772229,11.614163494848393,2000-09,0.259,0,0,Bronx,100,10.392755797350299
6513,4.368181227851829,11.480216305560523,2000-09,0.258,0,0,Bronx,100,9.195924862061126
6514,4.703203926259457,11.472863598146368,2000-09,0.17800000000000002,0,0,Bronx,100,10.200576644842982
6515,4.239886867512759,11.43347091762982,2010+,0.255,0,0,Bronx,100,12.342738355600787
6516,4.1666652238017265,11.447212921604848,2010+,0.27399999999999997,0,0,Bronx,100,12.38786843229389
6517,4.388257184424518,11.374490641582973,2000-09,0.243,0,0,Bronx,100,9.532341051084162
6519,4.375757021660286,11.184421397998193,2000-09,0.266,0,0,Bronx,100,10.416666666666666
6520,4.674696248636701,11.031610098578179,1980-99,0.231,0,0,Bronx,100,11.003770409566808
6521,4.492001487882454,11.206943635347015,1980-99,0.233,0,0,Bronx,100,10.863661053775122
6524,4.247065649239764,11.688977408750588,2000-09,0.276,0,0,Bronx,100,9.643605870020965
6525,4.609162207257629,10.93828994344506,2000-09,0.21899999999999997,0,0,Bronx,100,11.369490682347088
6526,4.771531723203316,11.375179489168247,2000-09,0.207,0,0,Bronx,100,9.64054537942432
6530,4.545420181582317,11.4980554523035,2000-09,0.26899999999999996,0,0,Bronx,100,9.743818764970973
6531,4.3528552573736015,11.735172614636502,2000-09,0.251,0,0,Bronx,100,10.40932675677407
6532,4.598145571051127,11.297973272682308,2000-09,0.255,0,0,Bronx,100,8.678618363956458
6533,4.498697941477575,11.310515480042925,2000-09,0.253,0,0,Bronx,100,10.896713844948334
6534,4.33204826486764,11.157678073022682,2000-09,0.262,0,0,Bronx,100,10.556348074179743
6535,4.155753190350744,11.318235736700808,2000-09,0.344,0,0,Bronx,100,10.934405715049387
6536,4.343805421853684,11.437425755568581,2000-09,0.27899999999999997,0,0,Bronx,100,9.92149081183677
6538,4.558078578454241,11.383977836542975,2000-09,0.225,0,0,Bronx,100,10.238674887943391
6541,4.189654742026425,11.479068739876027,2010+,0.376,0,0,Unknown,100,11.792574815611713
6543,3.9852734671677386,11.865137464772655,2010+,0.337,0,0,Brooklyn,100,12.375106348570183
6544,3.966511190712216,12.568835520354304,1930-59,0.276,0,0,Queens,100,10.123182784327504
6545,4.461299815568389,10.843553403061053,pre-1930,0.18100000000000002,0,0,Bronx,100,11.91336445130168
6553,4.384523514872469,11.056161799302767,1980-99,0.21100000000000002,0,0,Brooklyn,100,14.052705540555477
6554,4.207673247529104,10.922334872735375,1930-59,0.16399999999999998,0,0,Bronx,100,8.844765342960288
6565,4.120661870539474,11.054217795466345,2010+,0.433,0,0,Brooklyn,100,9.333966144597374
6566,4.075841090657541,10.973323066432819,2010+,0.377,0,0,Brooklyn,100,8.576623554838932
6571,3.8543938925915096,11.231887935237117,1930-59,0.231,0,1,Queens,100,9.403973509933776
6572,4.085976312551584,10.982067187454001,1930-59,0.187,0,1,Queens,100,11.222581193674547
6574,4.05871738457895,11.054043757224957,2010+,0.419,0,0,Brooklyn,100,9.335590753018243
6577,4.722063937459591,11.095316922915371,1930-59,0.11900000000000001,0,0,Bronx,100,10.780116000121465
6578,4.687671407499835,11.09854573947249,1930-59,0.129,0,0,Bronx,100,10.745365115399169
6579,4.73707525686803,11.095316922915371,1930-59,0.11900000000000001,0,0,Bronx,100,10.780116000121465
6584,4.384523514872469,11.699902833300378,1980-99,0.26,0,0,Manhattan,100,10.783012607830127
6587,4.238444906195857,11.600020171821162,2000-09,0.317,0,0,Manhattan,100,6.782768102658111
6589,4.063885354737392,11.644313311841197,pre-1930,0.335,0,0,Manhattan,100,2.9813838882507167
6591,4.191168746857641,10.8609586147206,2010+,0.20800000000000002,0,0,Queens,90,8.828835745268895
6596,4.100989104940769,11.401379190225317,1930-59,0.218,0,0,Brooklyn,100,8.27324053887864
6599,4.504244267398131,10.923381256492833,1930-59,0.17600000000000002,0,0,Brooklyn,100,12.081214612860181
6616,4.021773869387265,11.49272275765271,1980-99,0.28300000000000003,0,0,Manhattan,100,13.061224489795919
6626,4.3054155323020415,11.367494986760022,pre-1930,0.10099999999999999,0,1,Manhattan,100,8.442722488868327
6627,4.379523504455763,11.986049221552207,pre-1930,0.154,0,1,Bronx,100,7.102803738317758
6628,4.355425952876702,11.14875104152993,1930-59,0.138,0,1,Queens,100,9.78741166141313
6629,4.399375273008495,11.165068669482377,1930-59,0.111,0,1,Queens,100,9.345794392523365
6631,4.198704577546343,11.17277045525733,1930-59,0.14300000000000002,0,1,Queens,100,11.803389258915773
6634,4.987025428457122,10.980876204752612,pre-1930,0.098,0,0,Bronx,100,10.21450459652707
6635,4.858260813670253,11.027962500729965,pre-1930,0.138,0,0,Bronx,100,13.48015331644254
6637,4.387014176184921,11.10912896396261,2000-09,0.248,0,0,Bronx,100,12.578993081553806
6640,4.441474093317302,11.059991319620016,pre-1930,0.125,0,0,Manhattan,100,8.021895054737637
6641,4.028916756899646,11.860083264217119,2010+,0.31,0,0,Manhattan,100,9.893713251922208
6646,4.278054044290903,11.110341203236453,1930-59,0.151,0,0,Brooklyn,100,8.974109693534155
6656,3.996364153861897,12.702757761902,2000-09,0.342,0,0,Manhattan,100,8.976032471938488
6658,4.275276264727001,13.351988279314149,2000-09,0.284,0,0,Brooklyn,100,10.030775882899038
6664,4.185098925490565,11.547858151510251,1930-59,0.139,0,0,Staten Is,100,9.946405291873884
6666,2.4423470353692043,11.487484572488276,2000-09,1.0,0,0,Staten Is,100,5.846873461349089
6674,4.213607983048918,11.485215053401639,pre-1930,0.136,0,0,Brooklyn,100,4.420821038995754
6680,2.8213788864092133,13.371254204468345,1930-59,0.8490000000000001,0,0,Brooklyn,100,8.420382940304163
6681,4.472780997942346,13.619117256948817,2010+,0.373,0,0,Queens,100,10.770498327225996
6682,4.298645025734831,13.38472764187182,1960-79,0.175,0,0,Manhattan,100,6.676923076923077
6688,4.247065649239764,11.101688733038813,2000-09,0.462,0,0,Manhattan,100,7.845148831525429
6689,3.9589065913269965,10.976149354488483,1980-99,0.501,0,0,Manhattan,100,9.749756256093598
6693,4.174387269895637,12.058222078251395,pre-1930,0.19399999999999998,0,0,Bronx,95,6.492301984789464
6699,4.276666119016055,11.581704980365053,pre-1930,0.17300000000000001,0,0,Manhattan,100,12.322628827483195
6700,4.415219602029645,11.588672806908408,pre-1930,0.129,0,0,Manhattan,100,8.992388916185373
6708,4.465908118654584,11.850611250657103,pre-1930,0.19,0,0,Manhattan,100,12.55618177926803
6709,4.76473475565943,12.055627591383479,pre-1930,0.345,0,0,Manhattan,100,16.970330979571674
6719,4.282206299391671,11.860916815405156,1960-79,0.20800000000000002,0,0,Bronx,100,9.391196283063366
6720,4.91705694713669,10.993008641192457,pre-1930,0.08900000000000001,0,1,Queens,100,7.904872428814101
6728,4.123903364463645,11.01572328589452,pre-1930,0.205,0,0,Brooklyn,100,7.891751475593114
6729,4.2456340097683265,10.989099029026987,1930-59,0.209,0,0,Brooklyn,100,10.975094976783453
6730,4.456670177669648,11.139511197027199,pre-1930,0.179,0,0,Manhattan,100,10.604607920044161
6731,4.395682961121367,11.185670617398625,1930-59,0.175,0,0,Manhattan,100,9.016507143847969
6733,3.927896354584436,11.156250521031495,2010+,0.617,0,0,Manhattan,100,2.9999999999999996
6736,4.808111029984782,11.203679214602607,pre-1930,0.105,0,0,Brooklyn,90,8.991825613079019
6739,3.3638415951183864,10.933071254793802,1960-79,0.7240000000000001,0,0,Bronx,95,10.714668381013608
6742,4.239886867512759,11.888783236325734,1930-59,0.209,0,0,Manhattan,100,2.88413997692688
6744,4.091005660956586,10.93414214802101,pre-1930,0.433,0,0,Manhattan,100,2.3190267223233083
6745,4.28771595520264,11.05193707605141,pre-1930,0.405,0,0,Manhattan,100,4.915485364538737
6747,4.237000862623624,11.63124169178827,2000-09,0.695,0,0,Manhattan,100,3.7313432835820897
6750,4.373238128640803,11.496796083040344,1930-59,0.149,0,0,Queens,100,9.451219512195122
6753,4.382026634673881,11.189961578373808,1930-59,0.168,0,0,Queens,100,9.116022099447514
6756,4.528289141652134,13.068825460472238,2010+,0.41200000000000003,0,0,Manhattan,70,14.727758025889626
6757,4.239886867512759,11.010398644018933,1930-59,0.151,0,0,Queens,100,8.760330578512397
6760,4.286341384539473,11.064103903312146,pre-1930,0.162,0,0,Bronx,100,9.08549766596698
6762,4.3267781604434035,11.001699761182898,pre-1930,0.13699999999999998,0,1,Manhattan,95,10.337468320661598
6767,4.769836807543325,10.86249288681782,1930-59,0.094,0,0,Queens,95,11.498217776244681
6768,4.123903364463645,12.383084296359252,2010+,0.469,0,0,Manhattan,70,12.440884852699087
6769,4.048300623720694,12.130006603762597,2010+,0.39799999999999996,0,0,Manhattan,80,13.11026107223592
6770,4.3134800921387715,12.807564957488404,1960-79,0.17600000000000002,0,0,Manhattan,100,4.3017470024769295
6774,4.532599493153256,11.251560700835821,1960-79,0.17600000000000002,0,0,Staten Is,100,11.818181818181818
6776,4.500920164614292,10.93978107680498,1980-99,0.20199999999999999,0,0,Staten Is,100,11.707317073170731
6778,4.948759890378168,10.8503462859767,1930-59,0.062,0,0,Staten Is,100,9.117008069522036
6780,4.484131857611035,12.122718210134963,2000-09,0.31,0,0,Manhattan,100,11.467079698921225
6783,4.3054155323020415,11.981615732133434,1930-59,0.23199999999999998,0,0,Manhattan,100,11.202202891294824
6785,4.672828834461906,11.082142548877775,1930-59,0.20199999999999999,0,0,Manhattan,100,13.846153846153845
6786,4.074141854904581,11.242454429248802,pre-1930,0.193,0,0,Manhattan,100,4.455977562842389
6791,3.580737295494233,11.262179446542401,1960-79,0.375,0,0,Queens,90,10.151371077587315
6792,4.506454213048934,11.17125172394955,1960-79,0.139,0,0,Queens,90,11.117678516141744
6795,5.170483995038151,12.217615766625157,1960-79,0.14,0,0,Manhattan,95,8.847283043860777
6799,4.354141431184346,11.923709734555993,1960-79,0.151,0,0,Staten Is,90,7.228116710875332
6800,4.308110951723713,11.350406535472453,1930-59,0.162,0,0,Brooklyn,90,9.058823529411764
6801,4.45318382899021,11.001816467724431,2000-09,0.214,0,0,Brooklyn,100,11.003117549972492
6802,4.232656178019613,11.16622914002769,1930-59,0.17800000000000002,0,0,Brooklyn,100,10.04214873695228
6804,4.383275854074314,12.075627912837186,1960-79,0.22,1,0,Manhattan,100,4.329472886676047
6806,3.7773481021015445,12.133501952695338,pre-1930,0.512,0,0,Manhattan,100,4.086021505376344
6814,4.33990170837321,10.89942091206248,1930-59,0.179,0,0,Bronx,100,8.31101671437806
6818,4.14946386144318,11.227440976061935,pre-1930,0.205,0,1,Manhattan,100,5.321625756668663
6819,3.728100167267218,12.665729177721442,pre-1930,0.521,0,0,Manhattan,100,3.157502541789546
6822,4.557029810660157,12.498335460343528,1980-99,0.626,0,0,Manhattan,100,9.182839289113856
6823,3.871201010907891,11.754364626247272,2000-09,0.39299999999999996,0,0,Queens,100,9.190310114054105
6824,4.2710950739666,10.880609943616529,pre-1930,0.196,0,1,Manhattan,100,8.8452273411623
6825,4.465908118654584,11.09469421533239,pre-1930,0.19899999999999998,0,0,Brooklyn,100,9.115631789246592
6827,4.135166556742356,11.315815090702834,1930-59,0.132,0,0,Brooklyn,95,7.307270734380709
6829,5.0132984115157395,11.02765387128589,pre-1930,0.10099999999999999,0,0,Manhattan,95,13.646775949182006
6830,4.658710952916121,11.10860470184951,pre-1930,0.14400000000000002,0,0,Manhattan,95,10.487991250018728
6831,2.6602595372658615,10.964536420649273,1930-59,0.857,0,0,Manhattan,95,11.767148889042709
6832,4.461299815568389,10.978285176438197,pre-1930,0.15,0,0,Manhattan,95,9.387587901959446
6834,3.996364153861897,10.985292722887856,1930-59,0.147,0,0,Bronx,100,8.305084745762711
6835,4.73707525686803,11.022915027584823,1960-79,0.11199999999999999,0,0,Queens,100,11.099866148672913
6836,4.542230386214217,11.141861783579396,1930-59,0.14800000000000002,0,0,Queens,100,10.869565217391305
6841,4.44500143383527,11.171716025500638,1930-59,0.149,0,0,Bronx,100,9.98719950485997
6842,4.472780997942346,11.209682954400392,1930-59,0.158,0,0,Bronx,100,9.885972752634004
6849,4.366912996863833,12.536411827647935,1980-99,0.327,0,0,Manhattan,100,10.025585005461966
6850,4.9883896851489355,13.887873079132891,1960-79,0.273,0,0,Manhattan,100,6.241599188871164
6853,4.463606621666305,11.580359789219825,1960-79,0.262,0,0,Manhattan,100,12.152258450493568
6855,3.9357395320454622,12.536124314348465,1980-99,0.371,0,0,Brooklyn,100,8.914193696802393
6856,4.079230924412053,11.75783050806595,1980-99,0.24600000000000002,0,0,Brooklyn,100,11.819960861056751
6857,4.109233174715851,11.013979003734315,1980-99,0.306,0,0,Bronx,100,13.340580068185188
6858,4.3267781604434035,11.008032209857346,2000-09,0.20600000000000002,0,0,Brooklyn,100,11.100617989628377
6859,4.302712827954156,11.201223886674228,1980-99,0.19399999999999998,0,0,Brooklyn,100,12.4282982791587
6861,4.273884476054178,11.184421397998193,1980-99,0.233,0,0,Queens,100,11.11111111111111
6863,4.730039168033961,11.159103590013903,pre-1930,0.105,0,1,Bronx,100,9.116809116809117
6864,4.282206299391671,11.000765618191101,1930-59,0.145,0,0,Queens,100,10.68090787716956
6867,4.345103280569283,12.374396692680275,1930-59,0.20199999999999999,0,0,Manhattan,100,9.169117398505898
6878,3.903990833730882,10.755559712083633,1980-99,0.485,0,0,Brooklyn,100,12.795905310300704
6879,4.289088639014612,12.05524975579559,2000-09,0.268,0,0,Brooklyn,100,10.232558139534884
6880,4.188138441508461,11.156579038492296,1980-99,0.5660000000000001,0,0,Manhattan,100,1.8565328534909957
6882,4.055257173514054,11.386012124647282,pre-1930,0.273,0,1,Manhattan,100,2.7247647052145183
6883,3.520460802488973,11.522717367432698,1980-99,0.593,0,0,Manhattan,100,3.2678444109958016
6885,4.310799125385514,12.301828180694532,pre-1930,0.23800000000000002,0,0,Manhattan,100,5.406682477805342
6887,4.291828366755733,11.655812952518776,pre-1930,0.16899999999999998,0,0,Manhattan,100,5.894590846047157
6891,4.502029427068578,11.261125204406214,1960-79,0.294,0,0,Brooklyn,100,9.26164136866478
6899,3.8815637979434374,11.175688936352282,1960-79,0.331,0,0,Manhattan,100,6.024602796536554
6900,4.021773869387265,10.941641872167123,pre-1930,0.22,0,1,Manhattan,100,9.38385269121813
6906,4.5685062016165,10.836242010440948,1930-59,0.111,0,1,Brooklyn,100,11.607318512689357
6911,4.2456340097683265,10.989841682697591,pre-1930,0.193,0,0,Manhattan,100,6.7488906510992255
6916,3.835141961092188,11.175142369548915,2000-09,0.6709999999999999,0,0,Brooklyn,100,8.411018434148735
6917,4.549657476057832,11.05089000537367,pre-1930,0.14400000000000002,0,1,Brooklyn,100,12.38095238095238
6918,4.297285406218791,11.36302075822776,pre-1930,0.163,0,0,Brooklyn,100,10.339339443999117
6919,4.363098624788363,11.090110718526951,1980-99,0.20199999999999999,0,0,Bronx,100,12.057387057387057
6921,4.018183201256536,11.471665874718926,1980-99,0.19399999999999998,0,0,Manhattan,100,5.8358865336918235
6924,4.3476939555933765,11.15129540756609,1930-59,0.146,0,0,Queens,100,9.475407011801188
6933,4.422448549172797,11.718963548381499,1960-79,0.14400000000000002,0,0,Staten Is,100,9.033203125
6937,4.09933210373314,10.945529489715843,1980-99,0.28800000000000003,0,0,Queens,100,11.64021164021164
6939,5.610204127696635,10.925848548137349,pre-1930,0.059000000000000004,0,1,Manhattan,100,11.152082021764548
6941,4.638604962074329,11.042217587800128,pre-1930,0.10800000000000001,0,0,Brooklyn,100,8.646086845138978
6942,4.642465970731788,11.038222812588025,1930-59,0.133,0,0,Brooklyn,100,9.484463163309595
6943,4.59511985013459,10.90652462628121,1930-59,0.083,0,0,Brooklyn,100,8.068804899965157
6944,4.716711560720999,11.709725040944836,1930-59,0.131,0,0,Brooklyn,100,11.745379876796713
6945,4.180522258463153,11.491538383088582,pre-1930,0.221,0,0,Brooklyn,100,8.581586367537085
6946,4.251348311031766,11.387498287162089,1930-59,0.133,0,0,Brooklyn,100,8.27551807010384
6947,4.395682961121367,10.894310452294558,1930-59,0.19899999999999998,0,0,Brooklyn,100,10.95249586960961
6948,4.180522258463153,11.091940545204027,1930-59,0.11699999999999999,0,0,Brooklyn,100,8.379037172455819
6949,4.536891345234797,11.087818716606776,pre-1930,0.135,0,0,Brooklyn,100,10.861251338534496
6950,4.515245478460105,11.282140290684671,1960-79,0.149,0,0,Brooklyn,100,9.194996914007884
6951,4.487512142519859,11.289781913656018,1930-59,0.10099999999999999,0,0,Brooklyn,100,10.375
6952,4.133565275375382,11.642637071491885,1930-59,0.198,0,0,Brooklyn,100,9.398331137461572
6953,4.3067641501733345,10.999897417649038,pre-1930,0.152,0,0,Brooklyn,100,12.026458208057727
6954,3.8691155044168695,11.013929592957815,2000-09,0.332,0,0,Brooklyn,100,4.447079750963534
6955,4.23410650459726,11.59128367775547,1930-59,0.13,0,0,Brooklyn,100,10.170964669767269
6956,4.072439726834051,11.086686057645586,1960-79,0.166,0,0,Brooklyn,100,8.423180592991914
6957,4.070734696582967,11.703545824578878,1930-59,0.136,0,0,Brooklyn,100,8.59504132231405
6958,4.14946386144318,11.363264690415821,pre-1930,0.094,0,0,Brooklyn,100,9.523809523809524
6961,4.297285406218791,11.087818716606776,pre-1930,0.19,0,0,Brooklyn,100,11.167202080465046
6962,4.334672938290411,11.68180710939748,1930-59,0.141,0,0,Brooklyn,100,9.544080136488793
6963,4.475061500641071,11.4314984662745,1930-59,0.14300000000000002,0,0,Brooklyn,100,9.763506183553917
6966,4.623010104116422,11.069010546486865,pre-1930,0.128,0,0,Brooklyn,100,9.976306272602569
6967,4.155753190350744,11.211820372186306,pre-1930,0.17300000000000001,0,0,Brooklyn,100,7.972972972972974
6969,4.401829261970061,10.891168280496956,1930-59,0.166,0,0,Brooklyn,100,8.752327746741154
6970,4.436751534363128,10.837343115589755,1930-59,0.107,0,1,Bronx,100,10.8084738434933
6971,4.198704577546343,11.24700488429996,1930-59,0.132,0,1,Bronx,100,10.30658838878017
6972,4.416428061391214,10.896739325546411,1930-59,0.129,0,1,Bronx,100,9.444444444444445
6973,4.484131857611035,10.831509207285983,pre-1930,0.201,0,0,Manhattan,100,13.836726625815379
6974,4.410371107683024,11.313254269841162,1930-59,0.115,0,0,Brooklyn,100,11.843711843711844
6976,4.384523514872469,10.950806546816688,pre-1930,0.147,0,0,Bronx,100,9.298245614035087
6978,4.633757642840004,11.251560700835821,pre-1930,0.113,0,0,Queens,100,10.129870129870131
6979,4.800736969532067,10.985292722887856,pre-1930,0.086,0,1,Queens,100,9.830508474576272
6983,4.198704577546343,11.541231055084923,2010+,0.331,0,0,Brooklyn,100,11.081840363173296
6984,4.128745988939433,11.410660154219704,2010+,0.345,0,0,Brooklyn,100,10.52293445873348
6985,4.135166556742356,11.931635799828413,1930-59,0.156,0,1,Queens,100,11.052631578947368
6986,4.446174454497633,11.761728965731661,pre-1930,0.531,1,0,Manhattan,100,7.797331753074098
6987,4.596129441335942,11.118548653847485,pre-1930,0.147,0,0,Brooklyn,100,14.83459427384661
6990,4.383275854074314,11.266538874925619,2000-09,0.23800000000000002,0,0,Brooklyn,100,7.676364473785215
6991,4.034240638152395,11.121925234272586,2000-09,0.245,0,0,Brooklyn,100,12.123362606818652
6992,4.069026754237811,11.112119486242786,2000-09,0.276,0,0,Brooklyn,100,10.749798441279225
6993,4.0943445622221,11.175016196312894,1980-99,0.2,0,0,Brooklyn,100,14.020132910859994
6999,4.3425058765115985,11.430630222243398,pre-1930,0.11199999999999999,0,0,Brooklyn,100,8.143322475570033
7000,4.552823705615882,10.847393451443256,pre-1930,0.133,0,0,Bronx,100,8.949416342412452
7008,4.1666652238017265,11.461642696843066,1960-79,0.222,0,0,Queens,100,9.052536289091694
7009,4.463606621666305,11.287729809529887,1930-59,0.156,0,1,Queens,100,10.772082769677839
7010,4.516338972281476,11.940275997166934,pre-1930,0.155,0,1,Queens,100,10.04441719552045
7012,4.544358046591334,11.489298534339072,pre-1930,0.11800000000000001,0,1,Manhattan,100,8.703220191470844
7015,4.44500143383527,11.959788401774322,1980-99,0.366,0,0,Manhattan,100,11.833184085966483
7017,3.822098297900159,11.093128139551801,pre-1930,0.29100000000000004,0,0,Manhattan,100,3.8041328098846585
7018,4.360547602996758,11.121496389263907,1930-59,0.434,1,0,Manhattan,100,13.903474389504355
7021,3.977810745966149,11.533247565160135,1960-79,0.145,1,0,Manhattan,100,4.507461809059999
7029,4.364371699435161,11.210535763646174,1930-59,0.133,0,0,Queens,100,9.201001285434003
7034,4.403054001865957,11.149556739005355,pre-1930,0.158,0,0,Bronx,100,7.766096673521925
7036,4.45318382899021,11.016988453697989,pre-1930,0.151,0,0,Bronx,100,8.70279146141215
7038,4.700480365792417,10.89228497519703,1930-59,0.135,0,0,Bronx,100,11.160714285714285
7039,4.2626798770413155,11.017973190360529,pre-1930,0.14400000000000002,0,0,Bronx,100,6.725721784776903
7041,5.284218442168535,11.170266127654456,1930-59,0.142,0,0,Bronx,100,8.170394996337409
7046,4.508659285607248,11.3029449001823,1930-59,0.111,0,1,Bronx,100,7.525289908709597
7052,4.704110133842995,10.837618202538614,pre-1930,0.25,0,0,Bronx,100,12.573673870333987
7054,4.394449154672439,11.268302881978894,1930-59,0.182,0,0,Bronx,100,10.855683269476373
7056,4.486386649998124,11.134662014287208,1930-59,0.187,0,0,Bronx,100,10.948105977665863
7059,4.007333185232471,11.678439903447801,pre-1930,0.166,0,0,Bronx,100,7.033898305084746
7060,4.74493212836325,11.39975676686459,1930-59,0.111,0,0,Bronx,100,8.174692049272116
7063,4.35799005684564,11.031658643445782,1930-59,0.11699999999999999,0,0,Brooklyn,100,9.546925566343042
7064,4.8543712716215905,10.869463286188333,pre-1930,0.14800000000000002,0,0,Bronx,100,11.798960930214854
7067,4.6061696863211745,11.814880196708728,1960-79,0.158,0,1,Bronx,100,11.608133086876155
7072,4.328098292648326,11.29088130909932,1930-59,0.156,0,0,Brooklyn,100,10.363600039956049
7073,4.286341384539473,11.197077086969873,1930-59,0.114,0,0,Brooklyn,100,11.65708956759055
7074,4.286341384539473,11.026515992818567,1930-59,0.105,0,0,Brooklyn,100,7.64438950604232
7075,4.289088639014612,10.9739232499355,1930-59,0.10800000000000001,0,0,Brooklyn,100,8.228618449248282
7077,4.241326752570746,11.70373588916009,1930-59,0.096,0,0,Brooklyn,100,7.271345116217578
7078,4.282206299391671,11.70373588916009,1930-59,0.099,0,0,Brooklyn,100,7.271345116217578
7079,4.396915247167632,11.185809323273041,1930-59,0.182,0,0,Brooklyn,100,8.321775312066574
7081,4.141546163706395,11.326595886778735,1980-99,0.215,0,0,Brooklyn,100,11.44578313253012
7083,4.046553898385752,11.301413997885726,2010+,0.321,0,0,Brooklyn,100,7.289710388455076
7086,4.119037174812473,11.283688385767459,pre-1930,0.201,0,1,Manhattan,100,4.904796639585482
7088,4.779963476361254,10.940968841200007,pre-1930,0.1,0,1,Queens,100,11.16190071223557
7089,4.6141299273595635,11.242690306122169,1930-59,0.14300000000000002,0,0,Queens,100,12.971698113207546
7090,4.562262684976814,11.019546754807958,1930-59,0.11199999999999999,0,0,Queens,100,9.827044025157234
7092,4.294560608892605,11.186114408491255,1930-59,0.154,0,0,Queens,100,9.15116053354039
7093,3.8543938925915096,11.362869722763184,2010+,0.374,0,0,Brooklyn,95,10.224711268096577
7095,4.09933210373314,12.258261788525507,1930-59,0.23800000000000002,0,0,Manhattan,100,3.2271077047196455
7096,4.519612297626445,13.137791745681547,1930-59,0.19899999999999998,0,0,Manhattan,100,2.717744508383651
7098,4.394449154672439,11.3589464370766,pre-1930,0.382,1,0,Manhattan,100,1.8663462772224102
7099,3.9684033388642534,12.202144942192193,2000-09,0.494,0,0,Manhattan,100,5.220464219741387
7100,4.225372824628505,11.4286847914887,1930-59,0.203,0,0,Manhattan,100,10.117383405315433
7103,4.640537329825382,11.005394408153668,1930-59,0.155,0,0,Bronx,100,11.129937871690089
7104,4.478472532942134,12.495033899480335,1930-59,0.17800000000000002,0,0,Manhattan,100,12.583892617449663
7105,4.516338972281476,12.505602999062825,1930-59,0.172,0,0,Manhattan,100,10.598677018288276
7106,4.470495282661489,12.50480592779397,1930-59,0.19,0,0,Manhattan,100,12.461521344064087
7107,4.350277936359301,12.516017551780926,1930-59,0.20600000000000002,0,0,Manhattan,100,10.488869329225805
7108,4.535820107853298,12.519045931862625,1930-59,0.18899999999999997,0,0,Manhattan,100,10.45715309491512
7109,4.476199804691132,12.495033899480335,1930-59,0.175,0,0,Manhattan,100,12.583892617449663
7111,2.8678989020441064,12.35922282502385,1980-99,0.951,0,0,Manhattan,100,7.5075075075075075
7112,3.927896354584436,12.753456788106458,1980-99,0.625,1,0,Manhattan,100,11.829527541974576
7117,4.411585436915426,10.933106969717286,1930-59,0.081,0,0,Brooklyn,100,7.5
7118,4.268297869345539,11.26446410567173,1930-59,0.18600000000000003,0,0,Unknown,100,9.487179487179487
7119,4.423648309364701,11.133128103610641,1930-59,0.163,0,0,Unknown,100,8.91812865497076
7120,3.9569963710708773,12.279183692347496,1930-59,0.245,0,1,Manhattan,100,2.7884928196309895
7122,4.107589788972121,11.657536501029403,pre-1930,0.203,0,0,Manhattan,100,5.192152926210853
7130,4.462453883786496,11.385773679309745,pre-1930,0.14300000000000002,0,1,Manhattan,100,9.766068589598001
7131,3.8753590210565547,11.767133480564292,pre-1930,0.243,0,0,Manhattan,100,5.661372378707036
7132,4.471638793363569,11.38268009602275,1960-79,0.136,0,0,Brooklyn,100,10.365881441654896
7138,4.321480134805848,11.55858693033811,1930-59,0.15,0,0,Queens,100,9.267043717517579
7141,4.639571612705423,11.231887935237117,1930-59,0.14,0,0,Queens,100,11.920529801324504
7142,4.51852237926242,11.231887935237117,1930-59,0.14800000000000002,0,0,Queens,100,11.920529801324504
7143,4.272490747605575,12.058448123930972,1960-79,0.21600000000000003,0,0,Queens,100,11.12714501799468
7145,4.447346100794524,11.844133871916343,1930-59,0.13,0,0,Queens,100,9.693749326822964
7146,4.3294166844015844,11.674355301621631,1930-59,0.156,0,0,Queens,100,9.104910695291824
7149,4.252771798816619,11.790799596430924,1930-59,0.14800000000000002,0,0,Queens,100,9.618880271449346
7150,4.254193263163997,12.480000561749291,1930-59,0.15,0,0,Queens,100,7.755946225439503
7151,4.213607983048918,12.148920114025865,1930-59,0.183,0,0,Queens,100,7.464661972576632
7152,4.169761201506855,11.343891239303051,1930-59,0.158,0,0,Queens,100,10.065365668813945
7153,4.294560608892605,11.408853008297033,1930-59,0.111,0,0,Queens,100,8.100670247236895
7154,4.310799125385514,12.34645613383607,1930-59,0.166,0,0,Queens,100,8.168834159631185
7155,4.23410650459726,12.030849832925542,1930-59,0.18100000000000002,0,0,Queens,100,7.923552611197827
7157,4.355425952876702,10.920690922912064,1930-59,0.12300000000000001,0,0,Queens,100,10.305736860185503
7160,4.4520190064939165,11.593481886823884,1930-59,0.11800000000000001,0,0,Queens,100,7.8421242007952845
7161,4.235554730773624,10.977277636883887,1930-59,0.156,0,0,Queens,100,10.422183874660425
7162,4.097672352314776,11.92366994596603,1930-59,0.157,0,0,Queens,100,8.621032667082245
7163,4.383275854074314,11.297353179152337,1960-79,0.154,0,0,Queens,100,11.04108773322747
7166,4.255612709818223,11.522875795823397,1930-59,0.159,0,0,Queens,100,9.504950495049505
7167,4.768988271217486,12.924444004691315,1930-59,0.172,0,0,Queens,100,5.777415910564627
7168,4.505349850705881,12.300678031571168,1960-79,0.129,0,0,Queens,100,9.597671086447269
7173,4.3267781604434035,12.774251664126083,1960-79,0.127,0,0,Queens,100,8.92325996430696
7176,4.11414718951828,12.127267505087643,pre-1930,0.498,0,0,Manhattan,100,5.842764709701154
7178,4.412798293340635,11.31836937050793,pre-1930,0.156,0,0,Bronx,100,9.475218658892128
7180,4.115779842942166,12.4530108454101,pre-1930,0.33799999999999997,0,0,Manhattan,100,5.390203890321068
7182,4.531523645819793,12.063010262688335,1960-79,0.135,0,0,Bronx,100,7.61509172724126
7185,4.075841090657541,11.29583853523855,1930-59,0.172,0,0,Brooklyn,100,8.821409934647019
7193,4.109233174715851,11.097319107785172,1960-79,0.187,0,0,Queens,100,10.000909173561233
7197,4.763881877142913,11.32106253368905,1930-59,0.10099999999999999,0,0,Brooklyn,100,9.449734680526278
7198,4.700480365792417,10.845446031158861,pre-1930,0.10800000000000001,0,0,Brooklyn,100,10.526315789473683
7201,3.9945242269398897,12.772581762642105,1960-79,0.522,0,1,Manhattan,100,5.93040709832842
7208,4.247065649239764,11.186668870538671,pre-1930,0.439,0,1,Manhattan,100,9.561819240043237
7212,4.127134385045092,11.039042320125954,pre-1930,0.284,0,0,Manhattan,100,9.155449902020624
7215,4.622027303054514,11.926252917022406,1960-79,0.201,0,0,Manhattan,100,7.871203301936713
7218,4.2612704335380815,13.127539955773143,1960-79,0.255,1,0,Manhattan,100,8.257145415294621
7219,4.254193263163997,12.318499138269539,1960-79,0.242,1,0,Manhattan,100,6.6131064620774085
7220,4.440295542797857,11.824797584723209,1930-59,0.22699999999999998,0,0,Manhattan,100,11.859617271116708
7221,4.638604962074329,12.199168869213379,1980-99,0.158,0,0,Manhattan,100,8.911309811503141
7236,4.268297869345539,10.983952842598189,pre-1930,0.418,0,1,Manhattan,100,1.6971877598818756
7240,4.309455941839047,10.887436932884098,pre-1930,0.187,0,0,Bronx,100,10.093457943925234
7243,4.380775852772229,10.859152831884305,pre-1930,0.17600000000000002,0,1,Brooklyn,100,11.536686663590217
7247,4.207673247529104,10.93622709705353,pre-1930,0.174,0,0,Bronx,100,8.900756564307965
7252,4.39197696552705,10.933106969717286,1960-79,0.14800000000000002,0,0,Brooklyn,100,9.642857142857142
7254,4.297285406218791,10.904487012337237,1930-59,0.136,0,1,Brooklyn,100,10.841602352076443
7255,4.212127597878484,11.489144936304825,1930-59,0.14400000000000002,0,0,Queens,100,6.7588325652841785
7260,4.117409835153096,11.199364743531556,1960-79,0.156,0,0,Bronx,100,7.662415850254502
7261,4.209160236650682,11.667884389508286,1960-79,0.192,0,0,Bronx,100,8.22192341620918
7262,4.61015772749913,11.146200185177994,1930-59,0.14300000000000002,0,0,Queens,100,10.966810966810966
7263,4.0163830207523885,11.156279092051912,pre-1930,0.382,0,0,Manhattan,100,2.5713551041398817
7264,4.483002552013883,10.851276951469654,pre-1930,0.237,0,0,Manhattan,100,11.821705426356589
7271,4.268297869345539,11.345441287830552,1960-79,0.168,0,0,Bronx,100,7.921588101065276
7272,4.264087336809195,10.876536618228892,1930-59,0.10800000000000001,0,0,Brooklyn,100,8.881330309901738
7273,4.4272389774954295,11.097410021008562,1930-59,0.107,0,0,Brooklyn,100,9.090909090909092
7276,4.08260930600368,11.22446976000864,1930-59,0.141,0,0,Brooklyn,100,8.006191454724988
7277,4.046553898385752,11.564976971842032,1930-59,0.163,0,0,Brooklyn,100,8.448591743162812
7278,4.154184562578117,11.878796990417916,1930-59,0.172,0,0,Brooklyn,100,8.669898804941148
7279,4.075841090657541,11.426353991208984,1930-59,0.162,0,0,Brooklyn,100,8.505348555726389
7280,4.012772908528289,11.56819932637845,1960-79,0.22699999999999998,0,0,Brooklyn,100,7.002072234891137
7282,4.0943445622221,11.341982920947533,1930-59,0.16699999999999998,0,0,Brooklyn,100,7.83038902796398
7283,3.9396381724611196,11.34366622346217,1930-59,0.168,0,0,Brooklyn,100,7.817219201932985
7284,4.157319361383489,11.840911797941143,1930-59,0.16699999999999998,0,0,Queens,100,8.212250660942104
7285,4.300002799195291,10.96302978336854,1930-59,0.195,0,0,Brooklyn,100,8.492053863884507
7286,4.1956970564823886,11.484155551474114,1960-79,0.239,0,0,Bronx,100,7.924745790622041
7287,4.301358731606427,11.840601989623554,1930-59,0.14800000000000002,0,0,Brooklyn,100,9.295689394266937
7288,4.269697449699962,11.082819242945613,1930-59,0.127,0,0,Bronx,100,8.302072443269171
7289,4.036008985209137,11.357148463398387,1930-59,0.185,0,0,Brooklyn,100,7.011393514460999
7291,4.204692619390966,11.203951657050824,1930-59,0.162,0,0,Bronx,100,9.942794878779624
7292,4.039536325727106,10.977004230754469,1930-59,0.168,0,0,Brooklyn,100,8.203305248406338
7293,4.072439726834051,11.417999211456772,1930-59,0.159,0,0,Brooklyn,100,7.807002111189304
7294,4.1666652238017265,11.13206028223028,1930-59,0.146,0,0,Brooklyn,100,8.634946653592285
7296,3.832979798087693,11.885777845684192,1930-59,0.18899999999999997,0,0,Queens,100,7.851942667043192
7297,4.089332020398556,11.68157059094794,1930-59,0.142,0,0,Brooklyn,100,6.58950747655656
7298,4.212127597878484,11.73610101577245,1960-79,0.188,0,0,Brooklyn,100,9.039710729256663
7299,4.143134726391533,11.480009634208571,1930-59,0.205,0,0,Brooklyn,100,8.577747462846984
7301,4.0943445622221,11.049841837189659,pre-1930,0.191,0,0,Brooklyn,100,10.328280420758254
7302,4.021773869387265,11.082849990889347,pre-1930,0.18600000000000003,0,0,Brooklyn,100,9.22424130615257
7303,4.309455941839047,11.105197799207804,pre-1930,0.154,0,0,Brooklyn,100,10.674123519153287
7306,4.175924549214524,11.054407620827583,1960-79,0.221,0,0,Brooklyn,100,9.490367277213627
7312,4.581901559048737,10.75293310498079,pre-1930,0.12300000000000001,0,0,Brooklyn,100,12.829559304637886
7316,4.410371107683024,11.489206378349635,1930-59,0.132,0,0,Queens,100,10.956828049479807
7328,4.189654742026425,11.381631567285897,1930-59,0.159,0,1,Manhattan,100,8.894362342638205
7330,4.26549281841793,11.372559340113586,1930-59,0.14,0,1,Manhattan,100,9.780907668231611
7331,4.200204952921578,11.381631567285897,1930-59,0.16,0,1,Manhattan,100,8.894362342638205
7332,4.276666119016055,11.213575587650766,1960-79,0.171,0,0,Brooklyn,100,9.442870632672333
7334,4.364371699435161,11.17760656300284,pre-1930,0.158,0,0,Brooklyn,100,9.089510704646838
7336,3.822098297900159,10.871763339476235,1930-59,0.307,0,0,Brooklyn,100,8.923824713298398
7338,4.4355674016019115,10.882753083571671,pre-1930,0.242,0,1,Manhattan,100,5.633802816901409
7342,4.411585436915426,11.384648813408075,2000-09,0.284,0,0,Brooklyn,100,7.0485783472220644
7345,4.407938016458383,11.050508980411925,pre-1930,0.353,0,0,Bronx,100,10.638973577235772
7351,4.23410650459726,11.390757830996021,pre-1930,0.21100000000000002,0,0,Manhattan,100,9.717514124293785
7357,4.1956970564823886,10.914470091243263,pre-1930,0.19699999999999998,0,0,Manhattan,100,6.913364625404795
7358,3.6402142821326553,11.632600043863533,1960-79,0.364,0,0,Queens,100,10.025462901351219
7361,4.33204826486764,10.907789161732996,2000-09,0.478,0,0,Bronx,100,8.791208791208792
7362,3.4307561839036995,11.250261155493735,1930-59,0.8420000000000001,0,0,Bronx,100,7.932379713914174
7376,4.314817884980432,12.701841482661935,1930-59,0.201,0,0,Manhattan,100,7.0960432706363905
7378,3.6712245188752153,11.215193056664946,1980-99,0.183,0,0,Brooklyn,100,8.080808080808081
7379,3.9454577815143836,11.065528371529878,2010+,0.608,0,0,Manhattan,100,10.167529603153499
7382,4.797442073635214,11.782158393753479,1930-59,0.212,0,0,Manhattan,95,9.091186896467425
7387,3.9908341858524357,10.980263146595064,pre-1930,0.5539999999999999,0,0,Manhattan,100,1.5331152902698284
7388,3.6584202466292277,11.943447346996255,2010+,0.6,0,0,Manhattan,100,5.266374523750699
7389,4.478472532942134,11.126909980683378,pre-1930,0.273,0,1,Manhattan,100,7.796869483347064
7391,4.175924549214524,11.975533060865597,2010+,0.37,0,0,Queens,100,6.86307226374346
7392,4.55597994179732,12.582870753622952,1930-59,0.122,0,0,Queens,100,10.153607617949932
7394,4.33204826486764,11.35675107214979,pre-1930,0.17300000000000001,0,0,Queens,100,11.80720356320361
7396,4.298645025734831,11.17655722294139,pre-1930,0.157,0,0,Queens,100,13.438602385351924
7397,3.9473901492654373,11.444614503786731,1930-59,0.175,0,0,Queens,100,6.95953831493517
7404,4.279440045898781,10.904192959552644,1930-59,0.146,0,0,Queens,100,11.028600838173665
7405,4.338597076746545,11.649203083262776,1930-59,0.125,0,0,Queens,100,8.551483420593367
7408,4.377014092850337,10.858998997563564,2000-09,0.3,0,0,Manhattan,100,7.6923076923076925
7410,4.384523514872469,11.039716704775545,1930-59,0.184,0,0,Unknown,100,8.667736757624398
7411,4.995860008514102,10.978933563172399,1980-99,0.264,0,0,Manhattan,100,17.739569474294683
7412,4.976733742420574,10.858998997563564,pre-1930,0.076,0,1,Queens,100,9.038461538461538
7415,3.6027767550605247,11.464050297188091,1930-59,0.693,0,0,Queens,100,10.815919353145016
7416,4.147885329150131,12.095358938186097,2010+,0.33399999999999996,0,0,Manhattan,100,9.662699188444975
7420,4.546481189639412,10.850229891866112,pre-1930,0.15,0,0,Manhattan,100,8.148061925270632
7423,4.547541073151455,10.729218802151282,2000-09,0.273,0,0,Bronx,95,5.473933130432878
7427,4.5736795188967205,11.74010087739781,1930-59,0.111,0,0,Queens,100,8.605234851201148
7428,3.0106208860477417,11.674559503067066,1930-59,0.52,0,0,Queens,100,8.167223909547996
7430,4.321480134805848,11.547568408413769,1960-79,0.171,0,0,Brooklyn,100,9.176527408838444
7432,4.61015772749913,11.250989108936864,1930-59,0.203,0,0,Queens,100,13.644160299391862
7433,4.572646994282532,11.965846514234688,1930-59,0.166,0,0,Queens,100,13.35113484646195
7434,4.238444906195857,11.56171562913966,1930-59,0.21899999999999997,0,0,Queens,100,8.38095238095238
7436,4.456670177669648,11.33320053402354,1960-79,0.177,0,0,Queens,100,11.3704368641532
7437,4.461299815568389,11.320044351782906,1930-59,0.15,0,0,Brooklyn,100,8.489170244245555
7441,4.3067641501733345,10.627406391762827,2000-09,0.22899999999999998,0,0,Brooklyn,100,8.242424242424242
7443,3.0106208860477417,11.9999521267212,1960-79,0.92,0,0,Queens,100,9.1553146909006
7444,4.14946386144318,11.162402984326189,2010+,0.353,0,0,Queens,100,12.35233984552476
7445,4.252771798816619,11.274160532753061,1980-99,0.23199999999999998,0,0,Queens,100,8.252920264093447
7499,4.387014176184921,11.644120380155954,2010+,0.39,0,0,Brooklyn,100,12.45406467343162
7504,4.143134726391533,11.233211562167625,pre-1930,0.249,0,1,Manhattan,100,7.53968253968254
7506,4.440295542797857,11.155936185919105,pre-1930,0.124,0,0,Brooklyn,100,10.146045900140043
7507,4.548599834499697,11.908340237224891,pre-1930,0.253,0,0,Brooklyn,100,20.33670033670034
7509,4.5591262474866845,10.977807148635193,pre-1930,0.12300000000000001,0,1,Bronx,100,8.025956284153006
7511,4.356708826689592,11.02844961652702,pre-1930,0.168,0,1,Manhattan,100,7.791954806662122
7513,4.328098292648326,10.940525810508454,2000-09,0.312,0,0,Brooklyn,100,6.38105535565521
7515,4.120661870539474,11.180678290191572,pre-1930,0.23399999999999999,0,1,Brooklyn,100,8.364584349862682
7520,4.565389315976247,11.07793370410372,1930-59,0.151,0,0,Bronx,100,11.278137407882335
7537,4.32280727501391,11.46686058384115,pre-1930,0.152,0,0,Bronx,100,8.586567257953046
7539,4.37197629882038,11.194921632632058,pre-1930,0.183,0,1,Bronx,100,7.696536558548654
7540,4.478472532942134,11.005494074272253,pre-1930,0.15,0,1,Bronx,100,8.969503687462627
7544,4.894850261102546,10.953399672985048,pre-1930,0.079,0,1,Manhattan,100,7.17435430811227
7556,4.429625613473161,11.188620901061947,1930-59,0.11800000000000001,0,1,Queens,100,10.096399872757699
7559,3.901972669574645,11.138232015528818,1960-79,0.214,0,1,Manhattan,100,4.945454545454545
7566,3.250374491927572,11.125997477860475,1960-79,0.515,0,0,Staten Is,100,12.000471184144654
7568,5.24807615011129,11.880169360258195,1980-99,0.14300000000000002,0,0,Manhattan,100,11.290043290043291
7569,4.39197696552705,11.692351166152156,pre-1930,0.511,0,0,Manhattan,100,6.769575355402706
7573,3.711130063048756,10.938094511228325,pre-1930,0.40399999999999997,0,0,Bronx,100,9.772565742714995
7574,4.065602093356446,11.13476419138941,1930-59,0.198,0,0,Bronx,100,7.152031760859412
7578,3.7184382563554808,10.952997128196506,pre-1930,0.48100000000000004,0,0,Brooklyn,85,6.12691466083151
7583,4.302712827954156,11.6474738402925,1960-79,0.251,0,0,Queens,100,12.93683676858796
7617,4.604169685654508,11.621600481595884,pre-1930,0.113,0,1,Manhattan,100,7.086472909939003
7618,4.504244267398131,10.932249459303158,1930-59,0.2,0,1,Queens,100,11.43837575064341
7622,4.363098624788363,11.415643342163674,1960-79,0.281,0,0,Queens,100,11.462581285131709
7632,4.312140507209715,11.350571227792281,pre-1930,0.165,0,0,Manhattan,100,12.000376408591526
7633,2.6602595372658615,10.768569197003542,1960-79,0.88,0,0,Manhattan,100,11.156955203772315
7634,4.5031374604229395,10.928130321004064,1930-59,0.17300000000000001,0,0,Bronx,100,10.408815189691685
7636,4.1666652238017265,11.191810696430046,1960-79,0.235,0,0,Brooklyn,100,11.167176772272315
7638,4.6141299273595635,11.206672006933012,1930-59,0.10800000000000001,0,0,Queens,100,9.372453137734311
7639,4.770684624465665,10.980535663288396,1960-79,0.106,0,0,Queens,100,11.239782016348773
7640,4.471638793363569,11.09133097493218,pre-1930,0.08199999999999999,0,0,Brooklyn,100,11.890243902439025
7642,3.8416005411316,11.509700269614534,1980-99,0.364,0,0,Staten Is,100,10.63424226007745
7643,4.02535169073515,11.066810222572993,2000-09,0.29,0,0,Brooklyn,100,7.1862648607270625
7645,4.2710950739666,10.937259052166105,pre-1930,0.195,0,0,Brooklyn,100,9.602902210445825
7646,4.399375273008495,11.998057825662103,1960-79,0.16,0,0,Brooklyn,100,9.172674049951059
7649,4.334672938290411,12.129699031824764,2010+,0.152,0,0,Staten Is,100,7.933338370373568
7653,4.7561730595246186,11.957611286231675,1930-59,0.17300000000000001,0,0,Brooklyn,100,10.192307692307692
7654,4.923623917106626,10.974557338197837,pre-1930,0.094,0,1,Manhattan,100,28.781908514647938
7656,4.2456340097683265,11.303783433291832,1960-79,0.151,0,0,Queens,100,9.24465042895178
7657,4.557029810660157,11.7088211417913,1930-59,0.12300000000000001,0,0,Queens,100,9.371917132522196
7659,4.604169685654508,11.002099841204238,pre-1930,0.10800000000000001,0,0,Brooklyn,100,8.666666666666666
7660,4.411585436915426,11.534099700201635,1960-79,0.16699999999999998,0,0,Queens,100,11.748580379870766
7662,4.028916756899646,11.646844282536016,pre-1930,0.195,0,0,Manhattan,100,6.822356336919444
7669,3.5779478934066544,11.803428554608711,1980-99,0.21899999999999997,0,0,Bronx,100,4.711689477226834
7672,3.8979240810486444,11.633593224695202,2010+,0.643,0,0,Manhattan,80,10.370042100598273
7683,2.4765384001174837,11.191093534155144,pre-1930,0.809,0,0,Manhattan,100,4.9667503656080125
7684,4.334672938290411,11.893933932644401,1930-59,0.124,0,1,Brooklyn,100,7.78816199376947
7685,4.14946386144318,11.977212787219855,1930-59,0.155,0,1,Brooklyn,100,8.23443628683496
7691,4.194189897191817,10.99352989052117,1930-59,0.20199999999999999,0,1,Manhattan,100,12.943786982248522
7692,4.275276264727001,11.214195926699423,pre-1930,0.171,0,1,Manhattan,100,6.740724762726488
7693,4.254193263163997,11.050731262615974,1960-79,0.38299999999999995,0,0,Manhattan,100,10.47785362755993
7699,4.22829253473184,12.566725168403078,1980-99,0.43200000000000005,1,0,Manhattan,100,7.739155595374635
7707,3.966511190712216,10.893400424280896,pre-1930,0.26,0,0,Manhattan,95,2.4154589371980677
7710,4.375757021660286,11.730453277498803,pre-1930,0.5920000000000001,0,0,Manhattan,95,5.872888173773129
7712,3.983413001514819,11.738841170312407,1930-59,0.193,0,0,Brooklyn,100,8.53630322225502
7713,4.014579593753238,11.70336398986613,pre-1930,0.18,0,0,Brooklyn,100,8.431285027029707
7714,4.138361447638875,11.654164576662954,1930-59,0.175,0,0,Brooklyn,100,7.814535035165408
7715,4.119037174812473,11.242113619954518,pre-1930,0.17600000000000002,0,0,Brooklyn,100,7.3417588756620695
7721,4.200204952921578,11.40135682986576,pre-1930,0.157,0,0,Brooklyn,100,7.379001151571392
7722,3.758871825933971,11.050731262615974,1930-59,0.21100000000000002,0,0,Brooklyn,100,7.461501825686617
7725,4.761318868478023,10.698288386822574,2000-09,0.27399999999999997,0,0,Bronx,100,9.48509485094851
7728,4.423648309364701,12.419287065766499,1960-79,0.183,0,0,Bronx,100,7.635438128711672
7729,3.681351187693145,10.294312683904778,2010+,0.381,0,0,Brooklyn,100,8.117981328642944
7735,4.462453883786496,12.128294870958076,1960-79,0.165,0,0,Bronx,100,7.512132905303891
7740,4.375757021660286,11.169321860483546,pre-1930,0.142,0,0,Brooklyn,100,9.165127395270794
7742,4.222444564849416,10.853541826563088,1930-59,0.158,0,1,Manhattan,100,11.60160102094089
7745,4.229749199228304,11.09470940793663,pre-1930,0.171,0,1,Manhattan,100,8.963568411777217
7746,4.51852237926242,11.10585907549509,2000-09,0.235,0,0,Queens,100,13.521634615384615
7747,4.191168746857641,10.771365049194207,2000-09,0.26899999999999996,0,0,Queens,100,12.805172449986355
7749,4.269697449699962,10.809727948556782,2010+,0.34,0,0,Manhattan,100,9.696969696969697
7750,4.320151230955794,13.089335926349985,2010+,0.348,0,0,Queens,100,12.072201688454511
7753,4.210645017918261,11.403423050145067,1930-59,0.165,0,0,Queens,100,8.25634846253403
7754,4.31748811353631,11.945227227031953,1960-79,0.16899999999999998,0,0,Queens,100,10.903426791277258
7755,4.720282993088596,11.279479020660121,1960-79,0.14,0,1,Queens,100,11.87168476888103
7757,4.592084946439436,11.07338120320919,pre-1930,0.185,0,0,Manhattan,100,8.691198609408222
7758,4.370712874773608,11.261896710166482,1980-99,0.171,0,0,Brooklyn,90,12.596401028277635
7767,4.405498990859024,12.307396524923229,1960-79,0.163,0,0,Manhattan,100,7.635760661826167
7768,3.960813169597578,11.406564448978818,1980-99,0.278,0,0,Queens,100,5.3386720053386725
7776,4.298645025734831,10.838364485885963,2000-09,0.259,0,0,Brooklyn,100,9.423220385566767
7777,4.309455941839047,10.814222881696587,2000-09,0.366,0,0,Brooklyn,100,19.70918890654224
7778,4.61512051684126,10.877480994538573,pre-1930,0.21,0,0,Manhattan,100,9.43930526713234
7781,4.395682961121367,11.16098216626443,pre-1930,0.163,0,0,Brooklyn,95,10.948074845020757
7783,4.146304301152812,11.59053444429721,pre-1930,0.111,0,0,Brooklyn,100,8.883131303784584
7788,4.601162164590552,10.976782033219948,pre-1930,0.12300000000000001,0,0,Manhattan,95,8.547008547008547
7789,4.144720769547168,11.082142548877775,1980-99,0.449,0,0,Manhattan,90,6.9230769230769225
7790,4.200204952921578,12.260352475776507,pre-1930,0.24600000000000002,0,1,Manhattan,100,3.3150845820151926
7797,4.539030383483547,11.996523766481735,pre-1930,0.133,0,0,Bronx,100,10.111597509094272
7798,4.52720864451838,11.26473330020486,1930-59,0.22,0,1,Bronx,100,12.688891452301302
7799,4.290459441148391,11.009456051157498,2000-09,0.262,0,0,Bronx,100,15.71728736164651
7800,4.257030144499196,11.218393317568365,1980-99,0.195,0,0,Bronx,100,13.022231768875523
7803,4.255612709818223,11.419493520177676,1930-59,0.166,0,1,Bronx,100,9.003074220465525
7804,4.097672352314776,10.938449814127782,1930-59,0.139,0,1,Bronx,100,8.880994671403197
7805,3.770459441106359,11.08367982819666,pre-1930,0.531,0,1,Bronx,100,8.294930875576037
7807,4.231203744939298,11.116915515632819,pre-1930,0.147,0,1,Bronx,100,8.915304606240714
7808,4.534747721691546,11.623303372439837,1960-79,0.11800000000000001,0,1,Bronx,100,8.149010477299184
7809,3.0301337002713233,11.109712818165356,1930-59,0.513,0,0,Queens,100,8.231438107068561
7812,4.2626798770413155,11.522578721998366,pre-1930,0.16899999999999998,0,0,Manhattan,100,6.437555709616718
7813,4.014579593753238,11.945538704997405,1960-79,0.18899999999999997,0,0,Brooklyn,100,9.667289525589121
7814,3.7328963395307104,11.178151784984596,pre-1930,0.47200000000000003,0,0,Manhattan,100,4.192872117400419
7815,2.341805806147327,11.299843624444826,pre-1930,0.8140000000000001,0,0,Manhattan,100,7.919909911024763
7816,2.4336133554004498,11.364912576968534,1930-59,0.885,0,0,Manhattan,100,9.855986642239282
7817,3.9852734671677386,11.791200933722438,2010+,0.35200000000000004,0,0,Bronx,100,9.085058863610554
7818,4.631812116934513,10.843690104456597,pre-1930,0.161,0,1,Bronx,100,11.911735989064635
7819,4.375757021660286,11.73952703045573,1930-59,0.17,0,0,Bronx,100,5.341497054204236
7822,4.375757021660286,10.923056633863785,pre-1930,0.188,0,0,Queens,100,12.085137085137085
7823,3.9852734671677386,10.969387237621987,1960-79,0.39799999999999996,0,0,Bronx,100,11.193580051318259
7824,4.410371107683024,11.543929823832919,1930-59,0.17300000000000001,0,0,Bronx,100,9.016083529651281
7827,4.422448549172797,10.971296932049192,pre-1930,0.217,0,0,Bronx,100,10.312822275696115
7829,4.475061500641071,11.045877463550125,1930-59,0.177,0,0,Bronx,100,10.20977905400016
7830,4.628886712605407,11.05089000537367,1930-59,0.174,0,0,Bronx,100,11.746031746031745
7832,4.223909766576744,11.111507157507678,pre-1930,0.215,0,0,Bronx,100,8.963652389560334
7833,4.576770711466393,11.112925396293122,1930-59,0.16399999999999998,0,0,Bronx,100,10.741138560687432
7835,4.461299815568389,11.176053148327675,1930-59,0.16699999999999998,0,0,Bronx,100,9.38375350140056
7836,4.412798293340635,11.18841341926773,1930-59,0.153,0,0,Bronx,100,8.853474988933156
7838,4.207673247529104,11.282001726337056,1930-59,0.204,0,0,Queens,100,10.582010582010582
7840,4.393213824064446,11.305532223747251,1930-59,0.165,0,1,Queens,100,8.736311061892456
7841,4.432006566978902,11.312325878090913,1930-59,0.17300000000000001,0,0,Bronx,100,8.921587798201017
7842,4.185098925490565,11.325993295618591,1930-59,0.22,0,0,Bronx,100,8.077154912597951
7843,4.418840607796598,11.520893634619405,pre-1930,0.198,0,0,Bronx,100,8.333333333333334
7844,4.1666652238017265,11.422453561806153,pre-1930,0.193,0,0,Bronx,100,7.55336617405583
7845,4.200204952921578,11.767776963768714,1930-59,0.282,0,0,Bronx,100,8.602850566160571
7846,3.8044377947482086,11.36845445230732,2010+,0.3,0,0,Brooklyn,100,3.8129130655821046
7851,4.558078578454241,11.26446410567173,pre-1930,0.17800000000000002,0,1,Manhattan,100,7.564102564102564
7856,4.361823927356363,10.997087299380693,1960-79,0.154,0,0,Brooklyn,100,11.390284757118929
7863,3.9473901492654373,11.148938136308374,pre-1930,0.271,0,0,Unknown,100,4.74888473161606
7867,4.0943445622221,10.97234485305283,pre-1930,0.22,0,0,Manhattan,100,11.16052265586099
7872,4.160444363926624,10.905478802599813,pre-1930,0.191,0,1,Manhattan,100,8.260821676396079
7877,4.486386649998124,11.572514256381886,1930-59,0.124,0,0,Queens,100,9.798379498775203
7885,3.8372994592322094,10.964397974020226,1960-79,0.231,0,0,Brooklyn,100,11.768778123918311
7894,4.219507705176107,11.042921835724492,1930-59,0.14300000000000002,0,0,Brooklyn,100,9.44
7897,4.0163830207523885,10.950806546816688,pre-1930,0.22,0,0,Bronx,100,8.596491228070176
7901,4.162003210695915,11.155250020697913,1930-59,0.19,0,0,Unknown,100,7.5790075790075795
7903,2.6878474937846906,10.614965689780798,pre-1930,0.8740000000000001,0,0,Queens,95,14.48208149239077
7904,4.558078578454241,10.698965664193535,1930-59,0.122,0,0,Queens,95,13.766644098397654
7905,4.497584975308154,10.698965664193535,1930-59,0.13699999999999998,0,0,Queens,95,13.766644098397654
7906,5.1047326174753715,10.356821765848482,pre-1930,0.195,0,0,Queens,95,12.392361221441963
7907,4.475061500641071,10.815770263012745,1930-59,0.14,0,0,Queens,95,9.638554216867469
7908,4.613138355637268,10.210678091375952,pre-1930,0.158,0,0,Queens,95,15.077964107090322
7909,4.728272383122075,10.210678091375952,pre-1930,0.15,0,0,Queens,95,15.077964107090322
7910,4.264087336809195,10.210972252284089,pre-1930,0.18,0,0,Queens,95,11.76470588235294
7912,4.30406509320417,10.744062867162505,1930-59,0.174,0,0,Queens,95,10.139362298830738
7913,4.590056548178043,10.817014468587551,pre-1930,0.121,0,0,Queens,95,11.632104608720068
7915,4.394449154672439,10.645424897265505,pre-1930,0.158,0,0,Queens,95,11.428571428571429
7916,4.684905154006945,10.824407552793945,pre-1930,0.133,0,0,Queens,95,13.935340022296545
7917,4.231203744939298,10.930245737436254,1930-59,0.6459999999999999,0,0,Queens,95,11.282234957020057
7919,4.505349850705881,10.858998997563564,1930-59,0.13699999999999998,0,0,Queens,95,14.038461538461537
7920,4.4355674016019115,10.87804719253426,1930-59,0.152,0,0,Queens,95,13.39622641509434
7921,4.463606621666305,10.955898822303524,pre-1930,0.14300000000000002,0,0,Queens,95,10.298301652964689
7922,4.378269585796169,10.838953263796324,pre-1930,0.17800000000000002,0,0,Queens,95,11.77209229320358
7923,4.520701029361642,10.9246066585059,1930-59,0.126,0,0,Queens,95,10.805748658286207
7924,4.335982696172475,11.220592594303021,1930-59,0.165,0,0,Brooklyn,100,8.97497722766972
7925,4.520701029361642,11.485204772369627,1960-79,0.154,0,0,Queens,95,11.206382497481135
7927,4.420044701861403,10.99534373670723,1960-79,0.187,0,0,Queens,95,11.577958252231694
7929,4.3134800921387715,10.973357372338583,1930-59,0.175,0,0,Queens,95,10.291595197255575
7935,4.165113633110308,13.20101927775111,2000-09,0.27899999999999997,0,0,Queens,95,7.154530463140303
7936,3.929862923556477,11.623106343986501,1930-59,0.267,0,0,Queens,95,12.897678417884782
7937,4.361823927356363,10.261161996807944,pre-1930,0.16399999999999998,0,0,Queens,95,13.986013986013987
7938,4.428433007488037,10.261161996807944,pre-1930,0.155,0,0,Queens,95,13.986013986013987
7939,4.238444906195857,10.89295439394344,pre-1930,0.19699999999999998,0,0,Queens,95,16.172206111978586
7940,4.318820558770089,10.95884433253328,1930-59,0.161,0,0,Brooklyn,95,13.226592412112774
7942,4.364371699435161,11.565138336417162,pre-1930,0.15,0,0,Brooklyn,95,10.725132877752468
7944,4.382026634673881,11.865411648287505,1930-59,0.139,0,0,Queens,95,9.138197666244904
7945,4.481871969643598,11.16336798880036,1930-59,0.131,0,0,Queens,95,9.50354609929078
7947,4.551769409260976,11.348357378560248,1930-59,0.14800000000000002,0,0,Bronx,95,8.605851979345955
7948,4.550714000192032,11.182586382052463,1930-59,0.128,0,0,Bronx,95,9.183503088996494
7950,3.427514689979529,10.968025860870487,1930-59,0.535,0,0,Manhattan,95,8.62217623728229
7951,4.531523645819793,11.435828414585261,pre-1930,0.142,0,0,Manhattan,95,8.101101749837978
7952,4.383275854074314,12.161754964879048,1930-59,0.17600000000000002,0,0,Queens,95,9.146500810118644
7954,4.596129441335942,11.693478792701534,pre-1930,0.16699999999999998,0,0,Manhattan,95,12.772564864594116
7955,4.545420181582317,11.991405567196793,pre-1930,0.153,0,0,Manhattan,95,11.526877455658704
7956,2.884800712846709,11.074699533618581,pre-1930,0.8009999999999999,0,0,Manhattan,95,7.59477975138721
7957,4.470495282661489,11.170153426200487,pre-1930,0.13,0,0,Manhattan,95,6.903353057199211
7958,4.238444906195857,10.903567810139966,pre-1930,0.19,0,0,Manhattan,95,11.587272392863712
7959,4.301358731606427,10.6375367244165,pre-1930,0.20600000000000002,0,0,Manhattan,95,11.279097672186225
7961,3.720862499966987,10.513062888672096,1930-59,0.26,0,0,Manhattan,95,11.415214850650939
7962,4.730921391293652,10.53966747745482,pre-1930,0.154,0,0,Manhattan,95,14.820696043403467
7963,4.857484114602081,10.783093552935505,pre-1930,0.16399999999999998,0,0,Manhattan,95,15.767961990912674
7964,4.486386649998124,10.39203689203769,pre-1930,0.133,0,0,Manhattan,95,12.27031504033866
7971,4.463606621666305,10.996081768878675,pre-1930,0.192,0,0,Manhattan,100,9.221998658618377
7974,3.996364153861897,11.052222450607449,1980-99,0.2,0,1,Manhattan,100,6.499270813518484
7983,4.343805421853684,11.43826657185665,2000-09,0.265,0,0,Manhattan,100,10.236407128849429
7986,4.542230386214217,12.07668124273783,1930-59,0.106,0,0,Bronx,95,7.227160465725049
7988,4.403054001865957,11.298952237412433,1930-59,0.174,0,0,Queens,90,9.04170330827254
7990,4.483002552013883,10.56784938166432,pre-1930,0.182,0,0,Queens,95,17.239161199022256
7991,4.235554730773624,10.739435531727745,1930-59,0.18100000000000002,0,0,Queens,95,11.486779367143477
7992,4.324132656254979,11.379394072345706,1930-59,0.124,0,0,Brooklyn,90,7.542857142857143
7993,4.251348311031766,11.172784506812487,1930-59,0.141,0,0,Brooklyn,90,9.273961246083157
7995,4.4953553199808844,11.230695171196693,2000-09,0.375,0,0,Brooklyn,95,8.089112849754674
7997,5.762051382780177,10.208911306464065,pre-1930,0.71,0,0,Brooklyn,95,12.894193928676687
7998,4.379523504455763,10.174277757317691,pre-1930,0.17,0,0,Brooklyn,95,11.823035850495804
8004,4.365643155423357,12.438718902775987,1960-79,0.23800000000000002,0,0,Manhattan,100,8.280933645552267
8007,4.432006566978902,12.045622163554388,1960-79,0.217,0,0,Queens,100,8.746595285056824
8009,4.666265285347902,10.880308784150316,1930-59,0.252,0,0,Bronx,100,12.048192771084338
8011,4.468204330914934,11.512925464970229,1960-79,0.132,0,1,Queens,100,9.200000000000001
8016,4.05871738457895,11.997103165771845,pre-1930,0.165,0,1,Manhattan,100,6.285277661383747
8018,4.33990170837321,11.575336725091626,1960-79,0.17600000000000002,0,0,Brooklyn,100,10.804208944006012
8022,4.727387818712341,12.151151726630417,1980-99,0.644,0,0,Manhattan,100,5.282285327924273
8023,4.593097604753822,10.89488575689709,1930-59,0.12,0,1,Bronx,100,8.719851576994435
8024,4.28771595520264,11.153389288750464,1960-79,0.159,0,1,Bronx,100,9.025787965616045
8025,4.951592753462473,10.89405052878487,pre-1930,0.075,0,1,Manhattan,100,11.6980781728716
8042,3.3178157727231046,11.18902191050487,2010+,0.777,0,0,Brooklyn,100,6.774318420616049
8044,4.377014092850337,11.37929120991269,1960-79,0.205,0,0,Bronx,100,10.172474883130835
8050,4.480740107609915,11.198940484097395,1930-59,0.163,0,0,Queens,100,10.54029266423008
8060,4.641502115235482,10.947608455915049,1930-59,0.141,0,0,Bronx,100,10.560033792108134
8061,4.476199804691132,11.03044431421338,pre-1930,0.17300000000000001,0,0,Bronx,100,11.340623734305385
8071,4.958639998977875,11.694571793849116,1960-79,0.166,0,0,Bronx,100,8.505741375428414
8074,3.0587070727153796,11.976621744641298,1980-99,0.244,0,0,Brooklyn,100,1.5094909241858183
8077,4.11414718951828,11.479616840926488,pre-1930,0.233,0,0,Manhattan,100,8.16756957942186
8079,4.328098292648326,11.471478275056056,1960-79,0.187,0,0,Queens,100,12.090890139670627
8086,4.52720864451838,10.232503488480885,pre-1930,0.18600000000000003,0,0,Brooklyn,100,12.953367875647668
8101,4.278054044290903,11.119882876860622,1930-59,0.146,0,0,Brooklyn,100,8.88888888888889
8104,3.3105430133940246,10.456337647557351,2010+,0.99,0,0,Bronx,100,20.135772638361527
8105,4.511957804265912,10.957329088367478,1930-59,0.11,0,1,Queens,100,10.98077492897356
8110,4.345103280569283,11.600615778097216,1960-79,0.14400000000000002,0,1,Queens,100,9.710071909494802
8111,4.861361591348501,11.04210550261527,2000-09,0.284,0,0,Manhattan,100,8.807186664318083
8113,3.8897773964808264,11.445727410406752,pre-1930,0.369,0,0,Brooklyn,100,7.914353857177998
8114,4.657762636107262,11.182001806479425,1930-59,0.146,0,0,Queens,95,12.669506863809763
8115,4.133565275375382,11.216686889835326,1930-59,0.21899999999999997,0,0,Unknown,95,11.296243998870377
8116,4.2710950739666,11.500326429393713,1930-59,0.2,0,0,Queens,95,9.114108640174992
8117,4.460144413937834,11.506343853604674,1960-79,0.193,0,0,Queens,95,13.689805121597681
8119,4.456670177669648,10.845095092394073,1930-59,0.152,0,0,Queens,95,9.165009165009165
8120,4.279440045898781,11.613114632225564,1930-59,0.233,0,0,Queens,95,10.132262208471296
8122,4.069026754237811,10.993227262700639,1930-59,0.203,0,0,Queens,95,9.24836051790819
8123,4.423648309364701,11.065637862008225,1960-79,0.24600000000000002,0,0,Queens,95,12.043293293293292
8124,4.11251186617755,11.55576462364622,1960-79,0.18899999999999997,0,0,Queens,95,9.197428552267262
8128,4.22829253473184,11.331331643312813,1930-59,0.263,0,0,Queens,95,11.991270355181427
8129,4.312140507209715,11.045733878224299,1960-79,0.184,0,0,Queens,95,12.923607122343482
8130,4.375757021660286,10.969731596171508,1960-79,0.209,0,0,Queens,95,19.280758835579885
8131,4.389498649512583,11.767265312052823,1960-79,0.193,0,0,Queens,95,14.810679197586866
8137,4.032469158504013,11.624600998860817,1930-59,0.16899999999999998,0,0,Bronx,100,7.959576085498368
8144,3.265759410767051,10.904946296780162,2000-09,1.0,0,0,Queens,100,4.040775094131693
8146,4.593097604753822,12.772408659223732,1960-79,0.183,0,0,Bronx,100,8.428879555000567
8148,3.6216707044204863,12.282524297690506,1960-79,1.0,0,0,Manhattan,100,8.522858863310018
8150,4.169761201506855,13.386753281186222,1960-79,0.303,1,0,Manhattan,100,8.613304100301235
8152,4.055257173514054,13.1636588598115,1960-79,0.298,1,0,Manhattan,100,8.635910033008367
8160,4.131961425793407,12.411035932804953,1980-99,0.677,0,0,Manhattan,100,6.721087105288885
8162,3.3568971227655755,11.421708894900656,1960-79,0.972,0,0,Manhattan,100,8.106746127385465
8164,4.1059436980654525,12.3647416736589,1960-79,0.406,1,0,Manhattan,100,7.295533085882503
8165,4.463606621666305,12.53294538260686,pre-1930,0.257,0,0,Manhattan,100,7.28387271252141
8169,4.183575695950044,11.734523823088082,1930-59,0.29100000000000004,1,0,Manhattan,100,11.698061807430673
8171,4.626931677769604,11.241549718792758,pre-1930,0.395,0,0,Manhattan,100,2.7547125260713865
8172,4.163559631243574,12.484158824308508,2000-09,0.38299999999999995,0,0,Manhattan,100,6.436468271997577
8173,4.952299717083292,11.317968415500646,1930-59,0.272,0,1,Manhattan,100,10.57275146742499
8176,4.056988775678332,13.27594246533263,1980-99,0.373,1,0,Manhattan,100,7.049742710120068
8177,4.235554730773624,12.070161280158835,1980-99,0.517,0,0,Manhattan,100,6.873482106034917
8181,4.255612709818223,11.424902667576472,pre-1930,0.128,0,0,Brooklyn,100,5.350863782296285
8184,4.119037174812473,10.855184037540836,2000-09,0.349,0,0,Manhattan,100,9.073008764140381
8186,4.104294893075269,11.515561986291358,pre-1930,0.265,0,0,Manhattan,100,7.579988829490146
8187,4.404277243608702,11.870278179170796,1960-79,0.17300000000000001,0,0,Queens,100,10.632790967723883
8188,4.122283930911342,11.825017183151767,pre-1930,0.266,0,0,Manhattan,100,9.148929941154083
8189,4.055257173514054,11.81849657025775,pre-1930,0.14400000000000002,0,1,Manhattan,100,4.567555621040224
8201,4.504244267398131,11.189574763238987,1930-59,0.182,0,0,Bronx,100,9.948598905654121
8203,4.504244267398131,11.11765818183851,1930-59,0.156,0,1,Bronx,100,8.760207869339272
8206,4.525044141508807,10.54812702903103,pre-1930,0.285,1,0,Manhattan,100,3.14911037631869
8208,4.084294226368599,11.488304849787982,2000-09,0.426,0,0,Manhattan,100,10.966710396851427
8211,4.177459468932607,11.545586247209776,pre-1930,0.402,0,0,Manhattan,100,6.4847077042198995
8219,3.242592351485517,11.427334896336026,2010+,1.0,0,0,Manhattan,100,4.030632809351069
8225,4.182050142641207,11.27836701084072,1930-59,0.193,0,0,Manhattan,100,12.896373843119406
8228,4.541164856012179,12.010398336205508,1960-79,0.337,1,0,Manhattan,100,10.641144135817484
8231,4.117409835153096,12.376363792940156,2000-09,0.601,1,0,Manhattan,100,8.729388942774007
8235,2.9338568698359038,11.405072957990754,1960-79,0.597,0,0,Queens,100,10.136339333452149
8236,4.56954300834494,13.610178682729298,1960-79,0.28,0,0,Manhattan,100,7.3061984805563025
8237,4.565389315976247,12.501574067034086,1980-99,0.223,0,0,Manhattan,100,9.30197946122935
8238,4.0163830207523885,12.227315411798823,1930-59,0.267,0,0,Manhattan,100,8.321340812750252
8243,4.39197696552705,11.507470614287264,pre-1930,0.243,0,1,Manhattan,100,12.769465894465894
8244,4.11251186617755,11.516429319296906,pre-1930,0.531,0,0,Manhattan,100,8.370619126864705
8245,4.500920164614292,10.856303059092655,pre-1930,0.26899999999999996,0,0,Manhattan,100,17.547242576166603
8246,4.238444906195857,11.262796048571031,pre-1930,0.198,0,0,Manhattan,100,6.16411968665725
8248,3.92395157629342,12.472390622228179,pre-1930,0.317,0,1,Manhattan,100,10.190399570930543
8250,4.146304301152812,11.146272332647454,pre-1930,0.159,0,0,Manhattan,100,6.925907221701176
8255,4.356708826689592,11.081680903874577,1930-59,0.12300000000000001,0,0,Brooklyn,100,7.541942434969986
8257,4.3694478524670215,11.093310721257621,pre-1930,0.153,0,1,Manhattan,100,9.584664536741215
8260,4.206184043977636,11.488632772401184,pre-1930,0.147,0,0,Manhattan,100,6.557377049180328
8261,4.102643365036796,11.973314269574292,pre-1930,0.19,0,1,Manhattan,100,5.86865569922193
8264,4.52720864451838,11.269936285435312,1960-79,0.27399999999999997,0,0,Manhattan,100,14.53562503187637
8265,4.254193263163997,11.534070328319336,1930-59,0.17,0,0,Manhattan,100,10.769848340953818
8266,4.302712827954156,11.487905048658087,1930-59,0.373,1,0,Manhattan,100,2.1532057131724924
8268,4.356708826689592,12.404698069030658,1960-79,0.24100000000000002,1,0,Manhattan,100,9.469347598844001
8270,4.119037174812473,11.241602188130999,1930-59,0.214,0,0,Manhattan,100,9.44423311515406
8274,4.541164856012179,11.018137218901861,1980-99,0.429,0,0,Manhattan,100,3.6083319665409217
8275,4.931592086755803,11.1584053405965,1960-79,0.23600000000000002,0,1,Manhattan,100,13.257116790922439
8276,4.388257184424518,11.948822780198595,1960-79,0.19399999999999998,0,0,Manhattan,100,7.695541112943383
8279,4.229749199228304,12.73754171947228,1960-79,0.311,0,1,Manhattan,100,8.492856009356835
8284,3.6913763343125234,11.8173687796861,pre-1930,0.366,0,0,Manhattan,100,5.310243607425491
8285,3.8732821771117156,11.952502102707161,1930-59,0.218,0,0,Manhattan,100,5.734351341773783
8286,4.2456340097683265,11.678863542513659,1980-99,0.294,1,0,Manhattan,100,7.285048708174502
8287,4.583946549536464,11.622568796266197,2010+,0.672,0,0,Manhattan,95,7.617306520414382
8290,4.1588830833596715,12.319401330837177,1930-59,0.213,0,0,Manhattan,100,8.169642857142856
8291,4.341204640153626,11.522875795823397,1980-99,0.47100000000000003,0,0,Unknown,95,32.277227722772274
8293,4.120661870539474,12.925525770706562,1980-99,0.5579999999999999,0,0,Manhattan,100,6.20948614675816
8296,4.151039905898646,11.638059195726994,pre-1930,0.185,0,0,Manhattan,100,4.853083914232771
8298,4.3134800921387715,11.451581834729176,1930-59,0.14400000000000002,0,0,Queens,100,7.868155236576289
8299,4.549657476057832,11.8284950409089,1930-59,0.14300000000000002,0,0,Queens,100,10.648850507643832
8300,4.123903364463645,11.828174065139814,1930-59,0.149,0,0,Unknown,100,8.025682182985554
8305,4.220977213155467,11.160128705429148,1930-59,0.142,0,0,Queens,100,8.538251366120218
8306,4.300002799195291,11.160128705429148,1930-59,0.11900000000000001,0,0,Queens,100,8.538251366120218
8310,4.0809215418899605,13.249742885933992,1930-59,0.17,0,0,Queens,100,10.265458054246695
8311,4.2612704335380815,10.868949328416733,1930-59,0.115,0,0,Queens,100,10.472201066260471
8315,4.428433007488037,12.151130597265881,1930-59,0.33299999999999996,0,0,Queens,100,9.508314492784246
8317,3.9080149840306073,11.491395346419866,1980-99,0.42200000000000004,1,0,Manhattan,100,6.743639521814652
8318,3.720862499966987,11.182224542232218,2010+,0.655,0,0,Manhattan,100,6.959717157094736
8320,4.048300623720694,11.584445806379085,1930-59,0.287,0,1,Manhattan,100,11.637216750144301
8321,4.204692619390966,11.14290471779526,pre-1930,0.203,0,1,Manhattan,100,6.659717396340051
8322,4.041295341132285,11.51726603106865,pre-1930,0.22699999999999998,0,1,Manhattan,100,4.281376014337631
8324,4.609162207257629,11.84741001316129,1960-79,0.185,0,0,Manhattan,100,9.948325961552225
8326,3.9357395320454622,12.11343638760824,1980-99,0.293,0,0,Unknown,100,7.679438303941198
8327,3.8044377947482086,11.631028449437531,1930-59,0.35200000000000004,0,0,Queens,95,9.596928982725528
8332,4.29592393562047,12.858541050480213,2000-09,0.309,0,0,Queens,100,7.264584499615941
8333,4.168214410788556,12.255738616544994,2000-09,0.332,0,0,Queens,100,8.040573973280553
8343,4.3054155323020415,11.188192057894385,1930-59,0.135,0,1,Queens,100,10.100730573389418
8345,4.027135812528651,12.014766851064715,pre-1930,0.223,0,0,Manhattan,100,6.054148302416816
8346,4.505349850705881,11.372467280274627,1930-59,0.142,0,0,Queens,100,11.047689191677406
8351,4.35799005684564,11.087834014026866,1980-99,0.247,0,0,Brooklyn,100,13.308653684355447
8353,3.6428355156125294,13.228523573232719,2000-09,0.7090000000000001,0,0,Manhattan,100,9.010791366906474
8356,4.616110126026426,12.195269501134888,pre-1930,0.478,1,0,Manhattan,100,3.2347574690044527
8363,3.6788291182604347,11.77213861604449,2010+,0.568,0,0,Manhattan,100,10.72605350680217
8365,4.48863636973214,11.113700844451518,pre-1930,0.155,0,1,Brooklyn,100,9.391211019020929
8366,4.065602093356446,10.946904205736288,1930-59,0.278,0,1,Manhattan,100,9.510725985416887
8373,4.33990170837321,11.61393753984863,1930-59,0.14400000000000002,0,0,Bronx,100,7.68333800359761
8376,4.602165676967792,10.981897133886719,1930-59,0.11199999999999999,0,0,Queens,100,10.204081632653063
8383,4.5031374604229395,10.934249174296063,pre-1930,0.627,0,1,Manhattan,100,2.853881278538813
8385,4.072439726834051,10.937010057038009,pre-1930,0.242,0,1,Manhattan,100,4.2690193706753945
8395,4.33204826486764,10.964605636776657,pre-1930,0.151,0,0,Manhattan,100,8.824750830564785
8400,4.286341384539473,11.500701050347505,2010+,0.36,0,0,Manhattan,100,7.8959356177557325
8404,3.86702563949741,11.217332181247112,2000-09,0.511,0,0,Bronx,100,7.660363665685602
8409,4.448516375942715,11.127086497997242,1980-99,0.499,0,0,Manhattan,100,2.794610813673001
8410,4.373238128640803,10.914342731679753,pre-1930,0.174,0,0,Manhattan,100,3.2751687621681618
8411,3.9721769282478934,11.284756808939491,pre-1930,0.45799999999999996,0,0,Manhattan,100,3.3920024120906045
8414,3.0007198150650303,11.230138060728503,1980-99,0.9790000000000001,0,0,Manhattan,100,4.776562997558646
8415,4.774068722449905,12.59542530923439,2000-09,0.20600000000000002,0,0,Manhattan,100,11.21254721295371
8416,4.475061500641071,10.885566024948286,pre-1930,0.201,0,0,Bronx,100,10.861423220973784
8428,4.29592393562047,10.90971039191089,1960-79,0.242,0,0,Bronx,100,10.419522895530573
8433,2.6100697927420065,10.839580911706463,1930-59,0.7809999999999999,0,0,Manhattan,100,9.411764705882353
8434,3.490428515390098,11.665509203500227,1980-99,0.425,0,0,Staten Is,100,5.7518629167954405
8435,4.3054155323020415,11.000765618191101,pre-1930,0.18,0,1,Bronx,100,9.17890520694259
8436,2.312535423847214,11.025230258593092,pre-1930,0.8320000000000001,0,0,Manhattan,100,6.514233600416911
8438,4.4343818650078095,10.998928150038603,pre-1930,0.177,0,0,Bronx,100,11.034943989299448
8439,4.276666119016055,10.968198289528557,2000-09,0.297,0,0,Brooklyn,100,6.896551724137931
8442,4.355425952876702,11.28300902936859,pre-1930,0.23800000000000002,0,1,Brooklyn,95,14.472690661968286
8443,4.514150787600923,11.041865277763653,pre-1930,0.235,0,0,Manhattan,95,11.21183970272608
8444,4.231203744939298,10.908521494244672,pre-1930,0.172,0,1,Brooklyn,95,10.797950219619326
8449,4.394449154672439,11.48238377985753,pre-1930,0.209,0,0,Manhattan,95,9.07291322995711
8453,4.61015772749913,10.935764150568996,pre-1930,0.106,0,0,Manhattan,100,8.54868296853016
8455,4.443827035579329,11.18241939532752,2000-09,0.228,0,0,Manhattan,100,13.08171899354264
8456,4.302712827954156,10.896739325546411,2000-09,0.19399999999999998,0,0,Manhattan,100,11.481481481481481
8457,3.490428515390098,10.83963973350584,1980-99,0.595,0,0,Manhattan,100,12.156147677587592
8460,3.449987545831587,12.028625190977447,1930-59,0.363,0,0,Bronx,95,7.284408380652134
8461,4.0163830207523885,11.030314698685258,pre-1930,0.624,0,0,Manhattan,100,2.9165383929873454
8463,4.706823839714591,13.445465198487351,1960-79,0.222,0,0,Manhattan,100,9.91743194976712
8473,4.310799125385514,11.300313758565427,1960-79,0.154,0,0,Queens,100,10.637376773411505
8474,4.440295542797857,10.976166459177733,1930-59,0.133,0,1,Bronx,100,10.262725779967159
8477,4.400603020246817,10.935586037145898,pre-1930,0.174,0,0,Manhattan,100,4.987620014606602
8478,4.028916756899646,14.02647382993729,2010+,0.47,0,0,Manhattan,100,9.507096715678692
8479,4.544358046591334,11.124627160483929,pre-1930,0.122,0,0,Bronx,100,8.404476489582873
8493,3.214867803470662,11.16280045189523,1980-99,0.6809999999999999,0,0,Bronx,100,14.050525120635822
8494,4.092676505121403,11.826297213754694,pre-1930,0.226,0,0,Manhattan,100,5.6285315380510665
8497,4.4942386252808095,10.874266469694353,pre-1930,0.135,0,1,Bronx,100,9.46969696969697
8507,3.92395157629342,10.964830556109423,2000-09,0.207,0,0,Queens,100,6.400830377994983
8508,4.312140507209715,11.240145141214915,1960-79,0.14400000000000002,0,0,Bronx,100,8.932559178204555
8509,4.4331949212482815,11.651878384522485,1960-79,0.172,0,0,Queens,100,9.747012801656993
8510,2.9496883350525844,11.240210819640234,pre-1930,0.64,0,0,Queens,100,11.164965651311554
8513,3.7256934272366524,12.481026557530113,2010+,0.5720000000000001,0,0,Brooklyn,100,8.69750165214551
8514,4.316153890523174,12.001922570708498,1960-79,0.168,0,1,Bronx,100,8.27875487526676
8517,4.276666119016055,10.996115302856982,pre-1930,0.198,0,0,Manhattan,100,2.8503403641728986
8524,3.1484533605716547,11.143541531433012,1930-59,0.7559999999999999,0,0,Bronx,100,9.983216621332254
8526,4.475061500641071,11.779496254209082,1960-79,0.184,0,0,Queens,100,11.183625946012196
8531,4.356708826689592,12.44425455182075,2010+,0.451,0,1,Manhattan,95,8.235219947357637
8537,3.681351187693145,11.455614098257115,2010+,0.568,0,0,Bronx,100,9.840093190723287
8538,4.063885354737392,12.468121475638092,1930-59,0.172,0,0,Brooklyn,100,6.694419009072092
8540,4.33204826486764,11.808776579752061,2010+,0.46399999999999997,0,0,Queens,95,13.018218066311084
8542,3.9627161197436642,11.408531149057728,2010+,0.436,0,0,Manhattan,95,7.659262712711047
8548,4.664382045619937,10.198393470077228,pre-1930,0.133,0,0,Queens,95,15.63663440059568
8549,4.472780997942346,10.635855446249355,1930-59,0.16899999999999998,0,0,Queens,95,12.98076923076923
8550,4.651099117876491,10.191519563752196,pre-1930,0.11900000000000001,0,0,Queens,95,14.9947518368571
8551,4.796616650559047,10.191519563752196,pre-1930,0.14400000000000002,0,0,Queens,95,14.9947518368571
8554,3.9180050771056933,11.820924738184905,1980-99,0.345,0,0,Bronx,100,9.333431322113617
8558,4.837075242970874,11.404460134358922,1930-59,0.324,0,0,Queens,100,5.79574458599436
8560,4.448516375942715,10.126871075054945,1980-99,0.23399999999999999,0,0,Manhattan,100,11.997120691034151
8562,4.31748811353631,10.985292722887856,1930-59,0.21,0,0,Queens,95,15.254237288135593
8563,4.3067641501733345,10.975447810206811,pre-1930,0.146,0,1,Brooklyn,100,10.098935332580194
8566,4.096009841541162,10.912867818587012,1930-59,0.19399999999999998,0,0,Brooklyn,100,9.840008746674442
8567,4.22683374526818,10.895405102533275,pre-1930,0.17600000000000002,0,0,Brooklyn,100,12.423972704346536
8574,4.623010104116422,10.77369246021493,1930-59,0.136,0,0,Queens,95,12.775404205411746
8576,4.480740107609915,10.333645273234664,1930-59,0.158,0,0,Queens,95,14.634146341463415
8577,4.293195420967266,10.634845320859826,pre-1930,0.154,0,0,Queens,95,11.5501227200539
8579,4.350277936359301,10.968077592589802,pre-1930,0.171,0,0,Brooklyn,95,10.346076250581968
8580,4.519612297626445,10.81009151882074,pre-1930,0.147,0,0,Brooklyn,95,12.116806009935782
8581,4.2626798770413155,10.905772477577145,1930-59,0.196,0,0,Queens,95,11.194714626536978
8584,4.247065649239764,10.699101064640564,pre-1930,0.17,0,0,Brooklyn,95,9.251737521436953
8585,4.138361447638875,10.661954199216716,1930-59,0.20600000000000002,0,0,Brooklyn,95,9.836065573770492
8590,4.7086288943563215,11.258755535050895,1960-79,0.12300000000000001,0,1,Brooklyn,100,11.73345711485894
8592,3.835141961092188,12.823552947164703,pre-1930,0.982,0,0,Manhattan,100,3.3706350276392074
8595,3.983413001514819,11.001299521033468,pre-1930,0.26,0,0,Bronx,100,9.84120629837203
8596,4.455509411433685,10.983528455618803,pre-1930,0.152,0,0,Bronx,100,9.168704156479217
8597,4.475061500641071,10.893846255763984,pre-1930,0.16699999999999998,0,1,Bronx,100,9.100364014560583
8598,4.925077405734609,10.897627819607527,pre-1930,0.1,0,1,Bronx,100,9.621077560686796
8599,3.9889840465642745,10.883203686260382,pre-1930,0.33299999999999996,0,1,Bronx,100,9.760858955588091
8600,4.2626798770413155,11.018629143155449,pre-1930,0.131,0,0,Bronx,100,10.491803278688526
8609,4.421247347827163,10.924138299734526,1980-99,0.115,0,0,Brooklyn,100,9.54954954954955
8612,2.6946271807700692,10.909253290837885,1980-99,1.0,0,0,Queens,100,14.264813460131677
8613,4.248495242049359,11.26774078277914,1980-99,0.217,0,1,Queens,100,11.500715600081781
8614,4.72384171570559,12.31364371611014,1960-79,0.13,0,1,Manhattan,95,9.294431423260326
8615,3.9721769282478934,11.693912798751047,2010+,0.649,0,0,Unknown,100,3.5046728971962615
8617,4.602165676967792,11.177103017190513,pre-1930,0.188,0,0,Manhattan,100,13.711087792934592
8618,4.345103280569283,11.479017016719041,2010+,0.249,0,0,Bronx,100,10.138000951730701
8619,4.2017030805426,10.996249427526061,2000-09,0.396,0,0,Queens,95,7.5440067057837386
8621,4.507557357121091,10.855145428247575,1960-79,0.14,0,0,Brooklyn,100,10.81081081081081
8629,4.471638793363569,11.52153826806845,1980-99,0.14300000000000002,0,0,Unknown,100,13.681653695533633
8630,4.062165663857866,12.281282153627496,1930-59,0.39,0,0,Manhattan,100,7.23488326794112
8632,4.366912996863833,11.922409154420174,1960-79,0.174,0,0,Bronx,100,8.631908847042576
8638,4.02535169073515,11.320529329604678,pre-1930,0.135,0,0,Brooklyn,100,8.606269242890736
8643,4.259859000699674,11.807563289988016,1930-59,0.16699999999999998,0,0,Brooklyn,100,4.5432878508014065
8647,4.122283930911342,11.207758078177427,1930-59,0.132,0,0,Queens,100,9.76933514246947
8651,4.318820558770089,11.074172409995889,1930-59,0.129,0,0,Brooklyn,100,7.443706966069103
8654,4.29592393562047,11.111297983743281,1930-59,0.14400000000000002,0,0,Brooklyn,100,8.068974791925047
8655,4.814620410170298,10.97433459624347,pre-1930,0.077,0,0,Brooklyn,100,10.281542916873725
8661,4.194189897191817,11.658643547318398,2000-09,0.25,0,0,Brooklyn,95,5.877929240104766
8665,4.39197696552705,10.397055108865839,1930-59,0.195,0,0,Brooklyn,100,10.682782406983488
8668,4.210645017918261,11.306430061003852,1930-59,0.212,0,1,Brooklyn,100,9.343151838510996
8670,4.087655574071304,11.491456650354575,pre-1930,0.243,0,0,Manhattan,100,6.334545751767543
8675,3.8543938925915096,12.033390480163625,2000-09,0.262,0,0,Manhattan,100,4.5756799638699555
8678,4.3489867805956814,11.511324183603255,2000-09,0.267,0,0,Queens,100,8.513621794871796
8679,3.5610460826040513,11.34894664682399,2000-09,0.512,0,0,Queens,100,6.833498279843537
8680,4.3463994570307305,11.09334114830118,1960-79,0.198,0,0,Queens,100,11.409967747824501
8681,4.426043520090656,11.8770545575831,1960-79,0.20800000000000002,0,0,Brooklyn,100,7.642816447340994
8683,4.428433007488037,11.364611054276669,1930-59,0.124,0,0,Queens,100,8.351118121926325
8699,3.6686767467964168,11.67573285285988,1930-59,0.196,0,1,Manhattan,100,6.118234889234456
8700,4.251348311031766,11.369124376215161,1930-59,0.161,0,1,Queens,100,7.851650001154654
8701,4.350277936359301,11.068667552142909,1930-59,0.107,0,0,Queens,100,7.79666302822392
8710,4.2612704335380815,11.018629143155449,1980-99,0.29600000000000004,0,0,Brooklyn,100,13.442622950819672
8714,4.387014176184921,11.010398644018933,pre-1930,0.11699999999999999,0,1,Bronx,100,8.429752066115702
8716,4.5217885770490405,10.973357372338583,pre-1930,0.142,0,1,Bronx,100,9.262435677530018
8720,4.490881039585964,11.620846699187933,1930-59,0.18600000000000003,0,0,Manhattan,100,11.041689109124206
8723,4.432006566978902,11.254154736012868,1930-59,0.107,0,1,Bronx,100,9.974093264248705
8724,4.238444906195857,11.650772531662353,1960-79,0.20199999999999999,0,0,Brooklyn,100,10.716152639832723
8725,2.5572273113676265,10.929098948319748,1930-59,0.8220000000000001,0,0,Manhattan,100,10.04016064257028
8727,4.525044141508807,10.940543535505132,pre-1930,0.165,0,1,Manhattan,100,10.812152150023044
8728,4.239886867512759,10.983664279048552,pre-1930,0.157,0,1,Manhattan,100,10.186065462447372
8729,2.797281334830153,11.18647484379009,1980-99,1.0,0,0,Queens,100,4.851139324721406
8731,4.477336814478207,10.864560427182177,pre-1930,0.17800000000000002,0,0,Manhattan,100,9.179575444635686
8732,4.599152113662528,10.864560427182177,pre-1930,0.162,0,0,Manhattan,100,9.179575444635686
8733,3.9982007016691985,10.876990030161393,1930-59,0.23600000000000002,0,0,Brooklyn,100,10.199456029011786
8734,4.400603020246817,11.081680903874577,1930-59,0.171,0,0,Brooklyn,100,10.466369093427735
8735,4.200204952921578,11.84271830112239,1930-59,0.23800000000000002,0,0,Manhattan,100,8.556964938015934
8736,4.067315889834181,11.275086969907266,pre-1930,0.188,0,0,Manhattan,100,8.372128423375997
8738,3.6584202466292277,11.445909210117442,pre-1930,0.415,0,0,Manhattan,100,5.025770439915311
8741,4.497584975308154,11.038367480374779,1930-59,0.19899999999999998,0,0,Queens,100,10.447473318760448
8742,4.162003210695915,11.68893547915038,pre-1930,0.185,0,0,Queens,100,10.147175982221476
8744,2.970414465569701,11.21461376432841,pre-1930,0.615,0,1,Queens,100,7.142183351974881
8745,2.388762789235098,12.4173136416407,1930-59,0.8079999999999999,0,1,Queens,100,5.58609467216101
8746,4.0809215418899605,11.999294448302228,1930-59,0.16899999999999998,0,1,Queens,100,7.870142646335465
8749,4.373238128640803,11.316229083670867,1960-79,0.175,0,1,Queens,100,10.469419555901831
8750,4.009149716158869,11.297799685249602,1960-79,0.214,0,1,Queens,100,9.42413570755419
8751,4.009149716158869,11.62597732625071,1930-59,0.223,0,1,Queens,100,9.645526886906197
8753,4.2710950739666,11.668594990766756,1960-79,0.18100000000000002,0,1,Queens,100,9.58543014617781
8754,4.242764567340374,11.060636009208594,pre-1930,0.21100000000000002,0,1,Manhattan,100,11.946492289796751
8755,4.484131857611035,10.941925118168168,1930-59,0.133,0,1,Queens,100,9.38119512885868
8757,4.546481189639412,11.279479020660121,1930-59,0.132,0,1,Queens,100,8.335438241980297
8760,4.543294782270004,11.197776267859995,1930-59,0.135,0,1,Queens,100,14.526915908343383
8761,4.574710978503383,11.733634054168887,1960-79,0.18100000000000002,0,1,Queens,100,10.024379290434336
8762,3.8088822465086327,12.43687082528116,1960-79,0.36,0,0,Queens,100,8.931371342603436
8763,4.247065649239764,11.002099841204238,1930-59,0.188,0,0,Queens,100,9.833333333333332
8764,4.378269585796169,11.727278492594847,1930-59,0.11900000000000001,0,1,Queens,100,8.070634190434685
8765,4.465908118654584,11.80563985405003,1930-59,0.141,0,1,Queens,100,10.372669880453113
8768,4.522874943261261,11.381163933787974,1930-59,0.11800000000000001,0,1,Queens,100,10.837944213108207
8769,4.235554730773624,11.783639389191855,1930-59,0.11599999999999999,0,1,Queens,100,8.00976428407964
8770,4.378269585796169,12.09367632543561,1960-79,0.17,0,1,Queens,100,8.3921717821616
8771,4.239886867512759,11.47114467762166,1960-79,0.187,0,1,Queens,100,9.592526170913793
8772,4.117409835153096,11.406030439220451,1960-79,0.183,0,1,Queens,100,9.125102935612382
8773,4.210645017918261,11.455042082521679,1960-79,0.204,0,0,Queens,100,10.701873357633296
8774,4.411585436915426,11.52463662089824,1960-79,0.19699999999999998,0,0,Queens,100,11.267271541244144
8776,4.470495282661489,11.358094553838106,1930-59,0.14,0,1,Queens,100,8.522461940786402
8777,4.259859000699674,12.546391047593815,1960-79,0.303,0,1,Queens,100,8.325061637475585
8780,4.502029427068578,11.576097427792176,pre-1930,0.23,0,1,Manhattan,100,7.040865181513504
8781,3.955082494888593,11.251560700835821,1930-59,0.163,0,1,Manhattan,100,8.311688311688313
8782,3.517497837358316,10.823790225800138,1930-59,0.396,0,0,Bronx,100,10.955957052648355
8784,4.3463994570307305,11.172362874244964,1960-79,0.198,0,1,Manhattan,100,15.603694280051169
8785,4.044804116661965,10.942933530535022,1930-59,0.19699999999999998,0,0,Manhattan,100,10.432691457570774
8787,4.139955073474153,10.933106969717286,1930-59,0.16699999999999998,0,1,Manhattan,100,8.571428571428571
8788,4.007333185232471,11.67432126399303,1930-59,0.153,0,1,Manhattan,100,7.743692294600689
8789,4.037774210733707,11.54998037292124,1930-59,0.13699999999999998,0,1,Manhattan,100,8.287159720549266
8790,4.100989104940769,11.277696680519853,1930-59,0.17600000000000002,0,1,Manhattan,100,10.121585546375838
8791,3.758871825933971,13.11756789744829,1960-79,0.547,0,0,Manhattan,100,11.756241861063327
8792,4.3134800921387715,12.114499972537617,2010+,0.457,0,0,Manhattan,100,9.3699143556951
8795,4.283586561860629,11.097697858367294,1930-59,0.162,0,0,Unknown,100,10.14859358669474
8796,4.259859000699674,11.182767252876404,pre-1930,0.312,0,1,Manhattan,100,14.885713888231939
8797,4.478472532942134,10.895405102533275,1930-59,0.12,0,0,Queens,100,10.198783563269544
8798,4.389498649512583,11.083034458700237,pre-1930,0.304,0,1,Manhattan,100,8.915121891235513
8800,4.422448549172797,11.211252643491298,1930-59,0.14300000000000002,0,1,Bronx,100,9.735255144811921
8801,4.364371699435161,11.03023368044801,pre-1930,0.174,0,0,Manhattan,100,7.7780658542909
8825,4.436751534363128,10.988626143912366,1960-79,0.69,0,0,Unknown,100,7.432809095055492
8833,3.730501128804756,10.915960810882316,2010+,0.512,0,0,Queens,100,8.719662839703531
8836,4.320151230955794,12.366310475297082,2000-09,0.297,0,0,Manhattan,100,9.797323200913281
8837,4.500920164614292,12.31599374589431,1980-99,0.253,0,0,Manhattan,100,7.659986203065786
8845,4.174387269895637,12.170549089461128,pre-1930,0.19,0,0,Manhattan,100,5.698891306600353
8846,3.7612001156935624,11.671918686457536,1930-59,0.389,0,0,Manhattan,100,4.520911347487482
8852,4.276666119016055,10.925506732372718,pre-1930,0.11900000000000001,0,0,Bronx,100,7.737152727796171
8853,4.550714000192032,12.676563655986389,1930-59,0.13699999999999998,0,0,Queens,100,9.120553730056598
8858,4.021773869387265,11.266730765625265,pre-1930,0.33,1,0,Manhattan,100,2.6862120572546915
8859,4.368181227851829,12.230272453785604,2010+,0.517,0,0,Manhattan,100,2.098594917495937
8861,4.449685283147696,11.078783065975195,2000-09,0.535,0,0,Manhattan,100,4.630915995183847
8865,4.091005660956586,12.128797355022883,1930-59,0.295,0,0,Manhattan,100,11.397581119987901
8867,4.389498649512583,11.483537848075636,1960-79,0.162,0,0,Queens,100,11.328060636019114
8872,4.28496492183075,12.055209057292998,pre-1930,0.217,0,0,Brooklyn,100,11.62838022477659
8873,4.3134800921387715,11.045063540636354,1930-59,0.218,0,0,Brooklyn,100,10.53740779768177
8874,4.341204640153626,11.848025331751163,pre-1930,0.154,0,0,Brooklyn,100,8.511673151750973
8881,4.051784947803305,10.978404647692702,1930-59,0.155,0,0,Queens,100,7.167847085928833
8883,4.12552017969055,11.380376446800732,1980-99,0.33,0,0,Staten Is,100,10.618135318429887
8888,4.312140507209715,11.15129540756609,1930-59,0.177,0,0,Queens,100,11.34177505958021
8894,4.2017030805426,11.86668315786693,1960-79,0.156,0,0,Brooklyn,100,9.407403767173777
8902,4.014579593753238,11.12120052689692,2010+,0.723,0,0,Manhattan,100,3.2549675243012914
8903,4.09933210373314,11.010415172807951,pre-1930,0.201,0,0,Unknown,100,8.925472306242872
8904,4.286341384539473,11.010068010853415,pre-1930,0.21600000000000003,0,0,Manhattan,100,10.085978835978837
8905,4.448516375942715,11.79396804469059,1930-59,0.35100000000000003,0,0,Brooklyn,100,10.56994662176956
8906,4.216562194946349,11.324581811697744,1930-59,0.158,0,0,Queens,100,9.899436215035072
8907,3.9454577815143836,12.7816377077485,2000-09,0.526,0,0,Brooklyn,100,8.4920436299831
8908,4.174387269895637,10.998208948154403,pre-1930,0.191,0,1,Manhattan,100,6.8599728947412455
8909,3.949318790171843,10.80675383328753,2010+,0.727,0,0,Manhattan,100,2.0262192774502057
8910,4.2612704335380815,11.028936495157797,1930-59,0.11800000000000001,0,0,Unknown,100,7.78816199376947
8912,2.4069451083182885,10.825561529166011,1930-59,1.0,0,0,Unknown,100,9.54464108172599
8917,4.212127597878484,12.337947041093004,1980-99,0.44299999999999995,0,0,Manhattan,100,6.485737949893292
8922,4.22683374526818,11.570703686689583,pre-1930,0.494,1,0,Manhattan,100,6.890172537471212
8923,4.3489867805956814,11.443896878559793,1960-79,0.262,0,0,Manhattan,100,13.607628843887282
8924,4.272490747605575,11.623258596654575,1960-79,0.21,0,1,Manhattan,100,15.940536425916804
8926,4.476199804691132,11.446571964420206,1930-59,0.184,0,0,Manhattan,100,12.930113272066682
8928,4.597138014290827,11.214869772090887,2000-09,0.431,0,0,Manhattan,100,5.388947269150972
8931,4.4942386252808095,11.4376521987404,1980-99,0.578,0,0,Manhattan,100,10.997423152810272
8933,4.276666119016055,13.247142328919196,1980-99,0.326,0,0,Queens,100,9.21530446695113
8935,3.8437441646748516,11.060651728153854,pre-1930,0.684,0,0,Bronx,100,8.488163727247006
8937,4.33990170837321,11.05089000537367,1930-59,0.105,0,0,Brooklyn,100,7.6190476190476195
8940,4.487512142519859,11.317518668627619,pre-1930,0.28,0,0,Bronx,100,7.416413373860182
8946,4.219507705176107,11.046148624038919,1960-79,0.155,0,0,Bronx,100,10.685464578482344
8949,4.3425058765115985,11.118548653847485,1930-59,0.168,0,0,Bronx,100,9.790832220738764
8957,4.279440045898781,11.879247723560326,2000-09,0.7140000000000001,0,0,Manhattan,100,7.487416979797839
8959,4.091005660956586,11.223455127859221,1980-99,0.718,0,0,Manhattan,100,2.9385836027034973
8961,4.152613470346076,11.323700131859479,1980-99,0.195,0,0,Brooklyn,100,12.808119864668923
8964,3.92395157629342,11.648330101976432,1930-59,0.19399999999999998,0,0,Brooklyn,100,7.161572052401747
8965,4.399375273008495,11.675154852554789,1960-79,0.17,0,0,Queens,100,9.777830681982433
8968,4.37449836825309,11.891252305644059,1930-59,0.14800000000000002,0,0,Queens,100,10.960105217010083
8972,4.628886712605407,11.402005077384885,pre-1930,0.146,0,1,Staten Is,100,11.955173685210221
8973,4.133565275375382,11.139307800301184,1960-79,0.26,0,1,Manhattan,100,14.384517028943392
8974,4.162003210695915,11.03488966402723,pre-1930,0.184,0,1,Manhattan,100,6.451612903225806
8976,4.264087336809195,10.968198289528557,pre-1930,0.21600000000000003,0,1,Manhattan,100,14.310344827586206
8977,4.048300623720694,12.55883293720631,pre-1930,0.20800000000000002,0,1,Manhattan,100,3.7596891053345423
8978,4.135166556742356,11.49272275765271,pre-1930,0.183,0,1,Manhattan,100,8.36734693877551
8979,4.12552017969055,11.626254150277232,1930-59,0.187,0,0,Bronx,100,7.5
8990,4.404277243608702,11.08795638496392,pre-1930,0.21,0,0,Manhattan,100,11.012710503372643
8991,3.288401887516811,11.624681485716911,pre-1930,0.5660000000000001,0,0,Manhattan,100,7.0646730576620405
8993,3.9512437185814275,11.343725443066246,2010+,0.298,0,0,Brooklyn,100,9.474856100622972
8995,4.079230924412053,10.926819387090307,2010+,0.336,0,0,Bronx,100,6.469118941939658
9008,4.154184562578117,12.10698132621919,pre-1930,0.267,0,1,Manhattan,100,3.533334805556169
9009,4.418840607796598,11.197556969613501,1930-59,0.22699999999999998,0,1,Manhattan,100,12.336879043754797
9010,4.11251186617755,12.48742849959272,1960-79,0.24600000000000002,0,0,Manhattan,100,9.849614129101647
9011,4.356708826689592,13.04954749322223,1930-59,0.298,1,0,Manhattan,100,1.7208519938221412
9012,3.975936331171799,13.224210327714326,1930-59,0.299,0,0,Manhattan,100,5.780273732087925
9028,4.041295341132285,11.314681821832346,1960-79,0.33299999999999996,0,1,Manhattan,100,8.534815952790275
9029,4.110873864173311,11.003998038487318,2010+,0.35100000000000003,0,0,Manhattan,100,6.32132281997538
9031,4.210645017918261,10.413312675968536,2010+,0.24600000000000002,0,0,Staten Is,100,11.711711711711711
9033,4.1728476237100445,12.32706386279752,2010+,0.272,0,0,Manhattan,100,11.784355160971632
9042,4.269697449699962,11.753901075835723,pre-1930,0.19399999999999998,0,1,Manhattan,100,6.522644578739322
9044,4.019980146933238,12.479433913005002,1960-79,0.14800000000000002,0,0,Manhattan,95,9.73846885401807
9046,4.547541073151455,10.89458886681846,2010+,0.311,0,0,Queens,100,9.279192339098806
9064,4.3476939555933765,11.575101823396905,1930-59,0.16699999999999998,0,1,Queens,100,7.517737161114505
9066,4.554928969551344,10.954798568086225,1930-59,0.131,0,1,Queens,100,14.328650311036556
9072,4.475061500641071,10.915088464214607,pre-1930,0.152,0,0,Bronx,100,10.90909090909091
9076,4.232656178019613,11.843250273386113,1930-59,0.156,0,0,Queens,100,6.827557459286197
9077,4.506454213048934,11.512925464970229,1930-59,0.242,0,0,Manhattan,100,10.200000000000001
9078,4.4343818650078095,11.387668317597946,2000-09,0.314,0,0,Bronx,100,11.22105477914924
9081,4.1713056033582285,10.416311178964792,pre-1930,0.275,0,0,Brooklyn,100,9.880239520958085
9083,4.626931677769604,10.365868452461307,2000-09,0.304,0,0,Brooklyn,100,10.391409767925182
9088,3.6712245188752153,10.915088464214607,pre-1930,0.532,0,0,Bronx,100,9.818181818181818
9090,3.7932394694381792,10.824765825921322,2010+,0.647,0,0,Brooklyn,100,9.55223880597015
9099,4.062165663857866,11.33139159786728,2000-09,0.21,0,0,Queens,100,7.434141896185806
9105,4.128745988939433,11.088094034371098,2010+,0.298,0,0,Unknown,100,12.234660794029486
9107,4.507557357121091,11.133069622368483,2010+,0.434,0,0,Manhattan,95,8.041405930171354
9109,4.575741375297279,12.751299696013497,1960-79,0.155,0,1,Bronx,100,11.623188405797102
9111,4.138361447638875,10.257659366256743,pre-1930,0.214,0,0,Brooklyn,100,9.824561403508772
9117,4.631812116934513,11.979360233401412,1960-79,0.161,0,0,Queens,100,9.345794392523365
9121,3.3068867021909143,11.134559826743782,2010+,0.9570000000000001,0,0,Brooklyn,100,6.131565885135332
9123,4.182050142641207,10.980365349058232,2000-09,0.267,0,0,Bronx,100,12.774655084312723
9124,3.92395157629342,10.22886272963353,pre-1930,0.248,0,0,Bronx,100,5.7780506301686465
9125,4.338597076746545,11.33573472300529,1960-79,0.16399999999999998,0,1,Queens,100,9.073326806905278
9126,4.09933210373314,10.949507457751732,2010+,0.42,0,0,Queens,100,9.485999367600042
9128,4.3134800921387715,11.775505090861168,2000-09,0.409,0,0,Manhattan,100,0.7690651244347371
9130,2.617395832834079,11.857039854384077,2000-09,0.807,0,0,Brooklyn,100,5.316358790422048
9132,4.259859000699674,11.372317664958343,pre-1930,0.446,1,0,Manhattan,100,9.66817444149028
9136,4.32280727501391,11.482600269124116,1980-99,0.19899999999999998,0,0,Bronx,100,13.503344912537495
9144,4.356708826689592,10.968198289528557,1930-59,0.18,0,1,Bronx,100,8.448275862068966
9145,4.1666652238017265,10.844470897000654,pre-1930,0.156,0,1,Bronx,100,7.2195121951219505
9146,3.7977338590260183,10.983681255680219,2010+,0.519,0,0,Manhattan,100,4.923181393769629
9148,4.183575695950044,10.634195415313956,2010+,0.405,0,0,Bronx,100,18.058799451012497
9149,4.497584975308154,10.389610563661748,pre-1930,0.175,0,0,Manhattan,100,9.22509225092251
9154,3.879499813722586,11.265181796787786,1980-99,0.413,0,0,Bronx,100,13.06754125243415
9160,4.258445572902527,10.357742824813725,pre-1930,0.157,0,0,Bronx,100,9.841269841269842
9161,4.012772908528289,10.690807903113322,1930-59,0.155,0,0,Bronx,100,9.783845278725826
9165,4.280824129164719,11.829369906089662,2000-09,0.374,0,0,Brooklyn,100,5.829883985308692
9168,4.45898767581001,10.629005113126524,1930-59,0.17300000000000001,0,0,Queens,100,14.522218995062445
9174,4.6061696863211745,10.815750182489847,pre-1930,0.16899999999999998,0,0,Manhattan,100,9.036326030643185
9175,4.673762977453703,10.333645273234664,pre-1930,0.17,0,0,Manhattan,100,9.105691056910569
9177,2.89591193827178,10.371927459805681,pre-1930,0.807,0,0,Bronx,100,9.076682316118935
9178,5.699774453258662,10.406079371375014,pre-1930,0.061,0,0,Bronx,100,7.864488808227465
9189,3.970291913552122,10.681067789070903,pre-1930,0.258,0,1,Manhattan,100,10.798639830897896
9191,4.1728476237100445,11.528345955696105,pre-1930,0.243,0,0,Manhattan,100,2.46174449061583
9196,4.410371107683024,11.348180530348607,1960-79,0.165,0,0,Bronx,100,6.838735541380245
9198,4.039536325727106,12.489057453086582,2010+,0.585,0,0,Brooklyn,100,7.723695166473888
9199,4.533674184283021,10.4341158035983,pre-1930,0.1,0,0,Brooklyn,100,11.176470588235293
9202,3.139832617527748,11.274566747849539,2000-09,0.758,0,0,Brooklyn,100,3.6805767082952587
9203,4.28771595520264,10.922443170120099,2010+,0.718,0,0,Manhattan,100,11.190123813305417
9206,2.509599262378372,10.827508330472194,pre-1930,0.946,0,0,Manhattan,100,4.366118917202509
9207,5.0701612734102826,10.699213884343516,2010+,0.409,0,0,Manhattan,100,2.0306401028857652
9208,4.162003210695915,10.616559901903344,2000-09,0.575,0,0,Manhattan,100,7.352040191153045
9209,3.742420221041966,10.702727480606711,1960-79,0.585,0,0,Manhattan,100,5.845718011556535
9211,4.072439726834051,10.501004502080823,pre-1930,0.285,0,0,Brooklyn,100,10.453345070422534
9212,4.219507705176107,11.092336566716217,1930-59,0.19,0,1,Manhattan,100,11.421435750616757
9213,4.572646994282532,10.151011472575716,2010+,0.294,0,0,Manhattan,100,7.807315454580943
9214,4.498697941477575,10.24736090463765,pre-1930,0.087,0,0,Brooklyn,100,11.344299489506524
9215,4.630837932736669,10.4341158035983,pre-1930,0.105,0,0,Brooklyn,100,12.352941176470589
9216,4.7318028369214575,10.563594879017874,2000-09,0.34299999999999997,0,0,Manhattan,100,18.08785529715762
9217,4.3694478524670215,10.753638481905739,pre-1930,0.14,0,1,Bronx,100,10.256410256410257
9221,4.522874943261261,10.692671921293016,1930-59,0.124,0,1,Manhattan,95,10.901162790697674
9224,4.33204826486764,11.21532772773107,1960-79,0.273,0,0,Staten Is,100,13.19687584163749
9226,4.486386649998124,11.474018302654745,1960-79,0.175,1,0,Manhattan,100,12.891957082259005
9236,4.5612182984589085,10.184749057184986,pre-1930,0.177,0,0,Manhattan,95,12.832125603864736
9237,4.405498990859024,10.63592755903378,pre-1930,0.152,0,1,Manhattan,95,9.133956685815926
9238,4.5031374604229395,10.511757440962972,pre-1930,0.11900000000000001,0,1,Manhattan,95,5.170771533541979
9240,4.6141299273595635,10.165851817003619,1930-59,0.252,0,0,Manhattan,95,16.923076923076923
9245,4.481871969643598,10.54069910076577,pre-1930,0.151,0,1,Manhattan,95,12.161590524534688
9246,4.393213824064446,10.627406391762827,1930-59,0.20600000000000002,0,1,Brooklyn,95,11.878787878787879
9253,4.478472532942134,10.714417768752456,1930-59,0.113,0,0,Manhattan,100,9.333333333333334
9254,4.933754249760298,10.607673580211289,pre-1930,0.149,0,1,Brooklyn,100,10.384729502522006
9257,4.26689632742025,10.451695662489449,pre-1930,0.126,0,0,Unknown,100,12.137675924052827
9259,4.238444906195857,10.171298495345496,1930-59,0.23800000000000002,0,0,Manhattan,100,16.448626730931068
9262,4.219507705176107,10.765955477712776,pre-1930,0.271,0,1,Manhattan,100,3.376952300548755
9263,4.383275854074314,10.417807065556374,pre-1930,0.508,0,1,Manhattan,100,2.9895366218236177
9264,4.183575695950044,10.775031932997871,pre-1930,0.14800000000000002,0,1,Queens,100,10.039320672634485
9268,4.22683374526818,10.878349033768062,2000-09,0.354,0,0,Manhattan,100,6.413158291836427
9270,4.620058798481842,10.262315177792935,pre-1930,0.39399999999999996,0,0,Manhattan,100,18.16086333950337
9271,4.525044141508807,10.649630327748017,1930-59,0.16,0,0,Manhattan,100,11.380610285226545
9276,3.937690752176724,11.032499713595321,pre-1930,0.298,0,1,Bronx,100,9.377223048567549
9279,4.269697449699962,11.228119253263912,2010+,0.293,0,0,Brooklyn,100,8.50882790895554
9281,4.442651256490317,10.778956289890028,pre-1930,0.107,0,1,Brooklyn,100,10.0
9282,4.35799005684564,11.160527077798756,2000-09,0.29600000000000004,0,0,Manhattan,100,8.534850640113799
9283,3.8110970868381857,12.754601485479267,pre-1930,0.892,0,0,Brooklyn,95,9.76480682727559
9286,4.028916756899646,10.131220556184145,2000-09,0.42700000000000005,0,0,Manhattan,100,3.185347401951025
9295,4.964242254526545,11.399678376334126,1930-59,0.071,0,1,Queens,100,10.751122708386996
9300,4.302712827954156,10.536964343355363,1960-79,0.223,0,1,Manhattan,100,8.491892896000849
9301,3.933784497209659,10.676485114583807,pre-1930,0.23399999999999999,0,1,Bronx,100,11.309867282169648
9303,4.368181227851829,11.041320554357519,1930-59,0.134,0,0,Brooklyn,100,9.615384615384617
9312,4.028916756899646,10.770588040219511,1930-59,0.155,0,0,Queens,100,10.294117647058824
9313,3.535145354171894,10.500674341950162,2010+,0.478,0,0,Brooklyn,100,8.25536598789213
9316,4.7059200890882344,10.793844902383778,1930-59,0.1,0,0,Brooklyn,100,13.752052545155994
9317,4.117409835153096,10.248848736574587,pre-1930,0.2,0,1,Queens,100,14.15929203539823
9319,4.210645017918261,10.748711835976422,1960-79,0.237,0,1,Queens,100,9.233412067854841
9321,4.511957804265912,10.335269968961667,1930-59,0.12300000000000001,0,0,Brooklyn,100,12.012987012987013
9322,4.481871969643598,10.481504425842441,pre-1930,0.195,0,1,Manhattan,100,11.220196353436185
9323,4.370712874773608,10.65426664592879,pre-1930,0.185,0,1,Manhattan,100,11.563967620890661
9325,4.29592393562047,11.010729167902293,2000-09,0.29600000000000004,0,0,Manhattan,100,10.079312623925976
9326,5.5909869805108565,10.404262840448617,pre-1930,0.046,0,1,Manhattan,100,9.090909090909092
9327,4.525044141508807,10.584309083405437,pre-1930,0.111,0,0,Bronx,100,9.111617312072893
9332,4.439115601658009,10.525970823344906,pre-1930,0.225,0,1,Manhattan,100,2.6830511657857317
9334,4.255612709818223,12.020568028169722,1930-59,0.17600000000000002,0,1,Queens,100,8.84811932320916
9337,4.135166556742356,11.377380618135087,1930-59,0.151,0,0,Brooklyn,100,7.443543584810591
9338,4.6443908991413725,10.399158928530442,1930-59,0.142,0,0,Manhattan,100,11.269493177387913
9345,4.549657476057832,10.142740645583405,1980-99,0.21899999999999997,0,0,Manhattan,100,6.69133275604188
9347,4.375757021660286,10.401410290946595,1980-99,0.294,0,0,Manhattan,100,8.81298243481432
9349,4.278054044290903,11.079060882340366,1930-59,0.115,0,0,Brooklyn,100,8.333333333333334
9350,4.859036909945142,10.856881372361785,1930-59,0.106,0,1,Queens,100,12.71921372133359
9352,3.4307561839036995,11.100662302361064,2000-09,0.49200000000000005,0,0,Manhattan,100,5.285811372045609
9353,3.9473901492654373,11.960875184684548,1930-59,0.215,0,1,Queens,100,8.306178518944476
9354,3.3978584803966405,10.765300979067026,1960-79,0.971,0,0,Manhattan,100,7.1807218737460135
9356,4.294560608892605,11.879857623361609,2000-09,0.511,0,0,Manhattan,100,5.1964248596965295
9358,4.487512142519859,10.736396675471232,1930-59,0.115,0,1,Queens,100,10.43478260869565
9360,4.469350462845557,11.281308616451396,2000-09,0.335,0,0,Brooklyn,100,7.942010715411283
9364,3.784189633918261,10.484445398482496,2010+,0.6659999999999999,0,0,Brooklyn,100,7.831072577261922
9366,4.356708826689592,11.196651855658212,1980-99,0.226,0,0,Bronx,100,10.838844222484429
9367,4.579852378003801,10.783114300038692,2000-09,0.23199999999999998,0,0,Bronx,100,11.410788381742739
9368,3.1354942159291497,10.721062311471126,1980-99,0.7290000000000001,0,0,Bronx,100,10.375275938189846
9370,4.432006566978902,10.84413913465654,2000-09,0.179,0,0,Bronx,100,11.516015068412937
9376,4.204692619390966,10.498415325589614,1930-59,0.273,0,0,Bronx,100,10.204644492249985
9377,4.365643155423357,11.054850406589766,1930-59,0.203,0,0,Bronx,100,10.90909090909091
9378,4.365643155423357,11.740156650512791,1960-79,0.154,0,0,Queens,100,10.516922684683536
9379,2.884800712846709,10.479201636203978,pre-1930,0.917,0,0,Manhattan,100,17.150247413405307
9380,4.686750172980514,10.584055950889214,1930-59,0.115,0,1,Manhattan,100,8.354430379746836
9381,3.7612001156935624,11.902193438175821,2010+,0.341,0,0,Manhattan,100,8.333897960566434
9382,4.07753744390572,11.967904284947855,pre-1930,0.141,0,0,Brooklyn,100,9.136244242262745
9383,4.519612297626445,10.521345294054358,pre-1930,0.15,0,1,Manhattan,100,10.781961777945497
9384,4.359269647551265,10.673595774232203,1930-59,0.11699999999999999,0,0,Brooklyn,100,8.333333333333334
9385,3.9908341858524357,10.55791989196796,2000-09,0.36700000000000005,0,0,Manhattan,100,9.095397728749253
9386,4.28496492183075,10.137096153698101,pre-1930,0.231,0,0,Manhattan,100,10.291730989985355
9388,4.77912349311153,10.516779507846609,pre-1930,0.349,0,0,Manhattan,100,3.7909558624424586
9391,4.509760001183433,10.368635662805467,pre-1930,0.213,0,0,Manhattan,100,11.304757418747057
9392,4.653007515402251,10.181119289134408,pre-1930,0.121,0,1,Bronx,100,10.227272727272728
9394,2.954910279033736,10.145727599541326,pre-1930,0.773,0,0,Manhattan,100,9.810846872302017
9395,4.249922794040544,10.761513376278307,pre-1930,0.132,0,1,Bronx,100,8.055967776128895
9397,3.3945083935113587,10.693648007266072,pre-1930,0.606,0,0,Bronx,100,13.386273397617698
9398,3.3214324131932926,10.521372248595526,pre-1930,0.693,0,0,Bronx,100,13.746630727762804
9399,3.1354942159291497,10.629295515335622,pre-1930,0.648,0,0,Bronx,100,11.856368563685637
9400,3.109060958860994,10.484864832253063,pre-1930,0.7909999999999999,0,0,Bronx,100,8.946044171093094
9401,2.7788192719904172,10.725467604939041,pre-1930,0.782,0,0,Bronx,100,8.351648351648352
9407,4.550714000192032,10.432732494325869,1980-99,0.16,0,1,Manhattan,100,10.602892233381437
9409,4.798266815950004,10.246012860870419,pre-1930,0.142,0,1,Manhattan,100,10.649627263045794
9414,4.607168188650764,10.54006438160768,1930-59,0.129,0,1,Brooklyn,100,9.523809523809524
9415,3.8088822465086327,10.373491181781864,pre-1930,0.40700000000000003,0,0,Brooklyn,100,8.75
9417,4.168214410788556,11.02939070144014,2000-09,0.6579999999999999,0,0,Brooklyn,100,9.244242620823874
9420,4.241326752570746,10.564886034781493,pre-1930,0.21600000000000003,0,0,Manhattan,100,9.290322580645162
9423,4.412798293340635,11.751942365440728,1960-79,0.177,0,0,Bronx,100,10.0
9424,4.341204640153626,10.778956289890028,pre-1930,0.141,0,0,Brooklyn,100,12.5
9425,4.143134726391533,10.24003121517787,pre-1930,0.223,0,0,Manhattan,100,10.713520462824086
9426,4.639571612705423,10.29667762976868,pre-1930,0.17300000000000001,0,1,Manhattan,100,12.148208139299452
9428,4.421247347827163,11.368327347127613,1930-59,0.14300000000000002,0,0,Bronx,100,8.551255532315658
9430,3.5085558999826545,10.298902324790792,pre-1930,0.196,0,0,Brooklyn,100,3.0303030303030303
9432,4.625952725170619,12.031719258385396,pre-1930,0.113,0,1,Bronx,95,8.869047619047619
9433,4.14946386144318,10.308952660644293,pre-1930,0.207,0,1,Unknown,100,2.3333333333333335
9446,4.219507705176107,10.631591561105106,2000-09,0.33,0,0,Manhattan,90,12.312000579388263
9447,4.841822087327094,10.438137119025118,1980-99,0.33,0,0,Manhattan,90,11.717491285115857
9448,4.551769409260976,10.491274217438248,pre-1930,0.11,0,0,Brooklyn,100,12.777777777777779
9449,4.056988775678332,10.496814397813862,pre-1930,0.171,0,0,Brooklyn,100,11.325966850828728
9452,4.056988775678332,10.906946315795638,1930-59,0.163,0,0,Brooklyn,100,7.882098471239506
9453,4.627909672957581,10.341742483467284,1930-59,0.10400000000000001,0,0,Brooklyn,100,12.258064516129032
9459,4.596129441335942,11.830360495571357,2010+,0.344,0,0,Queens,100,9.464181712288877
9461,4.6520537718869415,10.647612977860703,2010+,0.355,0,0,Queens,100,11.166017295448066
9465,3.6000482404073204,10.49910459099786,pre-1930,0.469,0,0,Brooklyn,100,7.992723865171017
9467,4.23410650459726,10.282745568475118,1960-79,0.257,0,1,Manhattan,100,3.7640295647413087
9470,4.908971640319756,10.66578759178439,1930-59,0.09300000000000001,0,1,Manhattan,100,11.198208286674133
9487,5.15675380222625,10.136739837998626,pre-1930,0.17,0,0,Bronx,100,12.671259998416092
9489,3.9589065913269965,12.497454116760432,2010+,0.536,0,0,Queens,95,10.162335842782687
9490,4.45898767581001,10.357742824813725,1960-79,0.21,0,0,Manhattan,100,17.142857142857142
9491,4.309455941839047,10.578979797857352,1930-59,0.165,0,0,Brooklyn,100,10.94147582697201
9497,4.283586561860629,10.661251376182046,1930-59,0.271,0,0,Bronx,100,11.952191235059761
9498,4.638604962074329,10.601348605322293,pre-1930,0.14,0,0,Bronx,100,13.187688173380776
9500,4.583946549536464,10.448714603019452,1930-59,0.11599999999999999,0,0,Brooklyn,100,10.43478260869565
9502,4.241326752570746,11.359774285476053,1930-59,0.165,0,0,Queens,85,13.053613053613054
9503,4.552823705615882,10.23243152273655,pre-1930,0.179,0,1,Bronx,100,11.155091759625765
9504,4.485259889315534,10.426735696300677,pre-1930,0.139,0,1,Bronx,100,10.962962962962964
9505,4.406719247264253,10.357107702531339,pre-1930,0.134,0,0,Brooklyn,100,12.388818297331639
9506,4.065602093356446,12.830526017022402,pre-1930,0.174,0,1,Brooklyn,100,5.0074308131050085
9507,4.00369019395397,11.163013315982314,1930-59,0.175,0,1,Manhattan,100,7.946080170273147
9510,3.8753590210565547,12.382661132976262,2010+,0.507,0,0,Brooklyn,95,8.967933352330824
9511,4.316153890523174,11.604510533335963,pre-1930,0.322,0,0,Manhattan,100,2.1899608544497267
9515,4.639571612705423,10.253616115604826,1960-79,0.18600000000000003,0,0,Queens,100,17.61493746697199
9521,4.385769620952716,10.691944912900398,pre-1930,0.165,0,0,Queens,90,9.545454545454545
9522,4.657762636107262,10.673873513436876,1960-79,0.151,0,0,Queens,95,13.19078033879478
9529,4.280824129164719,12.163671279459013,2010+,0.252,0,0,Staten Is,100,9.285486992493363
9530,3.708682081410116,12.063333275011757,2010+,0.14800000000000002,0,0,Queens,100,8.881404415326767
9531,4.072439726834051,11.657865283326574,1930-59,0.129,0,0,Bronx,100,7.699161742951807
9534,4.198704577546343,11.571713106453316,2010+,0.34,0,0,Brooklyn,100,9.523360520484655
9537,4.225372824628505,10.340967990076303,pre-1930,0.121,0,0,Brooklyn,100,10.007747933884296
9538,4.420044701861403,10.373491181781864,1930-59,0.122,0,1,Queens,100,11.5625
9540,4.515245478460105,10.51867319162636,pre-1930,0.166,0,0,Bronx,100,11.35135135135135
9547,4.481871969643598,10.422281345951296,1930-59,0.175,0,0,Bronx,100,11.607142857142858
9550,4.829912458665998,10.18885444703047,pre-1930,0.10800000000000001,0,1,Queens,100,16.162375493328323
9552,4.519612297626445,11.180943133621868,2010+,0.34600000000000003,0,0,Manhattan,95,11.428571428571429
9554,4.365643155423357,10.969059987126037,1930-59,0.135,0,0,Bronx,100,12.05857019810508
9555,4.778282803696737,10.255270550394432,pre-1930,0.091,0,0,Queens,100,12.661789532920652
9557,4.276666119016055,13.163979296682902,2010+,0.508,0,0,Brooklyn,85,11.242270938729623
9560,3.730501128804756,10.562819384601342,pre-1930,0.29100000000000004,0,0,Manhattan,90,9.568140677527799
9563,4.33990170837321,11.647893325380712,1960-79,0.171,0,0,Brooklyn,100,10.834425513324595
9566,4.204692619390966,11.252170904234243,pre-1930,0.141,0,0,Brooklyn,100,9.215154386283697
9568,4.282206299391671,11.491701828518602,pre-1930,0.19,0,0,Brooklyn,95,9.19305413687436
9569,3.856510295497887,10.957799582307658,pre-1930,0.285,0,0,Brooklyn,100,10.627177700348433
9570,4.613138355637268,10.258711444207545,1930-59,0.155,0,0,Brooklyn,95,10.164738871363475
9571,4.3489867805956814,10.566175525611365,pre-1930,0.18,0,0,Brooklyn,95,10.051546391752577
9574,4.8283137373023015,10.341742483467284,pre-1930,0.092,0,0,Brooklyn,100,13.548387096774194
9576,4.3294166844015844,12.110530438809686,1960-79,0.196,0,0,Bronx,100,8.251914444151042
9583,4.316153890523174,11.431379127411658,2010+,0.32,0,0,Bronx,100,12.477080146253078
9584,4.389498649512583,11.136091544536196,2010+,0.337,0,0,Brooklyn,100,13.118959812253108
9585,3.8437441646748516,11.248959919135764,2010+,0.45,0,0,Brooklyn,100,11.71875
9586,4.3463994570307305,11.001583041019357,1930-59,0.179,0,0,Bronx,100,9.17140522603345
9589,4.404277243608702,11.32142591899048,pre-1930,0.19,0,0,Bronx,90,8.840769268032746
9590,3.8691155044168695,10.463360450273136,2010+,0.696,0,0,Brooklyn,100,13.996400925476305
9599,3.9180050771056933,10.128149949819608,2000-09,0.311,0,0,Queens,100,9.984823068935219
9600,4.498697941477575,10.624638929505672,pre-1930,0.158,0,0,Manhattan,100,8.751458576429405
9602,4.440295542797857,10.690762395820771,pre-1930,0.172,0,0,Manhattan,100,8.419040684445253
9604,4.534747721691546,10.712616146805829,1960-79,0.226,0,0,Manhattan,100,16.9193437075625
9607,4.248495242049359,10.629537452771782,pre-1930,0.177,0,0,Brooklyn,100,11.611592239585853
9612,4.497584975308154,11.11498199826091,pre-1930,0.142,0,0,Brooklyn,100,11.165698972755694
9613,4.185098925490565,10.788308256940795,pre-1930,0.22,0,0,Brooklyn,100,14.860374398877218
9614,4.359269647551265,10.88668898969291,pre-1930,0.139,0,0,Brooklyn,100,11.22334455667789
9615,4.384523514872469,10.691944912900398,1930-59,0.127,0,0,Brooklyn,100,10.681818181818182
9617,4.546481189639412,10.28547930445865,1930-59,0.122,0,0,Brooklyn,100,12.285012285012284
9618,4.866764923676554,10.156189906091882,pre-1930,0.12300000000000001,0,0,Brooklyn,100,10.87378640776699
9619,4.660604892876192,10.404262840448617,pre-1930,0.121,0,1,Bronx,100,12.121212121212121
9620,4.152613470346076,10.71143554857325,pre-1930,0.151,0,1,Bronx,100,7.13234966344225
9621,4.516338972281476,10.484305548122153,pre-1930,0.266,0,1,Bronx,100,9.510489510489512
9622,4.546481189639412,10.226078169476098,pre-1930,0.135,0,1,Bronx,100,9.777649018613747
9624,4.455509411433685,10.675492123173568,pre-1930,0.24600000000000002,0,1,Bronx,100,10.627974677695116
9625,4.330733340286331,10.770798102188564,pre-1930,0.17600000000000002,0,1,Bronx,100,10.501995379122034
9626,4.409155302062135,10.611277009832943,pre-1930,0.157,0,1,Bronx,100,9.608277900960827
9629,4.689511334421843,10.2977905959381,pre-1930,0.177,0,1,Bronx,100,10.786395658475747
9630,4.535820107853298,10.487377747159124,pre-1930,0.16399999999999998,0,0,Bronx,100,11.154489682097045
9631,4.4520190064939165,10.25393313422352,pre-1930,0.19399999999999998,0,1,Bronx,100,10.213425371557372
9632,4.399375273008495,10.335269968961667,pre-1930,0.192,0,1,Bronx,100,9.74025974025974
9633,4.511957804265912,10.286945605381202,pre-1930,0.18600000000000003,0,1,Bronx,100,8.859508638020921
9634,4.492001487882454,10.390839820116476,pre-1930,0.20600000000000002,0,0,Bronx,100,8.292383292383292
9638,4.219507705176107,10.797328155572691,pre-1930,0.209,0,0,Manhattan,100,7.977091429740233
9643,4.163559631243574,10.77482275860842,pre-1930,0.235,0,0,Manhattan,100,11.29659846868332
9644,4.3054155323020415,10.5200506209133,pre-1930,0.14400000000000002,0,0,Bronx,100,8.906642195892148
9645,3.339321977944068,10.574849141024151,pre-1930,0.535,0,0,Bronx,100,10.731258623332824
9646,2.7212954278522306,10.548363184422374,pre-1930,0.685,0,0,Bronx,100,11.281647645284009
9647,4.848116364598481,10.558413520275876,pre-1930,0.163,0,0,Manhattan,100,12.207792207792208
9648,4.223909766576744,10.271873652402872,pre-1930,0.191,0,1,Bronx,100,10.72367510723675
9650,4.157319361383489,10.286366161971497,1930-59,0.20600000000000002,0,1,Bronx,100,10.228435049437435
9651,4.767289035464526,10.302599186672117,pre-1930,0.12,0,0,Bronx,100,10.734652801073466
9652,4.61512051684126,10.842517771379773,pre-1930,0.129,0,0,Bronx,100,8.993157380254154
9653,4.605170185988092,10.842517771379773,pre-1930,0.124,0,0,Bronx,100,8.993157380254154
9655,4.933754249760298,10.394212504595115,1930-59,0.142,0,0,Bronx,100,9.488827670645852
9657,4.04305126783455,10.404262840448617,pre-1930,0.18600000000000003,0,1,Bronx,100,9.090909090909092
9658,4.844187086458591,10.288851988937289,pre-1930,0.11900000000000001,0,0,Bronx,100,12.583749957487331
9659,4.157319361383489,10.934891091510787,pre-1930,0.2,0,1,Bronx,100,11.586452762923352
9660,4.050044303325521,10.913487182847634,pre-1930,0.225,0,1,Bronx,100,10.562354312354312
9661,4.275276264727001,10.49155195664292,1930-59,0.162,0,0,Manhattan,100,11.38572618717023
9662,4.074141854904581,10.673364265954747,pre-1930,0.248,0,0,Manhattan,100,11.113683723084048
9666,4.237000862623624,10.408466115510192,1930-59,0.179,0,0,Bronx,100,9.656296206886147
9668,4.1059436980654525,10.764265574480024,1930-59,0.165,0,0,Queens,100,8.879492600422832
9669,4.207673247529104,10.762869251237097,pre-1930,0.115,0,0,Queens,100,8.25676419528306
9671,4.478472532942134,10.787255092704724,pre-1930,0.125,0,1,Bronx,100,9.710743801652892
9672,4.072439726834051,10.452042393112126,pre-1930,0.21,0,1,Manhattan,100,6.355626173624151
9673,5.425390449111513,10.238852032964804,pre-1930,0.303,0,0,Manhattan,100,10.726161106939825
9674,4.539030383483547,10.776661993336655,pre-1930,0.192,0,1,Manhattan,100,8.770098141574442
9679,4.442651256490317,10.811322635962622,pre-1930,0.177,0,0,Manhattan,100,16.94265717340003
9680,4.505349850705881,10.755069082040832,1930-59,0.17800000000000002,0,0,Bronx,100,11.735336164038664
9681,4.489759334476764,10.81106039379056,1930-59,0.156,0,0,Bronx,100,10.894564822660694
9682,2.7788192719904172,10.656317735257247,pre-1930,0.753,0,0,Bronx,100,9.420631182289213
9683,4.407938016458383,10.511866293386406,1930-59,0.159,0,0,Bronx,100,10.884649922446869
9684,3.4781584227982836,10.863795169827057,pre-1930,0.39,0,0,Bronx,100,9.952153110047847
9689,3.2308043957334744,11.614308079258832,2010+,0.693,0,0,Brooklyn,60,7.770850275594109
9709,4.238444906195857,11.58656618512159,1960-79,0.16699999999999998,0,0,Manhattan,100,9.75455677152041
9714,4.282206299391671,10.792201516640048,pre-1930,0.114,0,0,Bronx,100,7.8125
9719,3.7999735016195233,10.511321912742025,pre-1930,0.341,0,0,Manhattan,100,2.1781153856625557
9720,4.345103280569283,10.681894577046897,1930-59,0.154,0,0,Queens,100,10.789715335169882
9723,4.117409835153096,11.240932997760737,2010+,0.305,0,0,Queens,100,10.369359199852992
9724,4.633757642840004,10.35723475926234,1960-79,0.172,0,0,Queens,100,11.752001016389277
9728,4.091005660956586,11.333798799072794,2010+,0.309,0,0,Queens,100,10.526315789473683
9731,4.787491742782046,10.394212504595115,1930-59,0.11599999999999999,0,1,Bronx,100,9.182736455463727
9733,4.517431271680085,10.831706855275558,pre-1930,0.105,0,0,Brooklyn,100,10.671936758893281
9735,4.416428061391214,10.677753784380865,1960-79,0.155,0,0,Queens,100,11.065006915629322
9736,5.011967739330034,10.832793221487778,1930-59,0.07200000000000001,0,0,Unknown,100,13.029315960912053
9739,4.74493212836325,10.624517374082325,pre-1930,0.12,0,0,Bronx,100,10.940653035423404
9740,4.552823705615882,11.102699039760354,1930-59,0.141,0,0,Brooklyn,100,9.04295403165034
9753,4.29592393562047,11.636381268897146,2010+,0.332,0,0,Manhattan,100,4.507689588120912
9756,4.882044059723269,10.308952660644293,pre-1930,0.106,0,0,Brooklyn,100,11.999999999999998
9758,4.823502180305079,10.344319804481584,pre-1930,0.11599999999999999,0,0,Brooklyn,100,12.226512226512227
9759,4.6520537718869415,10.549778946810811,1930-59,0.12,0,0,Brooklyn,100,12.313657680316489
9760,4.416428061391214,10.491274217438248,pre-1930,0.12,0,0,Brooklyn,100,10.555555555555555
9762,4.154184562578117,11.302204433654575,1930-59,0.13699999999999998,0,0,Brooklyn,100,8.518518518518519
9763,4.351567427189173,11.884489021402711,1960-79,0.175,0,0,Brooklyn,100,10.827586206896552
9768,4.409155302062135,10.667186389047018,pre-1930,0.149,0,0,Manhattan,90,8.61988631068866
9769,4.417635062141249,10.337540117496205,pre-1930,0.136,0,1,Manhattan,100,8.422416585681892
9771,4.072439726834051,10.389241491873095,pre-1930,0.146,0,1,Manhattan,100,9.53611418727698
9776,4.689511334421843,10.305948151623994,2000-09,0.259,0,0,Manhattan,100,17.719826145101973
9777,4.651099117876491,10.422281345951296,1930-59,0.079,0,0,Brooklyn,100,10.119047619047619
9781,4.716711560720999,10.414813051343769,1960-79,0.166,0,0,Bronx,100,13.493253373313342
9784,4.005513348515485,10.491274217438248,1930-59,0.47200000000000003,0,0,Brooklyn,100,10.0
9787,4.680277658474897,11.16778375684517,1930-59,0.125,0,1,Bronx,100,10.30898717731458
9788,4.3254562831854875,11.442503000673682,2000-09,0.142,0,0,Queens,100,9.978540772532188
9789,4.26689632742025,10.549281036712603,1960-79,0.18,0,1,Bronx,100,12.319790301441678
9792,4.726502471155617,10.688301921621898,1930-59,0.14300000000000002,0,0,Brooklyn,100,9.808394160583942
9794,4.517431271680085,10.417986421668415,pre-1930,0.129,0,0,Queens,100,13.450502152080345
9795,4.456670177669648,10.667186389047018,1960-79,0.182,0,0,Queens,100,13.04631441617743
9796,4.581901559048737,10.534493336558224,pre-1930,0.17,0,0,Bronx,100,10.907156158552807
9803,4.546481189639412,10.146433731146518,pre-1930,0.161,0,1,Bronx,90,13.725490196078432
9806,4.401829261970061,10.70604951908194,1930-59,0.244,0,0,Brooklyn,100,10.756302521008404
9807,4.468204330914934,10.757902880692196,1930-59,0.113,0,0,Brooklyn,100,8.936170212765957
9811,4.198704577546343,10.393201893089193,pre-1930,0.193,0,0,Manhattan,100,7.966418482090879
9813,4.157319361383489,10.367127224695365,2000-09,0.285,0,0,Manhattan,100,12.26530804792905
9823,4.341204640153626,10.856611534455633,pre-1930,0.182,0,0,Manhattan,100,7.51792736525561
9827,4.278054044290903,10.599879463260962,pre-1930,0.493,0,0,Manhattan,95,2.9902815848492397
9837,4.194189897191817,10.691944912900398,1930-59,0.153,0,0,Brooklyn,100,10.90909090909091
9838,4.562262684976814,10.714950959914116,pre-1930,0.136,0,0,Brooklyn,100,11.99360341151386
9840,4.26689632742025,10.576993092840784,pre-1930,0.293,0,1,Manhattan,100,5.354137983784611
9842,4.517431271680085,10.891633721510711,pre-1930,0.278,1,0,Manhattan,100,2.978129362494183
9843,3.828641396489095,10.800228425165567,pre-1930,0.45299999999999996,1,0,Manhattan,100,2.0394844183390437
9844,4.5612182984589085,10.327970666480054,1930-59,0.147,0,1,Queens,100,9.811616954474097
9845,4.310799125385514,10.498249831174672,pre-1930,0.155,0,1,Manhattan,100,9.930486593843098
9849,4.4520190064939165,10.49543222758691,pre-1930,0.162,0,0,Brooklyn,100,11.61825726141079
9850,4.470495282661489,10.268130666124037,pre-1930,0.14,0,0,Brooklyn,100,12.152777777777779
9851,4.335982696172475,10.790122877502657,1980-99,0.529,0,0,Manhattan,95,9.064875666989431
9853,4.480740107609915,10.54006438160768,pre-1930,0.115,0,0,Brooklyn,100,10.846560846560847
9854,4.252771798816619,10.815770263012745,1930-59,0.135,0,0,Brooklyn,100,7.228915662650603
9857,4.252771798816619,10.566175525611365,1930-59,0.248,0,0,Brooklyn,100,9.79381443298969
9858,4.526126978647638,10.401167144632103,pre-1930,0.256,0,0,Bronx,100,11.24688430907654
9859,4.415219602029645,10.845582474091817,pre-1930,0.17800000000000002,0,1,Bronx,100,11.88921589646637
9874,4.22683374526818,11.558930802726636,1930-59,0.19399999999999998,0,0,Queens,95,10.409901822210337
9875,4.471638793363569,11.020136203690337,1960-79,0.17300000000000001,0,0,Queens,100,11.621816277090291
9878,4.309455941839047,10.746088686264411,1930-59,0.141,0,0,Manhattan,100,10.9800206682742
9881,4.5880240271531205,10.676415868100923,pre-1930,0.09699999999999999,0,0,Manhattan,100,9.925672868288629
9882,4.206184043977636,10.70036391885855,pre-1930,0.11199999999999999,0,0,Manhattan,100,9.240061299918867
9883,4.5591262474866845,10.870376337173374,pre-1930,0.11599999999999999,0,0,Manhattan,100,10.077003517444624
9885,4.162003210695915,10.379752786950895,1930-59,0.191,0,1,Bronx,100,9.316480854631843
9886,4.550714000192032,10.602517396254228,pre-1930,0.141,0,0,Brooklyn,100,14.166418133015211
9887,4.400603020246817,10.590163841965762,1930-59,0.183,0,0,Brooklyn,100,13.084394343515676
9890,3.9259259105971376,10.419151452942367,pre-1930,0.217,0,0,Brooklyn,100,11.643528884908196
9893,4.535820107853298,10.645424897265505,1960-79,0.152,0,0,Brooklyn,100,12.857142857142856
9895,4.275276264727001,10.714795475190176,1930-59,0.21600000000000003,0,0,Bronx,100,8.219117222382655
9896,4.407938016458383,10.6889404038801,1960-79,0.371,0,0,Manhattan,100,10.258046867876356
9898,4.792479284293085,10.457372665762566,pre-1930,0.23800000000000002,0,0,Brooklyn,100,10.632183908045977
9899,4.794136285500715,10.410305154904579,pre-1930,0.098,0,0,Brooklyn,100,12.951807228915662
9902,4.286341384539473,10.473788903097228,pre-1930,0.248,0,0,Brooklyn,100,10.45906829488919
9903,4.395682961121367,10.727662995502477,1930-59,0.11,0,0,Brooklyn,100,9.210526315789474
9904,3.8691155044168695,11.914717167712084,1930-59,0.163,0,0,Brooklyn,95,6.691201070592171
9905,4.2612704335380815,11.533394536809569,pre-1930,0.145,0,0,Manhattan,100,7.250068581729827
9906,4.22829253473184,10.799575577092764,pre-1930,0.12300000000000001,0,0,Unknown,100,10.816326530612246
9910,3.3638415951183864,10.783570627440774,pre-1930,0.424,0,0,Manhattan,100,9.539214466426113
9915,4.484131857611035,10.336892029333534,1930-59,0.13699999999999998,0,0,Brooklyn,100,12.641815235008103
9918,4.216562194946349,10.256957365525912,1930-59,0.14300000000000002,0,0,Brooklyn,100,9.480337078651685
9920,4.530446639792155,10.373491181781864,pre-1930,0.121,0,0,Brooklyn,100,12.5
9922,4.089332020398556,10.513253124157023,1960-79,0.26899999999999996,0,0,Manhattan,100,14.945652173913045
9923,3.254242968705492,10.749355820113736,1960-79,0.905,0,0,Manhattan,100,13.948497854077253
9925,3.6788291182604347,10.36960865451764,pre-1930,0.341,0,0,Unknown,100,2.5097251850922326
9926,4.875960390769654,10.161612072745584,1930-59,0.157,0,0,Manhattan,100,18.53997682502897
9927,4.276666119016055,10.13895485353917,pre-1930,0.177,0,1,Brooklyn,100,9.87751876728566
9928,4.528289141652134,12.206072645530174,1930-59,0.165,0,0,Bronx,100,9.35
9930,4.393213824064446,10.757902880692196,pre-1930,0.207,0,0,Bronx,100,9.787234042553193
9931,4.472780997942346,10.523257263291297,pre-1930,0.125,0,0,Manhattan,100,12.644605864944847
9932,4.446174454497633,10.839580911706463,pre-1930,0.13699999999999998,0,0,Bronx,100,11.372549019607844
9935,4.941642422609304,10.239959789157341,1930-59,0.091,0,0,Brooklyn,100,13.214285714285715
9936,4.35799005684564,10.388995368317829,1930-59,0.16899999999999998,0,1,Queens,100,16.0
9937,4.135166556742356,10.491274217438248,1930-59,0.20600000000000002,0,0,Brooklyn,100,10.833333333333332
9950,2.9231615807191558,10.372209110279307,pre-1930,0.677,0,0,Manhattan,100,7.509621702806721
9955,3.3105430133940246,10.3594556428174,pre-1930,0.583,0,0,Manhattan,100,7.606008746910059
9956,4.280824129164719,10.802632125575313,pre-1930,0.187,0,0,Manhattan,100,7.527975584944048
9957,4.293195420967266,10.944400104404862,1930-59,0.15,0,0,Queens,100,9.35800550886362
9959,4.130354999745133,10.88064758217347,pre-1930,0.19399999999999998,0,0,Manhattan,100,5.833866536188792
9960,4.91705694713669,10.134599273499514,pre-1930,0.071,0,0,Brooklyn,100,13.88888888888889
9961,4.590056548178043,10.747852544838695,pre-1930,0.132,0,0,Bronx,100,13.754566946056308
9962,4.565389315976247,10.601622274607113,1930-59,0.10400000000000001,0,0,Brooklyn,100,9.45273631840796
9966,4.412798293340635,10.347692488960224,1930-59,0.16,0,1,Manhattan,100,9.62000962000962
9967,4.178992036282385,10.574516927842454,pre-1930,0.149,0,1,Bronx,100,9.712460063897764
9969,4.235554730773624,10.545341438708522,1930-59,0.17600000000000002,0,0,Queens,100,11.052631578947368
9975,4.774068722449905,10.56684540428532,pre-1930,0.14800000000000002,0,1,Queens,100,12.620409004275485
9977,4.37449836825309,10.647993025371216,pre-1930,0.158,0,1,Manhattan,100,11.39925904816187
9978,3.9646154555473165,11.695247021764184,1930-59,0.19399999999999998,0,0,Queens,100,8.0
9982,4.00369019395397,12.067109384124441,1960-79,0.222,0,0,Queens,100,8.388297750097673
9984,4.558078578454241,10.789958047997803,1930-59,0.166,0,0,Manhattan,100,14.217716511096
9986,4.241326752570746,10.429369262456103,pre-1930,0.262,0,0,Manhattan,100,19.208605455243948
9987,3.9721769282478934,10.330648918726054,pre-1930,0.607,0,0,Manhattan,100,12.720986365712049
9988,3.7932394694381792,10.560696626290444,pre-1930,0.848,0,1,Manhattan,100,10.213019591582874
9989,4.967727793084979,10.22918769217543,pre-1930,0.418,0,0,Manhattan,100,15.16245487364621
9990,4.553876891600541,10.30735137927732,1930-59,0.16399999999999998,0,0,Manhattan,100,14.69017094017094
9991,3.3141860046725258,10.520401427096484,1930-59,0.973,0,0,Manhattan,100,13.220375566587524
9992,3.6938669956249757,10.34177474101152,pre-1930,0.26,0,1,Brooklyn,95,7.741685752072514
9997,4.3134800921387715,10.883259997322705,pre-1930,0.141,0,1,Manhattan,100,9.009516301593559
9999,4.289088639014612,10.518132504941116,pre-1930,0.14400000000000002,0,0,Brooklyn,100,9.73499188750676
10002,4.713127327493184,10.380901159956876,pre-1930,0.096,0,1,Unknown,100,8.995595260251877
10003,4.21803603456465,10.328755287940472,1930-59,0.16899999999999998,0,0,Manhattan,100,13.398692810457517
10024,4.238444906195857,10.81637249127545,1930-59,0.154,0,1,Manhattan,100,9.432069034718042
10025,4.533674184283021,10.295597205597135,pre-1930,0.19899999999999998,0,0,Manhattan,100,16.890750624957775
10026,2.5416019934645457,10.391177600899962,pre-1930,0.955,0,0,Manhattan,100,5.21936692149458
10027,4.119037174812473,10.417448256797591,pre-1930,0.48700000000000004,0,0,Manhattan,100,2.691548537591961
10028,4.473921899378137,10.416700324794617,pre-1930,0.121,0,1,Manhattan,100,11.672103672223386
10029,4.713127327493184,10.306650011581617,1930-59,0.139,0,0,Manhattan,100,15.03457953292573
10030,4.49647076906475,10.417508067198638,pre-1930,0.11199999999999999,0,0,Brooklyn,100,13.75598086124402
10031,4.56746831880408,10.417508067198638,pre-1930,0.109,0,0,Brooklyn,100,13.75598086124402
10032,4.5612182984589085,10.796304928224641,pre-1930,0.145,0,1,Brooklyn,100,12.48976248976249
10033,4.476199804691132,10.261161996807944,pre-1930,0.115,0,1,Manhattan,100,9.090909090909092
10035,4.414009680526933,10.408556639189738,2000-09,0.217,0,0,Manhattan,100,13.577937360448978
10036,2.70805020110221,10.805983573388094,pre-1930,0.802,0,0,Manhattan,100,8.516678495386799
10039,4.251348311031766,10.373491181781864,1980-99,0.076,0,0,Queens,100,13.125
10052,4.298645025734831,11.78485918045387,1960-79,0.253,0,0,Queens,100,8.228571428571428
10053,4.4796069630127455,11.630548487825246,1960-79,0.18600000000000003,0,0,Queens,100,11.379598513539944
10055,4.222444564849416,10.931623727399913,pre-1930,0.151,0,1,Manhattan,100,6.259277142908239
10056,4.360547602996758,10.292823278714408,1930-59,0.10099999999999999,0,0,Brooklyn,90,10.840108401084011
10057,4.468204330914934,10.1909195937327,1930-59,0.152,0,0,Queens,100,12.003000750187548
10059,4.182050142641207,10.590868138201737,1980-99,0.318,0,0,Bronx,100,11.063615790797083
10060,4.032469158504013,10.427712996365136,2000-09,0.305,0,0,Bronx,100,7.400171683983069
10061,4.483002552013883,10.701895243753567,pre-1930,0.185,0,0,Bronx,100,12.826282628262828
10062,4.023564380161053,10.327087230839775,pre-1930,0.273,0,0,Manhattan,100,9.165602802055714
10064,4.33204826486764,10.751949021382632,1930-59,0.145,0,0,Queens,100,8.989533614434622
10065,4.2626798770413155,10.690466547929944,pre-1930,0.133,0,0,Manhattan,100,8.64914077614658
10066,4.366912996863833,10.746669812589644,pre-1930,0.08,0,1,Manhattan,100,17.21355567509414
10067,4.5736795188967205,12.377771312020215,1960-79,0.127,0,0,Bronx,100,7.201091533874608
10068,4.191168746857641,11.419098185126074,1930-59,0.14400000000000002,0,0,Queens,100,7.908264136022144
10073,4.562262684976814,10.842517771379773,1960-79,0.13699999999999998,0,1,Bronx,100,10.557184750733137
10074,4.365643155423357,12.919240566852729,1960-79,0.177,0,0,Brooklyn,100,8.012957957700404
10075,4.51852237926242,12.893194208464461,1930-59,0.22699999999999998,0,0,Bronx,100,10.261646843411796
10078,4.465908118654584,10.680975881529823,1930-59,0.161,0,1,Manhattan,100,11.029411764705882
10079,4.405498990859024,10.645424897265505,1930-59,0.319,0,1,Manhattan,100,21.19047619047619
10081,4.7104306966455844,11.082142548877775,pre-1930,0.29,0,0,Brooklyn,100,5.999999999999999
10083,4.441474093317302,11.007087382715277,pre-1930,0.156,0,1,Manhattan,100,7.794361525704809
10085,3.6913763343125234,13.183800845242496,1960-79,0.627,0,0,Manhattan,100,11.059242178595476
10088,4.14946386144318,10.893623364868153,2010+,0.392,0,0,Manhattan,100,12.074602466934167
10090,4.51085950651685,11.018629143155449,1960-79,0.193,0,0,Bronx,100,9.672131147540984
10092,3.9852734671677386,12.302318750855902,2010+,0.42700000000000005,0,0,Bronx,100,6.176035167070833
10096,3.9627161197436642,10.977960825350912,pre-1930,0.41100000000000003,0,0,Manhattan,90,9.219894483429801
10101,5.008633291425583,12.273782694552116,pre-1930,0.25,0,0,Manhattan,100,17.101924667423635
10106,4.12552017969055,11.871298965544542,2010+,0.32899999999999996,0,0,Bronx,100,8.80503144654088
10113,4.484131857611035,10.725467604939041,pre-1930,0.12,0,1,Queens,75,10.54945054945055
10115,4.547541073151455,10.529425983402623,pre-1930,0.172,0,0,Bronx,100,11.497326203208555
10116,4.359269647551265,10.874266469694353,pre-1930,0.196,0,0,Bronx,100,7.196969696969696
10119,4.162003210695915,10.685011843713486,1930-59,0.23800000000000002,0,0,Manhattan,100,12.35811058220432
10121,4.130354999745133,10.73754818614131,pre-1930,0.196,0,0,Bronx,100,8.902785920569778
10122,4.320151230955794,10.63873590911471,1980-99,0.18100000000000002,0,0,Manhattan,100,10.067114093959733
10124,4.457829598089382,10.440156346259636,1930-59,0.21100000000000002,0,0,Manhattan,100,8.770391159445712
10125,4.617098756853365,10.771344056887887,pre-1930,0.125,0,0,Queens,100,11.755814929884961
10126,4.641502115235482,10.355199911809612,pre-1930,0.19399999999999998,0,0,Bronx,100,12.094207511139402
10127,4.194189897191817,10.786924459539204,pre-1930,0.19899999999999998,0,0,Brooklyn,100,8.267195767195767
10128,4.085976312551584,10.450452222917992,pre-1930,0.191,0,0,Brooklyn,100,7.8125
10129,4.619073091157083,10.450452222917992,pre-1930,0.195,0,0,Brooklyn,100,8.969907407407407
10130,4.110873864173311,10.504930543885733,pre-1930,0.19,0,0,Brooklyn,100,9.864364981504316
10137,4.29592393562047,10.850210491530484,pre-1930,0.172,0,0,Manhattan,100,8.148220001940052
10140,5.093750200806762,10.687959709789435,pre-1930,0.165,0,0,Bronx,100,11.409013120365088
10142,4.669083511731744,10.563672395393246,pre-1930,0.158,0,0,Bronx,100,13.177273079606232
10152,5.288771953704505,10.354563171896345,pre-1930,0.096,0,0,Bronx,90,12.101910828025478
10155,3.0349529867072724,11.826055961875596,pre-1930,0.491,0,0,Bronx,90,6.945967682971412
10156,4.464758032271346,11.063038139309317,pre-1930,0.145,0,0,Bronx,90,9.408812921436411
10157,4.247065649239764,10.797021297287667,pre-1930,0.149,0,0,Bronx,90,8.184143222506394
10158,4.338597076746545,11.097410021008562,pre-1930,0.141,0,0,Bronx,90,9.84848484848485
10160,4.631812116934513,10.698062525726186,1930-59,0.147,0,1,Bronx,100,12.19787666591371
10161,4.426043520090656,12.367340793126296,1960-79,0.205,0,0,Bronx,100,9.659574468085108
10163,4.289088639014612,10.768905954036526,1930-59,0.193,0,0,Brooklyn,100,11.994949494949495
10167,4.49647076906475,11.082880737887674,pre-1930,0.289,0,0,Manhattan,90,8.147829295289633
10172,2.8735646395797834,10.60124907064682,pre-1930,0.792,0,0,Manhattan,100,20.903322135125048
10176,4.3054155323020415,10.664620430887167,pre-1930,0.156,0,1,Manhattan,100,6.3063483907133175
10180,3.8958936234982624,10.730815914562093,pre-1930,0.36200000000000004,0,0,Manhattan,90,8.962924099335432
10181,4.620058798481842,10.853677169415743,pre-1930,0.221,0,0,Manhattan,90,12.373366328976877
10182,4.456670177669648,11.001916491063295,pre-1930,0.247,0,0,Manhattan,90,7.334678024304456
10183,4.355425952876702,11.268302881978894,pre-1930,0.233,0,0,Manhattan,90,8.55683269476373
10184,4.343805421853684,10.239959789157341,pre-1930,0.133,0,0,Brooklyn,100,13.571428571428571
10185,4.30406509320417,10.447699595319753,pre-1930,0.198,0,0,Bronx,90,9.574931089511098
10188,4.4942386252808095,10.395130356885344,pre-1930,0.177,0,0,Bronx,90,7.6452599388379205
10189,4.4520190064939165,10.715439468861323,2000-09,0.2,0,0,Bronx,90,10.211783510189585
10192,4.127134385045092,11.271185059123596,2010+,0.45899999999999996,0,0,Bronx,100,8.150166823727174
10193,3.845883202923601,10.895405102533275,pre-1930,0.26899999999999996,0,0,Manhattan,100,3.5232161400385698
10194,4.461299815568389,10.714417768752456,pre-1930,0.168,0,0,Bronx,90,11.333333333333334
10207,3.765840495250065,10.127910285348719,1930-59,0.294,0,0,Brooklyn,95,6.391818472355385
10211,4.272490747605575,11.771860780382495,1930-59,0.146,0,0,Bronx,95,5.866234417814828
10216,3.871201010907891,10.337734462069745,2010+,0.556,0,0,Manhattan,100,5.505894545925638
10218,4.645351975620923,10.693738757544056,pre-1930,0.198,0,0,Bronx,100,12.477597041675175
10219,4.4343818650078095,10.695936934169936,pre-1930,0.13,0,0,Manhattan,100,10.639261137269104
10223,4.096009841541162,10.58365080553778,2000-09,0.195,0,0,Queens,100,10.13068584743187
10225,4.42484663185681,10.57793599628853,1980-99,0.20800000000000002,0,0,Queens,100,8.405715886803026
10227,3.9180050771056933,10.608909093971462,1980-99,0.287,0,0,Queens,100,10.124956783721046
10228,4.0163830207523885,10.657165232836105,1980-99,0.341,0,0,Queens,100,8.000753012048193
10230,4.290459441148391,12.43687082528116,1960-79,0.22,0,0,Queens,100,8.931371342603436
10231,4.174387269895637,10.91788455151661,1930-59,0.318,0,0,Manhattan,100,7.6150415201073365
10232,4.280824129164719,10.31652392614061,1930-59,0.20600000000000002,0,1,Manhattan,100,15.879317189360856
10233,3.7612001156935624,10.861265657517102,pre-1930,0.6729999999999999,0,0,Manhattan,100,6.139913273725009
10235,4.100989104940769,10.90476260831528,1980-99,0.312,0,0,Manhattan,100,7.164508128961146
10236,4.873669439023098,10.478076396971938,1930-59,0.25,0,0,Manhattan,100,12.947534339112813
10237,4.3054155323020415,11.172489382682542,pre-1930,0.138,0,1,Manhattan,100,7.027801984651281
10239,4.677490847567717,10.34778868442949,pre-1930,0.196,0,1,Manhattan,100,11.863537257919713
10240,4.249922794040544,11.002083174398681,pre-1930,0.209,0,0,Manhattan,100,8.166802780046334
10241,3.265759410767051,10.900860451658483,1980-99,0.614,0,0,Manhattan,100,13.094074470243253
10242,3.8543938925915096,11.220405039878196,1930-59,0.38,0,0,Manhattan,100,5.0912403869342695
10243,4.194189897191817,10.9709531122074,1980-99,0.29,0,0,Manhattan,100,12.207702888583219
10245,4.162003210695915,11.702752121249956,pre-1930,0.49700000000000005,0,1,Manhattan,100,2.564017733077483
10247,4.29592393562047,10.746497662215868,1960-79,0.16699999999999998,0,0,Queens,100,11.190737512643382
10248,4.554928969551344,10.623130596900038,1960-79,0.177,0,0,Queens,100,12.416613916346106
10250,4.462453883786496,10.623130596900038,1930-59,0.151,0,0,Brooklyn,100,7.060427521059552
10252,4.415219602029645,10.282608685304691,pre-1930,0.135,0,1,Manhattan,100,6.844626967830253
10255,3.8543938925915096,10.239138023028598,2000-09,0.408,0,0,Queens,100,6.791292847696322
10259,2.803360380906535,10.808717337050858,1930-59,0.7240000000000001,0,0,Bronx,100,8.493427704752275
10260,2.9014215940827497,10.728189172836375,pre-1930,0.7,0,0,Bronx,100,10.520778537611783
10261,3.0819099697950434,10.852129301294609,1960-79,0.693,0,0,Bronx,100,9.875300131670668
10263,4.32280727501391,10.791337656778433,2000-09,0.48200000000000004,0,0,Manhattan,100,6.584633112473765
10264,4.9141243937154115,10.82875784719086,pre-1930,0.242,0,1,Manhattan,100,3.9642425323581296
10265,3.7932394694381792,10.363030408174957,pre-1930,0.301,0,0,Manhattan,100,2.526289196955821
10266,3.616308761279101,10.529319025811207,pre-1930,0.991,0,0,Manhattan,100,2.9414910685634825
10269,2.4069451083182885,10.333612752380663,pre-1930,1.0,0,0,Manhattan,100,1.951282968551823
10270,4.543294782270004,10.575206785682452,pre-1930,0.382,0,0,Manhattan,100,2.043318348998774
10271,3.391147045808654,10.799432709744853,pre-1930,0.698,0,0,Manhattan,100,2.653440287387994
10273,2.3608540011180215,10.838462639614411,pre-1930,0.871,0,0,Manhattan,100,8.44080639145712
10275,4.027135812528651,10.808939759229288,pre-1930,0.42,0,0,Brooklyn,100,9.906795252825459
10276,4.528289141652134,10.401106348814837,pre-1930,0.124,0,0,Queens,100,12.463521400778209
10278,4.993828175779875,10.27377443229468,pre-1930,0.09,0,0,Queens,100,13.46545592652695
10279,4.590056548178043,10.248777937608223,1930-59,0.138,0,0,Queens,100,13.452279807419995
10281,4.117409835153096,11.27941587140684,1930-59,0.179,0,1,Queens,100,8.967477107672876
10283,2.517696472610991,10.829847420087066,1930-59,0.804,0,0,Manhattan,100,9.503821328159031
10284,2.747270914255491,10.692671921293016,1930-59,0.7290000000000001,0,0,Manhattan,100,11.12827034883721
10285,4.300002799195291,10.56856956482773,pre-1930,0.155,0,1,Queens,100,12.341552464453759
10286,2.91235066461494,10.530761988945365,pre-1930,0.703,0,0,Manhattan,100,12.81708945260347
10287,2.7343675094195836,10.866413747926268,1930-59,0.708,0,0,Queens,100,10.307900815087713
10289,4.526126978647638,10.234121350021288,pre-1930,0.11900000000000001,0,1,Manhattan,100,11.854725724754823
10290,4.407938016458383,10.728736979978141,pre-1930,0.182,0,1,Manhattan,100,10.734079607439375
10291,4.578826210648489,10.312280450736967,pre-1930,0.153,0,1,Bronx,100,15.9468438538206
10292,4.355425952876702,10.851276951469654,pre-1930,0.105,0,0,Bronx,100,8.333333333333334
10293,4.333361462692601,10.451580058894049,pre-1930,0.138,0,1,Manhattan,100,9.537847914679615
10297,4.650143551630823,10.48993999442511,pre-1930,0.10099999999999999,0,0,Brooklyn,100,10.847797062750335
10298,4.880526608749236,10.453572350254236,1930-59,0.109,0,0,Brooklyn,100,13.845621322256838
10299,4.896346147694128,10.494629692640487,pre-1930,0.146,0,0,Manhattan,100,11.627585061321668
10300,4.373238128640803,10.638855748530036,1980-99,0.215,0,0,Manhattan,100,9.346914319952067
10302,4.584967478670572,10.242777244969993,1980-99,0.284,0,0,Manhattan,100,13.177107446846398
10305,4.293195420967266,10.588300096306016,pre-1930,0.11900000000000001,0,0,Brooklyn,100,8.823232832509833
10306,4.29592393562047,10.214825114586255,pre-1930,0.146,0,0,Brooklyn,100,12.451931880607948
10307,4.500920164614292,10.337734462069745,pre-1930,0.11800000000000001,0,0,Brooklyn,100,13.926674439694262
10310,4.492001487882454,11.189892515215522,pre-1930,0.13,0,0,Manhattan,100,13.536846467297465
10314,3.7184382563554808,10.546104305546345,pre-1930,0.387,0,0,Manhattan,100,10.781245891293485
10315,3.3568971227655755,10.839796574724032,1930-59,0.431,0,0,Manhattan,100,8.429554409833173
10316,4.174387269895637,10.464074297511592,1930-59,0.21,0,0,Manhattan,100,11.702917166181424
10318,4.133565275375382,10.497283900839735,2000-09,0.55,0,0,Brooklyn,100,8.007289394483253
10322,4.475061500641071,10.68384400716945,pre-1930,0.13699999999999998,0,0,Bronx,100,11.914308626417688
10323,4.244200317766478,10.759603561374213,1930-59,0.14400000000000002,0,0,Bronx,100,8.496176720475786
10324,4.248495242049359,10.516887815005818,1930-59,0.16399999999999998,0,0,Bronx,100,11.371635891048896
10325,4.070734696582967,10.846614938363842,pre-1930,0.21,0,0,Bronx,100,9.735202492211839
10326,4.247065649239764,10.87090856551189,pre-1930,0.177,0,0,Bronx,100,8.93145582729985
10328,4.046553898385752,10.583625478502434,1930-59,0.204,0,0,Bronx,100,9.371121748600663
10329,3.0726933146901194,10.706743955776103,pre-1930,0.7659999999999999,0,0,Bronx,100,11.868505911859549
10330,4.574710978503383,10.39720770839918,pre-1930,0.29100000000000004,0,0,Manhattan,100,10.986328125
10331,4.22683374526818,10.725994938401781,pre-1930,0.19399999999999998,0,0,Manhattan,100,9.665231526227924
10332,4.493120682179469,10.225389875873601,pre-1930,0.2,0,0,Bronx,100,8.69722775865193
10334,3.8918202981106265,10.53006748882396,pre-1930,0.341,0,0,Manhattan,100,4.275331338178709
10336,4.198704577546343,10.789937442399262,2000-09,0.444,0,0,Manhattan,100,11.53925406964764
10338,4.084294226368599,10.700521663560345,pre-1930,0.316,0,0,Manhattan,100,4.055972419387548
10340,4.473921899378137,10.834903322155352,pre-1930,0.43700000000000006,0,0,Manhattan,100,4.136952838737638
10341,3.86702563949741,10.313243442061449,pre-1930,0.133,0,0,Manhattan,100,3.982873643333665
10342,4.3528552573736015,10.833069562731493,pre-1930,0.244,0,0,Manhattan,100,5.131342635536521
10343,4.100989104940769,10.78739971034626,pre-1930,0.19699999999999998,0,1,Manhattan,100,3.718470469147024
10344,2.424802725718295,10.363503975248795,pre-1930,1.0,0,0,Brooklyn,100,8.206552616627738
10345,2.9806186357439426,10.328134180060221,pre-1930,0.737,0,0,Bronx,100,9.81001275301658
10347,4.564348191467836,10.804035006794324,pre-1930,0.18100000000000002,0,0,Bronx,100,11.580893557366057
10348,4.465908118654584,10.804035006794324,1930-59,0.201,0,0,Bronx,100,10.768199272638615
10349,2.667228206581955,10.734285753389923,pre-1930,0.7,0,0,Bronx,100,9.149728775897
10351,2.8678989020441064,11.904224033160816,1980-99,1.0,0,0,Staten Is,100,8.384610183244304
10353,3.914021008090819,12.540210015613592,1930-59,0.294,0,0,Brooklyn,100,9.450611604921477
10354,3.5145260669691587,10.301021290318012,pre-1930,0.396,0,0,Brooklyn,100,9.40765379834022
10355,3.648057459593681,12.782534312935516,1930-59,0.38299999999999995,0,0,Queens,100,9.271069207126924
10356,4.316153890523174,10.735396175137648,1960-79,0.15,0,0,Queens,100,9.792401096748923
10357,4.841032509710076,11.353812493313155,1930-59,0.14400000000000002,0,0,Queens,100,11.255715793176222
10358,2.9338568698359038,11.185212751462094,1960-79,0.75,0,0,Queens,100,12.490111994670887
10359,2.72785282839839,11.570137210721338,1930-59,1.0,0,0,Queens,100,9.443940767603506
10361,4.522874943261261,10.520725138995724,pre-1930,0.159,0,0,Bronx,100,11.05836659833855
10363,4.183575695950044,10.471921488922431,pre-1930,0.207,0,0,Bronx,100,11.045029736618522
10364,4.335982696172475,10.982747112688422,pre-1930,0.18899999999999997,0,0,Bronx,100,10.195412064570943
10365,4.04305126783455,10.586331840100176,pre-1930,0.233,0,0,Bronx,100,11.11391765597373
10366,4.364371699435161,10.782076417226271,pre-1930,0.149,0,0,Bronx,100,11.630321910695743
10367,4.2456340097683265,10.522153614408765,pre-1930,0.263,0,0,Bronx,100,9.157262517169867
10368,4.3463994570307305,10.743609729174237,pre-1930,0.131,0,0,Bronx,100,8.417326743357867
10369,4.5612182984589085,10.654243045716386,pre-1930,0.128,0,0,Bronx,100,9.440196356084206
10370,4.5880240271531205,10.333872889604516,pre-1930,0.17600000000000002,0,0,Bronx,100,12.68004031602562
10371,4.537961436294641,10.292687768178258,pre-1930,0.18899999999999997,0,0,Bronx,100,12.535573926006235
10374,2.740840023925201,10.353957893210753,pre-1930,0.86,0,0,Queens,100,15.614543832255187
10375,4.49647076906475,10.353957893210753,pre-1930,0.18600000000000003,0,0,Queens,100,15.614543832255187
10376,4.486386649998124,10.353957893210753,pre-1930,0.18,0,0,Queens,100,15.614543832255187
10380,4.486386649998124,10.747078550992006,pre-1930,0.14400000000000002,0,0,Bronx,100,9.248505183464532
10381,4.283586561860629,10.366088852015102,pre-1930,0.151,0,1,Brooklyn,100,9.759476136506738
10387,4.722063937459591,10.790061069622134,1930-59,0.11,0,0,Brooklyn,100,12.361958134168452
10388,4.470495282661489,11.546273196649256,pre-1930,0.21600000000000003,0,1,Manhattan,100,4.1589693493630975
10389,4.136765278106052,10.661110752280438,pre-1930,0.281,0,1,Manhattan,100,6.562910181886369
10390,4.418840607796598,10.715306262813572,pre-1930,0.214,0,0,Manhattan,100,11.101243339253996
10391,2.681021528714291,10.20691993507914,1930-59,0.8240000000000001,0,0,Bronx,100,9.228497600590623
10392,4.396915247167632,10.574159036330888,pre-1930,0.11900000000000001,0,1,Bronx,100,7.159111247475135
10396,2.8273136219290276,10.547260648478273,pre-1930,0.867,0,0,Manhattan,100,8.142253040212223
10398,3.0106208860477417,10.706788741587966,pre-1930,0.7829999999999999,0,0,Manhattan,100,12.091898428053204
10400,2.8507065015037334,10.590918426099964,pre-1930,0.945,0,0,Manhattan,100,15.588856481947097
10401,4.3528552573736015,11.31318100708425,pre-1930,0.20199999999999999,0,0,Manhattan,100,9.52450728991135
10402,4.318820558770089,10.233690176143746,pre-1930,0.19399999999999998,0,0,Manhattan,100,11.141060197663972
10404,4.185098925490565,10.526507289654278,1930-59,0.379,0,1,Manhattan,100,5.631385589016117
10405,5.10594547390058,10.240423967124363,pre-1930,0.09,0,1,Manhattan,100,12.137222004069539
10406,3.966511190712216,10.201181835114634,pre-1930,0.23,0,1,Brooklyn,100,8.910339706701318
10407,4.133565275375382,10.415832022271388,pre-1930,0.12,0,0,Brooklyn,100,6.589983225497244
10408,4.264087336809195,11.728141677801657,1930-59,0.174,0,1,Brooklyn,100,10.079588430245217
10409,4.312140507209715,10.556463568406796,2010+,0.32799999999999996,0,0,Bronx,100,10.930383864671438
10411,4.622027303054514,10.858498872521881,2000-09,0.243,0,0,Bronx,100,11.159425866779545
10413,3.681351187693145,10.42111995751504,pre-1930,0.619,0,0,Manhattan,100,12.514525788862072
10418,4.272490747605575,10.513171599094814,pre-1930,0.17800000000000002,0,0,Manhattan,100,19.566812511889555
10420,4.3254562831854875,10.658905058822198,1930-59,0.131,0,0,Brooklyn,100,10.1010101010101
10421,4.537961436294641,10.459382139669696,pre-1930,0.13699999999999998,0,0,Brooklyn,100,11.471178663607684
10422,4.509760001183433,10.527338244093418,pre-1930,0.126,0,0,Brooklyn,100,10.449600771662826
10423,4.483002552013883,10.527338244093418,pre-1930,0.139,0,0,Brooklyn,100,10.449600771662826
10424,4.456670177669648,10.312280450736967,1930-59,0.127,0,0,Brooklyn,100,10.299003322259138
10425,4.517431271680085,10.71308354573932,pre-1930,0.149,0,0,Brooklyn,100,9.568313306631063
10427,4.29592393562047,10.460041515007148,1930-59,0.146,0,1,Manhattan,100,13.75634081334365
10428,2.9856819377004897,10.646471967943246,pre-1930,0.894,0,0,Manhattan,100,6.183997716677766
10429,3.1945831322991562,10.789937442399262,1930-59,0.94,0,0,Manhattan,100,12.157428394807335
10430,4.300002799195291,11.836609132462218,2000-09,0.6779999999999999,0,0,Unknown,100,8.898792513438623
10431,4.3294166844015844,10.647779266419246,pre-1930,0.23,0,0,Unknown,100,11.401696002280339
10432,5.048573133436648,10.384183811320607,1930-59,0.107,0,1,Queens,100,14.840465001236705
10433,2.5726122302071057,10.541280572963995,pre-1930,0.813,0,0,Manhattan,100,9.512233789568251
10435,4.396915247167632,10.601199299593652,1930-59,0.141,0,0,Brooklyn,100,10.203319811860737
10438,4.548599834499697,10.687617380807945,1930-59,0.171,0,0,Brooklyn,100,14.380278475233965
10439,4.5217885770490405,10.55354454316437,pre-1930,0.168,0,0,Bronx,100,10.962336543731892
10440,3.5263605246161616,10.54888777459834,pre-1930,0.473,0,0,Bronx,100,8.391241641536647
10441,5.418763519623904,10.491274217438248,pre-1930,0.278,0,0,Manhattan,100,14.444444444444445
10443,4.749270529961848,10.357933282865915,pre-1930,0.18100000000000002,0,0,Manhattan,100,19.36139148098775
10447,4.523960130562548,10.492939496757309,2000-09,0.29100000000000004,0,0,Brooklyn,100,7.487520798668885
10449,4.229749199228304,10.708176107828981,pre-1930,0.133,0,0,Brooklyn,100,8.050089445438283
10452,4.489759334476764,10.376611309118108,pre-1930,0.11199999999999999,0,0,Brooklyn,100,9.968847352024921
10455,4.602165676967792,10.42141787803205,pre-1930,0.14400000000000002,0,0,Bronx,100,11.021417294688868
10456,4.4953553199808844,10.304944639246754,pre-1930,0.172,0,0,Bronx,100,12.048192771084338
10457,4.6549122778829055,10.775972676672808,pre-1930,0.126,0,1,Bronx,100,10.2388365338404
10459,4.922168312773925,10.441149830255679,pre-1930,0.20199999999999999,0,0,Brooklyn,100,11.39018691588785
10461,5.165357239291806,10.733348556411896,pre-1930,0.13,0,0,Manhattan,100,8.068033144352377
10465,4.039536325727106,11.040486873608941,2000-09,0.43700000000000006,0,0,Queens,100,5.29287226534933
10466,3.832979798087693,10.500261488438484,2010+,0.769,0,0,Brooklyn,100,11.837577426015141
10468,2.766319109226186,10.822175409010004,1930-59,0.71,0,0,Bronx,100,10.37509976057462
10469,4.375757021660286,10.794706599981259,1930-59,0.17,0,0,Bronx,100,10.66404167179361
10470,4.528289141652134,10.716881398190429,pre-1930,0.157,0,0,Manhattan,100,9.310367759526502
10471,4.404277243608702,10.250723085080114,pre-1930,0.15,0,0,Queens,100,13.072819135780659
10472,4.209160236650682,10.434762653169528,pre-1930,0.157,0,0,Queens,100,12.932808182940452
10473,4.268297869345539,10.33348265838757,pre-1930,0.17600000000000002,0,0,Queens,100,13.010245568385104
10474,4.784988612563928,10.484920743466072,pre-1930,0.174,0,0,Bronx,100,8.386447500838644
10477,4.185098925490565,10.376611309118108,pre-1930,0.203,0,0,Brooklyn,100,9.657320872274143
10478,4.182050142641207,10.2679223110863,pre-1930,0.151,0,0,Manhattan,100,14.586372160866848
10483,4.5612182984589085,11.034760623443786,pre-1930,0.174,0,0,Queens,100,10.807846173699833
10485,2.379546134130174,10.628666203926738,1930-59,1.0,0,0,Queens,100,9.926880054234662
10486,4.681204872264089,10.27125079346028,1930-59,0.1,0,0,Queens,100,10.730356524749048
10489,2.8903717578961645,10.630480449879682,1930-59,0.903,0,0,Manhattan,100,11.35896754235445
10491,3.370738174177447,10.62232684601953,pre-1930,0.782,0,0,Manhattan,100,2.436587802441461
10492,3.6216707044204863,10.319958539820826,pre-1930,0.456,0,0,Manhattan,100,3.626533034419095
10493,4.895598484107897,10.516102322204153,pre-1930,0.585,0,0,Manhattan,100,1.6257959626066927
10496,3.711130063048756,10.666860177985571,2000-09,0.569,0,0,Brooklyn,100,4.6609182008855745
10501,4.115779842942166,10.607079990957612,1930-59,0.215,0,0,Brooklyn,100,13.112320633349828
10503,4.338597076746545,10.804055323945047,1930-59,0.138,0,0,Brooklyn,100,11.580658268996343
10504,4.497584975308154,10.761873709908752,1960-79,0.152,0,0,Brooklyn,100,11.655752643736621
10507,3.0587070727153796,10.604354856111211,1930-59,0.605,0,0,Bronx,100,8.930786405358472
10508,4.578826210648489,10.830797350892716,pre-1930,0.139,0,0,Bronx,100,11.670688768445624
10509,4.350277936359301,10.63383417408518,1930-59,0.142,0,0,Bronx,100,8.91222661142692
10511,4.12552017969055,10.61120309727147,1930-59,0.222,0,0,Manhattan,100,8.869835168896445
10513,4.393213824064446,10.441149830255679,pre-1930,0.102,0,1,Staten Is,100,9.929906542056074
10519,3.374168709274236,10.540434683407874,2000-09,0.527,0,0,Unknown,100,7.933569577405194
10522,4.626931677769604,10.398458146978019,pre-1930,0.11800000000000001,0,1,Bronx,100,9.143832484988875
10524,4.542230386214217,10.638975573585599,1930-59,0.17300000000000001,0,0,Bronx,100,10.0647016534867
10525,4.701389043728634,10.506436465177925,pre-1930,0.17,0,1,Bronx,100,9.028727770177838
10527,4.553876891600541,10.753937582469849,pre-1930,0.14300000000000002,0,1,Bronx,100,7.903618575639766
10529,4.747537427275013,10.443774886451738,pre-1930,0.127,0,1,Bronx,100,11.069035828721233
10531,4.485259889315534,10.535424002051176,pre-1930,0.153,0,1,Bronx,100,10.09966777408638
10533,4.787491742782046,10.350126593227081,pre-1930,0.43799999999999994,0,0,Manhattan,100,12.795495985413133
10536,4.42484663185681,10.252558660448129,1930-59,0.273,0,0,Manhattan,100,16.575559865984836
10537,4.475061500641071,10.574925789933857,pre-1930,0.17600000000000002,0,0,Manhattan,100,15.840167599192663
10539,4.174387269895637,10.204258589529626,pre-1930,0.753,0,0,Manhattan,100,3.331112591605596
10542,4.089332020398556,10.21464198117305,1930-59,0.302,0,0,Manhattan,100,17.582417582417584
10544,4.51085950651685,10.384616564565283,pre-1930,0.11599999999999999,0,1,Brooklyn,100,10.816490512392607
10546,4.33990170837321,10.478554778363584,pre-1930,0.14400000000000002,0,0,Manhattan,100,9.002672668448445
10547,4.716711560720999,10.55937409773463,pre-1930,0.253,0,0,Manhattan,100,3.892363183434102
10548,4.470495282661489,10.366623905926678,1930-59,0.396,0,0,Manhattan,100,4.405147729775653
10549,4.9141243937154115,10.540884151324754,1980-99,0.21899999999999997,0,0,Manhattan,100,11.895006740503819
10550,3.580737295494233,10.61513749632705,pre-1930,0.401,0,0,Manhattan,100,3.9266694480575257
10551,3.648057459593681,10.845309569606691,pre-1930,0.49200000000000005,0,0,Manhattan,100,8.18825180823894
10554,4.298645025734831,10.582865369010074,2000-09,0.569,0,0,Manhattan,100,2.5346614959572147
10555,4.189654742026425,11.286213052841466,1960-79,0.14,0,0,Bronx,100,7.777708085053002
10556,4.28496492183075,10.41081707204541,pre-1930,0.145,0,0,Manhattan,100,10.23572267212572
10557,4.537961436294641,10.422995376684952,pre-1930,0.145,0,0,Manhattan,100,7.435165358077564
10558,4.485259889315534,10.873338008504597,pre-1930,0.094,0,0,Brooklyn,100,8.34107410286061
10559,4.237000862623624,10.599754860432316,1930-59,0.146,0,0,Brooklyn,100,8.722741433021808
10560,2.6100697927420065,10.451782356416594,pre-1930,1.0,0,0,Brooklyn,100,13.870427093567589
10561,4.293195420967266,10.795321643976292,1930-59,0.141,0,0,Brooklyn,100,8.40301688801443
10562,4.154184562578117,10.936689829317784,pre-1930,0.184,0,0,Brooklyn,100,8.540773295848828
10564,4.206184043977636,10.662984113637608,1930-59,0.14300000000000002,0,0,Brooklyn,100,10.995695302264647
10565,4.210645017918261,10.801879044522451,1930-59,0.174,0,0,Brooklyn,100,11.605888461303524
10566,2.5649493574615367,10.466896138710247,1930-59,1.0,0,0,Brooklyn,100,9.962143853357244
10569,4.02535169073515,10.42540147328754,pre-1930,0.21100000000000002,0,0,Manhattan,100,8.604064678831035
10571,5.015954455573856,10.447177189921291,pre-1930,0.057,0,1,Brooklyn,100,11.321740645048916
10572,4.3267781604434035,10.696661047163198,1930-59,0.14400000000000002,0,0,Queens,100,13.346000723850887
10573,5.116795489924646,10.880591123806795,1930-59,0.059000000000000004,0,0,Brooklyn,100,9.033593676484427
10575,5.1951766076285235,10.29532691706248,pre-1930,0.054000000000000006,0,1,Brooklyn,100,10.475096303304724
10577,3.3945083935113587,10.541227725824335,1980-99,0.561,0,0,Bronx,100,13.476376704365288
10578,4.359269647551265,10.710119656197318,2000-09,0.207,0,0,Bronx,100,12.274867766197245
10580,4.553876891600541,10.846614938363842,pre-1930,0.107,0,0,Brooklyn,100,10.319314641744548
10581,4.546481189639412,10.872939832524516,pre-1930,0.10800000000000001,0,0,Queens,100,10.620140337568747
10582,4.3294166844015844,10.573826593770065,pre-1930,0.139,0,0,Queens,100,10.998005013044146
10584,4.247065649239764,10.552891810148154,2000-09,0.516,0,0,Queens,100,8.096531550355202
10585,4.55597994179732,10.309885558692892,pre-1930,0.12300000000000001,0,0,Queens,100,12.987877980551485
10586,4.490881039585964,10.846614938363842,1930-59,0.23399999999999999,0,0,Queens,100,10.903426791277258
10587,2.6390573296152584,10.474269339455718,pre-1930,0.7559999999999999,0,0,Queens,100,12.714378549430677
10588,4.565389315976247,10.551114217794265,pre-1930,0.14400000000000002,0,0,Queens,100,15.698587127158557
10589,4.566429357671661,10.751306705598122,pre-1930,0.105,0,0,Queens,100,10.280353815510484
10590,4.674696248636701,10.514882231223813,pre-1930,0.237,0,0,Queens,100,9.766684753119913
10591,4.632785353021065,10.376611309118108,1930-59,0.195,0,0,Bronx,100,13.39563862928349
10592,5.258016069774511,10.48993999442511,pre-1930,0.067,0,1,Bronx,100,10.013351134846463
10593,3.817712325956905,10.491635263364433,pre-1930,0.985,0,0,Manhattan,100,17.216005331408102
10594,4.4355674016019115,10.225788419383523,1930-59,0.18,0,0,Brooklyn,100,11.59168296747084
10595,4.603168183317418,10.676715901568445,1930-59,0.209,0,0,Queens,100,9.922695280950734
10596,4.511957804265912,10.546787760701491,pre-1930,0.12300000000000001,0,1,Queens,100,12.087767704638024
10597,4.726502471155617,10.31158253283031,pre-1930,0.128,0,1,Manhattan,100,9.973735828983676
10598,2.6461747973841225,10.729722277234428,pre-1930,0.779,0,0,Manhattan,100,6.565413402197224
10599,4.293195420967266,10.522153614408765,1930-59,0.128,0,0,Brooklyn,100,11.04258127070484
10600,4.441474093317302,10.558932865912062,pre-1930,0.102,0,0,Brooklyn,100,10.643821391484943
10602,4.364371699435161,10.733108667195946,1930-59,0.172,0,0,Bronx,100,9.378612401579096
10603,4.688591794127164,10.546787760701491,pre-1930,0.185,0,0,Bronx,100,12.87610038102746
10605,4.539030383483547,10.44581184336149,1930-59,0.20800000000000002,0,0,Bronx,100,10.75581395348837
10606,4.612145799724517,10.86369947146821,1930-59,0.267,0,0,Bronx,100,10.527323188821898
10607,4.356708826689592,10.584207838087947,1930-59,0.18600000000000003,0,0,Bronx,100,10.631296511922239
10608,4.564348191467836,10.846595467769308,1930-59,0.149,0,0,Bronx,100,9.54068420335287
10611,4.51085950651685,10.768021724837249,1930-59,0.17,0,0,Bronx,100,10.531193394835503
10612,4.539030383483547,10.349358568612542,pre-1930,0.16699999999999998,0,0,Bronx,100,13.445593366840606
10613,3.9318256327243257,10.86369947146821,1930-59,0.29600000000000004,0,0,Bronx,100,10.335917312661499
10614,3.8394523125933104,10.66585757813708,1930-59,0.363,0,0,Bronx,100,11.197424592343761
10616,4.300002799195291,10.381273322223919,pre-1930,0.217,0,0,Queens,100,10.852713178294573
10620,3.8732821771117156,10.376611309118108,1930-59,1.0,0,0,Brooklyn,100,9.345794392523365
10621,3.910021002757473,10.377949976565812,pre-1930,0.6509999999999999,0,0,Manhattan,100,11.199950222443457
10622,3.2733640101522705,10.221941283654663,pre-1930,0.8,0,0,Unknown,100,11.999999999999998
10627,4.752727750345706,10.327970666480054,pre-1930,0.285,0,1,Manhattan,100,3.270538984824699
10641,4.540098189244376,10.287252233664953,pre-1930,0.142,0,0,Brooklyn,100,16.0103556342826
10642,4.037774210733707,10.668955394675699,pre-1930,0.145,0,1,Brooklyn,100,6.976744186046512
10643,4.618086411254637,10.134599273499514,1930-59,0.08,0,0,Brooklyn,100,12.301587301587302
10644,4.396915247167632,10.68544657161499,pre-1930,0.134,0,0,Brooklyn,100,8.2351595562164
10645,4.5217885770490405,10.39457974661173,pre-1930,0.131,0,0,Brooklyn,100,14.075026008200233
10651,4.658710952916121,10.428807622452572,pre-1930,0.11199999999999999,0,0,Brooklyn,100,11.53163808397398
10653,3.9589065913269965,11.156250521031495,pre-1930,0.235,0,0,Bronx,100,8.571428571428571
10655,4.925077405734609,10.74073507706983,pre-1930,0.08,0,0,Brooklyn,100,13.41991341991342
10656,4.4942386252808095,10.771407032484863,pre-1930,0.122,0,0,Brooklyn,100,10.91542643632318
10657,4.169761201506855,10.345091707260165,pre-1930,0.17600000000000002,0,0,Brooklyn,100,8.680555555555555
10658,4.33729074083249,10.205146491918704,pre-1930,0.21600000000000003,0,0,Brooklyn,100,11.093854004881294
10659,4.630837932736669,10.394090060613085,pre-1930,0.15,0,0,Brooklyn,100,10.71450437764036
10660,4.60816569496789,10.394763317057404,pre-1930,0.11599999999999999,0,0,Brooklyn,100,11.930983847283406
10662,4.747537427275013,10.558413520275876,1930-59,0.13699999999999998,0,0,Brooklyn,100,12.207792207792208
10665,3.250374491927572,10.516400340385468,pre-1930,0.6729999999999999,0,0,Bronx,100,13.273377397334489
10668,4.175924549214524,11.065121587620395,1930-59,0.171,0,0,Manhattan,60,9.232743376680281
10669,4.581901559048737,10.81376021208472,pre-1930,0.121,0,0,Bronx,100,9.657947686116701
10673,3.708682081410116,11.496521655144551,1930-59,0.325,0,0,Manhattan,100,5.184349364154799
10679,4.387014176184921,10.46310334047155,pre-1930,0.146,0,1,Queens,100,9.142857142857142
10680,4.143134726391533,10.858998997563564,1930-59,0.281,0,0,Brooklyn,100,9.23076923076923
10682,4.4272389774954295,11.463976788238345,1980-99,0.285,0,0,Bronx,100,7.246148514539555
10694,4.355425952876702,10.97026511768422,2000-09,0.39,0,0,Manhattan,100,5.505849965588438
10696,4.449685283147696,11.225243392518447,pre-1930,0.225,0,0,Bronx,100,11.2
10699,4.844974178195408,10.247077256926206,pre-1930,0.098,0,0,Brooklyn,100,11.347517730496454
10705,4.497584975308154,10.31692083029347,pre-1930,0.158,0,0,Brooklyn,100,13.227513227513226
10707,3.1484533605716547,11.56812362543499,pre-1930,0.498,0,1,Brooklyn,100,9.65223562810504
10711,4.0163830207523885,11.379839687330314,2010+,0.6829999999999999,0,0,Manhattan,100,6.511383497641051
10720,4.22829253473184,10.621327345686446,1930-59,0.155,0,0,Manhattan,100,10.731707317073171
10724,4.420044701861403,10.669280923080928,pre-1930,0.12300000000000001,0,0,Bronx,100,9.996745245733948
10725,4.3528552573736015,10.739283808037968,2000-09,0.322,0,0,Brooklyn,90,12.57234517590445
10729,4.446174454497633,11.082142548877775,1930-59,0.24100000000000002,0,0,Bronx,100,10.307692307692307
10737,4.018183201256536,10.314437590874862,2000-09,0.439,0,0,Brooklyn,100,10.93983092988563
10738,4.123903364463645,10.778768772309705,2000-09,0.47600000000000003,0,0,Brooklyn,100,9.793502948469504
10740,3.6000482404073204,11.610505793309093,2010+,0.915,0,0,Brooklyn,100,8.616780045351474
10758,4.497584975308154,10.637056647594989,pre-1930,0.133,0,1,Bronx,100,9.123649459783914
10761,4.157319361383489,10.515966830028619,pre-1930,0.125,0,1,Bronx,80,10.29810298102981
10762,3.9926809084456005,10.218736152705715,pre-1930,0.22699999999999998,0,0,Brooklyn,100,12.403327010068583
10763,4.29592393562047,10.580886376127934,1960-79,0.16,0,0,Manhattan,100,11.428571428571429
10767,4.310799125385514,10.667559071432771,pre-1930,0.109,0,0,Queens,100,8.150908244061482
10769,4.318820558770089,10.861591787223693,1930-59,0.139,0,0,Brooklyn,100,9.782295962405293
10770,4.3067641501733345,10.917612548758637,1930-59,0.157,0,0,Brooklyn,100,8.523912294383285
10771,4.420044701861403,10.824128807147542,1930-59,0.132,0,0,Bronx,100,10.952248197857342
10772,4.069026754237811,10.880892198268548,1930-59,0.155,0,0,Bronx,100,8.278301443058456
10773,4.330733340286331,10.961069491646246,1930-59,0.133,0,0,Bronx,100,9.37695353198583
10774,4.037774210733707,10.534972072703967,1960-79,0.293,0,0,Queens,90,11.699638374813869
10775,3.885679030088544,10.714417768752456,1930-59,0.254,0,0,Queens,90,11.999999999999998
10776,4.363098624788363,10.574389124148754,pre-1930,0.14,0,0,Queens,95,14.314928425357873
10777,4.33204826486764,10.80936424606141,1930-59,0.14400000000000002,0,0,Queens,90,10.710965603653856
10779,4.706823839714591,10.231639557541623,pre-1930,0.11699999999999999,0,0,Queens,90,12.604436761740132
10781,4.502029427068578,10.444066134451466,pre-1930,0.131,0,0,Queens,90,11.93942923704135
10783,4.309455941839047,10.746433098184468,pre-1930,0.145,0,0,Queens,90,8.608815426997245
10785,4.1956970564823886,11.058165065137187,1930-59,0.21,0,0,Queens,95,12.606366214938543
10786,4.51085950651685,11.082142548877775,1960-79,0.163,0,0,Queens,90,11.999999999999998
10787,4.343805421853684,10.238172478583245,pre-1930,0.14800000000000002,0,0,Queens,95,13.237924865831841
10813,4.37449836825309,10.309619105187453,pre-1930,0.17,0,0,Manhattan,100,10.992671552298466
10816,4.147885329150131,10.630649611683351,pre-1930,0.478,0,1,Manhattan,100,3.8662284941040013
10818,4.7059200890882344,11.964485043636367,pre-1930,0.354,0,0,Manhattan,95,6.11169115587359
10828,4.428433007488037,10.803791168782833,1980-99,0.282,0,0,Manhattan,95,17.88363444225415
10833,4.533674184283021,10.645424897265505,1930-59,0.113,0,0,Brooklyn,95,9.761904761904763
10834,4.154184562578117,10.694532471372533,2000-09,0.35600000000000004,0,0,Manhattan,100,5.893820555832615
10835,4.147885329150131,10.59563423276249,pre-1930,0.23199999999999998,0,0,Brooklyn,100,11.761761761761763
10836,4.4953553199808844,10.460356714803446,pre-1930,0.312,0,0,Manhattan,100,14.898005959202385
10839,3.996364153861897,10.425312461760488,1930-59,0.29100000000000004,0,0,Brooklyn,100,10.681858643403952
10840,4.412798293340635,10.388995368317829,1930-59,0.174,0,0,Brooklyn,100,10.769230769230768
10841,4.35799005684564,10.150347630467653,1930-59,0.159,0,0,Brooklyn,100,9.375
10845,3.370738174177447,10.402989302570676,pre-1930,0.784,0,0,Manhattan,100,4.247830572243461
10846,4.389498649512583,10.658740610253117,2000-09,0.436,0,0,Manhattan,100,9.867725489274722
10848,4.467056883858457,11.07490100747803,1930-59,0.146,0,0,Queens,100,10.227642528397205
10851,4.4953553199808844,10.263467030483161,1930-59,0.19399999999999998,0,1,Bronx,100,11.860740947463894
10852,4.146304301152812,10.512600737486064,2000-09,0.324,0,0,Bronx,100,9.517076354144006
10853,4.542230386214217,10.252417581902414,2000-09,0.255,0,0,Manhattan,100,9.523473598814856
10854,3.044522437723423,10.255551883917176,pre-1930,0.757,0,0,Bronx,100,11.251758087201125
10855,4.378269585796169,10.597883952496506,pre-1930,0.201,0,0,Bronx,100,10.237203495630462
10856,4.046553898385752,10.597883952496506,pre-1930,0.267,0,0,Bronx,100,11.235955056179776
10860,4.657762636107262,10.163001605159987,pre-1930,0.177,0,0,Bronx,100,8.871403224562215
10861,3.0587070727153796,10.465956409453957,pre-1930,0.78,0,0,Bronx,100,10.826210826210827
10863,2.791165107812717,10.166620752066496,pre-1930,0.867,0,0,Bronx,100,6.917755572636434
10864,2.833213344056216,11.004147742821537,pre-1930,0.872,0,0,Bronx,100,7.650982153252499
10866,4.368181227851829,10.12942719115234,pre-1930,0.21899999999999997,0,0,Bronx,100,8.775428799361787
10867,4.490881039585964,10.605346673698095,pre-1930,0.18899999999999997,0,0,Bronx,100,7.1871127633209415
10868,4.550714000192032,10.692989821338836,pre-1930,0.184,0,0,Bronx,100,10.897697861326796
10869,3.0726933146901194,10.413312675968536,pre-1930,0.872,0,0,Bronx,100,8.70870870870871
10870,4.3694478524670215,10.551898839254681,1980-99,0.20199999999999999,0,0,Bronx,100,7.581699346405229
10872,4.475061500641071,11.939825853798459,1960-79,0.16699999999999998,0,0,Queens,100,8.613376835236542
10876,4.622027303054514,10.511893504640982,1930-59,0.122,0,0,Brooklyn,100,9.523809523809524
10882,3.686376323895818,10.62551369264645,2010+,0.384,0,0,Manhattan,100,7.043621878946857
10890,2.8507065015037334,10.537839686585567,1930-59,0.815,0,0,Bronx,100,11.931275851097677
10892,4.3267781604434035,10.958304681204567,pre-1930,0.162,0,0,Bronx,100,8.184018527224922
10893,4.622027303054514,10.645424897265505,pre-1930,0.129,0,1,Bronx,100,12.38095238095238
10895,4.666265285347902,10.742573213501311,pre-1930,0.14400000000000002,0,0,Bronx,100,11.018688560008641
10896,4.189654742026425,10.732846904220825,pre-1930,0.204,0,1,Manhattan,100,8.29024587123939
10898,4.52720864451838,10.22738100695048,pre-1930,0.126,0,1,Bronx,100,11.211573236889693
10911,4.436751534363128,10.308952660644293,pre-1930,0.16699999999999998,0,1,Bronx,100,12.333333333333332
10913,4.192680462942962,10.807948588656703,pre-1930,0.415,0,1,Manhattan,100,2.0237998866672062
10916,3.254242968705492,10.645424897265505,pre-1930,0.805,0,0,Manhattan,100,10.238095238095239
10917,4.194189897191817,10.608835006177392,1930-59,0.2,0,0,Manhattan,100,10.619643871477612
10920,4.485259889315534,10.388041066963256,pre-1930,0.18899999999999997,0,0,Bronx,90,10.471526686993748
10922,4.6709579265260945,10.456654016791644,pre-1930,0.17,0,0,Bronx,90,12.940330697340043
10926,4.782479200958502,10.194289752324153,pre-1930,0.179,0,0,Bronx,90,7.102803738317758
10928,4.3254562831854875,10.8590374583624,1930-59,0.172,0,0,Brooklyn,90,8.076612437983155
10932,4.629862798578463,10.859998497896648,pre-1930,0.19,0,0,Bronx,90,11.719050180588644
10934,4.412798293340635,10.804055323945047,1930-59,0.172,0,0,Bronx,90,9.95530272247054
10935,4.309455941839047,10.607723030081495,1930-59,0.121,0,0,Brooklyn,90,8.653513326410522
10936,4.478472532942134,10.48993999442511,1930-59,0.115,0,0,Brooklyn,90,10.013351134846463
10937,4.412798293340635,10.71708088617194,1930-59,0.16399999999999998,0,0,Brooklyn,90,11.74645390070922
10938,4.546481189639412,10.54212574759568,1930-59,0.127,0,0,Brooklyn,90,9.240192195997677
10941,4.613138355637268,10.471071510120728,pre-1930,0.121,0,1,Bronx,100,12.471655328798185
10942,4.375757021660286,10.709963418403076,1930-59,0.22,0,0,Manhattan,100,13.169642857142856
10948,4.52720864451838,10.795321643976292,1930-59,0.129,0,0,Brooklyn,90,9.837678307919331
10949,4.440295542797857,10.84285007197804,1930-59,0.19,0,0,Brooklyn,90,9.38104637754803
10951,4.404277243608702,10.516373251493265,1930-59,0.198,0,0,Brooklyn,90,9.481240688067182
10953,4.097672352314776,10.71308354573932,1930-59,0.17800000000000002,0,0,Brooklyn,90,9.345794392523365
10954,4.255612709818223,10.635903522016774,1930-59,0.16399999999999998,0,0,Brooklyn,90,8.653430123551752
10955,4.607168188650764,10.724632091159428,1930-59,0.124,0,0,Brooklyn,90,9.458448814394439
10957,5.005957704545144,10.208026742054331,pre-1930,0.10800000000000001,0,0,Manhattan,100,11.430678466076696
10960,4.242764567340374,11.009571856042939,1930-59,0.152,0,0,Brooklyn,100,9.594706368899917
10963,3.906004933102583,11.264861462612437,2010+,0.414,0,0,Bronx,95,9.611564634568312
10967,4.88507207112091,10.308952660644293,1930-59,0.122,0,0,Brooklyn,100,13.0
10976,4.963543686562405,10.465443457403726,1960-79,0.168,0,0,Queens,100,13.112137278376375
10979,4.604169685654508,10.187274549019024,1980-99,0.233,0,0,Bronx,100,6.023416029815909
10982,4.377014092850337,10.723333461141452,2010+,0.431,0,0,Brooklyn,90,8.149241239565667
10983,3.9627161197436642,10.508459042192348,2010+,0.271,0,0,Brooklyn,100,10.9217999126256
10988,4.366912996863833,10.802611779488373,1930-59,0.187,0,1,Manhattan,100,13.632016928116542
10989,4.109233174715851,10.438166412324279,pre-1930,0.36700000000000005,0,0,Manhattan,100,4.393930517312087
10990,3.9852734671677386,10.315067261644147,pre-1930,0.384,0,0,Manhattan,100,3.97561622051418
10991,4.0943445622221,10.240388268775408,pre-1930,0.507,0,1,Manhattan,100,4.640868199343139
10992,3.822098297900159,11.83009837618904,2010+,0.9,0,0,Bronx,100,9.466662782907576
10995,4.186619838331271,11.413955596667712,pre-1930,0.22,0,0,Manhattan,100,9.384280777680868
10996,4.396915247167632,10.721327177053391,1930-59,0.507,0,0,Brooklyn,100,6.620762711864407
11002,4.1713056033582285,10.43220220913786,2010+,0.433,0,0,Manhattan,100,12.081921320170915
11003,4.489759334476764,10.2373492417846,1960-79,0.11900000000000001,0,0,Queens,100,14.323056540265693
11004,4.51852237926242,10.379939099210782,1960-79,0.145,0,0,Queens,100,14.593100878690969
11005,4.838660029356445,10.379007190594631,1960-79,0.106,0,0,Queens,100,14.606706653821051
11006,4.578826210648489,10.396994062531652,1960-79,0.026000000000000002,0,0,Queens,100,16.483013339031164
11008,3.529297384289471,10.808393725543645,1930-59,0.299,0,0,Queens,100,9.709916251972327
11011,4.4331949212482815,11.070147821978084,1930-59,0.128,0,0,Brooklyn,100,10.743479953289217
11013,4.875197323201151,10.342226237407218,1980-99,0.24600000000000002,0,0,Brooklyn,100,21.92487506045462
11014,3.9219733362813143,10.457631253015656,2000-09,0.72,0,0,Brooklyn,100,14.076819213421816
11015,4.770684624465665,10.516941964186826,pre-1930,0.172,0,0,Bronx,100,14.890621615767815
11017,4.4942386252808095,10.645424897265505,pre-1930,0.126,0,0,Bronx,100,7.142857142857143
11018,4.432006566978902,10.405474227634915,1930-59,0.175,0,0,Brooklyn,95,8.7772397094431
11019,4.533674184283021,11.296012463406655,pre-1930,0.141,0,0,Manhattan,95,10.186335403726709
11020,4.71760561531788,10.701535142921443,pre-1930,0.13699999999999998,0,0,Manhattan,95,9.904556095804068
11021,4.3267781604434035,10.969920942840002,pre-1930,0.139,0,0,Manhattan,95,8.433734939759036
11022,4.537961436294641,10.809727948556782,pre-1930,0.125,0,0,Brooklyn,95,10.707070707070708
11028,4.566429357671661,10.136581434703507,pre-1930,0.147,0,0,Bronx,100,13.06930693069307
11030,4.550714000192032,10.374740401182295,pre-1930,0.121,0,0,Brooklyn,100,13.108614232209739
11032,4.29592393562047,10.5774519136793,1930-59,0.22399999999999998,0,0,Bronx,100,10.448521916411824
11033,4.5880240271531205,10.746884958889959,pre-1930,0.128,0,0,Manhattan,100,10.541034742390018
11034,4.499809670330265,10.33964350796509,1930-59,0.153,0,0,Bronx,100,11.637304024567642
11036,4.476199804691132,10.22186855373718,pre-1930,0.16399999999999998,0,1,Manhattan,100,13.091861226271003
11038,4.537961436294641,10.308785980087194,pre-1930,0.344,0,0,Manhattan,85,4.667444574095683
11039,4.570578741218473,10.197425019150417,pre-1930,0.33,0,0,Manhattan,100,36.14817023179548
11041,4.560172820057356,10.184900011974314,1930-59,0.13699999999999998,0,1,Queens,90,11.69811320754717
11046,4.709530201312334,10.690967162330788,1980-99,0.16,0,0,Queens,100,7.27984166344382
11049,2.6878474937846906,10.541491933598865,pre-1930,0.872,0,0,Manhattan,100,11.35943361335658
11051,4.758749273916392,10.17789439778788,1930-59,0.122,0,0,Bronx,100,13.68041041231237
11052,4.930870325627393,10.136581434703507,1930-59,0.113,0,0,Bronx,100,13.06930693069307
11053,4.603168183317418,10.747702092945403,pre-1930,0.158,0,0,Bronx,100,11.607162048879049
11059,4.259859000699674,11.110146745287372,2010+,0.24600000000000002,0,0,Bronx,100,8.975854950184004
11060,4.584967478670572,10.17542126801977,pre-1930,0.139,0,0,Bronx,100,12.571428571428571
11066,3.258096538021482,11.138013809905521,2010+,1.0,0,0,Queens,100,9.16563613879392
11067,4.462453883786496,10.138085253895454,pre-1930,0.14800000000000002,0,0,Manhattan,100,10.677000949066752
11070,3.8416005411316,10.757902880692196,1930-59,0.262,0,0,Manhattan,100,12.76595744680851
11072,3.258096538021482,10.503833902240531,pre-1930,0.929,0,0,Manhattan,100,4.388972706075984
11073,4.286341384539473,10.500646823684912,pre-1930,0.215,0,1,Manhattan,100,8.80596604199345
11078,4.248495242049359,10.655092302667642,2000-09,0.168,0,1,Manhattan,100,8.488964346349745
11079,4.096009841541162,10.514855101175929,2000-09,0.49200000000000005,0,0,Manhattan,100,8.410428931875526
11080,4.412798293340635,10.442550717713358,1930-59,0.174,0,0,Queens,100,13.999066728884742
11083,4.485259889315534,10.288341706740168,1960-79,0.198,0,0,Queens,100,14.972097454743432
11085,4.364371699435161,10.864216133840852,pre-1930,0.248,0,0,Manhattan,95,5.930517294153658
11086,5.122176668829163,11.092732431457451,pre-1930,0.079,0,0,Manhattan,100,7.459051330451197
11087,3.9889840465642745,11.603405818098603,1930-59,0.349,0,0,Manhattan,100,10.687859687585641
11089,4.746669748261791,10.291467346303273,1930-59,0.105,0,1,Queens,95,12.890094979647218
11093,4.7664383335842135,10.293500556085371,pre-1930,0.308,0,0,Manhattan,100,5.754908598510494
11097,4.22829253473184,10.29133165188689,pre-1930,0.447,0,0,Manhattan,100,2.714072465734835
11100,3.4436180975461075,10.59270201006836,pre-1930,0.521,0,0,Manhattan,100,6.5256130311472536
11101,4.141546163706395,11.736069016284437,pre-1930,0.27,0,0,Manhattan,100,2.56
11102,4.51852237926242,10.597034653117401,1960-79,0.242,0,0,Manhattan,100,15.493802479008398
11103,4.244200317766478,10.723839907331362,1930-59,0.252,0,0,Manhattan,100,12.107603575045129
11104,4.1666652238017265,10.678629380648701,pre-1930,0.256,0,0,Manhattan,100,5.2973421161730165
11105,4.23410650459726,11.277835842637618,1930-59,0.19699999999999998,0,1,Manhattan,100,9.361163820366857
11107,4.044804116661965,10.877027805210977,pre-1930,0.154,0,0,Manhattan,100,7.3659955426283386
11109,3.8522730010223722,11.098470065023932,pre-1930,0.16899999999999998,0,0,Brooklyn,100,4.843347964280309
11112,4.168214410788556,11.827699707793888,pre-1930,0.595,1,0,Manhattan,100,5.109675535603489
11116,3.9512437185814275,11.140643650652297,2010+,0.42700000000000005,0,0,Bronx,100,12.478959893203319
11117,4.290459441148391,10.738958608308268,pre-1930,0.177,0,1,Manhattan,100,6.07138210676959
11118,4.361823927356363,10.719913749256245,2000-09,0.16899999999999998,0,1,Manhattan,100,13.923267326732672
11119,4.216562194946349,10.426735696300677,pre-1930,0.145,0,1,Manhattan,95,8.88888888888889
11128,4.45318382899021,10.799800041694619,2000-09,0.23399999999999999,0,0,Queens,100,9.997755605884393
11129,4.460144413937834,11.007186880252794,2000-09,0.22399999999999998,0,0,Queens,100,10.94418465824296
11130,4.414009680526933,11.007186880252794,2000-09,0.225,0,0,Queens,100,10.94418465824296
11131,4.403054001865957,11.001983167731487,1980-99,0.20800000000000002,0,0,Queens,100,11.001283483073026
11134,4.104294893075269,10.919008045337785,1980-99,0.228,0,0,Queens,100,7.063170095624457
11136,4.562262684976814,10.754514166757886,pre-1930,0.28,0,1,Unknown,95,8.112550970303793
11137,4.396915247167632,10.357742824813725,pre-1930,0.152,0,0,Bronx,100,9.841269841269842
11143,4.624972813284271,10.548625513909712,pre-1930,0.078,0,0,Brooklyn,95,11.278688524590164
11144,3.632309102625542,10.829669207558254,pre-1930,0.495,0,0,Brooklyn,100,7.525199516802978
11150,4.499809670330265,10.463046195981693,1930-59,0.257,0,0,Queens,100,12.000685753471625
11155,3.3877743613300146,11.707694232815939,pre-1930,0.703,0,0,Manhattan,100,13.003794145000535
11159,4.378269585796169,11.462231990654645,1960-79,0.258,0,0,Manhattan,100,14.622805264209894
11160,4.547541073151455,12.502425765554559,1980-99,0.33799999999999997,0,0,Manhattan,100,5.799493659592028
11165,4.572646994282532,10.702480131179414,pre-1930,0.19399999999999998,0,0,Manhattan,100,19.115728871497325
11167,4.320151230955794,10.861342403487976,1930-59,0.168,0,0,Queens,100,10.552166071908216
11171,4.384523514872469,10.417836960475736,pre-1930,0.127,0,1,Unknown,95,9.267286478730083
11172,4.373238128640803,10.799575577092764,1930-59,0.149,0,0,Bronx,95,8.571428571428571
11174,3.8501476017100584,11.494242011165694,2010+,0.429,0,0,Brooklyn,100,8.048986744643349
11175,4.4796069630127455,10.203592144986466,pre-1930,0.166,0,0,Bronx,90,11.11111111111111
11180,4.429625613473161,10.730947070703667,pre-1930,0.23199999999999998,0,0,Manhattan,100,8.087431693989071
11183,4.034240638152395,11.81945382521837,1930-59,0.251,0,1,Bronx,100,7.1391771546331055
11189,4.37197629882038,10.571316925111784,pre-1930,0.19699999999999998,0,0,Bronx,100,8.205128205128204
11199,4.504244267398131,10.606783064147889,1930-59,0.11,0,1,Queens,100,11.87883587408434
11200,4.658710952916121,10.260917211605735,1980-99,0.28300000000000003,0,0,Manhattan,100,10.84181443010527
11201,4.182050142641207,10.214202324098482,1960-79,0.19399999999999998,0,1,Queens,100,13.55907358545881
11231,4.742320024135325,10.76766360014283,1960-79,0.121,0,0,Brooklyn,100,13.274056593834938
11232,4.548599834499697,10.221941283654663,1930-59,0.11,0,0,Queens,100,9.454545454545455
11236,4.293195420967266,10.168310330841827,1980-99,0.353,0,0,Manhattan,95,6.906077348066298
11237,4.411585436915426,11.226176290567048,1930-59,0.21600000000000003,0,0,Bronx,100,11.455974423871053
11243,4.248495242049359,10.373491181781864,pre-1930,0.009000000000000001,0,0,Brooklyn,100,11.875
11244,4.039536325727106,11.829960007698967,2010+,0.48700000000000004,0,0,Brooklyn,100,6.700411492662321
11248,3.9160150266976834,12.171967624880223,2010+,0.253,0,0,Brooklyn,100,7.811934152120604
11255,4.823502180305079,10.491274217438248,pre-1930,0.08800000000000001,0,0,Brooklyn,100,12.777777777777779
11256,4.055257173514054,12.270145433230763,1960-79,0.263,1,0,Manhattan,100,5.158651997336261
11259,4.9037921984782065,10.558413520275876,pre-1930,0.23800000000000002,0,0,Brooklyn,100,7.012987012987013
11261,3.4657359027997265,10.805679360030782,1980-99,0.397,0,0,Queens,100,9.533468559837727
11263,4.984291318756654,10.156694633064722,1980-99,0.41700000000000004,0,0,Queens,100,8.539378178007219
11271,4.417635062141249,10.35201215010474,1960-79,0.252,0,1,Bronx,100,12.77139208173691
11278,4.751000634199631,10.388995368317829,pre-1930,0.10099999999999999,0,0,Queens,100,13.538461538461538
11279,4.602165676967792,11.947159419373937,1960-79,0.102,0,0,Brooklyn,100,7.96745650286958
11280,4.418840607796598,11.260224361413693,pre-1930,0.138,0,0,Queens,100,10.557486803141497
11294,3.9815490680767565,11.224509790164696,pre-1930,0.138,0,1,Brooklyn,100,7.472146240576423
11295,4.062165663857866,11.14090480408142,pre-1930,0.213,0,0,Brooklyn,100,8.703977717817043
11297,4.365643155423357,10.581876362120529,pre-1930,0.239,0,0,Bronx,100,10.14867813467296
11298,4.526126978647638,10.684187630103935,pre-1930,0.114,0,0,Bronx,100,9.61978928080623
11300,4.593097604753822,10.250263664295613,pre-1930,0.153,0,0,Bronx,100,11.664899257688228
11301,4.28496492183075,10.165851817003619,2000-09,0.48,0,0,Brooklyn,100,21.153846153846153
11302,4.210645017918261,10.845446031158861,1960-79,0.461,0,0,Manhattan,90,10.331384015594542
11309,4.712229258281499,10.907257885099419,pre-1930,0.16399999999999998,0,0,Bronx,100,12.827325869051327
11312,4.673762977453703,10.759688519532371,pre-1930,0.157,0,0,Bronx,100,11.468864157675645
11313,4.599152113662528,10.727268180731276,pre-1930,0.154,0,0,Bronx,100,10.530472554955903
11314,4.56746831880408,10.896072436558708,pre-1930,0.16899999999999998,0,0,Bronx,100,9.636053665406568
11315,4.45898767581001,10.426735696300677,pre-1930,0.131,0,0,Bronx,100,8.88888888888889
11316,4.52720864451838,11.083003716428074,pre-1930,0.212,0,0,Bronx,100,10.913674372848009
11318,3.139832617527748,11.101341675853886,pre-1930,0.802,0,0,Bronx,100,9.055236945366737
11320,4.259859000699674,10.86283777387073,pre-1930,0.155,0,0,Brooklyn,100,8.237547892720306
11321,4.097672352314776,11.805953223746762,2010+,0.297,0,0,Bronx,100,9.399618047266651
11322,4.564348191467836,10.46538644648612,pre-1930,0.133,0,0,Brooklyn,100,11.972633979475484
11325,4.380775852772229,10.383441512635033,pre-1930,0.11599999999999999,0,0,Brooklyn,100,12.376237623762377
11326,4.515245478460105,10.694215061434937,1930-59,0.168,0,0,Brooklyn,100,14.285714285714286
11327,4.436751534363128,10.588350513508376,pre-1930,0.12,0,0,Brooklyn,100,10.587345601209982
11328,4.396915247167632,10.660196214585818,pre-1930,0.11800000000000001,0,0,Brooklyn,100,10.791788856304985
11330,4.45898767581001,10.319562839756308,pre-1930,0.124,0,0,Brooklyn,100,11.54353562005277
11331,4.406719247264253,10.5095779005279,pre-1930,0.151,0,0,Brooklyn,100,12.546024819309968
11332,4.564348191467836,10.501554526845803,pre-1930,0.124,0,0,Brooklyn,100,9.62278675904542
11333,4.206184043977636,10.398183794372235,pre-1930,0.149,0,0,Brooklyn,100,9.146341463414634
11335,4.634728988229636,11.21953379038437,pre-1930,0.14400000000000002,0,0,Bronx,100,11.130033658294558
11337,3.462606009790799,12.943236711506893,1960-79,0.563,0,0,Brooklyn,100,8.61244019138756
11338,4.707726774313183,10.800432352812745,pre-1930,0.166,0,0,Bronx,100,11.010970188817748
11339,4.623991940228679,11.008760940077243,pre-1930,0.177,0,0,Bronx,100,11.25809175344779
11340,4.314817884980432,11.310074616923782,pre-1930,0.27699999999999997,0,0,Bronx,100,11.758941695247428
11348,3.4372078191851885,10.488993841578681,2000-09,0.98,0,0,Unknown,90,9.466005902333093
11349,4.526126978647638,10.45276436267637,pre-1930,0.12,0,0,Manhattan,100,5.484988452655889
11351,4.255612709818223,10.611868113736662,1930-59,0.16699999999999998,0,0,Brooklyn,100,8.617718028266115
11352,4.3476939555933765,10.751071086400492,1930-59,0.16699999999999998,0,0,Brooklyn,100,10.282776349614394
11353,4.286341384539473,10.736396675471232,pre-1930,0.16699999999999998,0,0,Brooklyn,100,10.652173913043478
11354,4.186619838331271,10.714417768752456,1930-59,0.147,0,0,Brooklyn,100,9.555555555555555
11355,4.593097604753822,10.696887224985165,1960-79,0.185,0,0,Queens,100,16.28296168980958
11360,4.603168183317418,10.307151038697665,1930-59,0.133,0,0,Brooklyn,80,12.021638950110198
11362,4.755312844417811,10.171604469493069,pre-1930,0.264,0,0,Manhattan,100,12.237093690248566
11363,4.423648309364701,10.150191368259351,pre-1930,0.179,0,0,Manhattan,100,21.487732458196593
11364,4.509760001183433,10.395069192935358,pre-1930,0.335,0,0,Manhattan,100,13.76230962138357
11365,4.2456340097683265,10.137927063592189,pre-1930,0.249,0,0,Manhattan,100,7.514633760480937
11367,4.182050142641207,10.19241884438834,1960-79,0.261,0,0,Manhattan,100,20.59925093632959
11369,4.625952725170619,10.36567949988784,pre-1930,0.142,0,0,Bronx,100,12.598028408554061
11370,4.157319361383489,10.704906008379862,1930-59,0.18100000000000002,0,0,Manhattan,100,8.076457127473414
11371,4.26689632742025,10.624663238817353,pre-1930,0.256,0,0,Manhattan,100,8.751245837080972
11372,4.12552017969055,10.78514543091584,pre-1930,0.195,0,0,Manhattan,100,7.45372479191685
11373,4.42484663185681,10.644996233973952,pre-1930,0.168,0,0,Manhattan,100,10.004287551807918
11374,3.7376696182833684,10.644996233973952,pre-1930,0.32299999999999995,0,0,Manhattan,100,10.24248487447001
11375,4.1956970564823886,10.756455024543515,1930-59,0.19899999999999998,0,0,Manhattan,100,12.784454103809768
11379,4.316153890523174,10.666020860581082,1930-59,0.158,0,0,Manhattan,100,11.428837990390447
11380,4.7318028369214575,10.381645346037732,pre-1930,0.142,0,0,Manhattan,100,18.907693261422107
11384,4.432006566978902,10.633207713326913,pre-1930,0.16899999999999998,0,0,Manhattan,100,13.015184381778742
11385,4.461299815568389,10.771470004116164,pre-1930,0.17800000000000002,0,0,Manhattan,100,10.70484026699131
11386,4.373238128640803,10.634075016069918,pre-1930,0.146,0,1,Manhattan,100,13.244714154987237
11389,4.504244267398131,10.538793733406223,1930-59,0.172,0,0,Manhattan,100,15.89319771137953
11390,4.417635062141249,10.657635754653473,pre-1930,0.18100000000000002,0,0,Manhattan,100,11.760278483394487
11391,4.290459441148391,10.776578465104064,1930-59,0.162,0,0,Bronx,100,10.232635843461553
11393,4.28496492183075,10.731165626053679,pre-1930,0.174,0,0,Manhattan,100,10.708041958041958
11394,4.511957804265912,10.614474651224404,pre-1930,0.135,0,1,Manhattan,100,11.542239685658153
11395,5.0401940963378005,10.359043565784862,1930-59,0.24,0,1,Manhattan,100,11.096667829174724
11396,4.422448549172797,10.361545110763464,1930-59,0.16899999999999998,0,1,Manhattan,100,13.282732447817837
11400,5.336576078665127,10.50495794452417,pre-1930,0.11,0,1,Manhattan,100,9.590092064883823
11401,4.726502471155617,10.193317317045368,pre-1930,0.133,0,1,Manhattan,100,13.096841790151176
11402,4.087655574071304,10.71663752549077,pre-1930,0.311,0,0,Brooklyn,100,7.095343680709535
11404,4.5736795188967205,10.625805110395854,pre-1930,0.13699999999999998,0,1,Bronx,100,10.198135198135198
11406,4.617098756853365,10.378167729665766,1930-59,0.139,0,1,Bronx,100,8.087091757387247
11407,4.394449154672439,10.678099506078345,1930-59,0.344,0,1,Manhattan,100,10.600299573683605
11408,4.294560608892605,10.156500537452615,1930-59,0.149,0,1,Manhattan,100,16.30561378989052
11419,4.497584975308154,10.621571218386105,pre-1930,0.21600000000000003,0,1,Bronx,100,12.923677151914168
11421,4.404277243608702,11.866886730211277,1960-79,0.168,0,1,Manhattan,100,12.002526847757423
11423,4.091005660956586,11.459566881445795,pre-1930,0.17800000000000002,0,0,Manhattan,100,6.012404539892832
11427,4.37197629882038,11.675707359889566,1930-59,0.138,0,1,Manhattan,100,9.517496898315743
11428,4.192680462942962,11.931056684805252,pre-1930,0.185,0,0,Manhattan,100,7.570172204960767
11430,4.136765278106052,11.507852619820937,pre-1930,0.215,0,0,Manhattan,100,9.347297324461776
11432,4.259859000699674,10.72634633961773,pre-1930,0.13,0,1,Brooklyn,100,10.54018445322793
11433,4.619073091157083,10.220121446937677,1930-59,0.091,0,1,Brooklyn,100,17.48633879781421
11435,4.212127597878484,10.62830295942287,pre-1930,0.19399999999999998,0,1,Manhattan,95,8.23503766318696
11436,4.73356340075649,10.56307794956723,1960-79,0.184,0,0,Manhattan,100,12.150982419855223
11438,4.8338981155962015,10.275051108968611,1930-59,0.08199999999999999,0,0,Brooklyn,95,7.93103448275862
11449,4.742320024135325,10.360215954581834,pre-1930,0.157,0,0,Manhattan,100,12.033694344163658
11451,4.622027303054514,10.66969930395308,pre-1930,0.114,0,0,Brooklyn,100,12.084030488938465
11452,4.338597076746545,10.727662995502477,1930-59,0.12300000000000001,0,0,Brooklyn,100,12.06140350877193
11454,4.627909672957581,10.4521868287302,pre-1930,0.172,0,0,Bronx,100,12.131715771230501
11455,4.795790545596741,10.747207591575448,pre-1930,0.244,0,0,Bronx,100,12.043010752688174
11456,4.56954300834494,10.787151781583189,pre-1930,0.21600000000000003,0,0,Bronx,100,11.984709164169852
11457,4.679349584162343,10.645424897265505,1930-59,0.18600000000000003,0,0,Bronx,100,11.904761904761905
11458,4.239886867512759,10.73541793579221,pre-1930,0.187,0,0,Bronx,100,11.96822979001197
11462,4.203198967134183,11.337428567123371,1980-99,0.239,0,0,Manhattan,100,12.991037376048817
11464,4.180522258463153,10.38591370178042,pre-1930,0.188,0,0,Brooklyn,100,12.037037037037038
11466,4.618086411254637,11.011554999974992,pre-1930,0.161,0,0,Bronx,100,11.999339607066206
11467,3.0349529867072724,10.161380296177157,pre-1930,0.7040000000000001,0,0,Manhattan,100,11.999690928759078
11468,3.648057459593681,10.142504453006628,pre-1930,0.5529999999999999,0,0,Bronx,100,12.000000000000002
11469,5.196284640982885,10.308952660644293,pre-1930,0.09699999999999999,0,0,Bronx,100,11.999999999999998
11470,4.589040804058207,11.208219301512653,1930-59,0.13699999999999998,0,0,Bronx,100,11.999891501885156
11471,4.669083511731744,10.264478170542462,pre-1930,0.129,0,0,Bronx,100,11.998606028924899
11474,4.8621352857778115,10.620985823959904,1930-59,0.157,0,0,Bronx,100,11.999219245596057
11475,4.750135956238277,10.626193535337618,1930-59,0.155,0,0,Bronx,100,11.999999999999998
11477,4.51085950651685,10.187763831853076,pre-1930,0.114,0,0,Brooklyn,100,10.159542444310656
11480,3.039749158970765,10.521372248595526,2010+,0.317,0,0,Brooklyn,100,4.8517520215633425
11482,4.497584975308154,13.805002541633463,1980-99,0.262,1,0,Manhattan,100,8.397782015407051
11485,3.068052935133617,10.508813937706645,pre-1930,0.698,0,0,Manhattan,95,9.553183939733056
11486,4.146304301152812,10.685949704772932,1930-59,0.183,0,1,Manhattan,100,10.974689622059127
11487,4.055257173514054,10.130224639360469,pre-1930,0.257,0,0,Manhattan,100,15.942606616181747
11489,2.6878474937846906,10.534014371114406,1930-59,0.853,0,0,Manhattan,95,12.775471095496647
11491,4.414009680526933,10.182027967070626,pre-1930,0.135,0,1,Manhattan,100,9.08265213442325
11493,4.557029810660157,10.614474651224404,pre-1930,0.121,0,1,Manhattan,100,11.787819253438114
11494,4.7535901911063645,10.74371763779732,pre-1930,0.18100000000000002,0,0,Brooklyn,100,14.674780957313653
11495,4.225372824628505,10.54006438160768,pre-1930,0.204,0,0,Brooklyn,100,8.994708994708994
11496,4.3054155323020415,10.54006438160768,pre-1930,0.157,0,0,Brooklyn,100,8.994708994708994
11497,4.6061696863211745,10.642277090974774,pre-1930,0.13,0,0,Brooklyn,100,7.165376898824878
11498,4.26549281841793,10.385450631617017,1930-59,0.188,0,0,Brooklyn,100,12.660182183109464
11499,4.61512051684126,10.400011391591258,pre-1930,0.168,0,1,Bronx,100,12.781497261107729
11502,4.400603020246817,10.64875268735818,pre-1930,0.18899999999999997,0,1,Bronx,100,10.915994304698623
11503,3.901972669574645,10.278493453159584,pre-1930,0.21600000000000003,0,0,Bronx,100,5.49828178694158
11504,4.535820107853298,10.645424897265505,pre-1930,0.157,0,0,Bronx,100,9.761904761904763
11505,4.33729074083249,10.13737320038224,pre-1930,0.177,0,1,Manhattan,100,11.476058567471311
11506,4.378269585796169,10.691944912900398,pre-1930,0.128,0,1,Bronx,100,8.636363636363637
11507,4.653007515402251,10.68384400716945,1960-79,0.21100000000000002,0,1,Bronx,100,12.14342994615649
11509,2.6878474937846906,10.308952660644293,pre-1930,0.8270000000000001,0,0,Bronx,100,9.666666666666666
11517,3.6712245188752153,10.133646438744243,1930-59,0.287,0,1,Bronx,100,11.916110581506198
11519,5.182906515036709,10.363756452684967,pre-1930,0.09300000000000001,0,1,Manhattan,100,10.728936573051437
11522,3.1612467120315646,10.149487885993265,pre-1930,0.8190000000000001,0,0,Bronx,100,9.383063570255688
11523,4.509760001183433,10.22502742570653,pre-1930,0.163,0,1,Manhattan,100,7.250317201377561
11524,4.551769409260976,10.689920137152056,1930-59,0.11900000000000001,0,0,Manhattan,100,9.792534900138916
11525,4.406719247264253,10.55095721959942,pre-1930,0.183,0,0,Manhattan,100,13.607578374417752
11526,4.409155302062135,10.45339926500932,1930-59,0.166,0,0,Manhattan,100,14.13651837747389
11527,4.127134385045092,10.129626612830137,pre-1930,0.205,0,0,Manhattan,100,11.964107676969093
11528,4.480740107609915,10.373491181781864,1960-79,0.36,0,0,Manhattan,100,16.25
11529,4.545420181582317,10.221941283654663,pre-1930,0.207,0,0,Manhattan,100,18.545454545454547
11530,4.616110126026426,10.20636607186919,pre-1930,0.107,0,0,Manhattan,100,13.29639889196676
11531,4.563305981889393,10.167389096322506,pre-1930,0.166,0,0,Manhattan,100,9.600614439324117
11533,4.485259889315534,10.623860719349665,pre-1930,0.19699999999999998,0,0,Manhattan,100,5.108991825613079
11534,4.636668853047462,10.141007269794844,pre-1930,0.161,0,0,Manhattan,100,18.925952211970664
11535,4.729156165769083,10.496399947300228,1930-59,0.109,0,0,Bronx,100,9.948873842752521
11536,4.931592086755803,10.5551875431819,pre-1930,0.239,0,0,Manhattan,100,17.19824890556598
11537,3.7184382563554808,10.650909827496076,pre-1930,0.361,0,0,Manhattan,100,11.839643863512585
11538,4.1588830833596715,10.413312675968536,1930-59,0.24600000000000002,0,0,Manhattan,100,17.71771771771772
11539,4.144720769547168,10.4032320062913,1930-59,0.221,0,0,Manhattan,100,12.437056361099314
11540,4.832305758571839,10.326792578772624,pre-1930,0.12300000000000001,0,0,Queens,100,18.99148657498363
11542,4.575741375297279,10.25976241645352,pre-1930,0.166,0,1,Manhattan,100,19.607843137254903
11543,4.577798989191959,10.671927717131505,pre-1930,0.436,0,0,Manhattan,100,10.665924689296977
11544,4.403054001865957,10.656082191739493,1930-59,0.19,0,0,Queens,100,12.249705535924617
11545,4.703203926259457,10.422281345951296,1960-79,0.142,0,0,Queens,100,15.178571428571429
11546,4.7808027546312495,10.613983371430686,1930-59,0.128,0,0,Queens,100,10.073710073710075
11547,4.590056548178043,10.731165626053679,pre-1930,0.111,0,0,Queens,100,10.052447552447552
11548,4.642465970731788,10.450452222917992,1930-59,0.14800000000000002,0,0,Queens,100,10.416666666666666
11549,4.924350925499243,10.584562151861805,pre-1930,0.141,0,1,Bronx,100,10.62753036437247
11551,4.180522258463153,10.759263656544292,2010+,0.28300000000000003,0,0,Bronx,100,8.711541730409655
11552,4.450852825603734,10.243524855321837,pre-1930,0.22399999999999998,0,0,Bronx,100,13.523131672597865
11553,4.252771798816619,10.308952660644293,pre-1930,0.262,0,0,Bronx,100,13.333333333333332
11554,4.701389043728634,10.308952660644293,pre-1930,0.16699999999999998,0,0,Bronx,100,13.333333333333332
11557,4.741447804280639,10.586584397242571,pre-1930,0.133,0,0,Bronx,100,10.353535353535353
11558,4.761318868478023,10.539270415706502,pre-1930,0.19899999999999998,0,0,Bronx,100,11.119936457505958
11559,4.269697449699962,10.58478985872815,2000-09,0.273,0,0,Bronx,100,9.613195375547066
11560,4.8307108619020225,10.480662556843653,pre-1930,0.126,0,1,Manhattan,100,13.194834362717573
11561,4.528289141652134,10.491274217438248,pre-1930,0.221,0,0,Bronx,100,11.666666666666668
11562,4.239886867512759,10.702345187518187,pre-1930,0.185,0,0,Brooklyn,100,7.872244714349977
11563,4.046553898385752,10.262140538858489,2010+,0.358,0,0,Brooklyn,100,8.034092496856225
11564,4.589040804058207,10.738936924565653,pre-1930,0.18,0,0,Bronx,100,11.492508185701586
11565,4.3054155323020415,10.565763069428986,pre-1930,0.191,0,0,Bronx,100,12.376237623762377
11566,4.688591794127164,10.225824642736724,pre-1930,0.22699999999999998,0,1,Manhattan,100,9.41790125692759
11568,4.841822087327094,10.470050580986621,pre-1930,0.14,0,1,Manhattan,100,12.200658268074
11573,4.130354999745133,10.169690593310785,pre-1930,0.212,0,0,Bronx,100,12.64367816091954
11574,4.462453883786496,10.163001605159987,pre-1930,0.191,0,1,Bronx,100,9.257116408238835
11575,4.403054001865957,10.282950858105291,pre-1930,0.16399999999999998,0,1,Bronx,100,11.973999315771469
11576,4.334672938290411,10.283019278617788,pre-1930,0.175,0,1,Bronx,100,11.973180076628351
11577,4.430816798843313,10.601473009736322,pre-1930,0.22,0,0,Manhattan,100,12.190874259839777
11578,4.378269585796169,10.62113220469646,pre-1930,0.205,0,0,Bronx,100,10.001951600312257
11579,4.554928969551344,10.556307407873451,pre-1930,0.18600000000000003,0,1,Bronx,100,10.932090892527134
11580,4.783316371371566,10.537150086261182,pre-1930,0.11900000000000001,0,1,Manhattan,100,13.796763067126559
11581,4.52720864451838,10.224664844121703,pre-1930,0.22,0,0,Bronx,100,12.330009066183138
11582,4.428433007488037,10.173514689749188,1930-59,0.19699999999999998,0,0,Bronx,100,9.16030534351145
11583,4.882044059723269,10.70022868930618,pre-1930,0.18100000000000002,0,1,Bronx,100,13.523869629896769
11584,4.627909672957581,10.491413096682967,pre-1930,0.132,0,1,Bronx,100,11.109568115539508
11585,4.888844237042334,10.775324703655977,pre-1930,0.252,0,0,Bronx,100,8.154560281018693
11586,4.757032535297338,10.639454730279002,pre-1930,0.163,0,1,Bronx,100,13.892215568862277
11587,5.220355825078324,10.580454536867036,pre-1930,0.08199999999999999,0,1,Bronx,100,12.703897555770109
11591,4.912654885736052,10.541650424763313,1930-59,0.12300000000000001,0,0,Manhattan,100,12.942419440042261
11593,4.109233174715851,10.65254236503437,pre-1930,0.309,0,0,Manhattan,100,4.0189125295508275
11599,4.506454213048934,11.390079634971382,pre-1930,0.14800000000000002,0,0,Unknown,100,8.819538670284938
11600,4.859036909945142,11.230748213152893,1960-79,0.126,0,0,Staten Is,100,18.166388203781793
11601,4.7059200890882344,10.900805123052656,1930-59,0.11800000000000001,0,0,Manhattan,100,8.852821836960532
11605,4.388257184424518,10.812511948418237,1930-59,0.172,0,0,Queens,100,10.878762238607518
11606,4.314817884980432,11.217211220821182,1930-59,0.111,0,0,Queens,100,8.870967741935484
11607,3.202746442938317,11.437641416894872,pre-1930,0.46,0,0,Bronx,100,8.625522922327166
11608,4.9473404437239425,10.818277158284015,pre-1930,0.068,0,0,Queens,100,10.615923885828742
11609,4.1956970564823886,11.958367410554025,pre-1930,0.134,0,0,Manhattan,100,8.583251130555093
11611,4.237000862623624,11.298196412257036,1930-59,0.175,0,0,Brooklyn,100,8.92458723784025
11612,4.4331949212482815,11.82694757275385,1930-59,0.138,0,0,Brooklyn,100,9.423487128539286
11613,4.215086179918229,11.056588026488308,1930-59,0.2,0,0,Queens,100,10.416666666666666
11614,4.302712827954156,10.866852691796211,1930-59,0.114,0,0,Brooklyn,100,9.158557527189467
11617,4.9082333604781745,10.619765150484927,1960-79,0.177,0,0,Queens,100,16.855579441078756
11618,4.546481189639412,10.644543556617958,1930-59,0.184,0,0,Brooklyn,100,10.962037985844672
11619,2.9601050959108397,10.651974828129237,2000-09,1.0,0,0,Brooklyn,100,7.332765635348662
11620,4.023564380161053,10.488965999997278,2000-09,0.318,0,0,Manhattan,100,6.125233176490242
11621,4.741447804280639,10.57813975045983,1960-79,0.18600000000000003,0,1,Queens,100,10.69600427840171
11622,4.293195420967266,10.689578478738811,pre-1930,0.152,0,0,Manhattan,100,10.251503553854565
11623,4.380775852772229,10.778956289890028,1960-79,0.158,0,0,Brooklyn,100,11.25
11628,4.225372824628505,10.770588040219511,pre-1930,0.187,0,0,Bronx,95,10.084033613445378
11630,3.835141961092188,10.99299182217351,pre-1930,0.147,0,0,Brooklyn,95,6.2230893433799785
11631,4.046553898385752,10.578216147572055,pre-1930,0.19399999999999998,0,0,Brooklyn,95,9.931245225362872
11638,4.5591262474866845,10.21884558783815,pre-1930,0.637,0,0,Manhattan,100,1.8238190771475469
11639,4.5685062016165,10.61589799927692,pre-1930,0.128,0,0,Manhattan,100,8.82828976408848
11640,4.574710978503383,10.274050608635028,pre-1930,0.166,0,0,Manhattan,100,7.593800697248973
11642,4.539030383483547,10.193878452798828,pre-1930,0.17,0,0,Bronx,100,10.47159579640226
11643,4.089332020398556,10.402200108418317,pre-1930,0.18899999999999997,0,1,Bronx,100,8.502368516944005
11644,4.318820558770089,10.528088190560963,1930-59,0.134,0,1,Bronx,100,9.638554216867469
11645,4.648229675448539,10.596634733096073,pre-1930,0.14800000000000002,0,1,Bronx,100,12.750000000000002
11646,4.630837932736669,10.415802067353537,pre-1930,0.2,0,0,Manhattan,100,11.383039271485487
11648,3.7999735016195233,10.640651618512848,pre-1930,0.272,0,0,Manhattan,100,10.765550239234448
11649,3.817712325956905,10.713306039899766,pre-1930,0.207,0,1,Bronx,100,11.345939933259178
11651,4.401829261970061,10.60826681732578,2000-09,0.316,0,0,Bronx,100,5.683503014727687
11652,4.069026754237811,10.775930884630007,pre-1930,0.341,0,0,Manhattan,100,7.522724898129766
11653,3.449987545831587,10.752612314550426,pre-1930,0.373,0,1,Manhattan,100,12.833675564681725
11654,4.475061500641071,10.5693919967022,pre-1930,0.182,0,0,Manhattan,100,8.991650610147719
11658,4.890349128221754,10.342193994424095,pre-1930,0.142,0,1,Manhattan,100,9.673050880247631
11660,4.248495242049359,10.187726203210149,pre-1930,0.188,0,0,Brooklyn,100,10.159924741298212
11661,4.055257173514054,10.51867319162636,pre-1930,0.213,0,0,Brooklyn,100,10.270270270270272
11662,4.3267781604434035,10.221941283654663,pre-1930,0.161,0,0,Brooklyn,100,9.818181818181818
11665,4.462453883786496,10.146433731146518,pre-1930,0.24100000000000002,0,0,Manhattan,100,8.627450980392156
11666,3.751854253275325,10.810232871566752,2000-09,0.5579999999999999,0,0,Brooklyn,100,8.884401817264008
11667,4.760463070394127,10.596634733096073,pre-1930,0.138,0,1,Bronx,100,12.750000000000002
11668,4.502029427068578,10.74073507706983,1960-79,0.188,0,0,Brooklyn,100,14.06926406926407
11669,4.42484663185681,10.812894646443958,1930-59,0.122,0,1,Bronx,100,8.659403508065328
11673,4.547541073151455,10.510095971678835,pre-1930,0.14800000000000002,0,0,Bronx,100,10.358739504961292
11676,4.516338972281476,10.645424897265505,1930-59,0.124,0,1,Bronx,100,10.952380952380953
11677,4.477336814478207,10.551898839254681,1930-59,0.149,0,1,Bronx,100,12.81045751633987
11678,4.628886712605407,10.778477008386329,1930-59,0.124,0,1,Bronx,100,10.213227171352939
11679,4.33204826486764,10.657024033108858,pre-1930,0.16399999999999998,0,1,Bronx,100,12.002824193927983
11680,4.498697941477575,10.662890528873138,pre-1930,0.154,0,1,Bronx,100,11.932615816565278
11682,4.394449154672439,10.446973958541667,pre-1930,0.175,0,0,Bronx,100,12.485481997677121
11683,4.613138355637268,10.65145430286018,1930-59,0.12300000000000001,0,1,Bronx,100,11.359871254792447
11685,3.1135153092103742,10.67713118396644,2000-09,0.938,0,0,Queens,100,13.60920812861855
11686,4.3067641501733345,10.831706855275558,1930-59,0.18,0,0,Bronx,100,8.49802371541502
11687,4.701389043728634,10.591421166043187,pre-1930,0.154,0,0,Bronx,100,12.31403297145155
11688,4.642465970731788,10.591421166043187,pre-1930,0.155,0,0,Bronx,100,12.0627261761158
11689,3.744787086052232,11.017316807009099,2000-09,0.285,0,0,Brooklyn,100,4.103742613263297
11694,4.404277243608702,10.498249831174672,pre-1930,0.17800000000000002,0,0,Manhattan,100,7.999558645040274
11697,4.297285406218791,10.459726215828614,1930-59,0.2,0,0,Brooklyn,100,10.033828335531219
11701,4.535820107853298,11.27677265906238,1930-59,0.136,0,0,Queens,100,11.270673454398096
11702,4.91705694713669,10.50763957152451,1960-79,0.10300000000000001,0,0,Queens,100,12.297097884899165
11709,4.278054044290903,10.583397506314054,1960-79,0.21100000000000002,0,0,Manhattan,100,13.426559254192632
11710,4.102643365036796,10.268824869553512,1930-59,0.23399999999999999,0,0,Manhattan,100,17.002081887578072
11711,3.676300671907076,10.86369947146821,pre-1930,0.37200000000000005,0,0,Manhattan,100,15.121064216671453
11712,4.56746831880408,10.510532034042662,1930-59,0.162,0,0,Manhattan,100,19.618528610354222
11713,3.5610460826040513,10.867234225566579,pre-1930,0.321,0,1,Bronx,100,8.392141903490367
11715,4.443827035579329,11.45735989952052,2000-09,0.201,0,0,Queens,100,9.302817273640256
11716,3.879499813722586,11.369609213515574,2010+,0.295,0,0,Queens,100,9.809805188809898
11719,2.6390573296152584,10.87528867433785,pre-1930,0.802,0,0,Manhattan,100,7.946418435690771
11721,4.740574822994295,10.778956289890028,2010+,0.5920000000000001,0,0,Brooklyn,100,15.833333333333332
11722,4.050044303325521,10.4341158035983,1980-99,0.259,0,0,Brooklyn,100,5.88235294117647
11727,4.360547602996758,10.703873483765673,pre-1930,0.182,0,0,Manhattan,100,4.491555874955084
11731,4.178992036282385,10.571316925111784,pre-1930,0.258,0,0,Bronx,100,11.794871794871796
11732,4.670021158307708,10.409250381959657,pre-1930,0.215,0,0,Bronx,100,9.648726066636515
11733,4.314817884980432,10.177704374034338,1960-79,0.213,0,0,Bronx,100,15.203344735841885
11734,4.456670177669648,10.43482143693347,2010+,0.34299999999999997,0,0,Unknown,100,18.81025158711498
11738,4.350277936359301,10.701535142921443,1930-59,0.125,0,0,Brooklyn,100,9.229245452908337
11739,4.564348191467836,10.67266941937207,1930-59,0.121,0,1,Brooklyn,100,12.048192771084338
11740,4.1956970564823886,10.769368809865203,1980-99,0.32299999999999995,0,0,Manhattan,100,10.937697194059988
11741,3.288401887516811,10.408797995614009,pre-1930,0.526,0,0,Manhattan,100,3.6199095022624435
11742,3.6888794541139363,11.514344457723642,2010+,0.42200000000000004,0,0,Manhattan,100,9.586387329991412
11743,4.4331949212482815,10.475201292812542,2010+,0.419,0,0,Bronx,100,16.654434596059392
11747,4.475061500641071,12.4529327234617,1960-79,0.192,0,0,Unknown,100,8.125
11750,4.275276264727001,10.806611987878524,1930-59,0.136,0,0,Brooklyn,95,8.308677501722531
11751,4.200204952921578,10.174468433264497,1930-59,0.17300000000000001,0,0,Brooklyn,100,10.676835081029552
11758,4.676560182074764,10.809727948556782,pre-1930,0.152,0,0,Unknown,100,9.494949494949495
11761,4.603168183317418,10.261161996807944,pre-1930,0.207,0,0,Brooklyn,100,12.237762237762238
11762,4.552823705615882,10.803648902480399,pre-1930,0.14,0,0,Brooklyn,100,10.772357723577235
11763,4.624972813284271,10.747207591575448,pre-1930,0.125,0,0,Brooklyn,100,11.61290322580645
11764,4.695924549256556,10.254144424149297,pre-1930,0.14,0,0,Brooklyn,100,14.788732394366198
11766,4.52720864451838,10.573570793497522,pre-1930,0.126,0,0,Brooklyn,100,9.209987720016374
11767,4.3489867805956814,10.146433731146518,pre-1930,0.177,0,0,Brooklyn,100,14.11764705882353
11768,4.66814498514948,10.288477807454907,pre-1930,0.15,0,0,Brooklyn,100,11.22754491017964
11772,4.33204826486764,12.513520579896413,1930-59,0.163,0,0,Brooklyn,100,10.551858524210449
11773,4.551769409260976,12.513520579896413,1930-59,0.128,0,0,Brooklyn,100,10.551858524210449
11774,4.448516375942715,10.604106747934773,pre-1930,0.135,0,0,Brooklyn,100,10.421836228287841
11776,4.203198967134183,10.842322248845178,pre-1930,0.16699999999999998,0,0,Manhattan,100,12.000391083300743
11778,4.398146016553765,10.82774645405946,1930-59,0.165,0,0,Brooklyn,100,11.640873015873016
11782,4.405498990859024,10.532762656501662,pre-1930,0.14400000000000002,0,0,Brooklyn,100,10.126582278481013
11783,4.3528552573736015,10.302263672493496,pre-1930,0.126,0,0,Brooklyn,100,10.067114093959733
11784,4.33990170837321,10.778018350162052,pre-1930,0.18600000000000003,0,0,Brooklyn,100,8.341153164424982
11786,4.679349584162343,10.142976782386423,pre-1930,0.114,0,0,Bronx,100,14.560050369903982
11788,4.168214410788556,11.70953611139446,pre-1930,0.18600000000000003,0,1,Queens,100,8.872312634008889
11789,4.044804116661965,10.411328727261159,2000-09,0.363,0,0,Brooklyn,100,10.531383522898237
11793,4.530446639792155,10.151596849868087,pre-1930,0.13699999999999998,0,0,Brooklyn,100,10.923845193508116
11794,4.602165676967792,10.134599273499514,pre-1930,0.115,0,0,Brooklyn,100,11.904761904761905
11796,4.382026634673881,10.422281345951296,1930-59,0.145,0,0,Brooklyn,100,9.226190476190476
11797,4.069026754237811,11.168673041030052,pre-1930,0.738,0,0,Manhattan,95,15.802469135802468
11798,4.508659285607248,10.332083078033147,pre-1930,0.768,0,0,Manhattan,55,25.079799361605108
11799,4.302712827954156,11.511113824940962,1930-59,0.308,0,1,Manhattan,95,8.014506256323946
11802,4.220977213155467,10.316391589741292,pre-1930,0.187,0,0,Manhattan,85,8.271572260455267
11803,4.139955073474153,10.919044266066912,pre-1930,0.23,0,0,Bronx,100,9.598319388605166
11806,4.278054044290903,10.575155701418948,pre-1930,0.13699999999999998,0,0,Brooklyn,100,9.96168582375479
11807,4.468204330914934,10.158904664400634,1930-59,0.13699999999999998,0,0,Brooklyn,100,13.942680092951202
11808,4.455509411433685,10.31692083029347,pre-1930,0.163,0,0,Brooklyn,100,12.566137566137566
11809,4.727387818712341,10.337864004138712,pre-1930,0.11199999999999999,0,0,Brooklyn,100,11.981865284974095
11814,4.5612182984589085,10.65254236503437,pre-1930,0.151,0,0,Manhattan,100,12.293144208037825
11815,4.807294370078226,10.480802917570951,pre-1930,0.153,0,0,Manhattan,100,13.473684210526317
11817,4.601162164590552,10.491274217438248,pre-1930,0.142,0,0,Bronx,100,12.5
11818,3.169685580677429,10.493632545506374,pre-1930,0.7440000000000001,0,0,Bronx,100,12.470555632534293
11820,4.593097604753822,10.927268530581234,1960-79,0.129,0,0,Brooklyn,100,12.034342781190501
11821,4.442651256490317,10.929529148369403,1930-59,0.087,0,0,Brooklyn,100,8.78136200716846
11822,4.455509411433685,11.181792946644501,1930-59,0.098,0,0,Brooklyn,100,8.49452033810976
11823,4.484131857611035,11.0570298480627,pre-1930,0.134,0,0,Bronx,100,10.25430680885972
11825,4.37197629882038,11.166200851884664,1930-59,0.127,0,0,Brooklyn,100,11.032531824611032
11826,4.602165676967792,11.184421397998193,1930-59,0.109,0,0,Brooklyn,100,8.75
11828,3.912023005428146,11.82599015580606,pre-1930,0.581,0,0,Unknown,95,4.387215653585452
11829,4.625952725170619,10.197462284610928,pre-1930,0.155,0,0,Bronx,100,13.415315818893236
11830,4.393213824064446,10.291467346303273,pre-1930,0.154,0,0,Bronx,100,7.801899592944369
11831,4.78164132910387,10.31144954084288,pre-1930,0.179,0,1,Bronx,100,11.97007481296758
11832,4.600157644164547,10.596634733096073,pre-1930,0.158,0,0,Bronx,100,10.75
11834,4.879006851617819,10.246367785452671,pre-1930,0.267,0,0,Bronx,100,13.484740951029098
11837,4.76473475565943,10.627866891777025,pre-1930,0.149,0,1,Bronx,100,10.177130533814728
11838,4.613138355637268,10.750535381668122,pre-1930,0.155,0,0,Bronx,100,9.859607759082627
11839,4.829113417472866,10.21280880009139,pre-1930,0.14,0,1,Bronx,100,13.577981651376147
11840,4.22683374526818,10.392834144624995,pre-1930,0.11800000000000001,0,1,Bronx,100,11.647509578544062
11842,4.470495282661489,10.551898839254681,1930-59,0.139,0,0,Bronx,100,9.673202614379084
11843,4.76473475565943,10.262908722142885,pre-1930,0.17800000000000002,0,0,Manhattan,100,8.726003490401396
11844,4.119037174812473,10.698017347384676,pre-1930,0.16699999999999998,0,0,Brooklyn,100,4.743833017077799
11845,4.497584975308154,10.427268887462334,pre-1930,0.158,0,0,Brooklyn,100,8.588012319355602
11846,4.820281565605037,10.21990284381078,pre-1930,0.153,0,0,Brooklyn,100,13.84637807899723
11847,4.874433672915854,10.357742824813725,pre-1930,0.084,0,1,Brooklyn,100,7.6190476190476195
11848,4.674696248636701,10.743329112246878,1980-99,0.193,0,0,Brooklyn,100,11.226252158894647
11849,4.574710978503383,10.159640257457283,pre-1930,0.139,0,0,Brooklyn,100,8.90127326908936
11850,5.393627546352362,10.134996020181966,pre-1930,0.10300000000000001,0,0,Brooklyn,100,14.280047600158667
11863,4.333361462692601,10.289497972810157,pre-1930,0.29,0,0,Manhattan,95,13.935150567602474
11864,4.475061500641071,10.96301245249619,1930-59,0.218,0,0,Manhattan,100,9.358752166377817
11873,4.05871738457895,10.321243484728525,1980-99,0.455,0,0,Manhattan,100,5.597444931019723
11880,4.455509411433685,10.239959789157341,pre-1930,0.20800000000000002,0,0,Manhattan,100,16.07142857142857
11881,2.9391619220655967,10.165544077348937,pre-1930,0.915,0,0,Manhattan,100,14.235149276700524
11882,4.182050142641207,10.725379688986635,pre-1930,0.243,0,0,Manhattan,100,13.407772111834007
11884,4.301358731606427,10.603262719386294,1930-59,0.20199999999999999,0,0,Manhattan,100,14.652560472855512
11886,4.290459441148391,10.2115235708683,pre-1930,0.213,0,0,Manhattan,100,13.227999265111151
11887,4.180522258463153,10.640890824350612,pre-1930,0.192,0,0,Brooklyn,100,10.28462090408993
11889,4.183575695950044,10.632942554049004,1960-79,0.193,0,0,Brooklyn,100,8.679090624171268
11890,4.464758032271346,10.515966830028619,pre-1930,0.151,0,0,Brooklyn,100,11.382113821138212
11891,4.4343818650078095,10.781847938375149,pre-1930,0.125,0,1,Manhattan,100,8.724734622655227
11893,4.430816798843313,10.442900633154032,pre-1930,0.171,0,0,Manhattan,100,10.204081632653063
11895,5.161924741642482,10.31692083029347,pre-1930,0.10400000000000001,0,0,Manhattan,100,11.574074074074073
11896,5.4125385106380595,10.555604383538082,pre-1930,0.192,0,0,Manhattan,100,8.074598874765575
11897,4.629862798578463,10.410064162012704,pre-1930,0.141,0,1,Manhattan,100,13.858761147264401
11898,4.51085950651685,10.461330341065175,pre-1930,0.187,0,1,Manhattan,100,12.593737477817848
11899,4.443827035579329,10.56369823284981,pre-1930,0.35,0,0,Manhattan,100,10.076477883422903
11902,4.385769620952716,10.81154447948318,pre-1930,0.209,0,0,Bronx,100,8.469449485783423
11905,4.675628649636653,11.588505923911544,1960-79,0.16399999999999998,0,0,Bronx,100,12.888151245700087
11906,4.650143551630823,12.229545001715316,pre-1930,0.155,0,0,Bronx,100,10.647130647130647
11907,4.385769620952716,11.900905258737373,pre-1930,0.132,0,0,Bronx,100,7.666214382632293
11908,4.377014092850337,12.054452926783751,1930-59,0.182,0,0,Bronx,100,9.891599704415727
11909,4.33990170837321,11.190651947748828,pre-1930,0.2,0,0,Bronx,100,8.971704623878537
11910,4.552823705615882,11.190651947748828,pre-1930,0.16,0,0,Bronx,100,9.523809523809524
11911,4.545420181582317,10.96678349607667,pre-1930,0.172,0,0,Bronx,100,9.323526364860665
11912,4.768139014266231,10.51867319162636,1930-59,0.13,0,0,Bronx,100,9.45945945945946
11913,4.613138355637268,10.51867319162636,1930-59,0.142,0,0,Bronx,100,10.270270270270272
11914,4.6210435351443815,10.896072436558708,1930-59,0.165,0,0,Bronx,100,10.00667111407605
11917,4.2710950739666,11.300041602593634,1960-79,0.16399999999999998,0,0,Brooklyn,100,11.258892669347356
11918,4.489759334476764,10.386222296135593,1960-79,0.196,0,0,Brooklyn,100,8.022215365627893
11919,3.122364924487357,10.572777396565506,pre-1930,0.871,0,0,Manhattan,100,11.777658294287836
11920,4.399375273008495,10.571316925111784,pre-1930,0.183,0,0,Bronx,100,11.53846153846154
11923,4.61015772749913,10.304275071093182,pre-1930,0.166,0,1,Manhattan,100,10.381781647689216
11925,5.409411414053624,10.14013945387513,pre-1930,0.172,0,0,Manhattan,100,10.655090765588003
11929,4.523960130562548,10.579742865425855,1930-59,0.16699999999999998,0,0,Manhattan,100,10.678871090770404
11930,4.52720864451838,10.196157166498947,1930-59,0.146,0,0,Brooklyn,95,13.432835820895521
11938,4.4942386252808095,10.429841977919745,pre-1930,0.413,0,0,Manhattan,100,40.0
11940,4.269697449699962,10.540223099170111,2010+,0.379,0,0,Brooklyn,100,16.664021583875577
11941,4.916324614625014,10.47522952026939,pre-1930,0.40700000000000003,0,0,Manhattan,100,34.719281903632826
11943,4.222444564849416,10.910989164463667,2010+,0.33799999999999997,0,0,Queens,100,9.858512094933822
11950,4.776599301615622,10.275051108968611,pre-1930,0.313,0,1,Bronx,100,9.655172413793103
11951,4.601162164590552,10.678606348461217,pre-1930,0.185,0,1,Manhattan,100,4.145841490660341
11955,4.14946386144318,10.443250426196716,2010+,0.376,0,0,Queens,100,7.286080671485195
11961,4.330733340286331,10.653723700080201,1930-59,0.17,0,0,Brooklyn,100,8.500590318772137
11965,4.935911747900319,10.369577282460726,pre-1930,0.12300000000000001,0,0,Bronx,100,12.235294117647058
11967,4.489759334476764,10.3653329940804,pre-1930,0.131,0,0,Bronx,100,11.342155009451794
11969,4.529368472571809,10.381273322223919,pre-1930,0.12300000000000001,0,0,Bronx,100,11.472868217054263
11970,4.722063937459591,10.521372248595526,pre-1930,0.107,0,0,Bronx,100,9.973045822102426
11972,4.585987366571318,10.313608472180487,pre-1930,0.128,0,1,Bronx,100,7.962840079628401
11974,3.1822118404966093,10.404262840448617,pre-1930,0.611,0,0,Bronx,100,10.606060606060607
11975,4.601162164590552,10.636215958180195,pre-1930,0.121,0,0,Bronx,100,9.131322840322
11985,4.847331743138063,10.345702374674325,2000-09,0.27699999999999997,0,0,Manhattan,100,19.278347203033128
11986,4.564348191467836,10.88220833428375,2010+,0.253,0,0,Brooklyn,100,10.334266548918661
11987,4.282206299391671,10.267574956190314,pre-1930,0.48100000000000004,0,0,Manhattan,100,8.337965536409115
11988,4.3054155323020415,10.805679360030782,2010+,0.408,0,0,Brooklyn,100,13.387423935091277
11989,4.500920164614292,10.514855101175929,2010+,0.43799999999999994,0,0,Brooklyn,100,16.278249545565533
11990,2.8213788864092133,10.937561320066667,pre-1930,0.75,0,0,Bronx,100,9.6
11992,4.418840607796598,10.528891081009554,1960-79,0.195,0,0,Bronx,100,12.306046013911184
11993,4.470495282661489,10.809727948556782,pre-1930,0.16,0,0,Bronx,100,11.515151515151514
11996,4.175924549214524,10.975944075393727,1930-59,0.298,1,0,Manhattan,100,3.2505859608903185
11998,4.062165663857866,10.69912362959944,pre-1930,0.22899999999999998,0,0,Manhattan,100,14.441410745312183
12000,4.168214410788556,12.660318393952895,1980-99,0.426,0,0,Manhattan,95,10.000095239002277
12001,4.3054155323020415,11.504691660043125,1960-79,0.22,0,0,Queens,95,12.099213551119178
12003,4.4942386252808095,11.63821801131596,1930-59,0.233,0,0,Queens,95,11.116208490665914
12006,4.183575695950044,12.168090365202296,2010+,0.672,0,0,Bronx,100,7.8942174856917315
12012,4.624972813284271,10.551506605478325,pre-1930,0.106,0,1,Manhattan,100,8.892376095200733
12018,4.151039905898646,10.635470756881272,1960-79,0.175,0,0,Queens,100,12.264332435552136
12019,4.060443010546419,11.081665512036867,pre-1930,0.171,0,0,Bronx,100,7.388138958580247
12020,4.28496492183075,10.945317827105253,pre-1930,0.242,0,0,Bronx,100,10.584250635055039
12021,4.334672938290411,10.916995735125642,pre-1930,0.152,0,0,Bronx,100,7.984756374194719
12028,4.430816798843313,10.725467604939041,pre-1930,0.134,0,1,Queens,100,12.52747252747253
12029,4.229749199228304,10.345638111452145,pre-1930,0.162,0,0,Brooklyn,100,9.639793065775521
12030,4.440295542797857,10.60142324982787,pre-1930,0.156,0,0,Brooklyn,100,12.689092356687897
12031,4.356708826689592,10.201256085188918,pre-1930,0.139,0,0,Brooklyn,100,8.53844154879905
12032,4.231203744939298,10.21361581381774,pre-1930,0.154,0,0,Brooklyn,100,8.43355822821942
12033,4.37449836825309,10.583118803042552,pre-1930,0.136,0,0,Brooklyn,100,11.40308643539518
12036,4.350277936359301,10.337702073930279,pre-1930,0.111,0,0,Brooklyn,100,7.449392712550607
12037,4.509760001183433,10.199137794637085,pre-1930,0.11699999999999999,0,0,Brooklyn,100,10.416666666666666
12038,4.272490747605575,10.86283777387073,pre-1930,0.172,0,0,Brooklyn,100,10.53639846743295
12039,4.293195420967266,10.34778868442949,1930-59,0.172,0,0,Brooklyn,100,13.466717968449403
12041,4.920710586568268,10.317912402015764,2000-09,0.304,0,0,Brooklyn,100,16.518004625041296
12043,4.552823705615882,10.759178662281354,pre-1930,0.114,0,0,Brooklyn,100,9.562260943476412
12044,4.45898767581001,10.525997653496633,1930-59,0.141,0,0,Brooklyn,100,9.658725048293626
12045,4.387014176184921,10.509114135566579,pre-1930,0.155,0,0,Brooklyn,100,10.368915084042786
12046,4.507557357121091,10.617906868371612,pre-1930,0.174,0,0,Brooklyn,95,9.544787077826726
12047,4.430816798843313,10.281923988256374,pre-1930,0.12,0,0,Brooklyn,100,9.58904109589041
12048,4.49647076906475,10.500399125215248,pre-1930,0.11699999999999999,0,1,Queens,100,11.010184420589045
12049,4.7086288943563215,10.627406391762827,pre-1930,0.113,0,1,Queens,100,12.121212121212121
12050,4.514150787600923,10.778206008499323,pre-1930,0.165,0,0,Queens,100,13.134851138353765
12051,4.613138355637268,10.4341158035983,pre-1930,0.098,0,1,Queens,100,11.470588235294118
12054,4.23410650459726,10.561007555452923,1930-59,0.132,0,0,Bronx,100,10.880829015544043
12055,4.514150787600923,10.7758263968811,pre-1930,0.152,0,0,Bronx,100,11.494252873563218
12056,4.545420181582317,10.264513019212119,pre-1930,0.13699999999999998,0,1,Bronx,100,10.45441873431837
12061,4.21803603456465,10.215740278922114,pre-1930,0.184,0,0,Bronx,100,9.879253567508233
12064,5.402677381872279,10.63739272556824,pre-1930,0.048,0,1,Bronx,100,11.760752688172044
12066,4.115779842942166,10.552499965731496,pre-1930,0.132,0,1,Bronx,100,9.406108745068325
12068,4.442651256490317,10.689099960768168,pre-1930,0.139,0,0,Bronx,100,9.572649572649572
12069,4.86830338551846,10.747207591575448,pre-1930,0.096,0,0,Bronx,100,11.61290322580645
12070,3.856510295497887,10.66578759178439,pre-1930,0.209,0,0,Bronx,100,7.932064203060844
12071,4.61015772749913,10.620985823959904,pre-1930,0.09699999999999999,0,0,Bronx,100,10.247401551749377
12072,4.3254562831854875,10.5774519136793,pre-1930,0.174,0,0,Bronx,100,13.251783893985728
12075,4.600157644164547,10.616437360392252,pre-1930,0.14,0,0,Bronx,100,9.068627450980392
12076,4.526126978647638,10.942880481544266,pre-1930,0.138,0,0,Bronx,100,8.664898320070733
12078,4.658710952916121,10.555812738575819,1930-59,0.086,0,0,Brooklyn,100,11.979166666666666
12079,4.73356340075649,10.778956289890028,1930-59,0.018000000000000002,0,0,Queens,100,12.083333333333334
12080,4.605170185988092,10.722892864566573,pre-1930,0.12300000000000001,0,0,Brooklyn,100,11.898728598814534
12081,4.222444564849416,10.621327345686446,pre-1930,0.207,0,0,Brooklyn,100,5.121951219512195
12082,3.449987545831587,10.452562263733816,pre-1930,0.439,0,1,Manhattan,100,2.88741951318107
12084,3.8088822465086327,11.73720437152469,2010+,0.613,0,0,Brooklyn,100,9.828834444071534
12086,3.095577608523707,11.05066775845643,1960-79,0.828,0,0,Bronx,100,8.890864636585908
12093,4.37197629882038,10.521776479551647,pre-1930,0.172,0,1,Brooklyn,100,11.316179442274013
12094,4.283586561860629,10.610414356504446,pre-1930,0.174,0,0,Brooklyn,100,10.35630625077056
12096,4.1666652238017265,10.712415766081783,pre-1930,0.149,0,1,Brooklyn,100,8.461367178802048
12097,4.220977213155467,10.639454730279002,pre-1930,0.157,0,0,Brooklyn,100,9.341317365269461
12098,4.200204952921578,10.509168707314798,pre-1930,0.021,0,0,Brooklyn,100,10.09549795361528
12099,4.366912996863833,10.47333651675158,pre-1930,0.11900000000000001,0,0,Brooklyn,100,9.615384615384617
12101,4.345103280569283,10.766377507683169,1930-59,0.165,0,0,Brooklyn,100,11.39240506329114
12102,4.279440045898781,10.893307517698398,1930-59,0.297,0,0,Bronx,100,8.176159063458144
12108,4.500920164614292,10.681435334788539,1930-59,0.151,0,0,Brooklyn,100,11.024345429490124
12109,3.4531571205928664,10.727728782812129,pre-1930,1.0,0,0,Manhattan,100,2.1928381904699252
12113,4.446174454497633,10.773734345908876,pre-1930,0.162,0,0,Brooklyn,100,12.146596858638743
12117,3.9531649487593215,10.645424897265505,pre-1930,0.147,0,0,Brooklyn,100,7.142857142857143
12120,4.4796069630127455,10.374865237335007,pre-1930,0.146,0,1,Brooklyn,100,12.170765197852951
12123,4.45318382899021,10.550564616241545,1930-59,0.107,0,0,Brooklyn,100,10.471478310950548
12125,4.489759334476764,10.56452467917784,pre-1930,0.151,0,0,Brooklyn,100,11.875258157786037
12127,4.283586561860629,10.609674346603876,1930-59,0.17600000000000002,0,0,Brooklyn,100,10.857495373226405
12138,3.1612467120315646,10.275051108968611,1960-79,0.878,0,0,Manhattan,95,17.241379310344826
12150,4.636668853047462,10.150347630467653,pre-1930,0.09699999999999999,0,0,Unknown,100,10.937500000000002
12153,4.74406218485471,10.190169124654325,pre-1930,0.125,0,1,Manhattan,100,11.636636636636636
12154,4.565389315976247,10.364008866392371,1960-79,0.134,0,0,Brooklyn,100,13.250047321597577
12165,4.310799125385514,12.314891175359291,1930-59,0.693,1,0,Manhattan,100,7.309679271005238
12166,4.04305126783455,11.938212808025478,pre-1930,0.204,0,0,Manhattan,100,4.182924517819912
12168,4.28771595520264,11.570080545471289,1930-59,0.133,0,1,Queens,100,9.066696888989629
12169,4.062165663857866,10.43302697574622,pre-1930,0.435,0,1,Manhattan,100,2.649942584577334
12170,3.9357395320454622,10.817174898540168,pre-1930,0.28600000000000003,0,0,Manhattan,60,8.020854220974533
12171,4.316153890523174,10.713862058818734,1960-79,0.205,0,0,Manhattan,100,13.563090605892162
12172,4.1666652238017265,10.667139793981427,pre-1930,0.24600000000000002,0,0,Manhattan,100,4.892595871581007
12174,4.688591794127164,10.131618645361376,pre-1930,0.132,0,0,Queens,100,15.920398009950247
12177,3.6000482404073204,10.169690593310785,pre-1930,0.369,0,0,Brooklyn,100,4.21455938697318
12178,4.757032535297338,10.714417768752456,pre-1930,0.39799999999999996,0,0,Brooklyn,90,6.444444444444445
12182,4.28496492183075,10.373178632943564,pre-1930,0.13699999999999998,0,0,Queens,100,10.940919037199125
12183,4.04305126783455,11.100677404565232,pre-1930,0.17,0,0,Queens,100,9.816358584028029
12185,4.642465970731788,10.373491181781864,1930-59,0.136,0,0,Brooklyn,100,13.125
12186,4.6491870714048655,10.239959789157341,pre-1930,0.11599999999999999,0,0,Brooklyn,100,15.357142857142856
12187,4.583946549536464,10.308952660644293,pre-1930,0.124,0,0,Brooklyn,100,11.666666666666668
12189,4.117409835153096,11.461674274959433,pre-1930,0.153,0,0,Brooklyn,95,8.631215527767253
12190,4.268297869345539,11.033598508263609,pre-1930,0.129,0,0,Brooklyn,95,11.627906976744185
12191,4.378269585796169,10.82774645405946,pre-1930,0.10800000000000001,0,0,Brooklyn,100,11.11111111111111
12192,4.33204826486764,10.16277015046621,pre-1930,0.14,0,0,Brooklyn,100,12.345679012345679
12194,3.871201010907891,11.24426139835421,1930-59,0.168,0,0,Brooklyn,95,6.933542647828363
12195,4.3067641501733345,10.75042820627549,pre-1930,0.146,0,0,Bronx,100,10.503751339764202
12201,3.7727609380946383,10.688644016385481,pre-1930,0.245,0,0,Brooklyn,95,9.120966822483183
12203,4.345103280569283,10.768716542159835,pre-1930,0.17800000000000002,0,0,Brooklyn,95,11.155311401570163
12204,4.647271362006727,10.512791060900497,pre-1930,0.179,0,0,Manhattan,95,14.408830166109345
12206,3.979681653901961,10.271769869516577,pre-1930,0.272,0,1,Brooklyn,95,11.070749005362392
12207,4.486386649998124,10.417627677269948,pre-1930,0.157,0,0,Brooklyn,95,12.85731371845473
12209,4.507557357121091,10.876801133506191,1930-59,0.18600000000000003,0,0,Bronx,100,11.145955340612838
12213,4.541164856012179,10.226295426963283,1930-59,0.113,0,0,Queens,100,15.206372194062274
12214,4.477336814478207,10.480213270078822,pre-1930,0.146,0,0,Queens,100,12.077294685990337
12215,4.467056883858457,10.480213270078822,pre-1930,0.14,0,0,Queens,100,12.077294685990337
12216,2.8273136219290276,10.505067539570582,1930-59,0.672,0,0,Queens,100,16.438356164383563
12219,4.404277243608702,10.799575577092764,pre-1930,0.141,0,0,Brooklyn,95,10.816326530612246
12220,4.175924549214524,10.691944912900398,1930-59,0.201,0,0,Brooklyn,95,14.545454545454545
12221,4.005513348515485,10.545341438708522,pre-1930,0.195,0,0,Brooklyn,95,7.894736842105263
12223,4.143134726391533,10.261861053110442,pre-1930,0.2,0,0,Brooklyn,95,11.180992313067785
12224,4.2626798770413155,10.243097717848269,pre-1930,0.16699999999999998,0,0,Brooklyn,95,11.392765593847907
12225,4.396915247167632,10.76675718243303,pre-1930,0.188,0,0,Brooklyn,95,12.442532371673204
12226,4.252771798816619,10.261861053110442,pre-1930,0.179,0,0,Brooklyn,95,11.180992313067785
12228,4.4272389774954295,10.728715073453282,1930-59,0.147,0,0,Queens,95,11.610585348755697
12230,4.1728476237100445,13.006918855292483,2010+,0.531,0,0,Manhattan,95,8.776950963556573
12233,4.403054001865957,10.934891091510787,1930-59,0.131,0,0,Brooklyn,100,8.73440285204991
12234,4.324132656254979,10.931891946160741,1930-59,0.155,0,0,Brooklyn,100,10.548523206751055
12235,4.519612297626445,10.82774645405946,1930-59,0.09699999999999999,0,0,Brooklyn,100,9.325396825396826
12236,4.493120682179469,10.468801361586188,1930-59,0.10800000000000001,0,0,Queens,100,10.227272727272728
12238,4.191168746857641,10.373491181781864,pre-1930,0.172,0,0,Brooklyn,100,12.1875
12239,4.582924577040772,10.275051108968611,pre-1930,0.115,0,0,Brooklyn,95,9.655172413793103
12240,3.883623530906448,10.642635295656758,pre-1930,0.461,0,0,Manhattan,100,13.370579948905284
12241,4.66814498514948,10.128229825214035,pre-1930,0.298,0,0,Manhattan,100,11.980830670926517
12243,4.4942386252808095,10.468801361586188,pre-1930,0.135,0,1,Manhattan,100,11.647727272727272
12246,4.653960350157523,10.584055950889214,pre-1930,0.11800000000000001,0,0,Brooklyn,100,10.126582278481013
12247,4.318820558770089,10.554770528997375,1930-59,0.166,0,0,Brooklyn,100,9.384775808133472
12248,4.75960653929251,10.327447243280456,pre-1930,0.132,0,0,Brooklyn,95,13.743455497382199
12249,4.185098925490565,10.627769962026784,1960-79,0.27699999999999997,0,0,Brooklyn,100,12.116806009935782
12250,4.350277936359301,10.538740754677171,1930-59,0.166,0,0,Brooklyn,100,9.536423841059602
12251,3.824284091120139,10.757902880692196,1930-59,0.248,0,0,Brooklyn,100,10.212765957446807
12255,4.674696248636701,10.809727948556782,pre-1930,0.122,0,0,Bronx,100,11.313131313131313
12258,4.343805421853684,10.545604561983295,pre-1930,0.129,0,0,Brooklyn,100,9.997369113391214
12259,4.722953221644475,10.698739956033227,pre-1930,0.17300000000000001,0,0,Brooklyn,100,8.577878103837472
12266,4.22683374526818,10.569854317561104,2010+,0.254,0,0,Brooklyn,100,12.839277919009835
12272,4.259859000699674,10.227308671603781,1930-59,0.24,0,0,Brooklyn,95,9.04224537037037
12276,4.4796069630127455,10.149370590819828,1930-59,0.133,0,0,Bronx,100,11.730205278592376
12280,4.745801315727837,10.4341158035983,pre-1930,0.124,0,0,Brooklyn,100,12.647058823529413
12281,4.699570861409576,10.268130666124037,pre-1930,0.11900000000000001,0,0,Brooklyn,100,13.541666666666668
12282,3.768152635008444,10.69244478794205,pre-1930,0.34700000000000003,0,0,Bronx,95,9.54068420335287
12284,4.607168188650764,10.831904464208124,pre-1930,0.128,0,0,Brooklyn,100,13.633669235328986
12285,4.249922794040544,10.480690630565247,pre-1930,0.151,0,0,Manhattan,95,4.772465680357093
12286,4.341204640153626,10.364324293957047,pre-1930,0.161,0,1,Brooklyn,100,13.56124637315504
12287,2.8390784635086144,10.35863131887484,1960-79,0.8,0,0,Queens,100,13.321492007104796
12289,3.7400477406883357,10.245302633567837,1960-79,0.6459999999999999,0,0,Manhattan,95,16.69626998223801
12291,4.056988775678332,10.406744606802166,pre-1930,0.457,0,0,Manhattan,100,1.5113959252765854
12295,4.885827643502908,10.402746539930654,pre-1930,0.091,0,0,Brooklyn,100,13.050075872534142
12296,4.2710950739666,11.095666076979352,1930-59,0.166,0,0,Brooklyn,100,7.285421567883434
12297,4.582924577040772,10.175040243058024,pre-1930,0.10300000000000001,0,0,Brooklyn,100,12.576219512195122
12300,4.841822087327094,10.561655014200047,pre-1930,0.095,0,0,Brooklyn,100,10.87378640776699
12301,4.0809215418899605,10.28749065734496,pre-1930,0.18600000000000003,0,0,Brooklyn,95,10.557504342199367
12308,4.258445572902527,11.26373306929897,2000-09,0.336,0,0,Queens,100,8.980921955788205
12312,3.754198920234579,10.200587635966167,pre-1930,0.49200000000000005,0,0,Manhattan,100,7.801181321743007
12314,4.396915247167632,10.702884852938732,pre-1930,0.138,0,0,Queens,100,10.34079669094506
12315,3.756538102587751,10.851974382626599,1930-59,0.228,0,0,Queens,100,13.943760167325122
12316,4.168214410788556,10.287592821522884,pre-1930,0.46399999999999997,0,0,Manhattan,100,4.086358373629367
12326,4.6491870714048655,10.126751096650914,pre-1930,0.12300000000000001,0,0,Brooklyn,100,11.998560172779268
12331,4.563305981889393,10.1633486867855,1960-79,0.147,0,0,Queens,95,14.652014652014651
12332,4.814620410170298,10.448714603019452,pre-1930,0.14400000000000002,0,0,Queens,100,15.072463768115941
12333,4.697749367281185,10.707616917521953,1930-59,0.166,0,0,Queens,95,8.502069582727374
12334,4.771531723203316,10.447322329909063,pre-1930,0.13699999999999998,0,1,Unknown,100,13.351909903634041
12338,4.490881039585964,10.97556762090605,pre-1930,0.205,0,0,Manhattan,100,8.728542333430317
12339,2.653241964607215,12.128111104060462,pre-1930,0.486,0,1,Manhattan,100,4.378378378378378
12340,3.856510295497887,10.807624728237712,pre-1930,0.54,0,0,Manhattan,100,4.251356385132399
12341,4.1059436980654525,10.900159396357095,pre-1930,0.212,0,0,Manhattan,100,6.643905139798838
12342,4.585987366571318,10.753852134294116,pre-1930,0.132,0,1,Manhattan,100,12.81777397991882
12347,4.449685283147696,10.625100705406744,1960-79,0.201,0,0,Queens,100,9.719353662981412
12349,4.373238128640803,10.30071885571719,1960-79,0.188,0,1,Queens,100,17.140552530752167
12351,4.582924577040772,10.532736007245841,2010+,0.302,0,0,Bronx,100,14.39078989446754
12352,3.903990833730882,11.320250496096783,2010+,0.376,0,0,Bronx,100,13.094877235525917
12354,4.670021158307708,10.223830407227457,1930-59,0.114,0,0,Queens,90,12.703252032520325
12355,4.410371107683024,10.329278027105538,1930-59,0.165,0,0,Brooklyn,100,11.43193101646198
12356,4.552823705615882,10.176715668017758,1930-59,0.139,0,0,Brooklyn,100,11.794247450920713
12357,4.021773869387265,10.285615795279854,2010+,0.613,0,0,Brooklyn,100,12.283335608025112
12358,3.9396381724611196,11.239330370159921,1930-59,0.284,1,0,Manhattan,100,4.469920067311738
12359,3.586292865338835,10.256957365525912,2000-09,0.6559999999999999,0,0,Brooklyn,100,8.426966292134832
12360,3.5409593240373143,10.664760562143673,1930-59,0.586,0,0,Brooklyn,100,9.808500700607192
12361,4.648229675448539,10.86283777387073,1930-59,0.201,0,0,Bronx,100,9.386973180076629
12362,4.578826210648489,10.814464189586515,pre-1930,0.183,0,0,Manhattan,100,9.651151100834422
12366,4.6210435351443815,10.766377507683169,pre-1930,0.14800000000000002,0,0,Manhattan,100,10.970464135021096
12367,4.631812116934513,10.690807903113322,pre-1930,0.139,0,0,Manhattan,100,11.149032992036405
12370,4.640537329825382,10.835336623326135,1930-59,0.149,0,0,Manhattan,100,10.633270321361058
12371,4.185098925490565,10.791378809888585,pre-1930,0.18100000000000002,0,0,Brooklyn,100,7.613168724279835
12372,4.93014804318357,10.418793126323825,pre-1930,0.261,0,0,Brooklyn,100,11.05038377684198
12373,4.420044701861403,10.551035721777897,pre-1930,0.157,0,0,Brooklyn,100,9.94321898631499
12375,4.3267781604434035,10.706385597055192,pre-1930,0.179,0,0,Brooklyn,100,9.856630824372761
12377,4.432006566978902,10.766968050577962,pre-1930,0.14800000000000002,0,0,Brooklyn,100,7.590452897022856
12379,4.37197629882038,10.613934230174134,pre-1930,0.157,0,0,Brooklyn,100,9.337068160597573
12381,4.437934266612178,10.299743721558983,1960-79,0.19699999999999998,0,1,Queens,100,17.157275021026074
12383,4.456670177669648,10.365522012132187,pre-1930,0.168,0,0,Manhattan,90,11.025011025011025
12393,4.379523504455763,10.732061203925053,1980-99,0.319,0,0,Brooklyn,100,7.860090391039497
12396,3.9721769282478934,10.792735913298399,2000-09,0.389,0,0,Brooklyn,100,4.726092138248469
12398,4.393213824064446,11.03811027872727,1930-59,0.214,0,0,Manhattan,100,19.292604501607716
12399,3.8877303128591016,10.486568719482518,2000-09,0.647,0,0,Brooklyn,100,8.93081409952276
12400,4.460144413937834,10.232791299678729,1930-59,0.11,0,1,Queens,100,13.30935251798561
12401,4.188138441508461,10.284659968075248,2000-09,0.38,0,0,Brooklyn,100,4.781420765027322
12404,3.686376323895818,10.349934642365913,pre-1930,0.451,0,0,Brooklyn,100,4.159334506478963
12407,4.264087336809195,10.284796570766533,2000-09,0.34700000000000003,0,0,Brooklyn,100,4.097800846878841
12408,4.092676505121403,10.350830097988764,2000-09,0.315,0,0,Brooklyn,100,3.835949237605089
12409,4.251348311031766,10.670187193839041,1980-99,0.318,0,0,Brooklyn,100,6.271339976308271
12411,4.679349584162343,10.347243454377015,2000-09,0.359,0,0,Brooklyn,100,4.491354143274197
12413,3.949318790171843,10.44755451008192,2010+,0.39,0,0,Brooklyn,100,10.156703424260012
12415,4.175924549214524,10.334165463115696,2010+,0.315,0,0,Queens,100,8.775921471754534
12417,4.529368472571809,10.804664646600235,1930-59,0.11599999999999999,0,0,Brooklyn,100,8.527918781725887
12418,4.475061500641071,10.388995368317829,pre-1930,0.154,0,0,Bronx,100,10.461538461538462
12419,4.8543712716215905,10.335269968961667,pre-1930,0.136,0,0,Bronx,100,12.337662337662339
12422,3.5115454388310208,10.696661047163198,2000-09,0.584,0,0,Brooklyn,100,6.333695258776691
12424,4.45898767581001,10.197201397219628,2000-09,0.39299999999999996,0,0,Brooklyn,100,6.709408081109288
12427,5.157905212831292,10.408797995614009,pre-1930,0.47100000000000003,0,1,Manhattan,100,2.1116138763197587
12432,3.979681653901961,10.37249068144828,2000-09,0.42200000000000004,0,0,Brooklyn,100,2.815315315315315
12433,4.816241156068032,10.165851817003619,pre-1930,0.079,0,0,Brooklyn,100,10.384615384615385
12443,4.177459468932607,11.932904731236416,2010+,0.43700000000000006,0,0,Queens,100,11.03861544223453
12444,3.5524868292083815,10.757690092096862,2010+,0.35700000000000004,0,0,Brooklyn,100,9.576505639497766
12445,3.4404180948154366,10.327283617329016,2000-09,0.805,0,0,Brooklyn,100,5.236458844706267
12449,4.188138441508461,10.799575577092764,pre-1930,0.158,0,0,Brooklyn,100,9.387755102040817
12451,4.39197696552705,11.29454554950504,1930-59,0.157,0,1,Queens,100,13.684655768704436
12452,4.364371699435161,10.684645610418787,pre-1930,0.18,0,1,Bronx,100,9.615384615384617
12453,4.3267781604434035,10.589106466675283,pre-1930,0.175,0,0,Unknown,100,10.57934508816121
12457,4.091005660956586,10.639957597831893,2010+,0.493,0,0,Brooklyn,100,17.47623949630126
12458,4.497584975308154,10.642563664984474,1960-79,0.185,0,0,Queens,100,13.371537726838588
12459,4.338597076746545,10.575819593382153,1960-79,0.203,0,0,Queens,100,13.78394935674903
12460,3.3250360206965914,11.806915102840403,2010+,0.542,0,0,Queens,100,7.52737056276411
12461,4.051784947803305,12.238655995426194,2010+,0.509,0,0,Brooklyn,100,4.7913117546848385
12465,4.209160236650682,10.882978410296374,pre-1930,0.21100000000000002,0,1,Manhattan,100,12.767075964101986
12468,4.360547602996758,10.380497827807389,1930-59,0.131,0,0,Brooklyn,100,8.688906128782001
12469,4.605170185988092,10.670256872966688,pre-1930,0.124,0,0,Brooklyn,100,10.683760683760685
12470,4.302712827954156,10.766314214540959,1930-59,0.17,0,0,Brooklyn,100,13.29198050509526
12471,3.5496173867804286,10.362651392978227,1930-59,0.6970000000000001,0,0,Brooklyn,100,9.47717580161112
12473,4.085976312551584,11.049841837189659,2000-09,0.541,0,0,Brooklyn,100,5.720278386881494
12478,4.119037174812473,10.480100916840122,pre-1930,0.43200000000000005,0,1,Manhattan,100,2.247191011235955
12483,3.9219733362813143,10.877783006696857,pre-1930,0.36,0,0,Manhattan,100,3.9633110632997393
12484,4.5880240271531205,10.678491179565906,pre-1930,0.14,0,0,Manhattan,100,11.747903805399428
12485,4.2626798770413155,10.267088456545594,1960-79,0.159,0,0,Queens,100,14.598540145985401
12486,4.28496492183075,10.660290051825195,1960-79,0.17800000000000002,0,0,Queens,100,13.136597152173403
12487,4.1059436980654525,11.320589935297996,1930-59,0.16399999999999998,0,0,Queens,100,8.969370810758397
12488,4.269697449699962,11.214182445159022,1930-59,0.14800000000000002,0,0,Queens,100,9.032692955847658
12489,4.2017030805426,10.857170403627347,1960-79,0.22399999999999998,0,0,Brooklyn,100,10.403622001733936
12490,4.216562194946349,10.376611309118108,pre-1930,0.151,0,0,Brooklyn,100,11.526479750778817
12492,4.56746831880408,10.405504493520723,pre-1930,0.11,0,0,Brooklyn,100,10.895554008655912
12493,4.5736795188967205,10.335789314597852,pre-1930,0.145,0,0,Brooklyn,100,9.735202492211839
12494,4.375757021660286,10.73007237132579,pre-1930,0.114,0,0,Brooklyn,100,11.813607525705534
12500,4.069026754237811,10.233510465477433,pre-1930,0.177,0,0,Manhattan,100,8.626887131560029
12508,4.490881039585964,10.903310282040389,1930-59,0.14300000000000002,0,0,Bronx,100,9.198616528074178
12520,4.4355674016019115,11.022392544472,pre-1930,0.14300000000000002,0,1,Manhattan,100,6.369426751592356
12521,4.318820558770089,10.814645132298535,1930-59,0.184,0,0,Queens,100,12.061756191701512
12522,4.446174454497633,10.248848736574587,1930-59,0.371,0,0,Queens,100,7.433628318584071
12523,3.6082115510464816,11.03455089697473,2010+,0.955,0,0,Brooklyn,100,10.487423159457236
12524,3.713572066704308,10.313110670792955,2010+,0.955,0,0,Brooklyn,100,12.946058091286307
12525,4.406719247264253,10.23315094722801,pre-1930,0.17300000000000001,0,1,Manhattan,100,17.25997842502697
12526,3.893859034800475,10.670303323021274,2010+,0.961,0,0,Brooklyn,100,14.631427377026338
12527,3.66612246699132,10.485954537441994,2010+,0.973,0,0,Brooklyn,100,10.891116758356837
12529,4.585987366571318,10.61009375278023,1960-79,0.126,0,0,Queens,100,10.359627053426077
12531,4.574710978503383,10.594307026086895,1960-79,0.14300000000000002,0,0,Queens,100,10.524469391334854
12532,4.517431271680085,10.506846777705052,1980-99,0.19899999999999998,0,0,Queens,100,12.033365239983592
12533,3.4111477125153233,11.598166943279493,2010+,0.626,0,0,Brooklyn,100,1.8365810207717315
12538,4.454347296253507,10.711747540196578,1930-59,0.10099999999999999,0,0,Brooklyn,100,9.358288770053475
12539,4.188138441508461,10.698175462651035,1930-59,0.191,0,0,Brooklyn,100,7.905138339920948
12540,4.498697941477575,10.773524899892822,1930-59,0.11199999999999999,0,0,Brooklyn,100,8.588186007540846
12541,4.251348311031766,10.63344870621879,1930-59,0.131,0,0,Brooklyn,100,8.91566265060241
12547,3.730501128804756,10.619325343015772,2010+,0.622,0,0,Brooklyn,100,8.309301529889046
12549,4.380775852772229,10.826972344990523,pre-1930,0.162,0,0,Bronx,100,7.744087686900578
12552,3.044522437723423,10.263083226985838,pre-1930,0.9790000000000001,0,0,Manhattan,100,4.187750828825685
12554,3.817712325956905,11.242939226920786,pre-1930,0.244,0,0,Brooklyn,100,6.549732115956457
12556,4.22683374526818,11.04114425676673,pre-1930,0.159,0,1,Manhattan,100,8.495087275000401
12558,4.075841090657541,10.430934277318356,2000-09,0.384,0,0,Manhattan,100,10.32692080727015
12563,4.110873864173311,10.402746539930654,pre-1930,0.21899999999999997,0,1,Manhattan,100,4.855842185128983
12564,4.758749273916392,10.365710994462901,pre-1930,0.14,0,1,Manhattan,100,8.18846056941295
12566,4.842611042003125,10.591421166043187,1980-99,0.249,0,0,Manhattan,100,9.047044632086852
12567,4.696837374513915,10.743868690309933,pre-1930,0.12300000000000001,0,0,Brooklyn,100,5.394325169921243
12570,4.318820558770089,10.169690593310785,pre-1930,0.174,0,0,Bronx,100,9.578544061302681
12571,4.558078578454241,10.256957365525912,pre-1930,0.155,0,0,Bronx,100,11.587078651685394
12572,4.8895969657192,10.392067567354799,pre-1930,0.309,0,0,Bronx,100,8.282208588957054
12573,4.430816798843313,10.402078638633776,1930-59,0.201,0,0,Manhattan,100,11.236637512147716
12575,4.560172820057356,10.446451173829926,1930-59,0.18600000000000003,0,0,Manhattan,100,10.748939631630932
12581,4.800736969532067,10.165851817003619,1930-59,0.10800000000000001,0,0,Queens,100,15.384615384615385
12582,4.579852378003801,10.165851817003619,1930-59,0.12,0,0,Queens,100,15.384615384615385
12583,4.504244267398131,10.502324053624832,pre-1930,0.24100000000000002,0,0,Bronx,100,8.241758241758241
12584,4.396915247167632,10.5131172453607,pre-1930,0.16899999999999998,0,0,Bronx,100,13.045250713412148
12585,4.373238128640803,10.532096211958502,pre-1930,0.163,0,0,Bronx,100,10.133333333333333
12586,4.45898767581001,10.804624036638605,pre-1930,0.157,0,0,Bronx,100,9.949642625081221
12587,4.439115601658009,10.561655014200047,pre-1930,0.187,0,0,Bronx,100,10.097087378640776
12588,4.197201947661808,10.576432025778553,1930-59,0.128,0,0,Bronx,100,8.16326530612245
12590,3.6270040503958487,10.63962238089551,pre-1930,0.348,0,0,Manhattan,100,10.058193835764063
12591,4.511957804265912,10.681894577046897,pre-1930,0.19,0,0,Bronx,100,11.248852157943066
12592,4.412798293340635,10.704367432898955,pre-1930,0.19399999999999998,0,0,Bronx,100,11.896745230078563
12593,3.5409593240373143,10.652613284505339,2010+,0.66,0,0,Queens,100,11.11032314493062
12596,4.51085950651685,10.727662995502477,pre-1930,0.175,0,0,Bronx,100,9.649122807017545
12597,4.360547602996758,10.745054738214346,pre-1930,0.156,0,0,Bronx,100,9.698275862068966
12601,4.478472532942134,10.596634733096073,pre-1930,0.162,0,1,Manhattan,95,11.25
12603,5.042133961155627,12.106224685557013,2000-09,0.159,0,0,Manhattan,100,7.900770739523192
12604,4.509760001183433,11.303980633055831,1960-79,0.264,0,0,Manhattan,100,13.67938479739722
12612,4.33204826486764,11.682187111175395,1930-59,0.177,0,0,Brooklyn,100,9.118310073199767
12613,4.454347296253507,12.42459754728434,pre-1930,0.287,0,0,Manhattan,100,13.904069954349643
12614,4.4796069630127455,11.124317473928487,1960-79,0.151,0,1,Bronx,100,9.882005899705016
12623,4.185098925490565,10.632870225678168,pre-1930,0.47600000000000003,0,0,Manhattan,100,2.6521361751374286
12624,4.429625613473161,10.916995735125642,pre-1930,0.134,0,0,Bronx,100,9.073586788857636
12625,4.468204330914934,10.558932865912062,pre-1930,0.136,0,0,Bronx,100,10.643821391484943
12626,4.21803603456465,10.84712104080199,pre-1930,0.168,0,0,Bronx,100,8.757249056163158
12630,4.646312129319266,13.07765048983424,2000-09,0.38799999999999996,1,0,Manhattan,100,3.053524520220188
12633,4.33204826486764,10.933106969717286,pre-1930,0.16699999999999998,0,0,Bronx,100,9.464285714285715
12634,4.08260930600368,11.477298287327077,1980-99,0.38299999999999995,0,0,Manhattan,100,8.911917098445596
12635,2.9601050959108397,10.814041862558346,1930-59,0.7959999999999999,0,0,Manhattan,100,9.65522790360864
12636,4.412798293340635,11.616492373075278,2000-09,0.53,0,0,Brooklyn,100,8.56534910559723
12637,4.050044303325521,11.336522359539833,2010+,0.5,0,0,Brooklyn,100,10.259101970701915
12638,3.9684033388642534,13.075458335275295,2010+,0.516,0,1,Brooklyn,95,9.222597880060116
12639,4.617098756853365,10.816071422478956,1930-59,0.16399999999999998,0,0,Bronx,100,10.840108401084011
12640,4.273884476054178,10.35850443947354,1930-59,0.225,0,0,Manhattan,100,11.737089201877934
12645,4.157319361383489,11.548726877433612,2010+,0.289,0,0,Bronx,100,9.069419653625355
12646,4.380775852772229,10.220121446937677,1980-99,0.172,0,0,Queens,100,8.014571948998178
12647,3.775057150354989,10.254003569159277,2010+,0.29600000000000004,0,0,Brooklyn,100,5.282434145654317
12648,2.8390784635086144,10.794214292279008,2000-09,1.0,0,0,Brooklyn,100,7.38643358365136
12649,4.361823927356363,11.26045608427419,1930-59,0.131,0,1,Queens,100,10.555040675522603
12650,4.055257173514054,10.321539776149764,1980-99,0.23800000000000002,0,0,Brooklyn,100,4.937458854509546
12651,3.879499813722586,11.802066472658254,1960-79,0.435,0,0,Manhattan,100,14.154334671379784
12652,4.551769409260976,10.490829674199096,1930-59,0.308,1,0,Manhattan,100,17.78568252556692
12654,4.693181063310805,10.537415373436103,pre-1930,0.213,0,0,Bronx,100,10.079575596816975
12657,4.590056548178043,10.270073222583376,pre-1930,0.019,0,0,Bronx,100,9.703354588300526
12661,4.542230386214217,10.310185234046838,pre-1930,0.111,0,0,Brooklyn,100,10.653527316309885
12662,4.012772908528289,10.201553030367597,2010+,0.41600000000000004,0,0,Brooklyn,100,6.309148264984228
12664,4.763028270603671,10.158129770909708,1980-99,0.16699999999999998,0,0,Queens,90,10.852713178294573
12665,4.502029427068578,10.930729144931322,pre-1930,0.156,0,0,Manhattan,100,12.17176508493386
12666,4.7059200890882344,10.268130666124037,pre-1930,0.131,0,0,Brooklyn,100,11.805555555555555
12667,4.9890711161804155,10.166236358442697,pre-1930,0.106,0,0,Brooklyn,100,12.302960399846214
12668,3.9180050771056933,10.583245495977057,1930-59,0.192,0,0,Brooklyn,100,6.0808756460930375
12671,4.489759334476764,10.566175525611365,1930-59,0.12300000000000001,0,0,Brooklyn,100,10.051546391752577
12673,4.650143551630823,11.336414991081005,pre-1930,0.156,0,0,Manhattan,100,14.913086531693292
12678,4.32280727501391,11.561544185872675,1930-59,0.127,0,0,Queens,100,9.334933607666077
12682,4.429625613473161,10.901690013605199,pre-1930,0.165,0,0,Manhattan,100,7.739367583106066
12685,4.618086411254637,10.815770263012745,1960-79,0.281,0,0,Manhattan,100,17.8714859437751
12686,4.324132656254979,10.901395137082606,1960-79,0.33299999999999996,0,0,Manhattan,100,16.404925164049253
12687,4.37197629882038,10.997388761474118,1930-59,0.18899999999999997,0,0,Bronx,100,9.04249974881945
12689,4.360547602996758,11.562286894507952,pre-1930,0.153,0,0,Bronx,100,7.519512659432705
12690,4.356708826689592,11.482672421799208,1930-59,0.152,0,0,Brooklyn,100,11.131725417439704
12692,4.449685283147696,11.184560277242912,1930-59,0.18899999999999997,0,0,Brooklyn,100,11.803916122760727
12698,4.522874943261261,10.591169827665006,2000-09,0.41200000000000003,0,0,Bronx,100,17.34452767583329
12699,4.229749199228304,10.745054738214346,2010+,0.34,0,0,Bronx,100,12.931034482758621
12700,4.659658371272161,10.21577686808075,2010+,0.353,0,0,Bronx,100,20.123669093703118
12702,4.4355674016019115,10.491274217438248,2000-09,0.385,0,0,Brooklyn,100,14.444444444444445
12703,4.68213122712422,10.46310334047155,2000-09,0.35,0,0,Brooklyn,100,16.0
12704,4.662495252607361,10.218955010995845,2000-09,0.342,0,0,Bronx,100,15.683127872200744
12705,4.3425058765115985,10.833207704721945,2010+,0.384,0,0,Bronx,100,15.19456942142237
12706,5.086361004624392,10.441208239764762,2010+,0.19699999999999998,0,0,Bronx,100,14.601950820629638
12707,4.294560608892605,10.358694752539106,2010+,0.502,0,0,Bronx,100,15.22359657469077
12710,2.954910279033736,10.48290596776773,pre-1930,0.584,0,0,Bronx,100,10.084033613445378
12714,4.3134800921387715,10.701692702991545,1930-59,0.161,0,0,Bronx,100,8.327519074520042
12715,4.565389315976247,10.58215541183124,pre-1930,0.157,0,0,Bronx,100,10.906785034876346
12717,4.650143551630823,10.332831934434235,pre-1930,0.161,0,0,Manhattan,100,13.018714401952806
12720,4.120661870539474,10.668955394675699,1930-59,0.12,0,0,Bronx,100,7.906976744186046
12722,3.7909846770510898,11.720581704606092,2000-09,0.42700000000000005,0,0,Bronx,100,2.112464352164057
12723,4.00369019395397,11.292453342211177,1960-79,0.195,0,0,Bronx,100,7.479991024010771
12725,4.0163830207523885,11.736572889319097,2010+,0.73,0,0,Manhattan,100,3.5981865139969456
12728,3.9357395320454622,12.136089998662852,1980-99,0.573,1,0,Manhattan,100,5.255198893190764
12729,4.242764567340374,11.632679889495353,pre-1930,0.45899999999999996,1,0,Manhattan,100,3.0162701158602583
12730,4.765586907393996,10.341742483467284,1930-59,0.105,0,1,Queens,100,12.580645161290322
12731,4.384523514872469,11.385728254703228,pre-1930,0.138,0,1,Bronx,100,7.949486690287999
12732,3.242592351485517,10.312280450736967,pre-1930,0.718,0,1,Bronx,100,10.631229235880399
12733,4.553876891600541,11.56171562913966,1930-59,0.16399999999999998,0,1,Bronx,100,8.761904761904761
12734,4.543294782270004,10.233510465477433,1930-59,0.077,0,0,Brooklyn,100,8.626887131560029
12736,4.283586561860629,10.332017933575289,1980-99,0.27899999999999997,0,0,Manhattan,100,9.446254071661238
12737,4.534747721691546,10.405141242419408,pre-1930,0.248,0,1,Manhattan,100,12.413333737018982
12740,2.517696472610991,10.544367280159596,1930-59,1.0,0,0,Queens,100,10.273160709111503
12743,5.080161356744866,10.354372070835153,pre-1930,0.084,0,1,Brooklyn,100,13.059820347837167
12744,4.536891345234797,10.230594644192365,pre-1930,0.154,0,1,Brooklyn,100,14.78063376473557
12747,4.667205576907544,10.40292861743548,pre-1930,0.145,0,1,Bronx,100,10.923655783468867
12748,5.605802066295998,10.448627642716774,pre-1930,0.059000000000000004,0,1,Manhattan,100,13.914253413340292
12749,4.541164856012179,10.525890328570316,1930-59,0.16899999999999998,0,0,Manhattan,100,11.538048728131374
12750,4.528289141652134,10.712014884136147,pre-1930,0.205,0,0,Bronx,100,13.142653479461819
12755,4.297285406218791,10.599256293801025,1930-59,0.16899999999999998,0,0,Manhattan,100,10.223164193990774
12760,4.387014176184921,10.601970472685592,1930-59,0.185,0,0,Brooklyn,100,8.703436614114487
12761,4.229749199228304,10.558932865912062,1930-59,0.15,0,0,Brooklyn,100,9.865005192107995
12765,3.459466289786131,11.406230726299265,2010+,0.971,0,0,Queens,100,9.012016021361815
12767,4.557029810660157,10.49155195664292,pre-1930,0.249,0,0,Brooklyn,100,12.218828103304638
12768,3.629660094453965,10.883785414384576,pre-1930,0.122,0,1,Manhattan,100,5.0651908826564105
12769,4.674696248636701,10.14980060587698,pre-1930,0.307,0,1,Manhattan,100,10.552645978269366
12771,5.31664832323276,12.661771320045823,pre-1930,0.6970000000000001,1,0,Manhattan,100,1.4899113978221934
12773,3.835141961092188,12.256708723998647,1980-99,0.5660000000000001,0,0,Manhattan,100,5.323497537882388
12776,4.354141431184346,11.23138449727521,1980-99,0.41600000000000004,0,0,Manhattan,100,3.047891654077549
12778,4.661550519424199,10.524762720858279,1930-59,0.122,0,0,Brooklyn,100,11.013807553860206
12779,3.4372078191851885,10.722165455543283,1930-59,0.348,0,0,Brooklyn,100,12.78941565600882
12783,4.155753190350744,12.49381596610625,2000-09,0.489,0,0,Manhattan,100,6.749586587821496
12785,4.212127597878484,12.14674717944536,2000-09,0.271,0,0,Manhattan,100,7.162563667232598
12787,4.354141431184346,12.04738753402211,1980-99,0.22899999999999998,0,0,Manhattan,100,7.910789731208945
12788,4.242764567340374,11.752210046146484,1930-59,0.201,0,0,Manhattan,100,10.076042634255396
12790,4.127134385045092,11.475441642548555,1930-59,0.258,1,0,Manhattan,100,7.163546890086274
12791,4.030694535145645,11.723591494773325,pre-1930,0.252,0,1,Manhattan,100,5.508302956662616
12794,3.966511190712216,11.201401418032876,pre-1930,0.22399999999999998,0,1,Manhattan,100,9.968183742301967
12796,4.1728476237100445,10.70922653983188,pre-1930,0.192,0,1,Manhattan,100,8.265016641722697
12797,2.8390784635086144,10.575615365871998,1980-99,0.978,0,0,Manhattan,100,6.127450980392156
12798,3.9569963710708773,10.594181726935007,2000-09,0.53,0,0,Manhattan,100,2.7567540474161696
12800,4.165113633110308,10.451637862362272,pre-1930,0.17300000000000001,0,0,Manhattan,100,7.803242680847375
12801,4.3425058765115985,10.544498978675545,pre-1930,0.27,0,0,Brooklyn,100,4.214075010535188
12803,4.072439726834051,11.920727839541879,2010+,0.41100000000000003,0,0,Bronx,100,9.045500196207541
12808,4.455509411433685,10.627527596538444,1930-59,0.18100000000000002,0,0,Queens,100,13.81650709004969
12811,4.56954300834494,10.218006278941468,pre-1930,0.16699999999999998,0,0,Brooklyn,100,7.3014018691588785
12812,4.3067641501733345,10.480100916840122,pre-1930,0.16399999999999998,0,0,Brooklyn,100,9.55056179775281
12813,4.185098925490565,11.118652490616178,pre-1930,0.165,0,0,Brooklyn,100,10.53146832401323
12814,4.294560608892605,11.89743928632546,2010+,0.557,0,0,Manhattan,100,28.320511947715975
12815,4.541164856012179,10.534759329377986,1960-79,0.12300000000000001,0,0,Brooklyn,100,5.851063829787234
12817,4.225372824628505,10.67164943690152,1930-59,0.183,0,0,Brooklyn,100,11.364690602096669
12819,4.28496492183075,10.725467604939041,1930-59,0.142,0,0,Brooklyn,100,10.54945054945055
12821,4.379523504455763,10.464245545050328,1960-79,0.17300000000000001,0,0,Brooklyn,100,13.698630136986301
12822,4.44500143383527,10.494186638885282,pre-1930,0.124,0,0,Brooklyn,100,10.801828001661821
12823,4.470495282661489,10.360912399575003,1930-59,0.142,0,0,Brooklyn,100,9.493670886075948
12825,4.244200317766478,10.788143128036669,2000-09,0.201,0,0,Queens,100,9.08283962595215
12827,4.4942386252808095,11.677846507084016,2000-09,0.445,0,0,Manhattan,100,5.257356058678877
12828,4.238444906195857,10.914178959831768,pre-1930,0.171,0,0,Manhattan,100,6.915377616014558
12831,4.1666652238017265,10.838796290246044,pre-1930,0.017,0,1,Brooklyn,100,7.849293563579279
12834,4.394449154672439,10.131897213522837,pre-1930,0.259,0,0,Manhattan,100,3.9789909279006843
12838,4.443827035579329,10.628133400155445,pre-1930,0.168,0,0,Manhattan,85,28.100775193798448
12842,4.619073091157083,10.795485591841238,pre-1930,0.102,0,1,Bronx,100,11.065573770491802
12844,4.268297869345539,10.293229700179056,pre-1930,0.17,0,1,Manhattan,100,14.221861032100772
12846,2.624668592163159,10.802611779488373,1930-59,0.682,0,0,Bronx,100,8.545443447476043
12853,4.238444906195857,10.300147340682555,2010+,0.446,0,0,Brooklyn,100,8.74331640716952
12854,3.0349529867072724,11.238620189560086,pre-1930,0.727,0,0,Bronx,100,9.209314563873175
12862,4.3476939555933765,10.639694222556521,1930-59,0.11900000000000001,0,0,Brooklyn,100,9.818007662835248
12864,4.477336814478207,10.691944912900398,1930-59,0.113,0,0,Brooklyn,100,9.545454545454545
12865,4.596129441335942,10.795485591841238,pre-1930,0.10800000000000001,0,0,Brooklyn,100,12.704918032786885
12866,4.8307108619020225,10.455071168774287,pre-1930,0.08900000000000001,0,0,Brooklyn,100,13.536866359447005
12867,4.692264892839025,10.44581184336149,1930-59,0.126,0,0,Brooklyn,100,11.627906976744185
12873,4.803201036487226,10.332669187261608,pre-1930,0.139,0,0,Brooklyn,100,13.671875
12874,4.604169685654508,10.132891466821151,pre-1930,0.163,0,0,Manhattan,100,13.9126286918154
12890,3.835141961092188,11.368188668503546,2010+,0.33299999999999996,0,0,Brooklyn,100,7.396706154290667
12892,4.400603020246817,11.064933785375604,2000-09,0.268,0,0,Bronx,100,9.077960902161495
12895,4.26549281841793,10.458205652066457,pre-1930,0.156,0,0,Brooklyn,100,12.058916420224525
12896,4.22829253473184,10.558932865912062,pre-1930,0.188,0,0,Brooklyn,100,12.461059190031154
12897,4.793308128103486,10.176601523624978,2000-09,0.22699999999999998,0,0,Manhattan,100,10.654084699973366
12901,3.505557396986398,10.351277525289294,2000-09,1.0,0,0,Brooklyn,100,7.6684666261942045
12902,4.469350462845557,10.256957365525912,1930-59,0.159,0,0,Brooklyn,100,10.884831460674157
12904,3.9646154555473165,12.906014192021816,2010+,0.475,0,0,Manhattan,100,10.677208133549527
12905,4.539030383483547,10.684393747202078,1930-59,0.124,0,0,Brooklyn,100,13.739723831550986
12907,4.619073091157083,10.145649109686099,pre-1930,0.408,0,0,Manhattan,100,11.773940345368915
12908,4.920710586568268,10.296272607486918,pre-1930,0.305,0,0,Manhattan,95,9.790020930389575
12912,4.696837374513915,10.498415325589614,pre-1930,0.27899999999999997,0,0,Manhattan,100,16.823873352087816
12920,4.07753744390572,10.781785616900187,pre-1930,0.179,0,0,Manhattan,100,6.024596975236829
12925,4.133565275375382,10.947925206757965,2000-09,0.405,0,0,Manhattan,100,7.037792948131466
12926,5.01529110563245,10.13915238440401,pre-1930,0.133,0,1,Manhattan,100,16.590953979853843
12927,4.802380355275797,10.645424897265505,pre-1930,0.35700000000000004,0,0,Bronx,100,10.0
12929,5.01529110563245,10.470731316206917,pre-1930,0.18100000000000002,0,1,Bronx,100,11.625269365997505
12931,3.2347491740244907,10.643279740919118,pre-1930,0.7140000000000001,0,0,Bronx,100,11.930326890956813
12932,4.784988612563928,10.18074042949737,pre-1930,0.159,0,0,Manhattan,100,11.367942402425163
12939,4.309455941839047,10.130623125119875,pre-1930,0.201,0,0,Bronx,100,9.9601593625498
12940,4.6520537718869415,10.389795048488393,1930-59,0.129,0,0,Queens,100,11.068068622025455
12941,4.375757021660286,10.557530013215313,pre-1930,0.299,0,1,Manhattan,100,6.499246087453855
12943,4.550714000192032,11.416590760519714,1930-59,0.152,0,0,Queens,100,13.213530655391121
12944,4.439115601658009,10.90130297033446,1980-99,0.43,0,0,Brooklyn,100,6.451969694176636
12945,4.513054897080286,10.79117302739995,pre-1930,0.162,0,0,Bronx,100,9.466968512039514
12946,4.635699391022914,10.158129770909708,1960-79,0.255,0,0,Bronx,100,14.728682170542635
12947,4.37449836825309,11.02844961652702,pre-1930,0.192,0,0,Manhattan,100,7.791954806662122
12952,4.366912996863833,10.134599273499514,1930-59,0.152,0,0,Queens,90,10.714285714285715
12953,5.146331009550155,10.55268284556689,pre-1930,0.085,0,0,Brooklyn,95,14.367816091954023
12954,4.366912996863833,10.51867319162636,pre-1930,0.15,0,0,Bronx,95,10.81081081081081
12956,4.5736795188967205,10.517212666118583,pre-1930,0.188,0,0,Staten Is,100,14.34526065067937
12957,4.596129441335942,10.145452858090925,pre-1930,0.191,0,0,Queens,100,13.738959764474975
12958,4.268297869345539,10.596634733096073,1930-59,0.2,0,0,Brooklyn,100,10.5
12959,4.26549281841793,10.132692695228933,pre-1930,0.187,0,1,Brooklyn,100,13.120229007633588
12960,4.738826570800765,10.52449405531839,pre-1930,0.124,0,0,Queens,100,15.047291487532243
12961,4.566429357671661,10.496261758949286,pre-1930,0.141,0,0,Brooklyn,100,13.266998341625207
12963,3.3068867021909143,10.511893504640982,pre-1930,0.696,0,0,Bronx,100,9.251700680272108
12964,4.416428061391214,10.735592003983863,2000-09,0.23800000000000002,0,0,Bronx,95,8.485085829906664
12965,4.6913478822291435,10.369577282460726,pre-1930,0.135,0,0,Bronx,95,11.607843137254902
12966,4.050044303325521,10.404262840448617,pre-1930,0.35100000000000003,0,0,Bronx,100,9.393939393939394
12968,4.73444252169223,10.673711508275499,pre-1930,0.14,0,0,Bronx,100,8.100914246036337
12970,4.6061696863211745,10.328755287940472,pre-1930,0.209,0,0,Bronx,100,8.169934640522875
12971,4.7059200890882344,10.533961138568015,pre-1930,0.21100000000000002,0,0,Bronx,100,9.315943571998936
12973,4.704110133842995,10.407288561365155,pre-1930,0.18,0,0,Bronx,100,9.06344410876133
12974,4.607168188650764,10.605866984409651,1930-59,0.179,0,0,Bronx,100,9.164994674394986
12975,4.791649752930709,10.404262840448617,pre-1930,0.163,0,0,Bronx,100,8.181818181818182
12976,4.843399374720342,10.404262840448617,pre-1930,0.134,0,0,Bronx,100,8.181818181818182
12977,4.958639998977875,10.491274217438248,pre-1930,0.138,0,0,Bronx,100,10.833333333333332
12978,4.631812116934513,10.181119289134408,pre-1930,0.165,0,0,Bronx,95,9.090909090909092
12980,4.442651256490317,10.582332948385213,pre-1930,0.213,0,0,Bronx,100,10.144045445323595
12981,3.1945831322991562,10.307952160310709,pre-1930,0.795,0,0,Bronx,100,9.676343009676343
12982,3.044522437723423,10.381273322223919,pre-1930,0.835,0,0,Bronx,95,11.162790697674417
12987,4.748404354073999,10.933106969717286,1930-59,0.11199999999999999,0,1,Manhattan,100,9.107142857142858
12990,2.5726122302071057,10.271596874100524,pre-1930,0.7659999999999999,0,0,Manhattan,100,12.802768166089965
12991,4.589040804058207,10.915088464214607,pre-1930,0.15,0,0,Manhattan,100,11.454545454545455
12992,4.554928969551344,11.113998933701646,pre-1930,0.171,0,0,Bronx,100,8.94134477825465
12993,3.8607297110405954,10.49066291952263,pre-1930,0.37,0,0,Brooklyn,100,3.891266885318806
12994,4.144720769547168,10.694215061434937,pre-1930,0.191,0,0,Brooklyn,100,10.657596371882086
12998,4.641502115235482,10.406381805975839,1930-59,0.153,0,0,Bronx,100,14.514665860296342
12999,4.736198448394496,10.243524855321837,pre-1930,0.125,0,0,Manhattan,100,11.03202846975089
13001,4.276666119016055,12.00557693475731,1930-59,0.311,0,0,Manhattan,100,9.592765710445118
13003,4.416428061391214,10.376611309118108,1930-59,0.18899999999999997,0,0,Manhattan,100,10.903426791277258
13006,4.185098925490565,10.494602007530922,1930-59,0.20199999999999999,0,1,Brooklyn,100,11.904761904761905
13008,4.526126978647638,10.439980923050696,1930-59,0.14300000000000002,0,0,Brooklyn,100,11.988304093567251
13009,4.160444363926624,10.727662995502477,1930-59,0.16,0,0,Brooklyn,100,12.06140350877193
13010,4.416428061391214,10.555083305937838,2000-09,0.248,0,0,Bronx,100,8.60002084853539
13015,4.019980146933238,10.401288725179366,2010+,0.331,0,0,Brooklyn,100,10.333718314996048
13016,4.447346100794524,10.499573020252942,pre-1930,0.135,0,0,Bronx,100,10.19283746556474
13019,4.549657476057832,10.62711544034966,pre-1930,0.11599999999999999,0,0,Bronx,100,8.972307095397449
13021,4.725616339063959,10.823032982130778,1930-59,0.10800000000000001,0,1,Bronx,100,8.372704981759464
13028,4.338597076746545,10.45088615653296,1980-99,0.215,0,0,Manhattan,100,14.750542299349242
13029,4.2017030805426,10.432113800927626,1980-99,0.22899999999999998,0,0,Manhattan,100,10.609454202522691
13030,4.366912996863833,10.581267255964951,1980-99,0.301,0,0,Manhattan,100,14.216806296014216
13032,4.206184043977636,10.34316083197403,1980-99,0.297,0,0,Manhattan,100,15.78404844736503
13034,3.8480176754522337,10.931838308163572,1980-99,0.573,0,0,Manhattan,100,10.191492785495896
13036,4.440295542797857,10.551114217794265,1930-59,0.21600000000000003,0,0,Bronx,100,9.680795395081109
13038,3.742420221041966,11.255643264909532,2010+,0.65,0,0,Queens,100,11.252667658281057
13044,4.289088639014612,10.698288386822574,1930-59,0.253,0,1,Queens,100,14.679313459801264
13049,4.533674184283021,12.70495827036559,2010+,0.299,0,0,Manhattan,100,7.83296951517562
13055,3.9415818076696905,10.637248705981328,1930-59,0.579,0,0,Brooklyn,100,10.80224686734841
13057,4.414009680526933,10.352490962658775,pre-1930,0.16899999999999998,0,0,Bronx,100,15.637466092229136
13059,2.379546134130174,10.745916435811829,1930-59,0.8079999999999999,0,0,Brooklyn,80,7.536606373815676
13061,4.607168188650764,10.619789578562562,1960-79,0.158,0,0,Unknown,90,17.832278867528153
13064,4.163559631243574,10.257659366256743,pre-1930,0.324,0,0,Manhattan,100,3.8596491228070176
13065,4.663439094112067,10.75147803015149,pre-1930,0.147,0,0,Manhattan,90,9.850317993961328
13068,4.722953221644475,10.427920179708336,pre-1930,0.121,0,1,Bronx,100,10.358094110683632
13071,3.9569963710708773,10.261161996807944,pre-1930,0.21,0,1,Queens,100,13.986013986013987
13072,4.410371107683024,10.583397506314054,pre-1930,0.249,0,1,Manhattan,100,4.053300906926078
13076,3.648057459593681,10.33964350796509,2000-09,0.38,0,0,Brooklyn,100,7.111685792791336
13078,4.415219602029645,10.398244768123055,1980-99,0.195,0,0,Manhattan,100,7.926345954514969
13079,3.8066624897703196,10.172751039463892,pre-1930,0.318,0,0,Bronx,100,9.931245225362872
13081,4.3476939555933765,10.426735696300677,pre-1930,0.23,0,1,Manhattan,100,20.444444444444446
13095,4.700480365792417,10.448714603019452,pre-1930,0.382,0,1,Manhattan,100,4.63768115942029
13098,4.605170185988092,10.673595774232203,1980-99,0.013000000000000001,0,0,Queens,100,13.88888888888889
13100,4.107589788972121,10.494158941506837,1980-99,0.46299999999999997,0,0,Manhattan,100,2.4927985818745846
13102,3.6913763343125234,11.545189343056919,pre-1930,0.61,0,0,Manhattan,95,2.711102934768927
13103,4.223909766576744,10.568235258574376,pre-1930,0.223,0,1,Manhattan,100,15.432098765432098
13106,4.2626798770413155,10.751071086400492,1930-59,0.255,0,0,Brooklyn,95,13.496143958868895
13108,4.839451481712757,10.688210676583283,pre-1930,0.18600000000000003,0,0,Brooklyn,100,10.265535176567205
13109,4.811371016571989,10.38591370178042,1930-59,0.102,0,0,Brooklyn,100,9.876543209876543
13112,3.977810745966149,10.44112062422171,2010+,0.41700000000000004,0,0,Brooklyn,100,9.638131954788399
13114,3.6375861597263857,10.49116310015384,2000-09,0.963,0,0,Manhattan,100,10.00111123458162
13115,3.9646154555473165,10.305948151623994,1980-99,0.196,0,1,Manhattan,100,8.02407221664995
13119,4.995860008514102,10.579361404425617,1930-59,0.209,0,0,Bronx,100,11.191657128322523
13121,3.9396381724611196,10.697881800112357,1930-59,0.159,0,0,Brooklyn,100,6.7778229632641995
13126,5.005957704545144,10.567231668726757,1930-59,0.073,0,1,Bronx,100,13.387914832264874
13127,4.092676505121403,10.225788419383523,pre-1930,0.179,0,0,Manhattan,100,11.229442874737376
13128,4.702296896718814,10.566123977891051,pre-1930,0.11,0,0,Queens,100,12.371771740811383
13133,3.708682081410116,11.096303348266055,2010+,0.534,0,0,Queens,100,4.702170582614103
13135,4.577798989191959,10.409401131941099,1930-59,0.09699999999999999,0,0,Brooklyn,100,13.867952969550798
13140,4.497584975308154,10.558932865912062,pre-1930,0.182,0,0,Brooklyn,100,10.903426791277258
13141,4.404277243608702,10.389856535868129,pre-1930,0.258,0,0,Brooklyn,100,12.604525332021643
13151,3.487375077903208,10.242706014825366,pre-1930,0.428,0,0,Queens,100,12.465719272001994
13152,4.32280727501391,10.665810921112856,pre-1930,0.285,0,0,Manhattan,100,12.597690423422373
13153,4.421247347827163,10.307618437631156,pre-1930,0.11800000000000001,0,1,Queens,100,13.017356475300401
13154,3.9435216724875173,10.626921425700946,2000-09,0.285,0,0,Brooklyn,100,6.306087800145525
13155,4.483002552013883,10.707728780601661,pre-1930,0.102,0,1,Brooklyn,100,8.724832214765101
13156,4.219507705176107,10.740951503864313,pre-1930,0.265,0,0,Bronx,95,9.521748539277212
13159,4.092676505121403,10.775471056848307,1930-59,0.165,0,0,Brooklyn,100,8.571488303054377
13160,3.4242626545931514,10.230738835101377,pre-1930,0.322,0,0,Manhattan,100,3.2440615650794795
13163,4.318820558770089,10.663264815393836,pre-1930,0.193,0,0,Queens,100,12.629806342969408
13168,4.4796069630127455,11.245464233004894,pre-1930,0.18899999999999997,0,0,Bronx,100,9.930486593843098
13172,4.4355674016019115,10.206181382608348,pre-1930,0.11,0,1,Brooklyn,100,8.865903213889915
13174,4.030694535145645,10.862243727728453,pre-1930,0.325,0,0,Manhattan,100,3.4503249055952767
13176,4.14946386144318,10.75832832209406,pre-1930,0.185,0,0,Manhattan,100,8.507018290089324
13177,4.837075242970874,10.660852890422639,pre-1930,0.285,0,0,Manhattan,100,11.253604670245938
13178,4.851248708584797,10.756795885220015,2000-09,0.298,0,0,Manhattan,100,5.538042089119878
13179,4.6434288981051814,10.352969546061066,pre-1930,0.07200000000000001,0,1,Manhattan,100,2.8708133971291865
13183,4.800736969532067,10.809727948556782,1930-59,0.24,0,0,Manhattan,100,11.313131313131313
13184,4.478472532942134,10.680516217076775,pre-1930,0.212,0,1,Manhattan,100,19.080459770114942
13185,4.884315927417586,10.556229318461034,pre-1930,0.096,0,0,Manhattan,100,7.028321532694711
13186,4.31748811353631,10.499049467245019,1930-59,0.098,0,1,Bronx,100,6.890659022628924
13189,4.175924549214524,10.413372734225062,pre-1930,0.149,0,0,Manhattan,90,20.719476307729266
13191,4.55597994179732,10.576432025778553,pre-1930,0.168,0,0,Manhattan,90,14.795918367346939
13192,3.893859034800475,10.32829766690807,1930-59,0.299,0,0,Manhattan,100,2.615575753612764
13196,4.498697941477575,10.292823278714408,pre-1930,0.133,0,0,Manhattan,100,8.468834688346885
13198,4.258445572902527,10.661813674121044,2000-09,0.285,0,0,Brooklyn,100,7.729423338173982
13199,4.541164856012179,10.723619744850563,1930-59,0.141,0,0,Bronx,100,11.669896071868946
13201,4.540098189244376,10.706788741587966,1930-59,0.168,0,0,Bronx,100,10.972278203233463
13202,4.623010104116422,10.489327880107565,pre-1930,0.126,0,0,Bronx,100,13.080990815474534
13203,4.543294782270004,10.264478170542462,pre-1930,0.156,0,0,Bronx,100,8.015333681826101
13204,4.754451888703846,10.584055950889214,pre-1930,0.156,0,0,Bronx,100,12.40506329113924
13207,5.132262782217954,10.425104737380318,pre-1930,0.085,0,0,Bronx,100,10.980857694019885
13209,4.6520537718869415,10.236381967809457,pre-1930,0.154,0,0,Bronx,100,12.903225806451612
13211,4.658710952916121,10.594883200057266,1930-59,0.158,0,0,Bronx,100,12.271475081392436
13212,3.0587070727153796,10.37333491957356,1930-59,0.563,0,0,Bronx,100,11.251758087201125
13216,4.242764567340374,10.809222770470766,2000-09,0.284,0,0,Brooklyn,100,10.10611419909045
13220,4.740574822994295,10.445404783779793,pre-1930,0.192,0,0,Bronx,100,10.17856104228465
13223,4.776599301615622,10.290381275058857,1930-59,0.128,0,0,Bronx,100,12.56452051073078
13224,4.582924577040772,10.571316925111784,pre-1930,0.152,0,0,Bronx,100,13.58974358974359
13225,4.526126978647638,10.67959625381042,pre-1930,0.16399999999999998,0,0,Bronx,100,12.195121951219512
13226,4.609162207257629,10.508704752501131,pre-1930,0.21600000000000003,0,0,Bronx,100,13.102939972156253
13230,4.5880240271531205,10.184900011974314,pre-1930,0.11900000000000001,0,0,Bronx,100,12.452830188679247
13232,4.61512051684126,10.31559720336296,pre-1930,0.172,0,0,Bronx,100,8.940397350993377
13233,4.702296896718814,10.308952660644293,1930-59,0.14400000000000002,0,0,Bronx,100,10.666666666666668
13234,4.726502471155617,10.699236446756792,pre-1930,0.175,0,0,Bronx,100,9.250485086413068
13235,4.365643155423357,10.416311178964792,pre-1930,0.153,0,0,Bronx,100,11.077844311377246
13236,4.638604962074329,10.44386226975867,1960-79,0.153,0,0,Bronx,100,11.068068622025455
13241,4.44500143383527,10.51867319162636,1930-59,0.124,0,0,Brooklyn,100,9.45945945945946
13242,4.351567427189173,10.778956289890028,pre-1930,0.155,0,0,Bronx,100,11.25
13243,4.599152113662528,10.486484989595086,1930-59,0.14300000000000002,0,0,Bronx,100,10.048007145249526
13244,5.380358076884246,10.726521993930495,pre-1930,0.063,0,0,Bronx,100,9.660138754720295
13245,4.455509411433685,10.691944912900398,pre-1930,0.13,0,0,Bronx,100,11.136363636363637
13247,4.384523514872469,10.458406613812631,pre-1930,0.18899999999999997,0,0,Brooklyn,100,12.056493282810886
13249,4.300002799195291,10.295529640312152,pre-1930,0.094,0,0,Brooklyn,100,9.121621621621621
13252,3.7977338590260183,10.830381867194474,pre-1930,0.32,0,1,Manhattan,100,2.3746858488512457
13253,4.197201947661808,10.605074021909918,2000-09,0.598,0,0,Manhattan,100,8.676466942660948
13254,4.449685283147696,10.519213586127488,pre-1930,0.16399999999999998,0,0,Manhattan,100,5.4024851431658565
13255,4.405498990859024,10.932392428779417,pre-1930,0.435,0,0,Manhattan,100,10.364546104360258
13256,3.770459441106359,10.803852133860024,2000-09,0.418,0,0,Brooklyn,100,4.470636049583418
13257,4.475061500641071,10.690284444175827,pre-1930,0.215,0,1,Manhattan,100,16.16317982106677
13261,4.574710978503383,10.599680091282034,pre-1930,0.20800000000000002,0,0,Manhattan,100,13.957429838991077
13262,4.6568134191399295,10.7190514610438,pre-1930,0.161,0,0,Manhattan,100,8.184211108407618
13265,4.268297869345539,11.062520520657214,pre-1930,0.262,1,0,Manhattan,100,2.5103158291102496
13266,4.147885329150131,10.762890422203235,pre-1930,0.24600000000000002,0,1,Manhattan,100,3.3873187255213297
13267,3.7013019741124933,10.644662702106656,2010+,0.917,0,0,Manhattan,100,7.863133816240946
13268,4.188138441508461,10.45313958095679,2000-09,0.39799999999999996,0,0,Manhattan,100,3.751478948431593
13269,4.33990170837321,10.644376729081495,1960-79,0.17600000000000002,0,1,Manhattan,100,9.533797311469158
13277,4.530446639792155,10.149761521239192,pre-1930,0.149,0,0,Manhattan,100,12.116474496775453
13283,5.0795392727434665,10.419957218687204,pre-1930,0.122,0,0,Manhattan,100,13.424020046536603
13285,4.897093252697127,10.503696737436805,pre-1930,0.109,0,1,Manhattan,100,8.23045267489712
13286,4.730921391293652,10.541650424763313,pre-1930,0.271,0,0,Manhattan,100,10.565240359218173
13296,4.350277936359301,10.160916581816888,2010+,0.32799999999999996,0,0,Brooklyn,100,12.00139146567718
13297,4.44500143383527,10.689851814807207,pre-1930,0.19,0,0,Queens,100,13.66493577480186
13300,4.971894465779825,10.698175462651035,pre-1930,0.163,0,0,Manhattan,100,9.034443817052512
13303,4.437934266612178,10.616437360392252,1930-59,0.15,0,0,Queens,100,12.254901960784313
13304,4.087655574071304,10.417807065556374,1930-59,0.11900000000000001,0,0,Queens,100,8.370702541106128
13305,4.490881039585964,10.705489138008156,1930-59,0.131,0,0,Queens,100,10.986547085201792
13306,4.33729074083249,10.512899800876138,1930-59,0.14,0,0,Brooklyn,100,9.786065729741486
13307,4.604169685654508,10.192680982311837,pre-1930,0.08900000000000001,0,0,Brooklyn,100,13.479612086718838
13308,3.7864597824528,10.558932865912062,pre-1930,0.22,0,0,Brooklyn,100,10.903426791277258
13309,4.35799005684564,10.73007237132579,pre-1930,0.129,0,0,Brooklyn,100,10.500984467293808
13310,4.730039168033961,10.48993999442511,pre-1930,0.08900000000000001,0,0,Brooklyn,100,11.96039163328883
13311,4.229749199228304,10.555708566483428,pre-1930,0.24,0,0,Brooklyn,100,10.678195645379729
13312,4.546481189639412,10.599754860432316,pre-1930,0.08,0,0,Brooklyn,100,7.975077881619939
13315,3.342861804649192,10.329702551562889,2000-09,1.0,0,0,Brooklyn,100,18.93630219726403
13321,3.100092288878234,10.138559674715612,pre-1930,0.782,0,0,Bronx,100,12.648221343873518
13322,3.594568774642695,11.340712642324561,pre-1930,0.514,0,1,Manhattan,100,10.92896174863388
13323,3.4011973816621555,10.32803607512056,2010+,0.605,0,0,Manhattan,100,6.5406501406239785
13325,4.3267781604434035,10.616437360392252,pre-1930,0.17800000000000002,0,0,Brooklyn,100,11.76470588235294
13326,4.88507207112091,10.192194100034097,1960-79,0.14300000000000002,0,0,Manhattan,100,14.984640743238181
13327,4.133565275375382,10.777079529877168,1930-59,0.26,0,0,Manhattan,100,13.358380296389063
13332,4.56954300834494,10.673595774232203,1930-59,0.109,0,0,Brooklyn,100,9.722222222222221
13335,5.22305488204749,10.375364426163545,pre-1930,0.1,0,0,Bronx,100,15.595757953836557
13337,4.817050545023591,10.185842963482184,pre-1930,0.09699999999999999,0,1,Manhattan,100,10.55607917059378
13338,4.603168183317418,10.64680489700865,pre-1930,0.125,0,0,Brooklyn,100,9.98620952018641
13339,5.346154695962197,10.572213958554391,pre-1930,0.08199999999999999,0,1,Manhattan,100,11.784296144485719
13340,5.077670695432414,10.476442547767668,pre-1930,0.102,0,1,Manhattan,100,11.840992387933465
13341,4.650143551630823,10.814423975648358,1930-59,0.111,0,0,Brooklyn,100,9.651539219431767
13342,5.0132984115157395,10.162384273556155,pre-1930,0.129,0,0,Manhattan,100,11.964492473948281
13344,5.2225156531317545,10.399402563566365,pre-1930,0.102,0,1,Manhattan,100,13.093788063337392
13347,5.871272361779576,10.404262840448617,pre-1930,0.035,0,0,Bronx,100,10.90909090909091
13349,3.1822118404966093,10.239959789157341,pre-1930,0.7190000000000001,0,0,Bronx,100,12.142857142857142
13350,4.671893818030999,10.322197887394314,1930-59,0.10099999999999999,0,0,Brooklyn,100,10.526315789473683
13352,4.675628649636653,10.363061986291324,pre-1930,0.11,0,0,Bronx,100,13.26259946949602
13356,4.9104465668408235,10.769410877046496,pre-1930,0.109,0,0,Brooklyn,100,13.671546357058725
13357,4.980863135762585,10.435438457917067,1930-59,0.11,0,0,Manhattan,100,16.44881774122485
13363,4.704110133842995,10.631519134949576,pre-1930,0.134,0,0,Manhattan,100,10.622887493964269
13364,4.725616339063959,10.38591370178042,pre-1930,0.171,0,0,Manhattan,100,9.567901234567902
13365,4.909709375506295,10.315729644923316,pre-1930,0.14400000000000002,0,0,Manhattan,100,13.243279035889287
13367,4.51852237926242,10.512899800876138,2000-09,0.32299999999999995,0,0,Brooklyn,100,12.232582162176856
13368,4.664382045619937,10.486094157396705,pre-1930,0.124,0,0,Bronx,100,11.727257497068187
13373,4.302712827954156,11.272750193847424,2010+,0.426,0,0,Manhattan,100,3.9415631476560415
13376,4.225372824628505,12.691580461311874,1960-79,0.22399999999999998,0,0,Brooklyn,100,6.553846153846154
13377,4.02535169073515,10.188215265161473,2000-09,0.518,0,0,Bronx,100,4.513314277117496
13380,4.855150391255861,10.308952660644293,pre-1930,0.09300000000000001,0,0,Brooklyn,100,11.666666666666668
13382,4.534747721691546,10.954326659732555,1960-79,0.13699999999999998,0,0,Brooklyn,100,12.587192531599099
13383,3.8133070324889884,10.68285829984469,1930-59,0.289,0,1,Manhattan,100,11.008669327095088
13384,4.3476939555933765,10.728408331705516,pre-1930,0.17300000000000001,0,1,Manhattan,100,11.833282201867029
13393,4.37449836825309,10.714417768752456,1930-59,0.19,0,1,Queens,100,11.999999999999998
13394,4.418840607796598,10.665227524561685,pre-1930,0.139,0,0,Brooklyn,100,11.904761904761905
13395,4.1666652238017265,10.46615581976983,2000-09,0.395,0,0,Manhattan,100,8.545304355256786
13396,3.353406717825807,10.598333289731654,2000-09,0.8740000000000001,0,0,Manhattan,100,10.482180293501049
13397,3.770459441106359,10.326792578772624,2000-09,0.9329999999999999,0,0,Manhattan,100,14.734774066797643
13398,4.3694478524670215,10.127031023871664,1980-99,0.257,0,0,Manhattan,100,5.597760895641743
13400,3.190476350346503,10.20880077869385,pre-1930,0.805,0,0,Manhattan,100,9.948049077042114
13401,5.22413246835866,10.348814194069423,pre-1930,0.12,0,0,Unknown,100,11.210762331838565
13404,4.603168183317418,10.621327345686446,2000-09,0.262,0,0,Bronx,100,10.487804878048781
13405,4.33729074083249,10.471921488922431,2000-09,0.23199999999999998,0,0,Bronx,100,7.646559048428207
13407,4.461299815568389,10.289905747724058,2010+,0.242,0,0,Bronx,100,11.891010396140517
13408,4.415219602029645,10.567205922405261,2000-09,0.215,0,0,Bronx,100,10.298661174047373
13409,4.925803358579558,10.398336221778978,pre-1930,0.133,0,0,Bronx,100,14.327084285932024
13410,4.693181063310805,10.507803519389457,pre-1930,0.134,0,0,Bronx,100,12.021857923497267
13411,4.938781190328272,10.530227800898475,pre-1930,0.136,0,0,Bronx,100,12.823938017632916
13412,4.360547602996758,10.801003129083949,2010+,0.276,0,0,Bronx,100,9.78194416140208
13413,3.7909846770510898,10.58435970222046,2000-09,0.45299999999999996,0,0,Bronx,100,8.351893095768375
13414,4.3134800921387715,10.803018622594942,2000-09,0.306,0,0,Bronx,100,10.16900892838984
13415,4.630837932736669,10.136581434703507,pre-1930,0.163,0,1,Bronx,100,12.277227722772277
13418,4.241326752570746,10.373491181781864,2000-09,0.275,0,0,Queens,100,10.0
13419,4.39197696552705,10.830520380942184,1930-59,0.17600000000000002,0,0,Queens,100,12.861100118717847
13420,5.0238805208462765,10.778956289890028,pre-1930,0.09699999999999999,0,0,Brooklyn,100,13.75
13421,4.382026634673881,10.762784562890163,pre-1930,0.18100000000000002,0,0,Manhattan,100,12.492060131272495
13422,4.601162164590552,10.761386168696564,pre-1930,0.195,0,0,Brooklyn,100,11.237384445763718
13423,4.722953221644475,10.750685407922997,pre-1930,0.146,0,0,Queens,100,12.644121555012644
13424,4.792479284293085,10.747100058912297,1930-59,0.127,0,0,Bronx,100,11.614152059361222
13425,4.74406218485471,10.72634633961773,pre-1930,0.114,0,0,Brooklyn,100,9.22266139657444
13426,4.602165676967792,10.722165455543283,pre-1930,0.156,0,0,Brooklyn,100,10.804851157662624
13428,4.72384171570559,10.671742205582879,pre-1930,0.127,0,0,Brooklyn,100,10.204081632653063
13429,4.632785353021065,10.670535540935608,1930-59,0.138,0,1,Brooklyn,100,9.752020061298412
13430,4.789157022101107,10.664246651506094,pre-1930,0.161,0,0,Manhattan,100,11.215477358755082
13432,4.686750172980514,10.655375228118674,pre-1930,0.11699999999999999,0,0,Brooklyn,100,11.315417256011315
13434,4.688591794127164,10.62842405558548,pre-1930,0.154,0,0,Manhattan,100,9.929284122832511
13435,4.493120682179469,10.624128297404996,1930-59,0.145,0,0,Brooklyn,100,11.674571324334185
13436,4.8629083820668,10.622424304782367,pre-1930,0.135,0,0,Manhattan,100,12.425386770617616
13437,4.972587226458726,10.618934240590841,1930-59,0.10300000000000001,0,0,Queens,100,11.735367463693706
13439,4.648229675448539,10.60777247750653,1930-59,0.121,0,0,Brooklyn,100,9.14754746835443
13440,4.497584975308154,10.590113516105808,1930-59,0.302,0,0,Manhattan,100,19.37594363361852
13441,4.846546505563361,10.558413520275876,pre-1930,0.142,0,0,Bronx,100,12.727272727272728
13442,4.551769409260976,10.836733725059696,pre-1930,0.139,0,0,Brooklyn,100,8.848687444695702
13444,4.789157022101107,10.51867319162636,1930-59,0.33,0,0,Manhattan,100,10.270270270270272
13446,4.73707525686803,10.477851197106107,pre-1930,0.139,0,0,Manhattan,100,12.95045045045045
13447,4.651099117876491,10.469710039522406,pre-1930,0.10800000000000001,0,0,Brooklyn,100,11.353315168029065
13448,4.605170185988092,10.467066903737985,pre-1930,0.124,0,0,Queens,100,10.814195053928684
13449,4.497584975308154,10.425134414933702,pre-1930,0.165,0,0,Manhattan,100,10.386989553656221
13450,2.533696813957432,10.560437444784185,pre-1930,0.8540000000000001,0,0,Manhattan,100,9.331743480740318
13451,4.6568134191399295,10.379100420546374,pre-1930,0.135,0,0,Queens,100,12.119328775637042
13452,4.794136285500715,10.67181177644663,pre-1930,0.115,0,0,Manhattan,100,9.739582125547852
13454,4.6709579265260945,10.242242895171909,1930-59,0.133,0,0,Brooklyn,100,11.046180159635119
13455,4.686750172980514,10.134599273499514,pre-1930,0.128,0,0,Brooklyn,100,11.11111111111111
13456,3.927896354584436,10.128030124764045,pre-1930,0.304,0,0,Manhattan,100,13.980427401637707
13457,4.718498871295094,10.338058285782946,pre-1930,0.151,0,0,Manhattan,100,17.48364954995791
13460,4.31748811353631,10.142504453006628,pre-1930,0.174,0,0,Manhattan,100,11.811023622047244
13464,4.5591262474866845,10.700994748420316,1980-99,0.133,0,0,Brooklyn,100,11.26126126126126
13465,4.268297869345539,10.799575577092764,1980-99,0.127,0,0,Brooklyn,100,8.571428571428571
13466,4.441474093317302,10.714017688731117,1980-99,0.136,0,0,Brooklyn,100,9.337068160597573
13468,4.251348311031766,10.772057548198871,1980-99,0.175,0,0,Brooklyn,100,12.166981329976926
13470,4.264087336809195,10.227308671603781,1980-99,0.204,0,0,Brooklyn,100,11.21238425925926
13475,4.45318382899021,10.392742186373976,1980-99,0.11599999999999999,0,1,Bronx,100,13.794371896266323
13476,4.018183201256536,10.136581434703507,1980-99,0.16399999999999998,0,1,Bronx,100,10.297029702970297
13477,3.6938669956249757,10.65254236503437,1980-99,0.255,0,0,Bronx,100,6.855791962174941
13478,4.23410650459726,10.714417768752456,1980-99,0.10800000000000001,0,1,Bronx,100,8.444444444444445
13481,4.450852825603734,10.519321629993403,1980-99,0.153,0,0,Queens,100,11.34399308556612
13482,4.530446639792155,10.646019958276817,1980-99,0.146,0,0,Queens,100,10.945865556216537
13483,4.355425952876702,10.724632091159428,1980-99,0.125,0,0,Brooklyn,100,9.01852096256214
13484,4.571613402459248,10.457832330215615,1980-99,0.142,0,0,Bronx,100,12.637867647058824
13485,4.470495282661489,10.38591370178042,1980-99,0.151,0,0,Bronx,100,11.728395061728396
13486,4.365643155423357,10.454264391804346,1980-99,0.267,0,0,Queens,100,10.088781275221953
13487,4.570578741218473,10.555656476367515,1930-59,0.17300000000000001,0,0,Queens,100,14.585612335260718
13488,4.880526608749236,10.745507222034997,pre-1930,0.247,0,1,Manhattan,100,13.140604467805518
13492,3.7184382563554808,10.275051108968611,2010+,0.418,0,0,Queens,100,9.310344827586206
13494,4.436751534363128,10.37264707562448,pre-1930,0.46,0,0,Manhattan,100,11.572264097832546
13495,4.063885354737392,11.06093462692513,1930-59,0.156,0,1,Queens,100,8.642906530894463
13504,4.530446639792155,10.332017933575289,pre-1930,0.138,0,0,Brooklyn,100,14.006514657980457
13506,4.361823927356363,10.965798861477905,pre-1930,0.155,0,1,Brooklyn,100,12.616442854426989
13507,3.885679030088544,10.765132006630253,1980-99,0.317,0,0,Brooklyn,100,7.604402103884582
13508,4.389498649512583,10.385450631617017,pre-1930,0.127,0,0,Brooklyn,100,9.881117801451289
13509,4.33204826486764,10.189530782819384,pre-1930,0.158,0,0,Brooklyn,100,10.892837020621267
13511,3.3105430133940246,10.380590918897086,pre-1930,1.0,0,0,Manhattan,100,3.4131810847710065
13520,4.4953553199808844,10.756071417352569,1930-59,0.19899999999999998,0,0,Manhattan,100,17.052479004135225
13521,4.705015520957808,10.483242045740983,pre-1930,0.11199999999999999,0,0,Brooklyn,100,11.760752688172044
13522,4.298645025734831,10.74099478360291,1930-59,0.195,0,0,Bronx,100,10.603306500476066
13523,4.1666652238017265,10.442492386567427,1930-59,0.154,0,0,Queens,100,10.499912500729161
13524,4.537961436294641,10.339384867764494,1960-79,0.19699999999999998,0,0,Bronx,100,13.580366669900087
13526,4.147885329150131,10.781702515558052,1930-59,0.132,0,0,Queens,100,10.803623369068395
13528,4.422448549172797,10.645234402932136,1930-59,0.154,0,0,Unknown,100,10.716326919413223
13529,4.324132656254979,10.846537053710975,2010+,0.40700000000000003,0,0,Manhattan,100,3.1155074382740087
13532,4.147885329150131,10.497256289115795,2010+,0.862,0,0,Manhattan,100,2.208968411751712
13533,4.278054044290903,10.493050416839504,pre-1930,0.18899999999999997,0,0,Manhattan,100,9.42768411712511
13536,4.192680462942962,10.653794535823947,1930-59,0.133,0,0,Bronx,100,7.55554506174297
13537,4.33729074083249,10.763948399449612,1930-59,0.215,0,0,Bronx,100,10.997144971978429
13538,4.620058798481842,10.63248438598977,pre-1930,0.188,0,0,Bronx,100,12.783405692233478
13539,3.5145260669691587,10.50955062618896,pre-1930,0.374,0,0,Manhattan,100,11.455378572987126
13541,4.298645025734831,10.601622274607113,1930-59,0.146,0,0,Brooklyn,100,10.199004975124378
13542,4.484131857611035,10.734220396048636,1930-59,0.135,0,0,Brooklyn,100,11.76470588235294
13544,4.953006181259619,10.277461993552922,1960-79,0.139,0,0,Queens,100,13.415892672858616
13545,3.56953269648137,10.188290484237065,pre-1930,0.51,0,0,Manhattan,100,15.419330575404286
13548,4.3476939555933765,10.896739325546411,1930-59,0.14800000000000002,0,0,Brooklyn,100,8.88888888888889
13549,4.152613470346076,12.130303294049785,1930-59,0.163,0,0,Queens,100,9.492680927262333
13550,4.321480134805848,11.292278793854607,1960-79,0.18,0,0,Queens,100,9.476309226932669
13552,4.5591262474866845,10.330257427138122,1930-59,0.13699999999999998,0,0,Brooklyn,100,9.46289891013509
13554,4.189654742026425,10.610537638265065,pre-1930,0.161,0,0,Queens,100,11.834319526627219
13556,4.403054001865957,10.341742483467284,1930-59,0.161,0,0,Queens,100,12.580645161290322
13559,4.312140507209715,10.210972252284089,pre-1930,0.20600000000000002,0,1,Manhattan,100,13.235294117647058
13560,4.3067641501733345,10.697746234464486,pre-1930,0.20199999999999999,0,1,Manhattan,100,19.43239334779465
13561,4.308110951723713,10.422281345951296,pre-1930,0.134,0,1,Manhattan,100,7.44047619047619
13562,4.481871969643598,10.241423003850693,1930-59,0.19899999999999998,0,1,Manhattan,100,15.691309154452409
13564,4.703203926259457,10.769032208692334,pre-1930,0.28300000000000003,0,0,Manhattan,100,7.574801161469511
13565,4.9614450499054845,10.79914691380121,pre-1930,0.203,0,0,Manhattan,100,6.533412278731701
13568,4.055257173514054,10.57658507529037,2000-09,0.327,0,0,Manhattan,100,9.18226802020099
13570,4.468204330914934,10.19410281896535,pre-1930,0.18899999999999997,0,0,Manhattan,100,11.217049915872126
13571,4.69866052907543,10.19410281896535,pre-1930,0.161,0,1,Manhattan,100,13.460459899046551
13572,4.554928969551344,10.653676473463271,pre-1930,0.191,0,0,Manhattan,100,9.917823746103712
13573,4.421247347827163,10.413612931187725,2010+,0.289,0,0,Bronx,100,12.008405884118883
13576,4.890349128221754,10.468801361586188,1930-59,0.162,0,0,Brooklyn,100,10.227272727272728
13577,4.282206299391671,10.247077256926206,1930-59,0.201,0,0,Brooklyn,100,7.092198581560284
13592,4.394449154672439,10.68624689178576,pre-1930,0.223,0,0,Bronx,100,10.971428571428572
13598,4.120661870539474,11.131752889431096,2000-09,0.239,0,0,Bronx,95,6.880801100928177
13607,4.084294226368599,10.491274217438248,1930-59,0.151,0,0,Queens,100,11.11111111111111
13609,4.516338972281476,10.529425983402623,pre-1930,0.085,0,0,Brooklyn,100,12.032085561497327
13611,4.875197323201151,10.193167627650581,pre-1930,0.075,0,0,Brooklyn,100,16.46706586826347
13616,4.775756486563625,10.161612072745584,pre-1930,0.094,0,0,Brooklyn,100,12.359984550019313
13618,4.725616339063959,10.309285938434412,1930-59,0.133,0,0,Brooklyn,100,12.329223592135955
13619,4.254193263163997,10.749098276222542,pre-1930,0.165,0,0,Bronx,100,9.444492143899717
13620,4.61015772749913,10.507803519389457,pre-1930,0.132,0,0,Bronx,100,10.655737704918034
13622,4.72384171570559,10.80992994835547,pre-1930,0.13,0,0,Bronx,100,10.906887497475259
13624,4.637637376125593,10.633761910177357,pre-1930,0.16,0,0,Bronx,100,11.080866234673476
13628,4.141546163706395,10.836596069336442,pre-1930,0.201,0,0,Manhattan,100,9.833228445563247
13629,4.765586907393996,10.422578920719152,pre-1930,0.099,0,0,Brooklyn,100,13.68640285629277
13631,4.560172820057356,10.422578920719152,pre-1930,0.139,0,0,Brooklyn,100,13.68640285629277
13633,4.688591794127164,10.434409878001242,pre-1930,0.14400000000000002,0,0,Bronx,100,14.701558365186711
13635,4.1059436980654525,10.631036159813405,pre-1930,0.15,0,0,Bronx,100,7.246376811594203
13638,4.079230924412053,10.932856938462077,pre-1930,0.147,0,0,Bronx,100,7.323259386275141
13641,4.460144413937834,10.715439468861323,1930-59,0.149,0,0,Bronx,100,11.321759978688451
13648,4.700480365792417,10.177704374034338,pre-1930,0.16899999999999998,0,0,Bronx,100,14.063093880653744
13650,4.440295542797857,10.587089320252542,1930-59,0.124,0,0,Brooklyn,100,9.086320040383645
13651,4.66814498514948,10.431465235119685,pre-1930,0.19699999999999998,0,0,Bronx,100,14.15511648481274
13652,4.441474093317302,10.69749764970145,pre-1930,0.163,0,0,Brooklyn,100,8.58854107808792
13653,4.91705694713669,10.449178263628198,pre-1930,0.152,0,0,Bronx,100,11.878549078688145
13654,4.6443908991413725,10.889248375343252,1930-59,0.09699999999999999,0,0,Brooklyn,100,8.955725133869432
13655,4.257030144499196,10.82774645405946,1930-59,0.105,0,0,Brooklyn,100,8.333333333333334
13656,4.204692619390966,10.922840160218605,1930-59,0.18600000000000003,0,0,Brooklyn,100,7.577397705130981
13657,4.259859000699674,10.701850238240384,1930-59,0.12,0,0,Brooklyn,100,10.576533597371618
13658,4.351567427189173,10.879612005311733,1930-59,0.10099999999999999,0,0,Brooklyn,100,9.04244296667483
13659,4.269697449699962,10.785186839640664,1930-59,0.128,0,0,Brooklyn,100,8.488612836438923
13661,4.829113417472866,10.59918148736265,1980-99,0.198,0,0,Brooklyn,100,11.969477831529598
13664,4.409155302062135,10.213799135235694,1930-59,0.204,0,0,Brooklyn,100,6.232356930747517
13667,4.540098189244376,10.13895485353917,pre-1930,0.16699999999999998,0,0,Bronx,100,11.85302252074279
13672,4.801558999993482,10.483186040588494,pre-1930,0.16,0,0,Bronx,100,14.561747409689161
13673,4.58700621536042,10.731165626053679,pre-1930,0.129,0,0,Bronx,100,10.708041958041958
13678,3.901972669574645,10.736396675471232,pre-1930,0.299,0,0,Bronx,100,11.956521739130434
13680,4.462453883786496,10.826594997737205,1930-59,0.122,0,0,Queens,100,8.34293432918835
13683,4.574710978503383,10.692172159805137,1930-59,0.135,0,0,Brooklyn,100,9.770506703022042
13684,4.578826210648489,10.7490553457913,pre-1930,0.114,0,0,Brooklyn,100,11.591465247069936
13685,4.460144413937834,10.5774519136793,1930-59,0.111,0,0,Brooklyn,100,10.703363914373089
13687,4.468204330914934,10.146825811135857,pre-1930,0.145,0,0,Brooklyn,100,16.464131713053703
13688,4.430816798843313,10.246722584108158,pre-1930,0.215,0,0,Manhattan,100,12.415750266051791
13690,4.302712827954156,10.998760939938723,1930-59,0.11800000000000001,0,0,Brooklyn,100,8.02675585284281
13692,4.866764923676554,10.477287975463508,pre-1930,0.087,0,0,Brooklyn,100,6.76056338028169
13693,4.298645025734831,10.673595774232203,pre-1930,0.127,0,0,Brooklyn,100,10.879629629629628
13697,5.1422481808981475,10.695846383167021,pre-1930,0.182,0,1,Manhattan,100,10.640224576654894
13698,4.773223770984341,10.363377712622366,pre-1930,0.142,0,0,Manhattan,100,13.574089273312708
13699,4.542230386214217,10.839580911706463,pre-1930,0.16699999999999998,0,0,Bronx,100,9.411764705882353
13702,4.216562194946349,10.933106969717286,pre-1930,0.209,0,0,Bronx,100,9.285714285714286
13703,4.673762977453703,10.8712315659992,pre-1930,0.18,0,0,Bronx,100,10.258358662613983
13704,4.400603020246817,10.988203736012126,pre-1930,0.126,0,0,Bronx,100,8.111944838775097
13705,4.8178592793984425,10.875080532194938,pre-1930,0.102,0,0,Bronx,100,9.272751357795734
13706,4.430816798843313,10.522799800586712,pre-1930,0.18,0,0,Manhattan,100,9.68966166931338
13707,4.581901559048737,10.819938271611647,1930-59,0.13699999999999998,0,0,Manhattan,100,8.198688209886418
13709,4.751864565138895,10.749012413516956,pre-1930,0.159,0,0,Manhattan,100,12.235960844925296
13717,4.638604962074329,10.300449948152544,pre-1930,0.195,0,0,Manhattan,100,12.10246755866335
13718,4.557029810660157,10.54888777459834,1930-59,0.233,0,0,Manhattan,100,11.275730955814867
13719,4.722063937459591,10.518943425380202,1930-59,0.183,0,0,Bronx,100,10.537692515536342
13723,4.530446639792155,10.192793306104006,pre-1930,0.136,0,0,Brooklyn,100,11.606140022463498
13724,4.4520190064939165,10.30165946315015,pre-1930,0.159,0,0,Brooklyn,100,12.087838291585522
13726,4.772378104971998,10.635999666618329,pre-1930,0.114,0,0,Brooklyn,100,13.940297072537614
13727,4.478472532942134,10.146825811135857,1930-59,0.183,0,0,Brooklyn,100,14.896119168953351
13728,4.268297869345539,10.318275732105144,1930-59,0.152,0,0,Brooklyn,100,12.549123212575541
13733,4.192680462942962,11.526897401287087,2000-09,0.434,0,0,Manhattan,100,9.466802094529964
13734,4.22829253473184,10.759369889215188,pre-1930,0.124,0,0,Bronx,100,9.135524442839236
13735,3.5263605246161616,10.887436932884098,1930-59,0.306,0,0,Bronx,100,7.850467289719626
13740,3.7256934272366524,10.479876172485877,pre-1930,0.271,0,0,Brooklyn,100,11.238480557428636
13743,4.633757642840004,10.340451327703663,1930-59,0.134,0,0,Manhattan,100,9.689922480620154
13745,4.795790545596741,10.998995026250759,pre-1930,0.127,0,0,Bronx,100,9.362356638913967
13747,4.7086288943563215,10.405928119767678,pre-1930,0.157,0,0,Bronx,100,11.19346543639389
13748,4.616110126026426,10.552317052444948,pre-1930,0.32,0,0,Bronx,95,10.191815188417916
13750,4.3528552573736015,10.858998997563564,pre-1930,0.16,0,0,Brooklyn,100,9.23076923076923
13754,4.021773869387265,10.137808404440463,pre-1930,0.6990000000000001,0,0,Manhattan,100,17.7999288002848
13755,4.215086179918229,11.934696899352703,1930-59,0.17600000000000002,0,0,Brooklyn,100,8.72325633255939
13757,4.534747721691546,11.894712445723815,pre-1930,0.17600000000000002,0,0,Bronx,100,9.07911802853437
13759,3.775057150354989,11.086440989637989,pre-1930,0.6890000000000001,0,0,Bronx,100,9.34436274509804
13769,4.33990170837321,10.794665583595208,pre-1930,0.177,0,0,Bronx,100,10.459392945036914
13773,4.680277658474897,10.29112807573174,pre-1930,0.155,0,0,Bronx,100,12.894468951476078
13774,4.186619838331271,10.205442284274628,pre-1930,0.184,0,1,Bronx,100,9.9815157116451
13775,4.174387269895637,10.15657818021829,pre-1930,0.191,0,0,Bronx,100,8.152173913043478
13776,4.360547602996758,10.710186607780189,pre-1930,0.146,0,0,Bronx,100,10.265565721937067
13777,4.842611042003125,10.156772260762324,pre-1930,0.11900000000000001,0,0,Manhattan,100,13.97244323694935
13778,4.487512142519859,10.706475198775605,pre-1930,0.154,0,1,Bronx,100,10.751724755846249
13780,4.119037174812473,10.592225024607373,pre-1930,0.37799999999999995,0,0,Bronx,100,12.053033346725591
13781,4.799090878625398,10.584005316695931,1930-59,0.153,0,0,Manhattan,100,17.975593700946884
13782,4.107589788972121,10.677061982208688,pre-1930,0.133,0,0,Bronx,100,11.303344867358708
13783,4.751000634199631,10.35111775280497,pre-1930,0.16399999999999998,0,1,Bronx,100,15.658954365332992
13784,4.5612182984589085,10.631277676539613,pre-1930,0.172,0,0,Bronx,100,12.55735329630524
13786,4.9924713234685845,10.15936931243811,pre-1930,0.46,0,0,Manhattan,100,12.387736141220191
13788,4.626931677769604,10.310285105878071,pre-1930,0.115,0,0,Bronx,100,10.319573901464713
13789,4.572646994282532,10.47432584620829,pre-1930,0.168,0,0,Bronx,100,14.126289023873428
13794,2.8154087194227095,10.324169626449153,pre-1930,0.7609999999999999,0,0,Bronx,100,12.147078135259356
13797,3.391147045808654,10.813961399088718,pre-1930,0.349,0,0,Bronx,100,9.857171595252463
13801,4.661550519424199,10.13428176278086,pre-1930,0.15,0,0,Bronx,100,12.305493807557955
13802,4.489759334476764,10.283976674574115,pre-1930,0.158,0,0,Manhattan,100,12.303485987696513
13805,4.66814498514948,10.723597725936314,pre-1930,0.22399999999999998,0,1,Bronx,100,10.569195199823847
13806,3.0726933146901194,10.184900011974314,1930-59,0.755,0,0,Bronx,100,11.69811320754717
13810,4.74493212836325,10.78274078630772,pre-1930,0.12300000000000001,0,0,Bronx,100,12.24523681042713
13811,4.575741375297279,10.674289977661678,pre-1930,0.145,0,0,Brooklyn,100,15.03585473051122
13812,4.775756486563625,10.174239617765064,1980-99,0.203,0,0,Brooklyn,100,9.15366718791716
13814,4.558078578454241,10.164697304656794,pre-1930,0.18899999999999997,0,0,Brooklyn,100,8.086253369272237
13815,4.683056724645162,10.279935711573799,1980-99,0.188,0,0,Brooklyn,100,15.441630636195182
13816,4.085976312551584,11.07926147950336,2010+,0.44,0,0,Brooklyn,100,7.8687917547405615
13817,4.7104306966455844,10.19988156558993,pre-1930,0.128,0,0,Brooklyn,100,12.639405204460967
13820,4.420044701861403,10.639694222556521,pre-1930,0.226,0,0,Brooklyn,100,11.494252873563218
13821,4.14946386144318,10.369734132904151,1930-59,0.212,0,0,Brooklyn,100,10.037641154328732
13823,4.127134385045092,10.722055195881667,pre-1930,0.231,0,0,Brooklyn,100,9.92391663910023
13824,4.757891273005756,10.624103975085617,1930-59,0.14300000000000002,0,0,Queens,100,17.998735224011288
13833,4.599152113662528,10.491274217438248,1930-59,0.11900000000000001,0,0,Brooklyn,100,16.38888888888889
13835,4.2710950739666,10.699191321421166,pre-1930,0.23800000000000002,0,0,Brooklyn,100,9.025270758122744
13838,4.11414718951828,12.572904334660732,1980-99,0.319,0,0,Manhattan,100,7.5528962585446475
13839,4.462453883786496,12.115967396541445,1960-79,0.258,0,0,Manhattan,100,11.873040537952694
13840,4.021773869387265,11.428184236515138,1960-79,0.392,0,0,Manhattan,100,11.755102040816327
13841,3.728100167267218,12.051031569417768,1980-99,0.449,0,0,Manhattan,100,11.443518064410659
13844,4.767289035464526,12.04604472853004,1980-99,0.162,0,0,Manhattan,100,14.727972586020748
13846,4.241326752570746,11.194234205644102,1980-99,0.304,0,0,Manhattan,100,14.028331728785588
13847,4.036008985209137,11.847231070426067,1980-99,0.501,0,0,Manhattan,100,10.522774290070652
13848,4.065602093356446,11.217587494107532,2010+,0.36,0,0,Manhattan,100,6.852259902187348
13849,3.5779478934066544,11.324823232217247,2000-09,0.7929999999999999,0,0,Manhattan,100,9.052176746768373
13850,4.027135812528651,10.813558984596366,pre-1930,0.45299999999999996,0,0,Manhattan,100,6.842423022740995
13857,4.100989104940769,11.472707454681437,pre-1930,0.258,0,0,Manhattan,100,12.076037394074413
13861,4.05871738457895,11.804960549303487,pre-1930,0.228,0,0,Manhattan,100,6.870029496322294
13863,4.107589788972121,12.259807706378126,1930-59,0.174,0,0,Manhattan,100,6.112556327917324
13866,4.074141854904581,11.750248017457707,pre-1930,0.201,0,0,Manhattan,100,4.969042079110305
13867,4.188138441508461,11.440354772135393,1930-59,0.177,0,0,Queens,100,10.215053763440862
13874,4.207673247529104,10.92476873160122,1930-59,0.17,0,0,Manhattan,100,9.90366435581165
13877,4.405498990859024,11.29306402164216,pre-1930,0.191,0,0,Manhattan,100,11.960679266910033
13882,4.335982696172475,10.676969705748347,1930-59,0.226,0,0,Manhattan,100,13.15000230701795
13884,4.439115601658009,11.282757298719055,1930-59,0.142,0,0,Bronx,100,10.699899295065459
13885,4.73795129722191,10.918899375278091,pre-1930,0.161,0,0,Bronx,100,13.222242347400833
13886,4.522874943261261,10.836635401476705,1930-59,0.188,0,0,Bronx,100,12.192723697148477
13888,4.489759334476764,10.413612931187725,2000-09,0.249,0,0,Bronx,100,10.807565295706995
13889,4.665324108807838,10.70819846893854,pre-1930,0.257,0,0,Manhattan,100,10.285995393662931
13891,4.3476939555933765,10.85707406915398,1930-59,0.124,0,0,Brooklyn,100,8.86319845857418
13892,3.3978584803966405,10.651832893560835,pre-1930,0.743,0,0,Bronx,100,12.7750177430802
13893,4.341204640153626,10.929529148369403,1960-79,0.157,0,0,Bronx,100,8.960573476702509
13895,4.519612297626445,10.308952660644293,1930-59,0.156,0,0,Queens,95,16.0
13897,4.32280727501391,10.569032265982456,1930-59,0.175,0,0,Queens,95,12.078846598648196
13899,4.09933210373314,11.357066660461616,1960-79,0.22399999999999998,0,0,Queens,100,10.284218399401645
13900,4.767289035464526,10.243524855321837,1930-59,0.133,0,0,Queens,95,12.455516014234876
13902,4.235554730773624,11.481238700221596,1930-59,0.16699999999999998,0,0,Queens,100,11.250916072294878
13903,3.768152635008444,10.539482201591765,pre-1930,0.36,0,0,Manhattan,85,16.941076817195192
13907,4.382026634673881,10.54841565582547,pre-1930,0.2,0,0,Manhattan,100,7.083453577144056
13913,4.8178592793984425,12.9633113723493,1960-79,0.354,1,0,Manhattan,100,9.848150892430056
13915,4.09933210373314,10.31423866507353,pre-1930,0.22899999999999998,0,0,Manhattan,100,11.93673530289466
13916,2.5494451709255714,10.324826009800583,pre-1930,0.903,0,0,Brooklyn,100,10.498687664041995
13923,4.6549122778829055,11.150347417664442,pre-1930,0.174,0,1,Manhattan,100,7.616255676266023
13932,4.3067641501733345,10.817014468587551,pre-1930,0.182,0,1,Queens,100,11.83265813645662
13933,4.4796069630127455,10.924138299734526,1930-59,0.14,0,1,Queens,100,11.531531531531533
13934,4.800736969532067,10.35204407807524,pre-1930,0.098,0,1,Queens,100,15.005906580249672
13935,4.6913478822291435,10.324432231492679,1930-59,0.191,0,1,Unknown,100,12.472101877379547
13936,4.530446639792155,10.36910658346404,pre-1930,0.141,0,1,Queens,100,13.182674199623353
13937,4.604169685654508,10.39191418135864,pre-1930,0.13,0,0,Brooklyn,100,9.817456665132688
13938,4.484131857611035,10.777058657190121,1930-59,0.124,0,0,Brooklyn,100,11.271368636373124
13942,3.1612467120315646,10.309285938434412,pre-1930,1.0,0,0,Brooklyn,100,6.664445184938354
13943,3.0301337002713233,10.535822593699315,pre-1930,1.0,0,0,Brooklyn,100,5.313496280552603
13946,3.949318790171843,10.419927387086586,2000-09,0.777,0,0,Manhattan,85,2.6848841025029087
13960,4.566429357671661,10.287252233664953,1930-59,0.16699999999999998,0,0,Brooklyn,100,12.263251124131353
13961,3.713572066704308,10.989267862388859,2010+,0.391,0,0,Bronx,100,5.064573309698657
13962,4.478472532942134,10.223757814581061,1930-59,0.071,0,1,Bronx,100,10.16333938294011
13967,4.186619838331271,10.78808119766703,2010+,0.591,0,0,Manhattan,100,5.573905862923204
13984,4.238444906195857,11.436476292806821,1930-59,0.158,0,0,Bronx,100,7.772020725388601
13988,4.564348191467836,10.86322084225312,pre-1930,0.15,0,0,Manhattan,100,11.298353121409422
13989,4.264087336809195,10.391453882156036,pre-1930,0.195,0,0,Manhattan,100,7.67341927562922
13994,4.151039905898646,10.627260926637835,2000-09,0.22899999999999998,0,0,Manhattan,75,9.213461351954223
13996,4.182050142641207,11.651181926852017,2010+,0.475,0,0,Manhattan,100,4.789814242294931
13997,4.350277936359301,10.761725352961665,1960-79,0.27699999999999997,0,0,Brooklyn,100,5.722763883001273
14004,4.9670316566141235,10.373491181781864,pre-1930,0.132,0,0,Brooklyn,95,23.4375
14005,4.238444906195857,10.342548610072807,2000-09,0.263,0,0,Manhattan,100,7.091055600322321
14006,4.735320870453137,10.204258589529626,pre-1930,0.17800000000000002,0,0,Brooklyn,100,12.584203123843364
14007,3.374168709274236,10.782076417226271,pre-1930,0.389,0,1,Bronx,100,8.93042575285566
14013,4.3694478524670215,10.160761962566484,pre-1930,0.325,0,0,Brooklyn,100,12.370496366166691
14014,3.0587070727153796,10.951315189365955,pre-1930,0.812,0,0,Manhattan,100,5.085132125760579
14015,2.856470206220483,10.258115402607235,pre-1930,0.991,0,0,Manhattan,100,1.0521516501245045
14016,4.084294226368599,10.718785991936208,pre-1930,0.29100000000000004,0,0,Manhattan,100,3.982565214505388
14017,4.298645025734831,10.737352740034952,pre-1930,0.147,0,1,Brooklyn,100,11.293545304491355
14018,4.144720769547168,10.479623274697385,pre-1930,0.36200000000000004,0,0,Manhattan,100,3.6534300087120255
14021,4.231203744939298,11.38645480091628,1930-59,0.171,0,0,Brooklyn,100,9.418974126191557
14022,4.290459441148391,11.409352240045228,1960-79,0.18,0,1,Brooklyn,100,10.203968456427946
14023,4.379523504455763,11.409074919844002,1960-79,0.163,0,1,Brooklyn,100,10.095855152214432
14024,4.3067641501733345,11.596457462600334,1930-59,0.166,0,0,Brooklyn,100,11.038339833689014
14025,4.3254562831854875,11.189312196300184,1930-59,0.16899999999999998,0,0,Brooklyn,100,10.227633961273202
14026,4.417635062141249,11.77012255640929,1960-79,0.165,0,1,Brooklyn,100,9.587875976184952
14030,4.7318028369214575,10.932410298526829,pre-1930,0.10099999999999999,0,1,Queens,100,10.90044852665249
14033,4.168214410788556,11.238488619268468,1930-59,0.166,0,0,Brooklyn,100,8.421052631578949
14035,4.499809670330265,11.063743551416792,pre-1930,0.17800000000000002,0,0,Brooklyn,100,10.18569301888271
14036,4.220977213155467,11.040679323171712,1930-59,0.162,0,0,Queens,100,9.46119307248236
14037,4.23410650459726,11.426452125030885,pre-1930,0.156,0,0,Brooklyn,100,7.959352784683152
14038,3.0106208860477417,10.47751330218821,pre-1930,0.848,0,0,Brooklyn,100,6.195786864931846
14039,4.366912996863833,10.288443784012753,pre-1930,0.155,0,0,Brooklyn,100,13.949848593106733
14040,4.174387269895637,11.040679323171712,1930-59,0.145,0,0,Queens,100,9.46119307248236
14042,4.356708826689592,11.16434623356714,1930-59,0.171,0,0,Brooklyn,100,11.053011945755218
14043,4.539030383483547,10.79939188675334,1930-59,0.18100000000000002,0,0,Bronx,100,10.614194443877448
14045,4.473921899378137,10.763631123787283,1930-59,0.157,0,0,Brooklyn,100,10.577533319229957
14046,4.412798293340635,12.04192297533256,1930-59,0.11900000000000001,0,0,Brooklyn,100,10.134159777991199
14047,4.470495282661489,11.775097403251916,1960-79,0.237,0,0,Brooklyn,100,8.693979611463744
14048,4.9924713234685845,10.219866405309856,pre-1930,0.175,0,0,Brooklyn,100,13.118099333163284
14050,2.8094026953624978,11.378833915487142,1960-79,0.742,0,0,Unknown,100,8.347531760643102
14051,5.395897694886901,11.218755726382893,2000-09,0.102,0,0,Bronx,100,8.454673555659934
14052,4.072439726834051,10.76629311593663,2000-09,0.299,0,0,Manhattan,100,7.806565954932905
14053,3.7612001156935624,10.558932865912062,2000-09,0.506,0,0,Manhattan,100,7.528556593977155
14054,4.476199804691132,10.638975573585599,1930-59,0.16399999999999998,0,1,Queens,100,13.898873711957824
14055,4.811371016571989,10.72961284769053,pre-1930,0.158,0,0,Manhattan,100,8.973713585326884
14064,4.475061500641071,10.502049290606205,1960-79,0.18899999999999997,0,0,Brooklyn,100,11.81643308601264
14065,4.570578741218473,10.57928509476096,1960-79,0.17,0,0,Brooklyn,100,11.446886446886447
14066,4.1666652238017265,10.492384711722273,1960-79,0.14300000000000002,0,1,Manhattan,100,21.08768035516093
14067,3.7062280924485496,11.289781913656018,2000-09,0.7509999999999999,0,0,Queens,100,10.5
14072,4.198704577546343,11.59553717761517,1960-79,0.171,0,0,Brooklyn,100,9.391227488675284
14076,4.44500143383527,10.540831283230636,pre-1930,0.153,0,0,Brooklyn,100,9.780855957069972
14078,4.457829598089382,11.064542417382945,2000-09,0.392,0,0,Brooklyn,100,10.334137099552187
14085,4.394449154672439,12.917931171880667,1980-99,0.35200000000000004,0,0,Manhattan,100,9.912772509231884
14090,3.6428355156125294,10.609526278887303,2000-09,0.494,0,0,Queens,100,4.935955971272736
14091,4.074141854904581,10.562560752762321,2000-09,0.544,0,0,Manhattan,100,5.949301603724781
14092,4.505349850705881,11.625208961400443,2000-09,0.433,0,0,Manhattan,100,5.452124093919542
14106,3.4781584227982836,10.644853305366548,2000-09,1.0,0,0,Brooklyn,90,8.576329331046312
14110,4.330733340286331,11.936656071885237,1980-99,0.257,0,0,Manhattan,100,11.062743429450462
14111,4.641502115235482,11.184421397998193,pre-1930,0.31,0,0,Manhattan,100,27.916666666666668
14112,4.139955073474153,10.933106969717286,1930-59,0.122,0,0,Brooklyn,100,8.928571428571429
14116,3.4307561839036995,11.037949494097935,2010+,1.0,0,0,Brooklyn,95,12.381411802540601
14117,3.756538102587751,10.338284900005577,2010+,1.0,0,0,Brooklyn,90,10.682031528177905
14118,3.8044377947482086,13.169626662200795,1930-59,0.353,0,0,Manhattan,100,3.7771914864393104
14128,4.545420181582317,10.161341661525732,pre-1930,0.142,0,1,Brooklyn,100,11.204265347911756
14130,4.56746831880408,10.573749860558614,2000-09,0.27399999999999997,0,0,Bronx,100,15.347231103721704
14131,4.876722876509988,10.181119289134408,2000-09,0.228,0,0,Bronx,100,16.666666666666668
14132,4.870606649492553,10.421685930631531,2000-09,0.23199999999999998,0,0,Bronx,100,11.911852293031567
14133,5.782285536144145,10.174468433264497,2000-09,0.212,0,0,Bronx,100,15.25262154432793
14134,4.804840381116659,10.424956336400598,2000-09,0.21100000000000002,0,0,Bronx,100,9.201543484713564
14135,5.136386499401816,10.617539693775969,2000-09,0.203,0,0,Bronx,100,9.303464316317786
14138,5.252796851246227,10.394824499718256,2000-09,0.16,0,0,Bronx,100,13.459773631079841
14141,4.810557015713042,10.284659968075248,2000-09,0.22,0,0,Bronx,100,9.904371584699453
14142,4.736198448394496,10.36549051160455,2000-09,0.253,0,0,Bronx,100,11.970389037643722
14143,4.9883896851489355,10.416311178964792,2000-09,0.19699999999999998,0,0,Bronx,100,12.574850299401199
14144,4.706823839714591,10.591873415994362,2000-09,0.217,0,0,Bronx,100,10.04772670183371
14145,4.993149979755236,10.594507472079899,2000-09,0.2,0,0,Bronx,100,12.526619065514218
14147,5.146912912388804,10.708489117870215,2000-09,0.157,0,0,Bronx,95,11.177180667948315
14148,4.882801922586371,10.96263109729387,2000-09,0.21100000000000002,0,0,Bronx,95,11.442837823780298
14149,5.00930107108312,10.783943831401068,2000-09,0.231,0,0,Bronx,95,10.986733001658374
14150,4.477336814478207,11.082142548877775,2000-09,0.14800000000000002,0,0,Bronx,95,11.076923076923078
14151,4.4343818650078095,10.128229825214035,1930-59,0.168,0,0,Manhattan,90,16.37380191693291
14152,4.472780997942346,10.519483673907658,1980-99,0.307,0,0,Manhattan,100,12.692411558196056
14154,4.636668853047462,10.239959789157341,1960-79,0.185,0,0,Manhattan,100,18.214285714285715
14155,4.599152113662528,10.256184595105637,pre-1930,0.17800000000000002,0,0,Manhattan,90,22.840677489633848
14158,4.403054001865957,10.715861170990511,pre-1930,0.341,0,0,Manhattan,100,6.435149228891602
14162,4.364371699435161,10.68670393018494,1960-79,0.252,0,0,Manhattan,95,17.363490975554033
14167,4.375757021660286,10.22284996159088,pre-1930,0.162,0,0,Brooklyn,100,12.715712988192552
14168,4.542230386214217,10.726631762209768,pre-1930,0.126,0,1,Manhattan,100,7.902882356815138
14171,3.9945242269398897,11.70055789408276,pre-1930,0.182,0,0,Manhattan,100,5.6366514974427835
14173,4.280824129164719,10.50133455324175,pre-1930,0.159,0,0,Manhattan,100,10.449895501044988
14175,4.701389043728634,10.604106747934773,pre-1930,0.255,0,0,Brooklyn,100,11.910669975186105
14178,2.8154087194227095,11.463546127272155,1930-59,0.8640000000000001,0,0,Manhattan,100,8.82519804164653
14179,4.0809215418899605,11.4995463625926,pre-1930,0.243,0,0,Manhattan,100,6.283507818913358
14181,4.619073091157083,10.451782356416594,pre-1930,0.121,0,1,Manhattan,100,8.380049702363753
14182,4.255612709818223,10.887436932884098,pre-1930,0.17,0,0,Bronx,100,11.214953271028037
14184,4.3294166844015844,10.761873709908752,pre-1930,0.129,0,1,Bronx,100,8.900756564307965
14188,4.597138014290827,10.206218323189427,pre-1930,0.138,0,0,Queens,100,14.40656052602416
14192,4.4343818650078095,10.373491181781864,pre-1930,0.114,0,0,Brooklyn,100,11.875
14195,4.955122584165997,10.491274217438248,1980-99,0.174,0,0,Unknown,95,11.11111111111111
14197,4.565389315976247,10.318407819415048,2000-09,0.228,0,0,Bronx,95,11.88707280832095
14201,4.533674184283021,10.33481532017002,2010+,0.257,0,0,Queens,100,6.8212824010914055
14203,4.389498649512583,10.558932865912062,pre-1930,0.14300000000000002,0,1,Brooklyn,100,10.124610591900312
14204,3.744787086052232,10.542811926398567,2010+,0.541,0,0,Queens,100,7.387083157450401
14205,4.291828366755733,10.385543262806005,pre-1930,0.172,0,0,Manhattan,100,12.967765839199705
14218,4.414009680526933,10.539588077716799,pre-1930,0.16899999999999998,0,1,Brooklyn,100,12.969138743316924
14220,4.215086179918229,10.668513436561481,1930-59,0.165,0,0,Bronx,100,10.237081501128404
14224,3.8628327612373745,11.183198428253235,2010+,0.6679999999999999,0,0,Bronx,100,12.654355323172767
14225,4.463606621666305,10.717834148497918,1960-79,0.153,0,0,Bronx,100,11.073216104885502
14227,4.294560608892605,10.461244470986552,1930-59,0.157,0,0,Manhattan,100,12.022327179046801
14232,4.312140507209715,12.1431328457563,1960-79,0.172,0,0,Queens,90,8.78594249201278
14234,4.070734696582967,11.052000499657696,1930-59,0.159,0,0,Manhattan,100,7.769145394006659
14235,4.289088639014612,10.81540875189234,1930-59,0.158,0,0,Manhattan,100,9.842915109879074
14239,3.4242626545931514,11.020659866725147,1930-59,0.5589999999999999,0,0,Brooklyn,100,7.525685491787187
14242,4.027135812528651,13.287453997269921,2010+,0.363,0,0,Brooklyn,100,9.393810936837642
14246,4.73356340075649,11.095423200101555,2000-09,0.523,0,0,Manhattan,100,9.56443850673306
14249,3.4531571205928664,10.417508067198638,pre-1930,0.45899999999999996,0,0,Brooklyn,100,12.559808612440191
14254,3.758871825933971,10.308952660644293,1930-59,0.18,0,0,Bronx,100,10.0
14255,4.3425058765115985,10.71049898924512,1930-59,0.239,0,0,Queens,100,11.824022844904515
14256,3.8543938925915096,14.020887615654509,2010+,0.512,0,0,Manhattan,85,6.8160275181842165
14260,4.258445572902527,12.03831058303711,2010+,0.518,0,0,Manhattan,100,2.3653103582853867
14266,4.119037174812473,10.770588040219511,pre-1930,0.21600000000000003,0,0,Brooklyn,100,6.932773109243698
14267,3.828641396489095,12.248729755196154,1980-99,0.735,1,0,Manhattan,95,2.5393357480978938
14269,4.534747721691546,13.275381416035652,1960-79,0.177,0,0,Manhattan,95,4.359220351723866
14281,4.32280727501391,10.341742483467284,pre-1930,0.156,0,1,Queens,100,10.32258064516129
14282,3.380994674344636,10.435585311577658,1960-79,1.0,0,0,Queens,100,12.334801762114537
14283,3.269568939183719,10.275051108968611,pre-1930,0.48700000000000004,0,1,Queens,90,17.586206896551722
14284,4.298645025734831,10.815770263012745,1930-59,0.21,0,0,Brooklyn,100,7.429718875502008
14286,4.220977213155467,11.112447898373103,1930-59,0.14400000000000002,0,0,Brooklyn,100,11.940298507462687
14288,3.490428515390098,10.540725538656556,2010+,1.0,0,0,Brooklyn,100,11.896893588896232
14290,4.507557357121091,10.937561320066667,pre-1930,0.147,0,0,Brooklyn,100,11.377777777777776
14293,4.467056883858457,10.468801361586188,pre-1930,0.158,0,1,Bronx,100,12.215909090909092
14295,4.318820558770089,10.536088233228039,1930-59,0.138,0,1,Queens,100,10.889774236387781
14299,4.8178592793984425,11.684480941611342,1930-59,0.187,0,1,Manhattan,100,12.129890915217118
14300,4.373238128640803,11.484855154375136,pre-1930,0.198,1,0,Manhattan,100,13.884317920026328
14301,5.1149953094204985,12.003729997578548,1960-79,0.10400000000000001,0,1,Manhattan,100,12.548741147016154
14304,4.328098292648326,10.558932865912062,pre-1930,0.115,0,0,Brooklyn,100,10.124610591900312
14305,4.138361447638875,10.363440845928363,pre-1930,0.142,0,0,Brooklyn,100,9.46969696969697
14306,3.0155349008501706,10.974899921277583,1930-59,0.7440000000000001,0,0,Bronx,100,9.590683336187704
14311,4.330733340286331,10.537839686585567,1930-59,0.19899999999999998,0,0,Manhattan,100,12.726694241170856
14312,4.446174454497633,10.728276842147789,1930-59,0.121,0,0,Brooklyn,100,10.519856228631541
14313,4.198704577546343,10.670117509855876,1930-59,0.182,0,0,Queens,100,12.07897793263647
14314,2.3513752571634776,10.731078209645563,1930-59,1.0,0,0,Brooklyn,100,9.17912404930501
14315,3.1484533605716547,11.364146995611325,2010+,0.9940000000000001,0,0,Manhattan,100,7.774786483475678
14316,4.982235819574558,10.736396675471232,1930-59,0.142,0,0,Manhattan,100,13.043478260869566
14317,4.160444363926624,11.234137059688567,1960-79,0.19,0,0,Queens,100,10.83652702524118
14333,4.050044303325521,10.184673571244208,2000-09,0.223,0,0,Brooklyn,100,7.171435041896278
14341,4.475061500641071,10.231351414620741,pre-1930,0.11900000000000001,0,0,Brooklyn,100,11.527377521613833
14342,3.9926809084456005,10.342484143853085,1930-59,0.368,0,0,Queens,100,8.38087870289785
14350,4.3528552573736015,10.685949704772932,1930-59,0.138,0,0,Queens,100,12.346525824816515
14353,4.300002799195291,10.22266829204728,pre-1930,0.166,0,0,Brooklyn,100,13.081395348837209
14354,4.678420647727684,10.366969964791599,pre-1930,0.235,0,0,Brooklyn,100,15.727226975339708
14357,4.624972813284271,10.382450923153336,1930-59,0.14800000000000002,0,0,Queens,100,16.10505450941526
14371,4.359269647551265,10.778956289890028,1930-59,0.15,0,0,Brooklyn,100,9.791666666666666
14374,4.089332020398556,10.784130381163758,1930-59,0.17600000000000002,0,0,Manhattan,100,12.642749072519639
14375,4.493120682179469,10.663825982636396,1930-59,0.146,0,1,Bronx,100,12.856474988312296
14377,4.275276264727001,10.468801361586188,pre-1930,0.12,0,0,Brooklyn,100,7.670454545454545
14380,4.468204330914934,12.955266928207434,1960-79,0.257,0,0,Manhattan,100,20.209947075939763
14382,4.215086179918229,10.254813214543644,pre-1930,0.177,0,0,Bronx,100,9.852563425877054
14385,5.096812990337308,10.470731316206917,pre-1930,0.254,0,1,Manhattan,100,12.759441987070431
14387,3.8437441646748516,10.266079953738897,2000-09,0.37200000000000005,0,0,Brooklyn,100,7.654570126300406
14389,3.481240089335692,11.514464280386246,2000-09,0.617,0,0,Bronx,100,4.592926892585418
14390,3.927896354584436,10.803242315770184,2000-09,0.336,0,0,Brooklyn,100,6.506710044733631
14394,3.4719664525503626,10.218918537940311,1930-59,0.462,0,0,Brooklyn,100,5.83579530947952
14395,4.041295341132285,10.456654016791644,1930-59,0.179,0,0,Bronx,100,8.914450035945363
14396,2.9496883350525844,10.413432788874811,1960-79,0.74,0,0,Bronx,100,11.109776603411001
14397,3.624340932976365,10.480381776271823,1930-59,0.272,0,0,Manhattan,100,10.109519797809604
14398,4.33204826486764,10.342000514690493,1930-59,0.17,0,1,Bronx,100,12.254901960784313
14399,4.33990170837321,10.826416204590467,1960-79,0.355,0,0,Queens,100,9.139133371744185
14401,4.32280727501391,10.494408190299962,pre-1930,0.15,0,0,Bronx,100,9.691800736576855
14403,4.279440045898781,10.3298657822245,2000-09,0.26,0,0,Queens,100,6.5286936084089575
14404,4.258445572902527,11.196857635323791,1960-79,0.138,0,0,Queens,100,10.42509704942319
14405,4.070734696582967,10.126631103850338,1930-59,0.237,0,0,Bronx,100,13.2
14406,3.9473901492654373,10.548153271273168,1980-99,0.402,0,0,Queens,100,8.397407300495972
14408,4.33729074083249,11.37535162694775,1960-79,0.166,0,0,Queens,100,10.442126521853877
14409,4.394449154672439,10.4341158035983,1930-59,0.12,0,0,Queens,100,11.76470588235294
14410,4.410371107683024,10.487795953061923,pre-1930,0.11900000000000001,0,0,Queens,100,11.149825783972126
14411,4.3463994570307305,11.195773386334416,pre-1930,0.16,0,1,Manhattan,100,9.475158605915794
14412,4.73795129722191,10.44755451008192,pre-1930,0.17600000000000002,0,1,Brooklyn,100,13.0586186883343
14416,3.914021008090819,10.7490553457913,2000-09,0.244,0,0,Queens,100,14.167346413085477
14417,4.091005660956586,10.312413332273273,2000-09,0.242,0,0,Queens,100,7.6401807068828065
14418,4.060443010546419,10.161805178857993,2000-09,0.406,0,0,Queens,100,19.308746862328636
14420,4.460144413937834,10.389948759849503,2000-09,0.228,0,0,Brooklyn,100,13.218161138606254
14421,4.454347296253507,12.232037619057662,1980-99,0.275,0,0,Manhattan,100,10.425750629686107
14425,4.88507207112091,10.292823278714408,pre-1930,0.125,0,1,Manhattan,100,8.130081300813009
14426,4.395682961121367,10.507530258013253,pre-1930,0.12,0,0,Brooklyn,100,10.385351188849413
14427,3.903990833730882,10.396658241063397,pre-1930,0.335,0,0,Manhattan,100,9.770992366412212
14430,4.019980146933238,10.390809107114125,pre-1930,0.369,0,1,Manhattan,75,1.535673700052213
14433,2.9496883350525844,10.596634733096073,pre-1930,0.7340000000000001,0,0,Bronx,100,11.999999999999998
14437,4.562262684976814,10.51867319162636,pre-1930,0.098,0,0,Brooklyn,100,10.54054054054054
14441,4.185098925490565,10.491274217438248,2000-09,0.354,0,0,Unknown,100,10.0
14444,4.128745988939433,10.3797217315325,pre-1930,0.13,0,0,Unknown,100,7.453416149068323
14448,4.351567427189173,11.061939841560255,2010+,0.40299999999999997,0,0,Manhattan,100,7.6923076923076925
14450,4.005513348515485,10.247148176397175,2000-09,0.364,0,0,Brooklyn,100,8.86461953052975
14451,4.3267781604434035,10.42821608147111,pre-1930,0.153,0,0,Brooklyn,100,11.242603550295858
14455,4.8496837630384935,10.331855053861597,pre-1930,0.19399999999999998,0,0,Brooklyn,100,10.750936634631048
14456,3.629660094453965,10.778956289890028,pre-1930,0.248,0,0,Manhattan,100,1.6666666666666665
14458,2.8622008809294686,10.616437360392252,pre-1930,0.8109999999999999,0,0,Queens,100,13.725490196078432
14462,4.852030263919617,10.656317735257247,pre-1930,0.11199999999999999,0,1,Bronx,100,11.775788977861517
14464,4.707726774313183,10.173667349851767,pre-1930,0.11699999999999999,0,0,Brooklyn,100,10.685391543275836
14469,4.231203744939298,10.689669599063263,pre-1930,0.19399999999999998,0,1,Brooklyn,100,10.933940774487471
14486,4.087655574071304,10.192119174023498,1930-59,0.22699999999999998,0,1,Queens,100,14.611119436535292
14487,4.11251186617755,10.734656030993449,1930-59,0.188,0,1,Queens,100,12.630662020905923
14495,4.560172820057356,10.770588040219511,pre-1930,0.18100000000000002,0,0,Bronx,100,9.663865546218487
14501,4.625952725170619,10.270038567145066,pre-1930,0.155,0,0,Manhattan,100,14.902096690348294
14503,3.8308129500026027,10.881813675329736,1980-99,0.642,0,0,Brooklyn,100,9.586466165413533
14506,4.56746831880408,10.17068626604651,1930-59,0.113,0,0,Brooklyn,100,11.482814054964404
14510,4.354141431184346,10.19129461717606,1980-99,0.152,0,0,Manhattan,100,10.498687664041995
14515,4.464758032271346,10.888987132572593,1980-99,0.14400000000000002,0,0,Manhattan,100,8.958065057947483
14516,4.314817884980432,10.901561015825624,pre-1930,0.16699999999999998,0,1,Manhattan,100,11.241960155544497
14517,3.4111477125153233,11.028157375523527,pre-1930,0.363,0,0,Manhattan,100,9.905170174071188
14518,4.3294166844015844,11.734379590007174,1930-59,0.15,0,0,Manhattan,100,7.612850491629872
14525,4.516338972281476,12.810388612383504,1960-79,0.27899999999999997,0,0,Brooklyn,100,9.125683060109289
14529,4.943782987108415,12.718896271958837,1960-79,0.196,0,0,Brooklyn,100,10.0
14534,3.4242626545931514,10.207436597451782,2010+,1.0,0,0,Brooklyn,100,8.85478158205431
14535,4.014579593753238,10.921088609106748,2000-09,0.302,0,0,Bronx,100,8.494334098425837
14537,4.599152113662528,10.23315094722801,pre-1930,0.204,0,0,Manhattan,100,11.99928083423229
14540,4.706823839714591,10.15851729271266,pre-1930,0.336,0,0,Manhattan,100,13.560635412630763
14550,3.9435216724875173,12.392938030151761,2010+,0.382,0,0,Bronx,100,6.760876508235412
14552,4.529368472571809,10.818797803896322,pre-1930,0.196,0,0,Manhattan,100,6.406278152589539
14560,4.314817884980432,10.466810745259872,2010+,0.301,0,0,Manhattan,100,4.269854824935952
14564,4.513054897080286,10.717213856054459,pre-1930,0.136,0,1,Queens,100,12.852900766742012
14565,4.097672352314776,10.37913149526554,2000-09,0.341,0,0,Manhattan,100,9.943755632205338
14572,3.933784497209659,11.93734316599508,1930-59,0.192,0,0,Brooklyn,100,6.80316608883365
14573,4.1956970564823886,10.264478170542462,pre-1930,0.285,0,0,Manhattan,100,12.197246907126678
14575,4.462453883786496,10.283292913863715,pre-1930,0.228,0,0,Manhattan,100,10.259917920656635
14576,4.1059436980654525,11.735068515950855,2010+,0.317,0,0,Bronx,100,9.44944944944945
14580,4.28771595520264,10.819518250604423,pre-1930,0.184,0,1,Manhattan,100,13.40348490607558
14585,4.751864565138895,10.488436862618087,pre-1930,0.12,0,1,Manhattan,100,12.256950247924674
14587,4.506454213048934,11.097410021008562,2000-09,0.17800000000000002,0,0,Bronx,100,12.121212121212121
14588,4.794963757620747,10.540989879128622,1930-59,0.11699999999999999,0,1,Manhattan,100,12.68666578564821
14591,4.255612709818223,10.807705703176014,1930-59,0.182,0,0,Brooklyn,100,9.716599190283402
14596,3.6506582412937387,10.277289980135452,pre-1930,0.516,0,0,Manhattan,100,3.440564252537416
14597,4.6061696863211745,10.299575498831695,pre-1930,0.11699999999999999,0,1,Brooklyn,100,12.113055181695827
14601,4.406719247264253,10.524547794201172,pre-1930,0.22899999999999998,0,1,Queens,95,9.135364608522758
14602,4.286341384539473,10.85963341166499,1930-59,0.127,0,0,Brooklyn,100,9.224914957815233
14604,4.59511985013459,10.645043872303761,1930-59,0.11199999999999999,0,1,Bronx,100,11.432926829268292
14608,2.8622008809294686,10.450799384872528,1930-59,0.7090000000000001,0,0,Bronx,100,8.966793937290293
14609,4.525044141508807,10.532096211958502,pre-1930,0.129,0,0,Bronx,100,9.333333333333334
14613,4.638604962074329,10.740951503864313,pre-1930,0.19399999999999998,0,0,Bronx,100,12.334992425881845
14617,4.355425952876702,11.841408731725942,1980-99,0.26899999999999996,0,1,Bronx,100,9.720202180205348
14619,4.203198967134183,11.313254269841162,pre-1930,0.165,0,0,Bronx,100,5.4945054945054945
14620,4.065602093356446,11.361858359370867,pre-1930,0.188,0,0,Bronx,100,7.559985577873666
14622,4.532599493153256,10.467664351799113,1930-59,0.127,0,0,Brooklyn,100,11.945392491467576
14623,4.504244267398131,11.567924883188834,pre-1930,0.134,0,0,Brooklyn,100,11.736422662653567
14625,4.56954300834494,10.974214637714702,1960-79,0.153,0,0,Queens,100,10.282776349614394
14627,3.475067230228611,10.856245209366943,2000-09,0.34600000000000003,0,0,Queens,100,5.7851399039666775
14631,4.219507705176107,11.114222442341186,1930-59,0.134,0,0,Queens,100,7.896422771495404
14633,4.58700621536042,11.207893754183335,1930-59,0.132,0,0,Queens,100,10.446343779677115
14636,4.6520537718869415,10.988000916824737,1960-79,0.159,0,0,Queens,100,13.522650439486139
14639,4.537961436294641,10.327970666480054,pre-1930,0.201,0,0,Brooklyn,100,11.446886446886447
14640,4.383275854074314,10.284113370630648,pre-1930,0.247,0,0,Brooklyn,100,10.251503553854565
14643,4.379523504455763,10.791358233545207,1980-99,0.281,0,0,Manhattan,100,8.84791868145435
14644,4.255612709818223,10.820338127668798,1980-99,0.377,0,0,Manhattan,100,3.3980970656432397
14646,4.028916756899646,11.4573176130934,1980-99,0.326,1,0,Manhattan,100,7.928872725735007
14647,5.315174483614459,10.294853736264791,pre-1930,0.317,0,1,Manhattan,85,5.409060175794456
14649,5.0363030408448335,10.367127224695365,pre-1930,0.08,0,1,Manhattan,100,11.636317891624998
14650,3.190476350346503,10.25061708363133,pre-1930,0.397,0,0,Brooklyn,100,3.8869257950530036
14655,4.203198967134183,10.707102186122045,1980-99,0.239,0,0,Manhattan,100,12.311962750716331
14658,3.7819143200811256,10.453485811376591,2000-09,0.302,0,0,Manhattan,100,5.769508149430262
14660,4.244200317766478,10.204480639047581,1980-99,0.298,0,0,Brooklyn,100,7.400828892835998
14661,3.7376696182833684,10.725753278416203,1960-79,0.29100000000000004,0,0,Queens,95,13.402764045437566
14663,5.095588999976419,10.428511895701932,1980-99,0.158,0,0,Manhattan,100,7.394262052647146
14668,4.034240638152395,10.187312194660604,1930-59,0.48200000000000004,0,0,Manhattan,100,13.175726547206745
14670,4.00369019395397,10.354754236444899,1930-59,0.552,0,0,Manhattan,100,6.049799401388269
14671,3.970291913552122,10.279317855514602,1930-59,0.5660000000000001,0,0,Manhattan,100,2.0601565718994643
14672,4.212127597878484,11.580041910403772,1930-59,0.28800000000000003,0,0,Manhattan,100,7.387181836883545
14675,4.3489867805956814,10.699168757989717,pre-1930,0.204,0,0,Manhattan,100,11.281843001872787
14677,4.22829253473184,10.676715901568445,pre-1930,0.16399999999999998,0,1,Manhattan,100,8.076612437983155
14679,3.6402142821326553,10.73241048027168,1930-59,0.574,0,0,Brooklyn,100,8.730383918632821
14680,3.996364153861897,10.232503488480885,pre-1930,0.311,0,0,Manhattan,100,8.635578583765112
14682,4.598145571051127,10.31728452076383,pre-1930,0.122,0,0,Brooklyn,100,11.56986545899309
14684,4.3134800921387715,10.289599932128478,1930-59,0.149,0,0,Brooklyn,100,11.214953271028037
14686,4.301358731606427,10.149292386393418,1930-59,0.608,0,0,Manhattan,100,8.602823290188871
14688,4.469350462845557,10.307618437631156,pre-1930,0.12300000000000001,0,0,Brooklyn,100,10.68090787716956
14690,4.146304301152812,10.66282033455183,pre-1930,0.22699999999999998,0,0,Brooklyn,100,12.40143201441374
14693,2.6946271807700692,10.957154775161069,pre-1930,1.0,0,0,Unknown,100,12.551644788452487
14696,4.3134800921387715,10.558932865912062,pre-1930,0.131,0,0,Queens,100,10.903426791277258
14697,4.502029427068578,10.406170111359652,pre-1930,0.096,0,0,Queens,100,10.58585125366724
14698,4.607168188650764,10.376611309118108,1930-59,0.203,0,0,Brooklyn,100,9.968847352024921
14699,4.680277658474897,10.330192163636712,1930-59,0.146,0,0,Queens,100,12.400469912544054
14702,4.449685283147696,10.614400974640018,1930-59,0.115,0,0,Brooklyn,100,11.543090109782156
14709,3.005682604407159,10.292145542327912,pre-1930,0.628,0,0,Queens,100,11.864406779661016
14711,4.231203744939298,10.617172384313621,1960-79,0.278,0,0,Queens,100,9.796718099436688
14713,4.318820558770089,10.439980923050696,pre-1930,0.179,0,0,Manhattan,100,14.32748538011696
14714,4.3294166844015844,10.134599273499514,1980-99,0.168,0,0,Manhattan,100,15.873015873015873
14715,2.8094026953624978,10.390225380773028,1980-99,0.779,0,0,Manhattan,100,12.292562999385371
14716,3.1986731175506815,10.618396224877586,pre-1930,0.7659999999999999,0,0,Bronx,100,11.986301369863014
14717,2.928523523860541,10.683500266117655,pre-1930,0.7070000000000001,0,0,Bronx,100,15.585606234242494
14718,4.034240638152395,11.526374618294232,1980-99,0.6709999999999999,0,0,Manhattan,100,7.695798883122522
14723,4.258445572902527,10.813136275021739,pre-1930,0.276,0,0,Brooklyn,100,8.455978578187601
14729,4.547541073151455,10.673780942272726,pre-1930,0.175,0,0,Manhattan,100,9.720422144047399
14732,4.406719247264253,11.154906761447997,1930-59,0.228,0,0,Brooklyn,100,7.295511114925757
14735,4.2626798770413155,11.386182407942334,pre-1930,0.16399999999999998,0,0,Queens,100,13.167453686887033
14738,4.384523514872469,11.287679705564148,1960-79,0.16,0,1,Queens,100,11.023148612085379
14739,4.023564380161053,11.544424132029599,1930-59,0.175,0,0,Queens,100,8.13953488372093
14740,4.592084946439436,11.27720313144916,1930-59,0.146,0,1,Queens,100,10.759493670886076
14742,4.460144413937834,11.410095079166027,1930-59,0.149,0,0,Brooklyn,100,10.972203750498736
14744,2.9338568698359038,11.385092093460344,pre-1930,0.677,0,0,Queens,100,10.681818181818182
14746,4.09933210373314,10.211927678072419,2000-09,0.37200000000000005,0,0,Manhattan,100,12.120766913979283
14747,4.130354999745133,11.635744686615075,pre-1930,0.324,1,0,Manhattan,100,1.5919623589344465
14750,4.589040804058207,10.690716886457212,pre-1930,0.152,0,0,Manhattan,95,18.88681563737314
14752,4.130354999745133,10.373491181781864,pre-1930,0.259,0,1,Manhattan,100,10.937500000000002
14757,4.509760001183433,11.002099841204238,2000-09,0.22899999999999998,0,0,Brooklyn,100,9.5
14758,4.152613470346076,10.379970147879572,2000-09,0.239,0,0,Manhattan,100,8.38301043219076
14760,4.763881877142913,10.327119964599742,pre-1930,0.142,0,0,Queens,100,18.985270049099835
14761,4.824305715904762,10.327119964599742,pre-1930,0.134,0,0,Queens,100,18.985270049099835
14762,4.428433007488037,10.588501749865884,1930-59,0.14,0,0,Manhattan,100,10.081661457808247
14767,4.375757021660286,10.203592144986466,pre-1930,0.12300000000000001,0,0,Brooklyn,100,11.851851851851851
14776,4.507557357121091,10.341742483467284,1930-59,0.09699999999999999,0,0,Brooklyn,100,11.935483870967742
14777,4.280824129164719,11.335901849269572,1930-59,0.16899999999999998,0,0,Unknown,100,10.026737967914439
14782,4.385769620952716,10.42540147328754,pre-1930,0.13699999999999998,0,0,Queens,100,11.570983533600355
14784,4.183575695950044,10.61351643196459,1980-99,0.23600000000000002,0,0,Manhattan,100,8.603524987094712
14786,4.537961436294641,10.7350479402497,1930-59,0.134,0,0,Manhattan,100,11.31960468457486
14788,4.388257184424518,10.815770263012745,pre-1930,0.139,0,0,Brooklyn,95,8.23293172690763
14789,4.511957804265912,10.477175293058746,pre-1930,0.139,0,0,Brooklyn,95,9.578544061302681
14790,4.820281565605037,10.539588077716799,1930-59,0.114,0,0,Manhattan,100,13.76316764596898
14791,4.785823685681349,11.104295353518907,1930-59,0.136,0,0,Bronx,100,10.081858673407968
14792,4.712229258281499,10.491274217438248,pre-1930,0.113,0,0,Brooklyn,100,10.555555555555555
14793,3.2771447329921766,10.469255803766243,2010+,1.0,0,0,Brooklyn,100,12.494320763289414
14794,4.770684624465665,11.104295353518907,1930-59,0.129,0,0,Bronx,100,10.081858673407968
14806,4.206184043977636,10.203592144986466,1930-59,0.32799999999999996,0,0,Brooklyn,95,7.407407407407407
14809,4.3694478524670215,10.336470546681031,1930-59,0.183,0,1,Manhattan,100,13.620001945714563
14810,4.361823927356363,10.704591874601165,1930-59,0.132,0,0,Bronx,100,6.956912028725314
14811,4.694096395182493,10.14878390849147,1930-59,0.11,0,0,Brooklyn,100,10.172143974960877
14815,4.005513348515485,10.56346567170456,2010+,0.331,0,0,Queens,100,7.752939656286341
14823,4.735320870453137,10.533961138568015,2000-09,0.33799999999999997,0,0,Manhattan,95,13.574660633484163
14824,4.700480365792417,10.358250632365579,pre-1930,0.138,0,0,Manhattan,95,9.518974489148368
14825,3.929862923556477,11.154606312919007,2000-09,0.359,0,0,Bronx,95,9.01481004507405
14832,3.835141961092188,10.989470424804097,2010+,0.46399999999999997,0,0,Queens,95,10.971019629685891
14835,4.624972813284271,10.175192670464767,pre-1930,0.203,0,0,Bronx,100,7.620789513793629
14836,4.693181063310805,10.227091634163973,pre-1930,0.159,0,0,Bronx,100,7.235366471311772
14841,4.29592393562047,10.294684688846587,pre-1930,0.122,0,0,Brooklyn,100,12.172442941673712
14844,3.417726683613366,10.279146161061627,pre-1930,0.508,0,0,Brooklyn,100,6.868367732408394
14846,4.378269585796169,10.152883474994404,2000-09,0.415,0,0,Brooklyn,100,5.454899668809663
14848,3.906004933102583,10.375457996333441,pre-1930,0.214,0,0,Manhattan,100,6.237719489754546
14849,4.366912996863833,11.465833857436378,1930-59,0.16,0,0,Manhattan,100,9.119496855345913
14853,4.5591262474866845,10.294853736264791,1930-59,0.145,0,0,Brooklyn,100,11.494252873563218
14854,4.33729074083249,10.469028608490927,1930-59,0.193,0,0,Brooklyn,100,9.940922517609634
14855,4.765586907393996,10.407892608499196,pre-1930,0.188,0,0,Queens,100,12.983091787439614
14857,4.634728988229636,10.406623687817738,pre-1930,0.12,0,0,Queens,100,13.60420823508072
14858,4.378269585796169,10.647993025371216,pre-1930,0.17800000000000002,0,0,Manhattan,100,11.39925904816187
14859,4.758749273916392,10.173132937501757,pre-1930,0.248,0,0,Brooklyn,100,11.45475372279496
14860,4.520701029361642,10.411810046084,1930-59,0.168,0,0,Manhattan,100,15.639097744360901
14862,4.216562194946349,10.491274217438248,pre-1930,0.159,0,0,Queens,100,10.833333333333332
14863,4.5031374604229395,10.747207591575448,1930-59,0.157,0,0,Queens,100,11.61290322580645
14864,4.544358046591334,10.814162545624647,pre-1930,0.15,0,0,Bronx,100,9.452936444086887
14865,4.602165676967792,10.29728485577661,pre-1930,0.12300000000000001,0,0,Brooklyn,100,11.803588290840414
14866,4.405498990859024,10.441149830255679,pre-1930,0.138,0,0,Brooklyn,100,12.558411214953273
14867,3.4307561839036995,10.582282226871673,pre-1930,0.134,0,1,Manhattan,100,5.07227998985544
14868,4.751000634199631,10.601000190605713,pre-1930,0.22399999999999998,0,0,Bronx,100,10.703173615432483
14869,4.513054897080286,10.370423982732394,pre-1930,0.165,0,0,Manhattan,100,14.105698702275719
14870,4.310799125385514,10.558413520275876,1930-59,0.19,0,0,Bronx,100,10.649350649350648
14871,4.716711560720999,10.21280880009139,pre-1930,0.124,0,1,Bronx,100,13.577981651376147
14873,4.55597994179732,10.513524826373066,pre-1930,0.20600000000000002,0,0,Bronx,100,10.051616408584623
14874,4.416428061391214,10.66723298194161,1930-59,0.17300000000000001,0,0,Manhattan,100,10.017238969389181
14875,4.3463994570307305,10.596634733096073,1930-59,0.012,0,1,Bronx,90,8.75
14879,4.468204330914934,11.164955380709173,pre-1930,0.341,0,0,Manhattan,100,2.265903812383164
14894,4.628886712605407,10.293161974737968,pre-1930,0.13,0,1,Manhattan,100,9.143244158482899
14895,4.627909672957581,10.874266469694353,pre-1930,0.155,0,1,Manhattan,100,17.424242424242422
14896,4.548599834499697,10.896739325546411,pre-1930,0.23399999999999999,0,1,Manhattan,100,7.037037037037036
14897,4.700480365792417,10.896739325546411,pre-1930,0.287,0,1,Manhattan,100,7.962962962962963
14898,4.8154311114712876,10.518727244219548,pre-1930,0.151,0,0,Manhattan,100,11.350737797956867
14899,4.4355674016019115,10.896739325546411,1930-59,0.131,0,0,Brooklyn,100,13.333333333333332
14900,4.816241156068032,10.435291582687311,pre-1930,0.124,0,0,Manhattan,100,15.569917743830787
14904,3.6054978451748854,10.507776196611822,2010+,0.48200000000000004,0,0,Queens,100,12.022186398535478
14908,4.356708826689592,10.210457413895194,1930-59,0.134,0,1,Queens,100,6.253218568380785
14909,3.8088822465086327,10.311914935439406,2000-09,0.39299999999999996,0,0,Queens,100,9.305726345175978
14910,3.730501128804756,10.593153681259418,2000-09,0.36200000000000004,0,0,Queens,100,7.024409824138882
14912,4.301358731606427,10.221941283654663,pre-1930,0.17,0,1,Queens,100,12.727272727272728
14918,4.410371107683024,10.395252673563377,pre-1930,0.15,0,0,Brooklyn,100,12.842465753424657
14919,3.758871825933971,11.539284980189086,pre-1930,0.39299999999999996,0,0,Unknown,100,3.4089470249632323
14920,4.784152841516532,10.453485811376591,pre-1930,0.156,0,0,Manhattan,100,12.981393336218089
14921,4.377014092850337,10.431465235119685,pre-1930,0.314,0,0,Brooklyn,100,12.385726924211147
14923,4.448516375942715,10.656976962102235,1930-59,0.14,0,0,Brooklyn,100,9.885144040670307
14926,3.6082115510464816,10.333320017092587,pre-1930,0.37799999999999995,0,0,Manhattan,100,2.277163305139883
14927,4.448516375942715,10.420643099996989,pre-1930,0.17800000000000002,0,0,Bronx,100,11.328066775972575
14929,4.582924577040772,10.709963418403076,pre-1930,0.147,0,0,Queens,100,12.276785714285714
14930,4.5031374604229395,10.775700997169356,1960-79,0.19,0,0,Queens,100,13.167795334838223
14931,4.526126978647638,10.370988051563746,1930-59,0.185,0,0,Queens,100,14.411027568922306
14932,4.672828834461906,12.532036288355599,1930-59,0.318,0,0,Manhattan,100,8.409336167724751
14933,3.9889840465642745,10.33543229344867,2000-09,0.544,0,0,Manhattan,95,3.246226261970459
14934,4.030694535145645,11.219520380615352,2010+,0.512,0,0,Brooklyn,100,6.973126642707719
14935,4.611152257665639,10.257659366256743,pre-1930,0.18,0,0,Queens,100,13.333333333333332
14936,3.3945083935113587,10.75683848463641,1960-79,0.5870000000000001,0,0,Queens,100,13.631522896698614
14937,4.636668853047462,10.596709730283713,1930-59,0.255,0,0,Manhattan,100,15.248856335774816
14939,4.3067641501733345,10.681435334788539,1930-59,0.172,0,0,Queens,100,7.349563619660083
14940,4.279440045898781,10.681435334788539,1930-59,0.17300000000000001,0,0,Queens,100,7.349563619660083
14941,4.237000862623624,10.681435334788539,1930-59,0.187,0,0,Queens,100,7.349563619660083
14946,4.131961425793407,10.681435334788539,1930-59,0.20600000000000002,0,0,Queens,100,7.349563619660083
14949,4.359269647551265,10.681435334788539,1930-59,0.14800000000000002,0,0,Queens,100,7.349563619660083
14952,4.207673247529104,10.681435334788539,1930-59,0.17300000000000001,0,0,Queens,100,7.349563619660083
14958,4.251348311031766,10.681435334788539,1930-59,0.172,0,0,Queens,100,7.349563619660083
14964,4.204692619390966,10.681435334788539,1930-59,0.14300000000000002,0,0,Queens,100,7.349563619660083
14969,4.168214410788556,10.453572350254236,1930-59,0.11900000000000001,0,1,Brooklyn,100,10.095765547478944
14971,3.7400477406883357,10.778956289890028,1930-59,0.29100000000000004,0,0,Queens,100,8.125
14973,4.592084946439436,10.541333417310984,1930-59,0.18600000000000003,0,0,Queens,100,12.418093426336927
14974,4.467056883858457,10.784192556685275,1930-59,0.151,0,0,Queens,100,10.984000663184945
14977,4.063885354737392,10.712081708954909,2010+,0.402,0,0,Bronx,100,13.810001113709767
14980,4.0163830207523885,12.536268081331187,2010+,0.606,0,0,Brooklyn,95,8.481642275955263
14985,4.012772908528289,11.693228318887263,2010+,0.758,0,0,Brooklyn,100,7.515155563720169
14986,3.4965075614664802,11.156221949194753,2010+,0.782,0,0,Brooklyn,100,7.285922454927284
14990,4.146304301152812,10.77285437769856,1930-59,0.615,0,0,Manhattan,100,3.7729521254296974
14991,4.309455941839047,11.255552722105358,1930-59,0.133,0,0,Queens,100,9.313395767579035
15004,2.8507065015037334,10.243097717848269,pre-1930,0.991,0,0,Manhattan,100,2.1361435488464826
15011,4.5736795188967205,10.3797217315325,1930-59,0.152,0,1,Bronx,100,11.180124223602483
15014,4.454347296253507,10.248494691607178,pre-1930,0.154,0,0,Manhattan,100,12.393767705382436
15016,4.558078578454241,10.747207591575448,1930-59,0.156,0,0,Manhattan,100,11.18279569892473
15017,4.751000634199631,10.239781201782993,pre-1930,0.14300000000000002,0,0,Manhattan,100,10.716199321307377
15018,4.565389315976247,10.313608472180487,pre-1930,0.205,0,0,Manhattan,100,10.6171201061712
15019,4.688591794127164,10.435291582687311,pre-1930,0.19,0,0,Manhattan,100,15.569917743830787
15022,4.6210435351443815,10.737483041683452,pre-1930,0.152,0,0,Manhattan,100,12.37785016286645
15024,4.289088639014612,10.263118124300494,1930-59,0.281,0,1,Manhattan,95,12.56281407035176
15026,3.9415818076696905,11.167826121648497,2000-09,0.741,0,0,Manhattan,100,6.637011932500176
15028,4.180522258463153,10.737287582843205,2000-09,0.586,0,0,Manhattan,100,2.6063725809604485
15029,4.859036909945142,10.239173766036377,2000-09,0.514,0,0,Manhattan,100,1.7871184502108801
15034,4.504244267398131,10.212441760263449,pre-1930,0.402,0,0,Manhattan,100,4.405286343612335
15039,4.01096295328305,10.638064542859214,pre-1930,0.187,1,0,Manhattan,95,9.834020915283508
15040,5.03500265054455,10.859152831884305,pre-1930,0.263,0,0,Manhattan,100,11.536686663590217
15041,4.223909766576744,10.613418101130419,pre-1930,0.163,0,1,Manhattan,100,8.850210192492073
15047,4.3476939555933765,11.11095424611632,1980-99,0.452,0,0,Manhattan,100,13.60239162929746
15051,4.575741375297279,10.381273322223919,pre-1930,0.132,0,0,Brooklyn,100,11.162790697674417
15062,4.314817884980432,11.49272275765271,1930-59,0.16899999999999998,0,0,Queens,100,11.428571428571429
15064,4.312140507209715,11.45856431161726,1960-79,0.168,0,0,Queens,100,9.925139110327425
15065,4.39197696552705,11.211914962307114,1960-79,0.172,0,0,Queens,100,11.890767089599633
15066,4.180522258463153,10.408797995614009,1930-59,0.19699999999999998,0,1,Brooklyn,100,6.93815987933635
15067,4.657762636107262,10.260182496274863,pre-1930,0.12300000000000001,0,0,Brooklyn,100,13.999720005599888
15072,4.558078578454241,10.52567564415558,1980-99,0.19899999999999998,0,0,Queens,95,9.930220075147611
15077,4.001863709427935,11.255035177326183,1960-79,0.16899999999999998,0,0,Brooklyn,100,7.376921882279857
15087,4.378269585796169,11.701303643346714,1960-79,0.17800000000000002,0,0,Queens,100,8.117353742679887
15088,4.178992036282385,10.86582182291161,1930-59,0.17300000000000001,0,0,Manhattan,100,7.831003132401253
15089,4.183575695950044,10.285445178842252,pre-1930,0.22,0,1,Manhattan,100,9.896597617991333
15100,4.4520190064939165,11.396683740882667,1930-59,0.13699999999999998,0,0,Brooklyn,100,6.851930896592007
15101,4.341204640153626,11.438255796633198,1930-59,0.162,0,0,Brooklyn,100,8.727978018425732
15107,3.487375077903208,10.205183470748327,2000-09,0.9,0,0,Manhattan,100,3.6978145915763783
15109,4.115779842942166,10.849628306379168,2000-09,0.546,0,0,Brooklyn,100,9.9000291177327
15110,4.368181227851829,10.250086907777256,pre-1930,0.23399999999999999,0,0,Manhattan,100,10.606328442637441
15115,3.7376696182833684,10.238959288823757,1930-59,0.309,0,0,Unknown,100,11.797511797511799
15117,4.075841090657541,11.197625505481774,2000-09,0.631,0,0,Unknown,100,6.305083816494648
15122,3.299533727885655,10.33834963749508,1930-59,0.563,0,0,Brooklyn,100,8.739278200356045
15133,5.48728346606066,10.757604963978993,pre-1930,0.354,0,0,Manhattan,100,10.215808964372366
15137,3.937690752176724,10.681710905451192,2010+,0.355,0,0,Queens,100,8.954812637766349
15138,4.699570861409576,10.439980923050696,1930-59,0.129,0,0,Queens,100,11.988304093567251
15139,4.189654742026425,11.899744476742386,pre-1930,0.24600000000000002,0,0,Manhattan,100,5.094105101576456
15141,4.388257184424518,10.669211175914377,2000-09,0.743,0,0,Manhattan,100,3.2549812838576178
15142,3.8437441646748516,10.520833019679792,pre-1930,0.68,0,0,Manhattan,100,1.0787486515641855
15143,4.440295542797857,10.74849708240532,1930-59,0.22899999999999998,0,0,Manhattan,100,2.147766323024055
15159,4.248495242049359,10.322691186754806,1930-59,0.242,0,1,Manhattan,100,8.21962847279303
15161,3.66612246699132,10.849239994559902,pre-1930,0.322,0,0,Manhattan,100,5.825808330905913
15167,4.135166556742356,11.067715906582434,1930-59,0.195,0,0,Brooklyn,100,10.14531208540792
15169,3.8918202981106265,11.667061858981159,2010+,0.32799999999999996,0,0,Brooklyn,100,8.828697552822183
15171,4.3254562831854875,10.329931067029484,pre-1930,0.14400000000000002,0,1,Bronx,90,9.465987726857293
15172,4.59511985013459,10.281923988256374,1930-59,0.142,0,0,Brooklyn,100,13.698630136986301
15174,4.581901559048737,10.476724436423515,pre-1930,0.187,0,0,Bronx,100,12.401352874859075
15175,4.254193263163997,10.643041105910228,pre-1930,0.11699999999999999,0,0,Bronx,100,10.739856801909308
15178,4.535820107853298,10.711747540196578,1930-59,0.135,0,0,Brooklyn,100,16.0427807486631
15180,4.457829598089382,10.21189094780116,pre-1930,0.124,0,1,Brooklyn,100,11.386593204775023
15182,4.742320024135325,10.15073817919357,pre-1930,0.172,0,0,Manhattan,100,18.7426786411558
15186,4.297285406218791,10.685469446796564,1930-59,0.146,0,0,Manhattan,100,10.979961570134504
15191,4.814620410170298,10.736396675471232,pre-1930,0.32899999999999996,0,0,Bronx,100,7.608695652173913
15192,3.487375077903208,10.57172709738989,1960-79,1.0,0,0,Queens,100,13.327865491080582
15194,4.51085950651685,10.426735696300677,pre-1930,0.204,0,0,Bronx,100,9.185185185185185
15196,4.160444363926624,10.696276427422939,2000-09,0.25,0,0,Bronx,100,6.788712633794212
15198,4.772378104971998,10.744688291770704,pre-1930,0.292,0,0,Bronx,100,6.6834831727141415
15199,3.629660094453965,10.362493427572323,pre-1930,0.38299999999999995,0,0,Bronx,100,9.794628751974724
15200,5.825705078613006,10.327970666480054,1930-59,0.084,0,0,Brooklyn,100,12.100994243851387
15211,4.310799125385514,10.645424897265505,1930-59,0.153,0,0,Brooklyn,100,12.142857142857142
15221,4.394449154672439,10.897035577955629,1930-59,0.129,0,0,Manhattan,100,7.960604265402844
15223,4.463606621666305,11.668680571302371,pre-1930,0.585,0,0,Manhattan,100,3.080767453403392
15239,2.990719731730447,10.532096211958502,2010+,1.0,0,0,Brooklyn,100,3.7333333333333334
15244,4.659658371272161,10.373491181781864,pre-1930,0.11900000000000001,0,0,Queens,100,12.1875
15245,4.3054155323020415,10.491274217438248,1930-59,0.13,0,0,Queens,100,12.777777777777779
15247,4.030694535145645,10.313011080771794,2010+,0.847,0,0,Manhattan,100,9.295531505212137
15253,4.642465970731788,10.343676096702678,pre-1930,0.127,0,0,Brooklyn,100,9.658725048293626
15260,4.804840381116659,10.240673819890999,pre-1930,0.10099999999999999,0,0,Manhattan,100,12.491077801570308
15265,4.283586561860629,10.383255851836775,2010+,0.31,0,0,Bronx,100,7.427121371541747
15267,4.454347296253507,10.433998149618517,pre-1930,0.204,0,0,Bronx,100,11.766090128250383
15274,4.037774210733707,10.480100916840122,pre-1930,0.124,0,0,Brooklyn,60,11.235955056179776
15275,4.4331949212482815,10.38591370178042,pre-1930,0.102,0,0,Brooklyn,60,14.19753086419753
15276,4.454347296253507,10.606585063949241,pre-1930,0.06,0,0,Brooklyn,35,10.643564356435645
15277,2.388762789235098,10.31692083029347,pre-1930,1.0,0,0,Brooklyn,70,13.88888888888889
15278,4.903050083416319,10.329310689232171,pre-1930,0.171,0,0,Bronx,100,11.10494169905608
15279,4.359269647551265,10.472204654717896,pre-1930,0.139,0,0,Brooklyn,95,10.192525481313703
15282,4.61512051684126,10.714417768752456,pre-1930,0.151,0,0,Bronx,100,9.333333333333334
15283,4.531523645819793,10.685103381083682,pre-1930,0.179,0,0,Bronx,100,8.695652173913043
15284,4.648229675448539,10.19241884438834,pre-1930,0.146,0,0,Bronx,100,7.490636704119851
15288,3.242592351485517,10.439659233887385,2010+,0.527,0,0,Brooklyn,100,10.822194273011787
15290,3.8066624897703196,10.486959366286973,pre-1930,0.5329999999999999,0,0,Manhattan,100,4.463662993443995
15292,3.591817741270805,10.757328247537078,pre-1930,0.857,0,0,Brooklyn,100,9.579971472973837
15296,4.73444252169223,10.146433731146518,pre-1930,0.106,0,0,Queens,95,14.11764705882353
15297,4.804021044733257,10.354563171896345,pre-1930,0.10400000000000001,0,0,Queens,100,12.738853503184712
15299,4.363098624788363,11.73385857505829,1980-99,0.187,0,0,Brooklyn,100,9.300535582566306
15301,4.207673247529104,10.91483388635787,1930-59,0.151,0,0,Queens,100,11.821190848579638
15302,3.6375861597263857,11.227786821924543,pre-1930,0.373,0,1,Manhattan,100,2.393903525687915
15303,4.192680462942962,11.628822278382941,pre-1930,0.23399999999999999,0,1,Manhattan,100,4.809062410943289
15308,4.302712827954156,10.308952660644293,1960-79,0.604,0,0,Brooklyn,100,11.999999999999998
15309,4.122283930911342,10.348814194069423,pre-1930,0.19899999999999998,0,0,Manhattan,100,5.445227418321588
15312,4.678420647727684,10.48993999442511,1930-59,0.075,0,0,Brooklyn,100,10.847797062750335
15313,3.7612001156935624,10.76305977379872,pre-1930,0.556,0,0,Manhattan,100,4.868446119001757
15315,4.505349850705881,10.39191418135864,2000-09,0.35200000000000004,0,0,Manhattan,100,5.829114894922535
15316,4.477336814478207,10.781660962297154,pre-1930,0.175,0,0,Manhattan,100,8.726366091834615
15332,2.5649493574615367,10.373491181781864,1930-59,0.7759999999999999,0,0,Bronx,100,8.125
15333,4.9082333604781745,10.38591370178042,pre-1930,0.16699999999999998,0,0,Bronx,100,9.567901234567902
15335,4.516338972281476,10.210972252284089,1930-59,0.131,0,0,Brooklyn,100,11.76470588235294
15338,4.505349850705881,10.8187777840767,1930-59,0.098,0,0,Brooklyn,100,9.40940940940941
15339,3.824284091120139,10.983732183846053,2000-09,0.56,0,0,Brooklyn,100,6.4507367420384325
15342,4.21803603456465,11.391446859098352,1930-59,0.14400000000000002,0,0,Queens,100,8.129989498763564
15343,4.683056724645162,10.196604827477849,1930-59,0.15,0,0,Bronx,100,11.561987169923915
15350,4.542230386214217,10.293771338648629,pre-1930,0.126,0,0,Brooklyn,95,11.506700961147963
15351,4.59511985013459,10.943481538715826,pre-1930,0.16899999999999998,0,0,Queens,95,12.194259861444932
15358,4.709530201312334,10.726170654445108,pre-1930,0.13699999999999998,0,1,Queens,100,12.000351401212335
15359,4.508659285607248,10.309419218455934,pre-1930,0.652,0,0,Manhattan,95,11.661224761777838
15360,4.051784947803305,10.136977395904482,pre-1930,0.382,0,0,Brooklyn,100,3.5629453681710217
15362,4.480740107609915,10.982305213876058,1930-59,0.154,0,0,Bronx,100,9.519923840609275
15364,4.1728476237100445,11.155678929132538,pre-1930,0.17,0,0,Bronx,100,8.576329331046312
15365,4.45318382899021,10.84310410971378,1930-59,0.152,0,0,Bronx,100,10.746385306760454
15367,4.735320870453137,10.357107702531339,pre-1930,0.106,0,0,Brooklyn,90,12.071156289707751
15369,4.647271362006727,12.150533508189403,1980-99,0.255,0,0,Manhattan,95,5.126985385448875
15372,3.342861804649192,10.193541809132965,pre-1930,0.45899999999999996,0,0,Manhattan,100,11.22334455667789
15374,4.232656178019613,10.491274217438248,pre-1930,0.179,0,0,Brooklyn,100,12.222222222222221
15375,4.732683506287051,10.4341158035983,1930-59,0.121,0,0,Brooklyn,100,10.588235294117647
15380,4.448516375942715,10.540540458741166,pre-1930,0.183,0,0,Bronx,100,8.990427838595378
15381,4.146304301152812,11.267919666798884,2010+,0.109,0,0,Bronx,100,11.498658489842851
15382,3.655839600035736,10.476668065048885,1960-79,0.693,0,0,Brooklyn,80,7.892214893736964
15384,4.3294166844015844,10.592074350339741,1930-59,0.337,0,0,Manhattan,95,11.552564166959668
15385,4.742320024135325,10.347371770548238,pre-1930,0.14800000000000002,0,0,Bronx,100,11.868484362469928
15391,5.0271645960474665,10.903935592417007,pre-1930,0.098,0,1,Manhattan,100,10.296010296010294
15392,2.681021528714291,10.903935592417007,pre-1930,0.823,0,0,Manhattan,100,9.928295642581356
15393,4.665324108807838,10.638328347645203,2000-09,0.254,0,0,Brooklyn,100,8.392681581660792
15394,3.7909846770510898,10.274361215874674,2000-09,0.408,0,0,Brooklyn,100,11.387163561076605
15398,4.276666119016055,10.411749893898953,pre-1930,0.239,0,0,Manhattan,100,3.609239653512993
15400,4.37197629882038,10.248777937608223,1930-59,0.17,0,0,Bronx,100,9.912206173888418
15402,4.690430029938915,10.290313356425354,pre-1930,0.105,0,0,Brooklyn,100,10.188141003871493
15426,4.182050142641207,10.150894355986017,pre-1930,0.16899999999999998,0,0,Manhattan,100,13.664402280003122
15432,4.361823927356363,10.25600888214987,1930-59,0.139,0,0,Bronx,100,6.326222190981619
15434,4.480740107609915,10.702907332678867,pre-1930,0.166,0,0,Brooklyn,90,13.7124873552883
15435,4.258445572902527,10.494878824141686,pre-1930,0.225,0,0,Brooklyn,95,13.008580127318018
15440,4.136765278106052,10.453341563269596,2000-09,0.324,0,0,Brooklyn,100,8.94402769763416
15442,3.648057459593681,10.151635862839903,2010+,0.568,0,0,Queens,100,10.92341903015644
15444,4.554928969551344,10.544288252723865,pre-1930,0.081,0,0,Bronx,100,10.273972602739725
15446,4.254193263163997,10.221941283654663,2000-09,0.225,0,0,Queens,100,8.363636363636363
15456,4.701389043728634,10.278596540629394,pre-1930,0.133,0,0,Brooklyn,100,10.995430024396109
15457,5.066385309200747,11.156707559430677,2010+,0.207,0,0,Queens,100,4.140964130683116
15469,3.6584202466292277,11.080957231281733,1960-79,0.484,0,0,Bronx,100,9.703802966591192
15473,3.7013019741124933,10.14886215269166,1930-59,0.41200000000000003,0,0,Manhattan,100,12.127376574602925
15479,4.5591262474866845,10.236847809109337,pre-1930,0.14800000000000002,0,0,Manhattan,100,11.46419231182603
15480,4.333361462692601,10.48743351805231,2000-09,0.336,0,0,Manhattan,100,3.9038536612570405
15485,4.308110951723713,10.671255073966524,2000-09,0.225,0,0,Queens,95,9.74500568458665
15488,4.532599493153256,10.583194820729371,pre-1930,0.14800000000000002,0,0,Manhattan,100,12.162367607560938
15490,2.9601050959108397,10.706699167958382,1930-59,0.71,0,0,Manhattan,100,9.6295964527254
15491,4.229749199228304,10.20129320815876,pre-1930,0.2,0,0,Manhattan,100,8.90934739030366
15492,4.543294782270004,10.57095788630609,1960-79,0.215,0,0,Manhattan,100,10.51659570102088
15493,4.28771595520264,10.401106348814837,1930-59,0.175,0,0,Manhattan,100,10.943579766536965
15495,4.428433007488037,10.372553242053888,2010+,0.13699999999999998,0,0,Queens,100,6.568658116984673
15501,4.960043507980195,10.69378412959488,pre-1930,0.248,0,0,Manhattan,100,8.620494090424446
15503,2.785011242238338,10.722584331418851,pre-1930,0.779,0,0,Manhattan,100,10.800326213934627
15505,4.650143551630823,10.964294126468339,pre-1930,0.147,0,1,Bronx,100,11.596912105791533
15507,4.741447804280639,10.606213707876396,1980-99,0.292,0,0,Manhattan,100,15.847468119351243
15508,4.678420647727684,10.41771737543568,2000-09,0.45399999999999996,0,0,Manhattan,100,14.949023828743982
15510,4.050044303325521,10.707281253183137,2010+,0.312,0,0,Brooklyn,100,4.2524619516562225
15514,3.3775875160230218,10.445055743636633,2010+,0.775,0,0,Manhattan,100,3.200093093617269
15521,2.4423470353692043,10.40867732468349,pre-1930,0.998,0,0,Manhattan,100,7.542388221806553
15523,4.829912458665998,11.239672129170568,pre-1930,0.188,0,0,Manhattan,100,8.148245498751479
15524,4.861361591348501,10.72346560226837,pre-1930,0.129,0,0,Manhattan,100,10.570591732916382
15527,3.9646154555473165,10.209684658985623,1930-59,0.905,0,0,Queens,100,4.785569666850727
15529,4.951592753462473,10.307618437631156,pre-1930,0.063,0,1,Brooklyn,100,9.679572763684913
15532,2.975529566236472,10.450596888379366,1980-99,0.643,0,0,Queens,100,9.257919861131203
15534,4.894101477840304,10.77762206687689,1960-79,0.17800000000000002,0,0,Brooklyn,100,11.26502002670227
15535,4.406719247264253,10.607723030081495,pre-1930,0.41200000000000003,0,0,Manhattan,100,7.417297136923305
15537,4.198704577546343,10.611400185296548,pre-1930,0.17300000000000001,0,1,Manhattan,100,11.577780514841729
15538,4.515245478460105,10.590239326007213,1930-59,0.107,0,1,Manhattan,100,12.328594791797709
15541,3.7232808808312687,10.20225792197333,1930-59,0.43,0,1,Manhattan,100,1.8543242842308263
15543,4.32280727501391,10.569700234355869,pre-1930,0.271,0,0,Queens,100,12.58443126075455
15545,3.3978584803966405,11.070521438434008,2010+,0.9159999999999999,0,0,Brooklyn,100,6.5370667247739265
15546,3.730501128804756,10.754364713861957,1930-59,0.514,0,0,Brooklyn,100,8.967843874108553
15547,3.7062280924485496,10.631012004932307,2010+,1.0,0,0,Brooklyn,100,6.763448392473248
15551,3.9589065913269965,10.862128710284015,pre-1930,1.0,0,0,Brooklyn,100,13.22776680789065
15552,3.9415818076696905,11.954465317215384,1960-79,0.282,0,1,Brooklyn,100,9.902900135039546
15554,4.2612704335380815,10.291060207802705,pre-1930,0.18600000000000003,0,0,Bronx,100,11.877290620333921
15557,3.730501128804756,10.399037088749603,pre-1930,0.8340000000000001,0,0,Manhattan,100,4.569270135250396
15558,4.875197323201151,10.240316868254155,pre-1930,0.231,0,0,Manhattan,100,12.495537308104248
15571,4.917788743729904,10.33462040739287,pre-1930,0.11900000000000001,0,0,Bronx,100,10.071474983755685
15578,4.278054044290903,10.219356126832537,1930-59,0.275,0,0,Brooklyn,95,5.833242188924132
15589,3.960813169597578,10.512926984022588,2000-09,0.38799999999999996,0,0,Bronx,95,9.242144177449168
15598,4.869839484130799,13.000351663477348,1960-79,0.233,0,0,Unknown,100,9.535236313433611
15599,2.772588722239781,10.693466481999524,pre-1930,0.7509999999999999,0,0,Bronx,100,9.530941520865953
15601,2.451005098112319,10.419032025002059,pre-1930,0.81,0,0,Bronx,100,9.554805768713983
15602,4.529368472571809,11.08248095315105,pre-1930,0.172,0,0,Manhattan,100,11.842145735289595
15605,4.385769620952716,10.907239560180278,pre-1930,0.239,0,0,Brooklyn,100,10.445299615173171
15608,4.461299815568389,10.750471077810941,pre-1930,0.111,0,0,Brooklyn,100,8.78847637829032
15609,4.574710978503383,10.441149830255679,pre-1930,0.106,0,0,Brooklyn,100,12.266355140186915
15611,3.269568939183719,10.865707216298683,2010+,0.38299999999999995,0,0,Queens,100,4.393505253104107
15612,3.9357395320454622,10.388687628663146,2000-09,0.285,0,0,Brooklyn,100,6.155740227762388
15615,4.14946386144318,11.19500409212388,2000-09,0.193,0,0,Queens,100,7.558475112002858
15618,3.6270040503958487,10.153156182789694,2010+,1.0,0,0,Brooklyn,100,9.738236210657526
15619,3.6635616461296463,10.471468256803178,2010+,0.9009999999999999,0,0,Brooklyn,100,11.333371111237037
15620,3.6988297849671046,10.355359033458448,2010+,1.0,0,0,Brooklyn,100,12.728719172633255
15622,4.186619838331271,11.55214617812351,1930-59,0.268,0,0,Queens,95,10.865384615384615
15623,4.430816798843313,10.295529640312152,1980-99,0.192,0,0,Queens,100,9.45945945945946
15625,4.403054001865957,10.19073202925686,pre-1930,0.2,0,0,Bronx,100,12.005252297880322
15632,4.812184355372417,10.257834789465683,pre-1930,0.14800000000000002,0,0,Bronx,100,13.33099456235748
15633,4.713127327493184,10.54032889688498,pre-1930,0.138,0,0,Bronx,100,12.695054218460724
15634,4.9279780604152466,10.43587895421668,pre-1930,0.187,0,0,Bronx,100,12.037580739870815
15635,4.534747721691546,10.472204654717896,1930-59,0.151,0,0,Manhattan,100,11.891279728199322
15636,4.468204330914934,10.419300717813158,pre-1930,0.147,0,1,Manhattan,100,10.746268656716417
15637,3.9982007016691985,10.63057711727143,2010+,0.306,0,0,Queens,100,7.249703970421208
15640,3.751854253275325,10.178236349576009,2000-09,0.431,0,0,Brooklyn,100,6.457985108646102
15641,4.0809215418899605,10.794911656680155,1930-59,0.379,0,0,Queens,100,8.201427048306405
15647,4.465908118654584,11.116231775249151,pre-1930,0.145,0,1,Manhattan,100,7.58319207779463
15649,4.222444564849416,10.359899228262396,2010+,0.541,0,0,Bronx,100,19.956918398378104
15654,4.351567427189173,11.956431102909736,1980-99,0.35100000000000003,0,0,Manhattan,95,11.616265338604508
15656,4.269697449699962,13.144461407462419,2000-09,0.773,0,0,Manhattan,95,8.431604234973747
15661,4.174387269895637,10.89019946870601,pre-1930,0.292,0,0,Manhattan,95,10.065612883984492
15662,4.7664383335842135,10.317020031722052,pre-1930,0.21100000000000002,0,0,Manhattan,95,8.26637569024237
15666,4.396915247167632,10.777768084253218,pre-1930,0.171,0,0,Manhattan,95,12.51486139791002
15669,3.265759410767051,11.267434049992112,pre-1930,0.982,0,0,Manhattan,95,12.015543511606504
15670,4.275276264727001,13.153732191071873,1980-99,0.249,0,0,Manhattan,95,9.885004448252001
15672,4.833102254034098,10.805476499699424,1960-79,0.115,0,0,Bronx,100,10.549807263136538
15673,5.0363030408448335,10.722716571567151,1960-79,0.09699999999999999,0,1,Bronx,100,11.460055096418733
15676,3.591817741270805,10.675122386144814,2000-09,0.368,0,0,Brooklyn,100,4.853695742615448
15678,3.380994674344636,10.143291544743445,pre-1930,0.7509999999999999,0,0,Bronx,100,12.195121951219512
15683,4.14946386144318,10.392742186373976,pre-1930,0.35600000000000004,0,0,Manhattan,100,3.678499172337686
15685,4.566429357671661,10.558932865912062,pre-1930,0.11900000000000001,0,0,Brooklyn,100,11.941848390446522
15687,4.3476939555933765,10.424778226149883,pre-1930,0.13,0,0,Manhattan,100,7.718798242489016
15688,4.722953221644475,10.196492931019254,pre-1930,0.254,0,0,Unknown,100,10.071244731246969
15689,4.461299815568389,10.776975162084973,pre-1930,0.114,0,0,Bronx,100,9.81108443795011
15690,4.032469158504013,10.37903826821098,2000-09,0.429,0,0,Manhattan,100,4.040027347877432
15692,4.531523645819793,10.426765325491356,pre-1930,0.13,0,0,Bronx,100,10.073775591834316
15694,4.280824129164719,10.15303931712664,2010+,0.382,0,0,Queens,60,8.570649421481164
15698,4.2612704335380815,10.462388799533683,pre-1930,0.154,0,0,Brooklyn,100,9.721229449606861
15699,4.456670177669648,10.270211832327862,1930-59,0.175,0,0,Brooklyn,100,6.93000693000693
15702,4.481871969643598,10.463331885781653,pre-1930,0.111,0,0,Brooklyn,100,11.425959780621572
15704,4.66814498514948,10.43587895421668,pre-1930,0.10400000000000001,0,1,Brooklyn,100,9.982384028185555
15705,2.8449093838194073,10.83192422295384,pre-1930,0.701,0,0,Bronx,100,8.891347730730473
15709,4.483002552013883,11.585757623619898,1930-59,0.125,0,0,Brooklyn,100,10.506252614941193
15713,4.675628649636653,10.414813051343769,pre-1930,0.21100000000000002,0,0,Bronx,100,12.893553223388306
15714,4.390738575275903,13.648416472501086,1960-79,0.214,0,0,Brooklyn,100,8.674892450243464
15717,4.665324108807838,10.48829756939169,pre-1930,0.122,0,0,Queens,100,13.373081102164766
15718,4.877484781308751,10.21464198117305,pre-1930,0.096,0,0,Unknown,100,17.582417582417584
15719,4.872904620630176,10.363440845928363,pre-1930,0.048,0,0,Queens,100,13.257575757575758
15720,4.799914262780603,13.66543506327902,2010+,0.275,1,0,Manhattan,95,9.806621328471852
15736,4.7059200890882344,10.48542380376007,pre-1930,0.141,0,0,Bronx,100,12.293936853869797
15739,4.565389315976247,10.212918885774858,1960-79,0.171,0,0,Staten Is,100,15.411147396616885
15741,4.298645025734831,10.176220948190334,pre-1930,0.563,0,0,Brooklyn,100,9.135548703894028
15742,3.1484533605716547,10.600377719374908,1930-59,0.8640000000000001,0,0,Brooklyn,95,7.471980074719801
15766,4.600157644164547,10.455272761356362,pre-1930,0.105,0,0,Bronx,85,10.078613182826043
15769,4.117409835153096,10.232467506256102,2000-09,0.215,0,0,Brooklyn,100,5.397430822928286
15779,4.514150787600923,10.782076417226271,pre-1930,0.136,0,1,Manhattan,100,9.76116303219107
15788,4.45318382899021,10.80640931667133,1930-59,0.146,0,0,Brooklyn,100,10.945354305172694
15792,4.21803603456465,11.931405510155887,2010+,0.38,0,0,Bronx,95,9.278452275194946
15798,4.599152113662528,10.505067539570582,1930-59,0.146,0,0,Queens,100,12.602739726027398
15799,4.406719247264253,10.562302054015568,pre-1930,0.132,0,0,Brooklyn,100,11.125485122897802
15801,4.722063937459591,10.134599273499514,pre-1930,0.11,0,0,Brooklyn,100,9.523809523809524
15804,3.4307561839036995,10.361987770523434,2010+,0.94,0,0,Queens,95,9.167351583739014
15807,5.1101789244325175,11.232907283075203,2010+,0.726,0,0,Queens,20,7.409661669555553
15809,4.316153890523174,10.44088694523715,pre-1930,0.397,0,0,Manhattan,100,4.381992930384739
15812,4.21803603456465,10.172751039463892,pre-1930,0.278,0,0,Manhattan,100,7.639419404125286
15813,4.532599493153256,10.521372248595526,1930-59,0.133,0,0,Brooklyn,100,11.051212938005392
15816,4.551769409260976,10.318638930233714,pre-1930,0.213,0,1,Queens,100,12.214446058365246
15817,4.578826210648489,10.313343008945585,pre-1930,0.297,0,1,Queens,90,13.274923669188903
15821,2.624668592163159,10.324465052274801,1930-59,0.752,0,0,Bronx,100,8.205060881551741
15826,4.1728476237100445,10.773734345908876,pre-1930,0.195,0,0,Manhattan,100,10.05235602094241
15828,3.5145260669691587,10.673595774232203,1960-79,1.0,0,0,Staten Is,100,12.962962962962962
15829,3.9259259105971376,11.786077485637684,pre-1930,0.405,0,0,Manhattan,100,8.294650331025036
15830,4.310799125385514,10.199137794637085,pre-1930,0.233,0,1,Manhattan,80,16.36904761904762
15831,4.02535169073515,10.178388290623175,pre-1930,0.33399999999999996,0,0,Manhattan,100,18.611364326952295
15850,4.598145571051127,10.203592144986466,pre-1930,0.16399999999999998,0,1,Bronx,90,11.481481481481481
15851,4.235554730773624,12.00610836716337,2000-09,0.27,0,0,Queens,100,7.6945625091601935
15855,4.4331949212482815,12.866500334127188,2010+,0.457,1,0,Manhattan,90,5.76042818321778
15856,4.514150787600923,10.157276693964725,1980-99,0.161,0,1,Unknown,100,13.577469159748624
15857,4.139955073474153,10.242741630531896,pre-1930,0.16899999999999998,0,1,Manhattan,95,12.821426027494836
15859,4.745801315727837,10.473364796894678,pre-1930,0.201,0,0,Bronx,100,7.352733237182207
15860,3.979681653901961,10.715927739284057,1930-59,0.28800000000000003,0,0,Brooklyn,100,7.987929351202627
15861,4.379523504455763,10.566562048839781,pre-1930,0.17600000000000002,0,0,Brooklyn,100,9.017132551848512
15862,4.3476939555933765,10.670535540935608,1930-59,0.17600000000000002,0,0,Bronx,100,10.680783876660165
15863,4.699570861409576,10.51926760951963,pre-1930,0.10800000000000001,0,0,Brooklyn,100,10.534276916428071
15869,4.382026634673881,10.530761988945365,2000-09,0.332,0,0,Queens,100,9.345794392523365
15870,3.856510295497887,10.223394772282646,pre-1930,0.555,0,0,Manhattan,100,3.994190268700073
15871,4.703203926259457,10.332017933575289,pre-1930,0.17,0,0,Brooklyn,100,7.166123778501629
15872,4.410371107683024,10.3637880078829,2000-09,0.19699999999999998,0,0,Queens,90,8.835316020321228
15883,4.3254562831854875,11.373628914283556,2000-09,0.36,0,0,Manhattan,100,2.9886088026023887
15886,4.61015772749913,10.158129770909708,pre-1930,0.19,0,1,Brooklyn,100,13.565891472868216
15888,4.5031374604229395,10.186106830645446,pre-1930,0.276,0,0,Brooklyn,100,13.568521031207597
15889,4.273884476054178,10.187462763056583,pre-1930,0.14300000000000002,0,0,Brooklyn,100,13.173742848539597
15890,4.917788743729904,10.168540506927547,pre-1930,0.128,0,0,Brooklyn,100,13.425393172228615
15891,4.212127597878484,10.555812738575819,1930-59,0.174,0,0,Brooklyn,100,9.114583333333334
15897,4.692264892839025,10.144549604352683,pre-1930,0.134,0,0,Manhattan,100,8.250825082508252
15909,4.599152113662528,10.733130477684611,1930-59,0.15,0,0,Queens,100,12.649945474372956
15910,4.443827035579329,10.694895102263592,1930-59,0.175,0,0,Queens,100,13.142986630410151
15911,4.423648309364701,10.360912399575003,pre-1930,0.14300000000000002,0,0,Brooklyn,90,10.126582278481013
15912,4.543294782270004,10.65225863684407,1930-59,0.147,0,0,Brooklyn,100,11.350737797956867
15914,4.422448549172797,10.328755287940472,1930-59,0.121,0,0,Brooklyn,100,11.437908496732026
15916,4.61512051684126,10.729722277234428,2000-09,0.34700000000000003,0,0,Manhattan,70,14.006215258020747
15920,4.147885329150131,11.163467274651499,1930-59,0.22899999999999998,0,0,Manhattan,100,12.00022692782277
15937,4.249922794040544,10.501774452072114,1930-59,0.19899999999999998,0,0,Queens,100,11.544804837822978
15939,3.9740583963475986,12.203739926856347,1930-59,0.125,0,0,Bronx,100,6.364830054025881
15941,4.543294782270004,11.520238658264454,1960-79,0.25,0,1,Manhattan,100,8.040979212579666
15943,2.8678989020441064,11.082142548877775,pre-1930,0.9990000000000001,0,0,Queens,100,11.999999999999998
15946,3.214867803470662,10.485703172388792,2010+,0.986,0,0,Brooklyn,100,6.70391061452514
15947,4.8993312245375815,10.309285938434412,pre-1930,0.239,0,0,Brooklyn,100,9.99666777740753
15953,3.914021008090819,11.767745962024865,pre-1930,0.49,0,0,Brooklyn,100,9.068150639808406
15954,3.1986731175506815,12.206072645530174,1930-59,0.828,0,0,Manhattan,100,11.999999999999998
15956,4.505349850705881,10.564886034781493,2000-09,0.233,0,0,Queens,100,7.225806451612903
15957,2.89591193827178,10.596634733096073,pre-1930,1.0,0,0,Brooklyn,45,6.75
15959,4.11251186617755,10.920021730168632,pre-1930,0.235,0,0,Bronx,100,12.84556375741786
15962,5.027820118850356,11.01541085526391,pre-1930,0.09,0,1,Manhattan,100,12.005789092822841
15963,4.3425058765115985,10.575155701418948,pre-1930,0.157,0,0,Bronx,100,9.450830140485314
15964,4.278054044290903,10.239959789157341,1930-59,0.16399999999999998,0,0,Brooklyn,100,8.928571428571429
15965,3.2809112157876537,10.459152689774811,pre-1930,0.86,0,0,Manhattan,100,1.7210716539498594
15966,3.877431560658527,10.714417768752456,pre-1930,0.235,0,0,Manhattan,100,6.888888888888888
15969,4.316153890523174,10.710699754384043,pre-1930,0.14,0,0,Bronx,100,11.598599246091048
15971,4.497584975308154,10.48993999442511,pre-1930,0.107,0,0,Brooklyn,100,11.96039163328883
15972,4.715816706075155,10.335789314597852,1930-59,0.107,0,0,Brooklyn,100,10.059709241952232
15974,3.7909846770510898,10.61024173650229,2000-09,0.29600000000000004,0,0,Queens,100,5.672289632041037
15977,3.407841924380824,10.29630636560997,2010+,0.594,0,0,Queens,100,9.452114910711272
15979,4.455509411433685,10.586584397242571,1930-59,0.109,0,0,Brooklyn,100,9.343434343434344
15983,4.365643155423357,10.757349536135969,pre-1930,0.11,0,0,Bronx,100,7.876697747690211
15984,3.2846635654062037,10.887025633358773,pre-1930,0.35100000000000003,0,0,Manhattan,100,5.983769026515576
15987,4.576770711466393,12.154779351142624,1960-79,0.196,0,0,Queens,100,10.947368421052632
15988,4.030694535145645,10.59635969527664,2000-09,0.368,0,0,Queens,100,6.501787991697716
15992,3.960813169597578,10.330420567259534,2000-09,0.364,0,0,Brooklyn,80,6.525072591432579
15998,4.49647076906475,10.714417768752456,1930-59,0.126,0,0,Bronx,100,8.222222222222223
16002,3.1484533605716547,10.19820730233956,2000-09,1.0,0,0,Brooklyn,100,3.723701359150996
16007,3.6216707044204863,10.428275251318173,2010+,1.0,0,0,Bronx,100,10.35441689840838
16013,2.6741486494265287,10.200030253420106,pre-1930,1.0,0,0,Unknown,100,10.407374368123698
16014,4.320151230955794,10.88950954988395,2010+,0.491,0,0,Brooklyn,100,9.51297308388204
16016,3.9721769282478934,10.155335171978694,2000-09,0.48100000000000004,0,0,Queens,100,8.939676616915424
16019,4.157319361383489,10.571316925111784,2000-09,0.231,0,0,Queens,95,10.512820512820513
16021,3.427514689979529,12.135623356839522,1960-79,0.6990000000000001,1,0,Manhattan,100,8.262024195928003
16023,4.684905154006945,10.15840105193914,2010+,0.085,0,0,Queens,100,12.399736505599257
16031,4.611152257665639,10.245586785022473,1960-79,0.235,0,0,Manhattan,100,5.682221748703744
16036,4.175924549214524,10.59194877110536,2000-09,0.76,0,0,Manhattan,100,7.284052947529701
16042,4.375757021660286,10.574389124148754,pre-1930,0.203,0,0,Manhattan,100,12.52556237218814
16043,4.651099117876491,10.681894577046897,1930-59,0.13699999999999998,0,0,Manhattan,100,11.248852157943066
16051,4.490881039585964,10.253651344859204,pre-1930,0.126,0,0,Manhattan,100,8.807158458394984
16053,4.229749199228304,10.759369889215188,pre-1930,0.149,0,0,Manhattan,100,8.49816227240859
16055,4.300002799195291,10.760983237899778,pre-1930,0.242,0,0,Manhattan,100,6.575458691271609
16066,4.351567427189173,10.773336360964212,pre-1930,0.138,0,0,Manhattan,100,9.427835159539923
16069,4.472780997942346,10.697203788017768,pre-1930,0.139,0,0,Manhattan,100,12.20835594139989
16071,2.681021528714291,10.248494691607178,pre-1930,0.855,0,0,Manhattan,100,11.685552407932011
16072,4.421247347827163,10.665227524561685,pre-1930,0.153,0,0,Manhattan,100,7.936507936507937
16074,4.548599834499697,10.650412438776545,pre-1930,0.107,0,0,Manhattan,100,8.528784648187633
16075,4.5591262474866845,10.663405136729926,pre-1930,0.096,0,0,Manhattan,100,5.6124596604461905
16076,4.278054044290903,10.218663189296832,pre-1930,0.163,0,0,Manhattan,100,10.21524990879241
16078,4.509760001183433,10.327708989126736,pre-1930,0.14400000000000002,0,0,Manhattan,100,11.44988222978278
16082,5.129306823813755,10.22759798160146,pre-1930,0.07200000000000001,0,0,Manhattan,100,11.932311252531097
16083,4.2612704335380815,11.502875129116727,pre-1930,0.18,0,0,Unknown,100,8.383838383838384
16085,3.765840495250065,10.260917211605735,2010+,0.5,0,0,Brooklyn,95,10.492078480747036
16087,4.178992036282385,10.65678865591582,1980-99,0.255,0,0,Brooklyn,100,15.065913370998116
16091,4.778282803696737,10.710989677333476,pre-1930,0.14800000000000002,0,1,Manhattan,90,10.480310395575971
16092,4.715816706075155,10.701940247241344,1930-59,0.1,0,1,Manhattan,90,8.550470275865171
16096,4.409155302062135,10.633207713326913,pre-1930,0.159,0,0,Queens,100,14.461315979754158
16104,3.8110970868381857,11.093128139551801,pre-1930,0.28300000000000003,0,0,Manhattan,100,3.6519674974892724
16106,4.523960130562548,10.682628926262934,1930-59,0.09699999999999999,0,0,Brooklyn,100,9.405395485410166
16108,3.9982007016691985,10.706743955776103,2010+,0.541,0,0,Queens,100,9.853099247581511
16109,4.37449836825309,10.137571043888672,2010+,0.217,0,0,Brooklyn,100,7.12166172106825
16114,3.9454577815143836,10.5623537991192,2000-09,0.29,0,0,Queens,100,5.950532960778227
16117,4.541164856012179,10.54212574759568,1930-59,0.10800000000000001,0,0,Brooklyn,100,15.048313004910502
16121,2.70805020110221,10.819778284410283,1930-59,0.753,0,0,Bronx,100,11.999999999999998
16123,4.504244267398131,11.094451102268424,1930-59,0.10400000000000001,0,0,Queens,100,12.764987462958741
16124,3.9926809084456005,10.982747112688422,1930-59,0.136,0,0,Queens,100,10.195412064570943
16131,3.242592351485517,10.579107016227857,2000-09,0.386,0,0,Brooklyn,100,9.159140058516728
16132,4.09933210373314,11.97718764358685,1960-79,0.17600000000000002,0,0,Unknown,100,11.691936335520856
16135,4.659658371272161,10.645424897265505,1930-59,0.099,0,0,Brooklyn,100,10.952380952380953
16138,2.4932054526026954,10.967473889283008,1930-59,0.785,0,0,Queens,100,9.144552952137754
16139,4.411585436915426,10.466098849451349,pre-1930,0.146,0,0,Brooklyn,100,8.260931491240564
16142,3.4404180948154366,10.320321127381453,2000-09,0.377,0,0,Brooklyn,100,8.568697887486405
16148,3.6888794541139363,11.152916397585432,2010+,0.616,0,0,Brooklyn,100,6.8800435736093
16152,4.014579593753238,10.363440845928363,pre-1930,0.165,0,0,Brooklyn,100,8.207070707070708
16153,4.097672352314776,10.924732717627794,1930-59,0.16,0,0,Brooklyn,100,8.643509264761493
16156,2.9338568698359038,10.71541726908554,pre-1930,0.754,0,0,Bronx,100,13.2001332001332
16157,3.054001181677967,10.631036159813405,pre-1930,0.645,0,0,Bronx,100,11.987922705314011
16162,3.9259259105971376,10.422281345951296,2010+,0.433,0,0,Brooklyn,100,4.166666666666667
16164,4.732683506287051,10.447380380006315,1960-79,0.331,0,0,Manhattan,100,7.546293608869798
16170,5.072043922224899,10.2328272702548,pre-1930,0.187,0,1,Manhattan,100,10.790978741771879
16172,4.117409835153096,10.516373251493265,2000-09,0.209,0,0,Queens,100,5.688744412840308
16173,4.612145799724517,10.376611309118108,pre-1930,0.10300000000000001,0,0,Brooklyn,100,9.657320872274143
16176,4.728272383122075,10.373491181781864,pre-1930,0.10099999999999999,0,0,Brooklyn,100,10.937500000000002
16189,3.977810745966149,10.867043476877397,pre-1930,0.304,0,1,Manhattan,100,2.2892025944296073
16190,4.028916756899646,10.679181994063638,pre-1930,0.75,0,0,Manhattan,100,1.8415358408913034
16194,4.690430029938915,10.657259354912508,pre-1930,0.242,0,1,Manhattan,100,12.705882352941178
16195,4.406719247264253,10.818277158284015,pre-1930,0.18,0,0,Bronx,100,12.41862794191287
16196,4.516338972281476,10.757902880692196,1930-59,0.132,0,1,Bronx,100,11.48936170212766
16199,4.741447804280639,10.42094116259234,pre-1930,0.127,0,0,Bronx,100,14.006854418119506
16202,4.697749367281185,10.889826598721452,pre-1930,0.14,0,0,Bronx,100,11.001715521742375
16206,4.178992036282385,10.680516217076775,1930-59,0.192,0,0,Bronx,100,10.804597701149424
16210,4.9082333604781745,10.388964598613677,pre-1930,0.3,0,0,Unknown,100,12.92347456844826
16211,4.1713056033582285,11.710980925502875,2010+,0.40700000000000003,0,0,Bronx,100,12.632995086257106
16214,4.671893818030999,10.134599273499514,pre-1930,0.124,0,0,Brooklyn,100,13.095238095238095
16215,4.237000862623624,10.367378789112905,pre-1930,0.195,0,0,Brooklyn,100,6.288319446627889
16216,4.51085950651685,10.568106649481535,1930-59,0.184,0,0,Brooklyn,100,10.803858520900322
16219,3.295836866004329,10.351309476723117,2000-09,1.0,0,0,Brooklyn,100,12.141350885040577
16221,4.175924549214524,10.63686455231514,pre-1930,0.17800000000000002,0,0,Manhattan,100,12.727534700542721
16225,4.091005660956586,10.153584573410596,2000-09,0.257,0,0,Brooklyn,100,9.344702721644667
16227,4.22683374526818,10.341710224882465,1930-59,0.7929999999999999,0,0,Manhattan,100,4.838865769863544
16228,4.827513417131532,11.976659481202368,pre-1930,0.272,0,0,Manhattan,95,12.389937106918238
16232,4.877484781308751,10.257659366256743,pre-1930,0.221,0,0,Queens,100,12.631578947368421
16234,4.272490747605575,10.423411659287378,1980-99,0.225,0,1,Manhattan,100,10.9994648908972
16242,4.062165663857866,11.289894407328369,1930-59,0.214,0,0,Bronx,100,8.249071979402318
16245,4.252771798816619,10.52529983549145,pre-1930,0.139,0,0,Brooklyn,100,11.007893465070076
16252,3.4781584227982836,10.580454536867036,2000-09,0.687,0,0,Unknown,100,7.1141826312312615
16256,4.097672352314776,10.756966271998413,1930-59,0.198,0,0,Queens,100,8.94454382826476
16258,4.242764567340374,10.505615334708905,1930-59,0.17800000000000002,0,1,Bronx,100,10.405257393209201
16260,4.1588830833596715,10.586104484122892,pre-1930,0.203,0,1,Manhattan,100,9.095272984512771
16261,3.6082115510464816,10.16049132133844,2000-09,0.215,0,0,Brooklyn,100,4.640191794594177
16263,4.328098292648326,10.308952660644293,pre-1930,0.11699999999999999,0,0,Brooklyn,100,11.999999999999998
16267,4.087655574071304,11.72561455838058,pre-1930,0.38799999999999996,0,0,Brooklyn,100,3.961196443007276
16268,4.635699391022914,10.890628097380375,2000-09,0.392,0,0,Brooklyn,100,10.06129939818524
16271,4.223909766576744,10.78816377064094,2010+,0.415,0,0,Manhattan,100,6.605565188671457
16279,4.301358731606427,10.208948146339551,1930-59,0.217,0,0,Brooklyn,100,11.788543009762387
16283,4.566429357671661,10.714417768752456,pre-1930,0.136,0,0,Brooklyn,100,13.111111111111112
16284,5.0869788606835895,10.162384273556155,pre-1930,0.17800000000000002,0,0,Brooklyn,100,14.66615206483983
16285,4.3067641501733345,11.45741275503997,2000-09,0.25,0,0,Manhattan,90,5.07399577167019
16287,4.8721392168423305,10.597883952496506,pre-1930,0.11599999999999999,0,0,Bronx,100,13.48314606741573
16298,3.735285826928092,10.499820923406714,2010+,0.68,0,0,Brooklyn,100,8.537828086700268
16301,5.002603122398992,10.145766842158814,pre-1930,0.457,0,0,Manhattan,100,12.164972726915982
16302,4.410371107683024,10.88762383130535,1930-59,0.11199999999999999,0,0,Brooklyn,100,8.970285927863952
16303,2.6878474937846906,10.799575577092764,pre-1930,0.626,0,0,Unknown,100,9.795918367346939
16306,3.7819143200811256,10.307618437631156,pre-1930,0.32,0,1,Bronx,100,10.68090787716956
16307,4.33990170837321,10.531562736352358,1930-59,0.32899999999999996,0,0,Manhattan,100,12.00640341515475
16308,4.875960390769654,10.328166879568096,pre-1930,0.187,0,0,Manhattan,100,15.695507161075144
16312,4.222444564849416,10.53842282334766,2010+,0.33799999999999997,0,0,Bronx,100,10.069426042715564
16315,4.680277658474897,10.375676292687201,1930-59,0.121,0,0,Queens,95,12.784533832241971
16316,4.6549122778829055,10.48290596776773,pre-1930,0.17600000000000002,0,0,Queens,90,15.686274509803921
16317,4.456670177669648,10.898515524947667,pre-1930,0.11699999999999999,0,0,Queens,85,9.42768411712511
16318,4.389498649512583,11.122132197093933,pre-1930,0.158,0,0,Queens,95,11.381777331047124
16319,4.11251186617755,10.215374313684727,pre-1930,0.22399999999999998,0,0,Queens,95,17.20351390922401
16332,4.653960350157523,10.467920291739938,pre-1930,0.168,0,1,Manhattan,100,9.0989223463846
16342,4.686750172980514,10.705982289931356,pre-1930,0.19,0,0,Manhattan,100,8.067769261799112
16343,4.45898767581001,10.428334417664374,1980-99,0.245,0,0,Manhattan,100,17.45355579221394
16344,3.996364153861897,10.799881652695827,1930-59,0.20600000000000002,0,0,Manhattan,100,4.080383556054269
16352,4.155753190350744,10.366151814395101,1930-59,0.177,0,1,Manhattan,100,9.758861676005793
16353,4.254193263163997,10.576227923318411,1930-59,0.17800000000000002,0,0,Manhattan,100,9.440702184119209
16354,3.0349529867072724,12.25448178473786,1930-59,0.5589999999999999,0,0,Bronx,95,7.621951219512195
16358,4.032469158504013,10.700611792219068,2000-09,0.6509999999999999,0,0,Brooklyn,100,7.209967780456481
16365,3.9889840465642745,10.478132689015073,2000-09,0.289,0,0,Brooklyn,100,5.347593582887701
16366,2.5572273113676265,10.355518129791614,pre-1930,0.982,0,0,Manhattan,95,11.454024817053769
16367,4.05871738457895,10.607574673134408,2010+,0.326,0,0,Brooklyn,100,16.81503461918892
16369,4.33204826486764,10.216069533164237,2000-09,0.462,0,0,Brooklyn,100,16.094224368118805
16370,3.374168709274236,10.4107267527667,pre-1930,0.8390000000000001,0,0,Manhattan,100,3.0107785873426867
16372,4.395682961121367,10.473053671324719,pre-1930,0.155,0,0,Brooklyn,100,9.900990099009901
16374,3.9512437185814275,10.414783065886715,2000-09,0.331,0,0,Queens,100,5.997181324777355
16378,4.244200317766478,12.851284046829932,2000-09,0.5329999999999999,0,0,Brooklyn,100,8.419053813752695
16379,4.1666652238017265,10.327185428905352,pre-1930,0.769,0,0,Brooklyn,100,6.546216286986122
16381,4.398146016553765,10.989909169326827,pre-1930,0.52,0,0,Brooklyn,100,4.0490611239518834
16384,4.242764567340374,11.32373638059833,pre-1930,0.5379999999999999,0,0,Brooklyn,100,11.599386199146961
16397,4.420044701861403,10.390532647636716,1930-59,0.203,0,0,Manhattan,100,10.75268817204301
16398,4.44500143383527,10.950806546816688,1960-79,0.317,0,0,Manhattan,100,11.578947368421053
16400,4.583946549536464,12.29530073047298,1960-79,0.22,1,0,Manhattan,100,10.289665517272917
16405,4.102643365036796,10.598258414212172,2010+,0.313,0,0,Queens,100,8.236615499812805
16406,4.572646994282532,10.602815592171154,1930-59,0.17800000000000002,0,0,Queens,100,10.683760683760685
16407,4.216562194946349,10.575564302476781,2010+,0.579,0,0,Manhattan,95,12.51085124853189
16413,4.335982696172475,10.33299465512453,pre-1930,0.225,0,0,Manhattan,100,11.064106736088513
16428,3.0106208860477417,10.366277727263562,2000-09,0.6729999999999999,0,0,Bronx,100,9.442870632672333
16429,4.8307108619020225,10.239959789157341,pre-1930,0.08900000000000001,0,0,Brooklyn,100,13.571428571428571
16435,3.7819143200811256,12.418021772427647,2010+,0.584,0,0,Queens,100,9.384467896625232
16438,4.620058798481842,10.535291102855021,2000-09,0.41100000000000003,0,0,Brooklyn,100,4.784688995215311
16439,4.232656178019613,10.499132151734834,2010+,0.379,0,0,Manhattan,100,10.19733215742476
16443,4.582924577040772,10.246793528735907,pre-1930,0.154,0,0,Bronx,100,13.833711691259932
16454,4.33990170837321,10.582941405964071,1960-79,0.16899999999999998,0,0,Bronx,100,10.898215733982157
16455,3.3214324131932926,10.37692278708356,1960-79,0.569,0,0,Bronx,95,12.145748987854251
16457,4.465908118654584,10.255833138313632,1960-79,0.201,0,0,Unknown,95,13.006186726659168
16459,2.8094026953624978,10.739912227799696,1930-59,0.743,0,0,Bronx,95,9.748277804254581
16460,4.619073091157083,10.789319076925574,1930-59,0.18,0,0,Bronx,95,10.309278350515465
16461,4.373238128640803,10.524064040261237,1930-59,0.17,0,0,Bronx,95,8.870967741935484
16463,4.373238128640803,10.130025336918353,2010+,0.24600000000000002,0,0,Brooklyn,100,12.756627466613514
16464,4.3067641501733345,11.069758489678053,1930-59,0.149,0,0,Queens,100,9.345794392523365
16465,4.403054001865957,11.112447898373103,1960-79,0.215,0,1,Bronx,100,10.149253731343284
16467,3.5467396869528134,10.422281345951296,pre-1930,0.626,0,0,Brooklyn,85,8.035714285714285
16468,4.273884476054178,10.409792975570364,1960-79,0.433,0,0,Manhattan,100,2.7122321670735015
16477,3.765840495250065,11.16227519333528,2000-09,0.332,0,0,Queens,100,5.96396063785979
16486,4.56954300834494,11.480133642145237,1980-99,0.259,0,0,Bronx,100,13.33002666005332
16487,4.6141299273595635,11.480133642145237,1980-99,0.248,0,0,Bronx,100,13.02002604005208
16488,4.5736795188967205,10.264478170542462,pre-1930,0.175,0,0,Bronx,100,10.803275832026486
16489,4.26549281841793,10.513253124157023,pre-1930,0.168,0,0,Bronx,100,7.608695652173913
16490,4.471638793363569,10.978233970102256,pre-1930,0.155,0,0,Bronx,100,10.24152940172399
16498,4.720282993088596,10.876933364911343,1960-79,0.276,0,0,Bronx,75,10.766702555675186
16499,3.703768066607687,12.323793457028453,pre-1930,0.9640000000000001,0,0,Brooklyn,100,3.1113047034037673
16500,4.3489867805956814,12.86559840758727,1960-79,0.309,1,0,Manhattan,100,8.48038265141232
16501,3.6402142821326553,10.72886840905044,pre-1930,0.581,0,0,Manhattan,100,4.818749315518563
16502,4.192680462942962,10.274361215874674,1930-59,0.18600000000000003,0,1,Queens,100,12.077294685990337
16503,4.209160236650682,10.341742483467284,1930-59,0.147,0,1,Queens,100,12.580645161290322
16505,4.3294166844015844,10.882696743956457,2000-09,0.11800000000000001,0,0,Brooklyn,100,10.329220425563882
16506,4.483002552013883,11.762516186299287,1930-59,0.284,0,1,Manhattan,100,8.804051421893261
16507,4.074141854904581,10.820358116275292,1960-79,0.264,0,1,Manhattan,100,13.792000639629014
16510,3.5467396869528134,11.217103688158033,pre-1930,0.622,0,0,Manhattan,100,1.7474997311538876
16511,3.832979798087693,12.56502249989687,2010+,0.693,0,0,Manhattan,90,6.3904457597820965
16516,4.705015520957808,10.367378789112905,pre-1930,0.107,0,1,Manhattan,100,11.947806948592989
16518,4.396915247167632,10.711480124765114,pre-1930,0.24600000000000002,0,0,Manhattan,100,7.800659712935723
16520,3.7864597824528,11.121762590572823,pre-1930,0.736,0,0,Brooklyn,100,4.1403581409791945
16521,4.545420181582317,10.962908460954075,1930-59,0.113,0,0,Queens,100,8.319755953825355
16523,4.212127597878484,11.381791196945427,1930-59,0.168,0,0,Queens,100,9.805039334169422
16526,4.182050142641207,12.184731535375922,1930-59,0.426,0,1,Manhattan,100,3.3201039958728558
16532,4.423648309364701,10.684096008866067,1930-59,0.131,0,1,Queens,100,11.453179402602164
16536,4.59511985013459,10.690944412566814,pre-1930,0.19399999999999998,0,0,Manhattan,100,8.190008190008191
16538,3.775057150354989,11.058007473142533,1930-59,0.8590000000000001,0,0,Manhattan,100,14.49960598896769
16539,4.449685283147696,10.80594301695381,1960-79,0.18100000000000002,0,0,Brooklyn,100,20.68420092064973
16540,4.210645017918261,10.549176181936373,pre-1930,0.191,0,1,Manhattan,100,11.272479421171289
16546,4.406719247264253,10.721856697849455,pre-1930,0.17,0,1,Manhattan,100,10.587612493382743
16547,4.681204872264089,10.564111541390513,pre-1930,0.12300000000000001,0,0,Bronx,100,12.396694214876034
16552,3.9259259105971376,11.992409017415095,2010+,0.33299999999999996,0,0,Bronx,100,9.472276565711597
16557,4.07753744390572,10.855338459808834,2000-09,0.525,0,0,Manhattan,100,8.492569002123142
16558,4.6141299273595635,11.05089000537367,1980-99,0.188,0,0,Brooklyn,100,13.650793650793652
16563,4.594109238628667,11.06890142468344,2000-09,0.193,0,0,Brooklyn,100,12.627640501987685
16572,4.009149716158869,11.97924105174019,pre-1930,0.172,0,1,Manhattan,100,5.771245397118141
16574,4.3254562831854875,11.805997982830998,pre-1930,0.165,0,1,Manhattan,100,7.608874035836305
16577,5.0682750735426705,11.094451102268424,pre-1930,0.067,0,1,Unknown,100,9.269812324291467
16578,4.194189897191817,11.099952241371742,1960-79,0.303,1,0,Manhattan,100,15.415306492564383
16583,4.359269647551265,11.036114719791515,1930-59,0.384,0,0,Manhattan,100,3.8662284941040013
16584,3.8480176754522337,11.204741320667946,pre-1930,0.263,0,1,Manhattan,100,2.8579983124200443
16587,3.9589065913269965,11.039813008324405,pre-1930,0.225,0,0,Manhattan,100,8.82740025037717
16588,4.457829598089382,10.221213746336286,pre-1930,0.247,0,0,Manhattan,100,7.641921397379913
16591,2.89591193827178,10.376611309118108,pre-1930,0.589,0,0,Manhattan,100,3.7383177570093458
16592,4.599152113662528,10.788287617318913,pre-1930,0.331,0,1,Manhattan,100,1.238390092879257
16593,4.798266815950004,10.343772679288913,pre-1930,0.259,0,0,Manhattan,100,3.2192640762321734
16595,3.8264651170664994,11.182252380713352,pre-1930,0.449,0,0,Manhattan,100,1.6702856188408217
16596,4.213607983048918,11.155807565798453,1980-99,0.25,0,0,Staten Is,100,10.290271405908332
16597,4.223909766576744,11.46033659484465,1930-59,0.33299999999999996,0,0,Manhattan,100,3.1619886800805252
16598,4.127134385045092,11.726479180445134,pre-1930,0.65,0,1,Manhattan,100,2.3423554403224376
16600,3.92395157629342,11.15951661012246,pre-1930,0.619,0,0,Manhattan,100,3.4173916758034433
16602,4.085976312551584,11.410682307520547,2000-09,0.486,0,0,Manhattan,100,5.7597944196453295
16603,3.703768066607687,11.134223994131279,pre-1930,0.565,0,0,Manhattan,100,4.235122307411464
16604,4.52720864451838,10.98391889826689,pre-1930,0.34,0,1,Manhattan,100,2.3761435190685516
16605,3.856510295497887,11.017891165999247,pre-1930,0.397,1,0,Manhattan,100,1.8046099581658601
16606,4.241326752570746,11.501733063066078,1930-59,0.545,0,0,Manhattan,100,3.8427700304387837
16608,3.730501128804756,12.245774012381725,pre-1930,0.6759999999999999,0,0,Manhattan,100,3.075444497837578
16609,4.146304301152812,11.118785979191978,pre-1930,0.436,0,0,Manhattan,100,3.114525553940616
16611,3.3775875160230218,11.458374237699054,pre-1930,0.9890000000000001,0,0,Manhattan,100,2.9569864084231874
16612,3.742420221041966,10.736614043149514,pre-1930,0.374,0,1,Manhattan,100,3.0428167789610954
16614,3.7819143200811256,11.118548653847485,pre-1930,0.364,0,0,Manhattan,100,4.450378282153983
16616,3.299533727885655,10.358218901947211,pre-1930,0.489,0,0,Manhattan,100,2.221164524829446
16617,4.220977213155467,10.323085651110205,pre-1930,0.228,0,0,Manhattan,100,7.230420350346731
16619,4.69866052907543,10.376019233564437,pre-1930,0.42700000000000005,0,1,Manhattan,100,3.428820797356691
16620,3.288401887516811,11.155021194290347,pre-1930,0.36,0,0,Manhattan,100,2.2885259032525673
16623,3.481240089335692,10.407892608499196,pre-1930,0.489,0,0,Manhattan,100,2.1135265700483092
16624,4.1588830833596715,11.284995476922058,pre-1930,0.402,0,0,Manhattan,100,1.7583963425356075
16625,3.580737295494233,10.323217104657997,2000-09,0.764,0,0,Manhattan,100,1.9716736222930564
16627,3.6838669122903918,10.32288843838277,pre-1930,0.524,0,0,Manhattan,100,3.6159232109398114
16628,4.651099117876491,11.314474526246391,1960-79,0.306,0,0,Queens,80,11.951219512195122
16630,3.7612001156935624,11.364564658099704,pre-1930,0.879,0,0,Manhattan,100,1.5079107316846843
16631,4.155753190350744,10.451782356416594,pre-1930,0.618,0,0,Manhattan,100,8.091082471247761
16632,2.5952547069568657,10.712014884136147,pre-1930,0.9640000000000001,0,0,Manhattan,100,4.455136772698921
16633,4.257030144499196,10.223866701574616,pre-1930,0.521,0,0,Manhattan,100,3.6293688527565053
16635,3.529297384289471,10.376611309118108,pre-1930,0.43,0,0,Manhattan,100,4.672897196261682
16636,3.7376696182833684,10.605346673698095,pre-1930,0.593,0,0,Manhattan,100,2.478314745972739
16637,3.914021008090819,10.822793733370741,pre-1930,0.518,0,0,Manhattan,100,2.791569460230105
16638,3.8022081394209395,11.007054214669369,pre-1930,0.737,0,0,Brooklyn,100,2.9851736375999205
16641,4.922896379788249,10.989487303153394,pre-1930,0.15,0,1,Manhattan,100,3.5444234404536865
16642,4.31748811353631,10.597084631876438,pre-1930,0.496,0,1,Manhattan,100,1.999100404817832
16644,3.919991175077323,10.486847768485333,pre-1930,0.444,0,0,Manhattan,100,3.6271309394269133
16645,4.924350925499243,10.477823043556645,pre-1930,0.272,1,0,Manhattan,100,4.223091866325065
16647,3.711130063048756,11.214398127998244,pre-1930,0.59,0,0,Manhattan,100,10.782979067541884
16650,4.189654742026425,10.480100916840122,pre-1930,0.139,0,1,Manhattan,100,6.46067415730337
16652,3.462606009790799,10.303336921858657,1930-59,0.405,0,0,Manhattan,100,8.045052292839904
16653,3.7819143200811256,12.562543568658075,2000-09,0.47200000000000003,0,0,Manhattan,100,4.060828408995435
16657,4.359269647551265,10.670558759761432,1930-59,0.165,0,0,Queens,100,11.144907009682138
16659,4.000033882750859,10.594131602877955,1980-99,0.517,1,0,Manhattan,100,5.513784461152882
16661,4.377014092850337,10.985292722887856,pre-1930,0.156,0,0,Manhattan,100,8.983050847457626
16662,4.200204952921578,11.856777546283988,pre-1930,0.278,0,1,Manhattan,100,4.963236597488603
16663,4.310799125385514,10.799289821982947,pre-1930,0.222,0,1,Manhattan,100,15.922916751724982
16665,4.350277936359301,10.698198048505514,2000-09,0.316,0,0,Manhattan,100,8.58252778028729
16666,4.220977213155467,10.56328475341452,pre-1930,0.158,0,0,Manhattan,100,8.788254755996691
16668,4.120661870539474,10.48290596776773,pre-1930,0.18,0,1,Manhattan,100,8.123249299719888
16671,3.58351893845611,11.042329660423304,pre-1930,0.28300000000000003,0,0,Manhattan,100,16.329667162960472
16672,4.289088639014612,12.0561737473885,pre-1930,0.19,0,0,Manhattan,100,5.866669764578094
16673,4.5217885770490405,10.3246291400293,pre-1930,0.122,0,0,Brooklyn,100,11.157051913106253
16674,3.139832617527748,10.989132797979813,pre-1930,0.586,0,0,Manhattan,100,2.5326286997484257
16675,2.3702437414678603,10.433321370472791,pre-1930,0.91,0,0,Manhattan,100,7.358784917434433
16676,4.163559631243574,10.597084631876438,pre-1930,0.303,0,1,Manhattan,100,4.497975910840122
16677,4.393213824064446,10.551532759183653,pre-1930,0.495,0,0,Manhattan,100,2.8768699654775602
16678,4.471638793363569,10.665274208812761,pre-1930,0.257,0,1,Manhattan,100,2.100742262266001
16679,3.822098297900159,10.782076417226271,2000-09,0.34700000000000003,0,0,Manhattan,100,3.1152647975077885
16680,4.31748811353631,10.303001655150853,pre-1930,0.174,0,0,Manhattan,100,6.371135403393468
16681,4.08260930600368,11.406542204264717,pre-1930,0.19399999999999998,0,0,Manhattan,100,5.78368999421631
16682,4.215086179918229,10.952664468932817,pre-1930,0.188,0,0,Manhattan,100,9.280986236122299
16683,4.1728476237100445,10.915597425580886,pre-1930,0.223,0,1,Manhattan,100,10.540088682125463
16685,3.4210000089583352,11.362939434273745,pre-1930,0.31,0,1,Manhattan,100,4.414908448740589
16686,2.3978952727983707,11.341068958024039,pre-1930,0.866,0,0,Manhattan,100,6.293789336183351
16687,4.476199804691132,10.183805073124855,pre-1930,0.172,0,0,Bronx,100,10.577613237127423
16689,4.316153890523174,10.919714113022883,pre-1930,0.15,0,0,Bronx,100,9.772871233372545
16695,3.7773481021015445,10.598932092144757,2000-09,0.28800000000000003,0,0,Brooklyn,90,4.9885263893045995
16700,4.700480365792417,10.699980720954688,1930-59,0.22399999999999998,0,0,Manhattan,100,11.272686281140796
16701,4.330733340286331,10.689942910229725,1930-59,0.141,0,0,Manhattan,100,10.93095281472035
16702,4.405498990859024,10.727662995502477,1930-59,0.195,0,0,Brooklyn,100,8.991228070175438
16703,3.8897773964808264,11.06357116329234,2010+,0.331,0,0,Manhattan,100,8.776879192527113
16710,4.324132656254979,12.074681817404763,1960-79,0.209,0,0,Manhattan,100,8.2679971489665
16711,4.401829261970061,10.83696966222286,pre-1930,0.17600000000000002,0,0,Manhattan,100,9.632964397349951
16713,4.244200317766478,11.113939322959773,pre-1930,0.136,0,1,Bronx,100,8.941877794336811
16717,4.063885354737392,10.229079383061112,1980-99,0.768,0,0,Manhattan,80,12.997797595407446
16721,5.554895693948484,10.689942910229725,pre-1930,0.354,0,0,Manhattan,90,10.93095281472035
16723,4.4343818650078095,10.13153904020292,pre-1930,0.192,0,0,Manhattan,100,11.54320741949608
16725,3.1945831322991562,10.869862848577704,pre-1930,0.98,0,0,Manhattan,100,2.663217166336935
16727,4.594109238628667,10.60821739433914,2000-09,0.247,0,0,Brooklyn,100,9.390599515642762
16733,3.7495040759303713,11.846077911466766,2010+,1.0,0,0,Brooklyn,95,13.473225547528953
16734,4.506454213048934,11.805595078933049,1930-59,0.172,0,0,Bronx,100,9.17910447761194
16735,4.798266815950004,10.38124231399123,1930-59,0.105,0,1,Bronx,100,10.853049706967658
16737,4.185098925490565,10.909326441051883,pre-1930,0.187,0,1,Manhattan,100,10.972130787798992
16738,4.676560182074764,10.61324599890127,pre-1930,0.14,0,0,Bronx,100,9.097614949594297
16739,4.718498871295094,10.915088464214607,pre-1930,0.131,0,1,Bronx,100,8.545454545454545
16740,4.799914262780603,10.304442505166406,pre-1930,0.12,0,1,Bronx,100,8.371002846140968
16741,4.694096395182493,10.2450184013482,pre-1930,0.163,0,1,Bronx,100,11.72624546940516
16744,4.053522567701846,11.936223942396806,2000-09,0.29100000000000004,0,0,Bronx,95,6.024924852160132
16745,4.629862798578463,10.388995368317829,pre-1930,0.149,0,1,Bronx,100,10.769230769230768
16746,4.716711560720999,10.49515556414622,pre-1930,0.151,0,1,Bronx,100,13.558384061981183
16748,3.8897773964808264,10.312081095318824,2000-09,0.361,0,0,Bronx,95,6.645843025187745
16751,4.120661870539474,13.071991763402046,1930-59,0.256,0,0,Bronx,100,8.413294688266399
16753,4.478472532942134,10.832497056818058,1960-79,0.28300000000000003,0,0,Brooklyn,95,11.65086887835703
16754,4.384523514872469,11.263463605338146,1960-79,0.285,0,0,Brooklyn,95,10.651677318343985
16756,4.368181227851829,11.208083669671513,1930-59,0.158,0,0,Bronx,100,10.851283164234172
16757,4.314817884980432,11.141861783579396,1930-59,0.166,0,0,Bronx,100,8.840579710144928
16758,4.3267781604434035,10.843494811027599,1930-59,0.195,0,0,Bronx,100,11.132812499999998
16760,4.291828366755733,10.203592144986466,pre-1930,0.166,0,0,Bronx,100,12.222222222222221
16763,4.378269585796169,10.913268627497622,pre-1930,0.15,0,0,Bronx,100,7.6502732240437155
16764,4.6491870714048655,10.475737478289117,pre-1930,0.149,0,0,Bronx,100,11.84934405416843
16765,4.420044701861403,10.885678378186986,pre-1930,0.126,0,0,Bronx,100,10.111223458038424
16767,3.349904087274605,10.714417768752456,pre-1930,0.369,0,0,Bronx,100,10.666666666666668
16769,4.636668853047462,10.640651618512848,1930-59,0.113,0,0,Bronx,100,9.330143540669855
16771,4.297285406218791,11.134589024250317,1930-59,0.14800000000000002,0,0,Bronx,100,9.051094890510948
16772,3.8691155044168695,10.838285955966024,pre-1930,0.273,0,0,Bronx,100,11.976283032944595
16773,4.624972813284271,10.65240051100193,pre-1930,0.147,0,0,Bronx,100,11.585567692816948
16780,4.493120682179469,10.208395405652977,2000-09,0.262,0,0,Bronx,100,21.009952082565427
16782,4.3254562831854875,11.14316528148284,1930-59,0.139,0,0,Brooklyn,100,9.552757273122015
16784,2.509599262378372,10.545341438708522,1960-79,0.7240000000000001,0,0,Brooklyn,100,9.736842105263158
16788,3.7256934272366524,10.278630900757904,pre-1930,0.309,0,0,Bronx,100,10.995052226498077
16794,2.6461747973841225,11.040679323171712,1930-59,0.892,0,0,Manhattan,100,15.394483643361129
16795,4.249922794040544,10.997187796843217,1930-59,0.321,0,0,Manhattan,100,16.0787860516531
16797,4.225372824628505,11.581144703947372,pre-1930,0.184,0,1,Manhattan,100,5.884550719222866
16799,4.583946549536464,11.487710215829164,1930-59,0.13,0,0,Bronx,100,9.127268998051482
16800,4.49647076906475,11.02927716920903,pre-1930,0.149,0,0,Bronx,100,9.24529219989295
16801,4.396915247167632,10.453572350254236,pre-1930,0.153,0,0,Bronx,100,10.961116880119995
16802,4.472780997942346,10.501774452072114,pre-1930,0.151,0,0,Bronx,100,9.895547003848268
16803,4.678420647727684,10.540434683407874,1930-59,0.113,0,0,Brooklyn,100,12.42925900460147
16819,4.189654742026425,10.275051108968611,1980-99,0.301,0,0,Brooklyn,100,8.275862068965518
16820,4.283586561860629,10.596634733096073,1980-99,0.253,0,0,Brooklyn,100,9.0
16822,4.37197629882038,11.05089000537367,1980-99,0.24100000000000002,0,0,Brooklyn,100,10.476190476190476
16826,4.72384171570559,10.242242895171909,1930-59,0.111,0,0,Queens,100,13.896807297605472
16827,4.412798293340635,10.308319126670684,pre-1930,0.225,0,0,Bronx,100,10.339881925219304
16828,4.364371699435161,10.345766633767008,pre-1930,0.22,0,0,Bronx,100,9.638554216867469
16829,4.223909766576744,10.345766633767008,pre-1930,0.249,0,0,Bronx,100,9.638554216867469
16830,4.470495282661489,10.270731447824094,pre-1930,0.243,0,0,Bronx,100,10.043290043290044
16831,4.053522567701846,11.192720200812888,1980-99,0.214,0,0,Bronx,100,5.371900826446281
16834,4.562262684976814,10.921431938136783,pre-1930,0.203,0,0,Bronx,100,8.85275519421861
16835,4.412798293340635,11.092945524503815,1930-59,0.154,0,0,Manhattan,100,11.718868900861413
16836,4.554928969551344,10.704771391700652,1980-99,0.22399999999999998,0,0,Manhattan,100,9.199425596840783
16839,4.715816706075155,10.521102670483636,pre-1930,0.135,0,0,Bronx,100,13.750337018064169
16840,4.464758032271346,10.254778026198021,pre-1930,0.242,0,0,Bronx,100,8.093461890351186
16847,3.9473901492654373,10.93661865367406,1980-99,0.361,0,0,Manhattan,100,4.6265814901151305
16848,3.9435216724875173,11.112865721520615,pre-1930,0.214,0,1,Manhattan,100,9.3990571104613
16851,4.12552017969055,10.662867131313503,2010+,0.289,0,0,Brooklyn,100,12.00074873066754
16853,4.37197629882038,10.137768848260794,2010+,0.095,0,0,Bronx,100,16.61392405063291
16858,4.3067641501733345,10.703199523324104,2010+,0.267,0,0,Bronx,15,9.438626455121579
16860,3.775057150354989,10.466639936479886,pre-1930,0.44299999999999995,0,0,Manhattan,100,6.832934745473181
16867,4.385769620952716,10.969800453653761,1930-59,0.11900000000000001,0,0,Brooklyn,100,9.295440070232214
16878,4.895598484107897,10.538740754677171,1930-59,0.094,0,0,Brooklyn,100,10.066225165562914
16879,4.22829253473184,11.928895205723478,1930-59,0.131,0,0,Queens,90,9.36774329744564
16895,4.183575695950044,11.362567583381667,pre-1930,0.183,0,0,Brooklyn,100,6.392375639237564
16896,4.335982696172475,11.380673253844087,2000-09,0.276,0,0,Queens,100,8.332191937177555
16897,4.107589788972121,10.14760951023553,2010+,0.807,0,0,Manhattan,100,21.54328241284763
16898,4.667205576907544,10.183389437668946,1930-59,0.225,0,0,Bronx,100,14.36130007558579
16899,4.565389315976247,10.708846723703001,pre-1930,0.248,0,0,Bronx,100,13.854748603351954
16900,3.580737295494233,12.17962086150468,2000-09,0.792,0,0,Brooklyn,0,5.750106530991533
16904,3.58351893845611,10.547812068398505,pre-1930,0.418,0,0,Manhattan,100,10.76284979261826
16905,4.800736969532067,10.816934243958547,1930-59,0.557,0,0,Manhattan,100,3.4096835011432467
16906,3.6686767467964168,10.272876332061601,pre-1930,0.88,0,0,Manhattan,100,10.367349759823064
16907,3.7727609380946383,11.900932395411234,2010+,0.349,0,0,Manhattan,100,10.854522265338797
16915,4.33204826486764,10.917975202663861,pre-1930,0.231,0,1,Manhattan,100,7.251763084900016
16918,4.462453883786496,10.174849676120813,pre-1930,0.16,0,1,Bronx,100,10.672765389746523
16922,4.11251186617755,11.10667004464762,pre-1930,0.223,0,0,Manhattan,100,6.6052181223166295
16926,4.11414718951828,11.61431711509042,2010+,0.33299999999999996,0,0,Bronx,100,13.91511778153265
16928,4.566429357671661,11.433882257629776,pre-1930,0.149,0,1,Bronx,100,8.874458874458874
16932,4.437934266612178,10.770525013023255,pre-1930,0.203,0,1,Bronx,100,10.925058301993822
16943,4.097672352314776,10.760665019917777,2010+,0.5379999999999999,0,0,Brooklyn,100,6.789730532569489
16946,3.832979798087693,12.413367263390027,2010+,0.552,0,0,Brooklyn,100,9.428249799852887
16947,4.628886712605407,13.357554069629206,2010+,0.263,0,0,Brooklyn,100,7.904201082875549
16949,4.334672938290411,11.345701365855424,2000-09,0.418,0,0,Queens,100,8.865143438020828
16950,4.316153890523174,10.308952660644293,1930-59,0.693,0,0,Brooklyn,100,10.0
16954,4.1666652238017265,10.21778721289218,2010+,0.425,0,0,Queens,100,8.033301686993354
16961,4.622027303054514,10.20225792197333,pre-1930,0.12300000000000001,0,0,Queens,100,11.125945705384957
16963,4.542230386214217,10.689783487794095,2010+,0.342,0,0,Bronx,100,17.310101355198725
16964,3.6027767550605247,10.423352200952788,2010+,0.82,0,0,Brooklyn,100,6.837911761208229
16965,3.563882963939251,10.335010194963582,2010+,0.6609999999999999,0,0,Brooklyn,95,10.392309690828787
16968,3.7773481021015445,11.17594109723226,2000-09,0.555,0,0,Brooklyn,100,5.883012102196324
16971,4.5591262474866845,10.807705703176014,1930-59,0.157,0,0,Bronx,100,11.94331983805668
16973,3.6938669956249757,10.984377049549666,pre-1930,0.4,0,0,Manhattan,100,1.8661147490923897
16975,4.383275854074314,11.612236720693426,1960-79,0.237,1,0,Manhattan,100,15.845564600103224
16976,4.514150787600923,10.284557503809571,1980-99,0.366,0,0,Manhattan,100,10.246951531919255
16986,4.410371107683024,12.097958341675726,2010+,0.6970000000000001,0,0,Manhattan,100,3.0639815046934626
16988,4.2456340097683265,10.959540226785442,1930-59,0.19699999999999998,0,0,Manhattan,100,10.782608695652174
16989,4.275276264727001,13.066780897598349,1980-99,0.278,0,0,Brooklyn,100,10.381273957802554
16991,4.421247347827163,12.46383788915654,1980-99,0.762,1,0,Manhattan,100,1.3523590938421295
16995,3.8022081394209395,11.73418724686642,pre-1930,0.504,1,0,Manhattan,100,11.335711136937443
16997,3.975936331171799,12.587729916185648,2010+,0.502,0,0,Brooklyn,100,4.301192727570645
17003,3.955082494888593,10.815006919531392,1930-59,0.33899999999999997,0,0,Brooklyn,100,8.239218680921185
17008,3.7232808808312687,10.543998432015464,2010+,0.976,0,0,Brooklyn,100,9.74992753432238
17009,3.5467396869528134,10.200513336241043,2010+,1.0,0,0,Brooklyn,100,12.259910093992644
17014,4.98292145552874,11.534021373264961,1930-59,0.14,0,0,Unknown,95,10.574550581600281
17018,3.4531571205928664,10.7892778389619,2010+,0.993,0,0,Manhattan,100,7.629180584766383
17019,4.0809215418899605,10.638040557154692,2010+,0.368,0,0,Brooklyn,100,8.634957185003957
17021,4.324132656254979,11.380855860555391,1960-79,0.349,0,0,Manhattan,100,16.433103574200025
17024,3.910021002757473,11.240670447874752,2010+,0.35600000000000004,0,0,Bronx,100,10.50337420896463
17026,4.37197629882038,11.998617879097221,1960-79,0.35700000000000004,0,0,Manhattan,100,9.10601119793269
17030,4.471638793363569,10.992049505350737,2000-09,0.226,0,0,Manhattan,100,7.407407407407407
17031,4.128745988939433,11.320553572322773,1980-99,0.29100000000000004,0,0,Manhattan,100,12.363636363636363
17033,4.104294893075269,11.442191793455455,2000-09,0.23600000000000002,0,0,Brooklyn,100,11.269601056122614
17034,4.191168746857641,10.300920488947028,2000-09,0.301,0,0,Manhattan,100,12.096774193548388
17035,4.472780997942346,11.206943635347015,2000-09,0.19399999999999998,0,0,Queens,100,10.727865290602933
17036,3.9589065913269965,11.607444422750037,1980-99,0.318,0,0,Manhattan,100,12.009498421478805
17037,3.824284091120139,11.305938195224103,1980-99,0.311,0,0,Manhattan,100,12.299669138900162
17038,4.314817884980432,11.472884415433045,1980-99,0.19699999999999998,0,0,Bronx,100,12.386156648451731
17039,4.14946386144318,11.291705063217867,1980-99,0.258,0,0,Manhattan,100,12.475983731317214
17040,4.084294226368599,11.069727336544824,1980-99,0.32899999999999996,0,0,Manhattan,100,7.632636530733045
17043,4.558078578454241,11.669997587510732,pre-1930,0.187,0,1,Manhattan,100,26.237522220702857
17045,3.0633909220278057,11.551386274084942,2000-09,1.0,0,0,Brooklyn,100,8.467970862482078
17053,4.023564380161053,12.134146905958584,2010+,0.295,0,0,Bronx,100,8.757790672684289
17060,2.7788192719904172,10.321012975136659,2000-09,0.847,0,0,Queens,100,10.538795942563562
17065,4.532599493153256,10.833681189579275,1930-59,0.185,0,0,Bronx,100,12.22879684418146
17066,4.604169685654508,10.86936812875028,pre-1930,0.139,0,0,Manhattan,100,10.658140154543032
17068,4.616110126026426,10.705264897621522,pre-1930,0.149,0,0,Bronx,95,12.110338640950884
17071,4.404277243608702,11.429750356447629,1960-79,0.14300000000000002,0,0,Queens,100,10.432628044208261
17073,4.055257173514054,11.17946468934515,pre-1930,0.314,0,0,Manhattan,95,13.26000781642566
17077,4.3054155323020415,11.149139583853552,1930-59,0.131,0,0,Queens,90,9.49585635359116
17082,4.51852237926242,11.114147945011881,pre-1930,0.161,0,0,Bronx,100,9.089012724617815
17083,4.439115601658009,11.059346214138635,pre-1930,0.175,0,0,Bronx,100,9.286220193594081
17084,4.884315927417586,10.72220955600414,pre-1930,0.261,0,1,Manhattan,100,4.409948844593403
17089,4.338597076746545,10.760028280004509,1960-79,0.235,0,1,Manhattan,100,13.375796178343949
17090,4.320151230955794,10.42821608147111,pre-1930,0.19399999999999998,0,1,Manhattan,100,11.242603550295858
17091,2.747270914255491,10.812955059062158,1930-59,0.773,0,0,Queens,100,12.082158679017317
17092,4.28771595520264,10.995075226267273,1960-79,0.16699999999999998,0,0,Queens,100,10.406176569318562
17095,3.756538102587751,11.109817576435741,2010+,0.311,0,0,Queens,100,8.829163174907219
17107,4.716711560720999,10.790926032503254,2000-09,0.29600000000000004,0,0,Manhattan,100,19.3503231915682
17110,4.356708826689592,10.415022924371359,2010+,0.36,0,0,Bronx,100,17.087867613994064
17112,4.773223770984341,11.207201614017682,1930-59,0.256,0,0,Manhattan,100,9.095969263769533
17116,4.333361462692601,11.280942964988814,1960-79,0.166,0,0,Bronx,100,8.701573849878935
17117,4.382026634673881,10.622984508418856,1930-59,0.159,0,0,Bronx,100,10.95743644686861
17120,3.9454577815143836,10.909161845544968,1980-99,0.486,0,0,Unknown,100,14.997713763145862
17121,4.807294370078226,10.911062187812915,1980-99,0.19399999999999998,0,0,Unknown,100,14.604136621698096
17123,4.679349584162343,10.906249515547403,pre-1930,0.19699999999999998,0,0,Brooklyn,100,14.674590945777386
17125,4.341204640153626,11.314474526246391,2000-09,0.315,0,0,Queens,100,13.414634146341465
17126,4.366912996863833,11.520417330728524,1980-99,0.192,0,0,Queens,100,11.017151024297284
17127,4.612145799724517,11.13394648209789,pre-1930,0.174,0,0,Manhattan,100,8.326516302442444
17128,4.738826570800765,10.322724064728211,pre-1930,0.201,0,0,Brooklyn,100,10.520778537611783
17129,4.294560608892605,10.335269968961667,1930-59,0.17600000000000002,0,0,Brooklyn,100,9.090909090909092
17132,4.902307417210627,11.121096954384972,1960-79,0.16,0,0,Brooklyn,100,15.09277618300731
17133,4.272490747605575,11.242428217272549,1980-99,0.26899999999999996,0,0,Manhattan,100,11.66448230668414
17135,4.499809670330265,11.093843060902879,pre-1930,0.193,0,0,Bronx,100,9.123393902531742
17136,4.399375273008495,11.251560700835821,pre-1930,0.24,0,0,Bronx,100,8.571428571428571
17137,4.462453883786496,11.073443281272374,2000-09,0.21600000000000003,0,0,Brooklyn,100,12.415227276254326
17139,4.506454213048934,11.252923408291757,2000-09,0.325,0,0,Queens,100,7.003436871798198
17140,3.2846635654062037,11.251560700835821,1980-99,0.7709999999999999,0,0,Queens,100,12.987012987012987
17141,4.92870191133357,10.134599273499514,2000-09,0.27899999999999997,0,0,Brooklyn,100,23.41269841269841
17142,4.873669439023098,10.675145498714587,pre-1930,0.152,0,0,Bronx,100,9.013798044699193
17144,4.380775852772229,10.492440204078216,2010+,0.257,0,0,Brooklyn,100,8.3236224404861
17147,4.335982696172475,10.491274217438248,1930-59,0.217,0,0,Brooklyn,100,7.222222222222222
17148,4.383275854074314,10.534759329377986,pre-1930,0.124,0,0,Brooklyn,100,10.106382978723405
17149,4.056988775678332,11.325486838276795,pre-1930,0.152,0,0,Brooklyn,100,7.840015438799633
17151,4.711330381816482,10.532096211958502,pre-1930,0.165,0,0,Bronx,100,8.266666666666666
17152,4.383275854074314,10.645424897265505,1980-99,0.221,0,0,Brooklyn,100,11.428571428571429
17153,4.6210435351443815,10.659961582956399,1980-99,0.29600000000000004,0,0,Brooklyn,100,14.783526927138332
17154,4.390738575275903,10.711658409664855,2000-09,0.19699999999999998,0,0,Manhattan,100,12.701666815224174
17156,4.370712874773608,11.472603345491624,1930-59,0.124,0,0,Brooklyn,100,8.64151257704481
17158,4.536891345234797,10.561836227553378,pre-1930,0.198,0,0,Bronx,100,12.166079933733693
17159,4.1059436980654525,10.853638501898386,2010+,0.366,0,0,Bronx,100,13.340551409458257
17160,4.475061500641071,10.630432112679363,pre-1930,0.217,0,0,Bronx,100,11.117824773413897
17161,4.541164856012179,10.528971334610977,pre-1930,0.221,0,0,Bronx,100,11.770055907765562
17162,4.209160236650682,11.891033079511427,2010+,0.32299999999999995,0,0,Bronx,95,21.51392238544179
17179,4.207673247529104,10.59905679752845,1960-79,0.203,0,1,Manhattan,100,9.72641344739008
17185,4.632785353021065,10.386592483701518,pre-1930,0.151,0,0,Manhattan,100,13.26259946949602
17188,4.269697449699962,11.02485561999279,pre-1930,0.163,0,0,Brooklyn,100,7.982926312702627
17191,4.146304301152812,10.584739261683007,1930-59,0.19399999999999998,0,0,Queens,100,12.143598046904648
17196,2.791165107812717,11.630868487827977,1960-79,0.7929999999999999,0,0,Brooklyn,100,10.487210935139267
17197,4.33204826486764,11.730565901888538,1930-59,0.17300000000000001,0,0,Brooklyn,100,10.537831619930177
17198,4.725616339063959,10.675884819035673,pre-1930,0.221,0,0,Unknown,100,10.623801935379571
17200,4.704110133842995,10.875818295292955,pre-1930,0.165,0,0,Bronx,100,9.644113308876365
17201,3.367295829986474,10.645424897265505,pre-1930,0.737,0,0,Bronx,100,10.714285714285715
17202,4.73356340075649,10.202480416133776,pre-1930,0.139,0,0,Bronx,100,8.898776418242493
17203,4.811371016571989,10.24987475870638,pre-1930,0.114,0,0,Bronx,100,9.547720923653594
17204,3.339321977944068,10.428304834928856,pre-1930,0.8029999999999999,0,0,Bronx,100,10.058278850989556
17206,4.678420647727684,11.326065625733266,pre-1930,0.113,0,0,Bronx,100,10.246395679637399
17207,4.792479284293085,10.644758008277801,pre-1930,0.12,0,0,Bronx,100,12.38921185552273
17208,4.73356340075649,10.491274217438248,pre-1930,0.115,0,0,Bronx,100,10.0
17209,4.72384171570559,10.221941283654663,pre-1930,0.134,0,0,Bronx,100,11.272727272727272
17212,4.933754249760298,10.968715397184654,pre-1930,0.14400000000000002,0,1,Manhattan,100,11.890401516457004
17215,4.212127597878484,10.53102897599808,pre-1930,0.32799999999999996,0,0,Manhattan,100,12.27976508275494
17216,2.653241964607215,10.855685822748702,pre-1930,0.861,0,0,Manhattan,100,6.946052326927529
17217,2.6878474937846906,10.757902880692196,1960-79,0.904,0,0,Manhattan,100,13.191489361702128
17224,4.23410650459726,10.698965664193535,1930-59,0.172,0,0,Manhattan,100,10.832769126607989
17231,4.146304301152812,10.33348265838757,pre-1930,0.21100000000000002,0,0,Brooklyn,95,5.52935436656367
17232,4.542230386214217,12.106865381949605,pre-1930,0.179,0,0,Manhattan,95,10.049085919684613
17244,4.955122584165997,10.79655059829098,1930-59,0.095,0,1,Bronx,100,9.825595676737901
17247,3.914021008090819,11.228518025052106,2000-09,0.436,0,0,Queens,100,8.505435504877335
17249,4.22683374526818,10.932160092999556,1930-59,0.16699999999999998,0,1,Manhattan,100,11.796879189232667
17250,4.5880240271531205,10.666627104916108,1930-59,0.11699999999999999,0,0,Brooklyn,100,13.986013986013987
17253,4.079230924412053,11.502875129116727,1960-79,0.146,0,0,Brooklyn,100,8.787878787878787
17267,4.141546163706395,11.368939614441848,pre-1930,0.242,0,1,Manhattan,100,2.5407090888093316
17269,4.235554730773624,10.729437735508842,1980-99,0.461,0,0,Manhattan,100,1.970184540618638
17272,4.182050142641207,10.492384711722273,1930-59,0.122,0,0,Brooklyn,100,8.601553829078801
17276,3.0204248861443626,10.628133400155445,pre-1930,0.797,0,0,Manhattan,100,11.87015503875969
17277,4.12552017969055,12.67794951915759,1960-79,0.24,0,0,Manhattan,95,4.148471615720524
17280,4.3694478524670215,10.4168200315133,2010+,0.38799999999999996,0,0,Brooklyn,100,11.969955411916091
17281,3.983413001514819,10.501774452072114,1980-99,0.259,0,0,Brooklyn,100,5.497526113249038
17290,3.4781584227982836,10.330126895875699,pre-1930,1.0,0,0,Brooklyn,100,12.727628744859997
17304,4.6210435351443815,11.325945072635507,1960-79,0.13,0,0,Queens,100,10.127070624261567
17309,4.046553898385752,11.94550626390232,pre-1930,0.5529999999999999,1,0,Manhattan,100,4.087644284110743
17316,4.551769409260976,11.066794600136049,1930-59,0.10800000000000001,0,0,Queens,100,8.904858615841276
17318,4.535820107853298,10.58615501214069,1930-59,0.43700000000000006,0,0,Brooklyn,100,3.7895055958365966
17320,4.22683374526818,11.104445817701192,2010+,0.27699999999999997,0,0,Queens,100,9.929888965787018
17321,4.529368472571809,11.867097278690842,1960-79,0.23800000000000002,0,0,Queens,100,10.456140350877192
17322,4.432006566978902,11.951967183077356,1960-79,0.355,0,0,Staten Is,100,10.056600611131882
17323,4.075841090657541,11.876429040642472,1960-79,0.281,0,0,Staten Is,100,6.882838788620373
17324,4.395682961121367,11.876429040642472,1960-79,0.293,0,0,Staten Is,100,6.882838788620373
17326,4.765586907393996,10.437785532487261,pre-1930,0.16699999999999998,0,0,Bronx,100,8.791208791208792
17327,4.406719247264253,10.788803480110852,pre-1930,0.201,0,0,Bronx,100,9.902011346054667
17328,4.525044141508807,10.186785026670085,pre-1930,0.235,0,0,Bronx,100,7.532956685499058
17329,4.683056724645162,10.23099111917458,pre-1930,0.248,0,0,Bronx,100,12.252252252252253
17330,4.584967478670572,10.570393421890847,pre-1930,0.157,0,0,Bronx,100,9.239297813366184
17331,4.383275854074314,10.335269968961667,pre-1930,0.21899999999999997,0,0,Bronx,100,8.441558441558442
17333,4.191168746857641,10.539138026747548,2000-09,0.299,0,0,Brooklyn,100,12.71018138488018
17336,4.390738575275903,10.129825994746858,1930-59,0.155,0,0,Queens,100,11.961722488038276
17337,4.86830338551846,10.955305184684386,pre-1930,0.204,0,0,Brooklyn,100,12.225579405138237
17338,4.341204640153626,11.557315486504688,2000-09,0.322,0,0,Manhattan,100,9.56580797597069
17339,4.446174454497633,11.52463662089824,1960-79,0.17600000000000002,0,0,Bronx,100,6.819664353910929
17340,4.107589788972121,11.084140551540447,1980-99,0.26899999999999996,0,0,Bronx,100,8.751727314601565
17341,4.5217885770490405,11.556339297773926,2000-09,0.278,0,0,Bronx,100,12.447695740015511
17343,3.068052935133617,11.625602152058294,2000-09,0.897,0,0,Bronx,100,10.810617634708338
17344,4.289088639014612,11.828735705143346,2000-09,0.312,0,0,Bronx,100,7.291978094897804
17350,4.069026754237811,11.219118003904851,2010+,0.309,0,0,Queens,100,8.719916288803628
17351,4.127134385045092,11.649621843737908,2010+,0.322,0,0,Queens,100,13.781313237038587
17352,4.674696248636701,11.87440385387328,1960-79,0.19399999999999998,0,0,Queens,100,10.380020202723884
17357,4.394449154672439,10.636095801976987,pre-1930,0.255,0,0,Bronx,100,9.853400624849796
17358,3.9415818076696905,11.01076221428289,2010+,0.526,0,0,Bronx,100,10.905125408942203
17360,5.059425458265688,10.769831451557469,2000-09,0.828,0,0,Brooklyn,100,21.02430409553444
17369,4.051784947803305,12.12847860409162,2010+,0.775,0,0,Manhattan,100,5.727624440746104
17370,3.893859034800475,11.826743011026636,2010+,0.79,0,0,Brooklyn,95,14.10158989946224
17373,3.758871825933971,11.494690208706073,1930-59,0.249,0,0,Brooklyn,100,6.619616469605776
17375,4.368181227851829,11.059031377457561,1960-79,0.19899999999999998,0,0,Brooklyn,100,10.863575533338581
17379,4.511957804265912,10.419061883324323,pre-1930,0.129,0,1,Manhattan,100,15.824674549146065
17380,4.516338972281476,10.673179020735859,1960-79,0.15,0,0,Brooklyn,100,13.431522393589923
17382,4.180522258463153,12.002713338990246,1930-59,0.159,0,0,Bronx,95,6.617768708983621
17383,3.8753590210565547,10.223648915729836,2000-09,0.308,0,0,Brooklyn,100,5.082223109594511
17386,4.549657476057832,10.452648882567692,1930-59,0.12300000000000001,0,0,Queens,100,10.393809908765446
17397,3.7909846770510898,11.751485568211372,2010+,0.9309999999999999,0,0,Brooklyn,100,10.71355422161302
17403,3.6000482404073204,10.53876724439254,2010+,0.9109999999999999,0,0,Brooklyn,100,10.065958517655162
17405,4.359269647551265,10.7350479402497,pre-1930,0.196,0,0,Bronx,100,8.925072924376334
17407,4.3267781604434035,10.896739325546411,pre-1930,0.155,0,0,Bronx,100,9.25925925925926
17408,4.2612704335380815,10.799575577092764,pre-1930,0.20199999999999999,0,0,Bronx,100,10.204081632653063
17409,4.557029810660157,10.649464346740606,1930-59,0.16699999999999998,0,0,Bronx,100,11.619634811477354
17412,3.92395157629342,10.558231685563127,2010+,0.667,0,0,Brooklyn,100,11.170862234692022
17414,3.937690752176724,10.525595125616142,2010+,0.755,0,0,Brooklyn,100,10.73623748557318
17422,4.45898767581001,10.37854091041397,2010+,0.387,0,0,Brooklyn,100,7.151296561159132
17424,4.1059436980654525,10.515966830028619,2000-09,0.355,0,0,Brooklyn,95,4.336043360433604
17425,3.7887247890836524,10.50334002087177,2000-09,0.409,0,0,Brooklyn,100,3.293355654966106
17429,4.1956970564823886,12.491950591524075,2000-09,0.465,0,0,Queens,90,6.912459708624796
17435,4.618086411254637,10.637632712130145,pre-1930,0.257,0,0,Manhattan,100,12.717761673945386
17441,3.899950424193877,10.21280880009139,2010+,0.591,0,0,Manhattan,90,10.642201834862385
17463,4.4953553199808844,10.721062311471126,pre-1930,0.113,0,1,Manhattan,100,8.388520971302428
17471,4.308110951723713,10.244200783414595,pre-1930,0.16699999999999998,0,1,Brooklyn,100,10.31331128418507
17485,4.637637376125593,10.273325483001141,1930-59,0.14800000000000002,0,1,Bronx,100,12.089810017271157
17486,4.581901559048737,10.14053400901933,pre-1930,0.177,0,1,Bronx,100,11.834319526627219
17487,4.638604962074329,10.748282282705214,pre-1930,0.159,0,1,Bronx,75,12.244897959183673
17488,4.3528552573736015,10.986258358206882,pre-1930,0.151,0,0,Bronx,100,11.006315932065633
17489,5.715381610499553,10.794952662974627,pre-1930,0.07200000000000001,0,1,Bronx,100,11.481527043096733
17490,4.721173861744398,10.30554686750946,pre-1930,0.133,0,1,Bronx,100,12.709880259549134
17491,4.483002552013883,10.291467346303273,pre-1930,0.131,0,1,Bronx,100,11.53324287652646
17492,4.380775852772229,10.739543891699677,pre-1930,0.16,0,1,Bronx,100,11.052118322678513
17493,4.618086411254637,10.846498109109664,pre-1930,0.17600000000000002,0,1,Bronx,100,11.87833469642092
17494,4.837075242970874,10.470788023230098,pre-1930,0.149,0,1,Manhattan,100,13.325772611284378
17506,4.7561730595246186,10.357742824813725,pre-1930,0.171,0,1,Manhattan,100,12.698412698412698
17509,4.457829598089382,11.366881834036867,pre-1930,0.20199999999999999,0,1,Bronx,100,10.06804610470768
17510,4.746669748261791,10.152688638169627,pre-1930,0.134,0,1,Bronx,100,12.470771628994544
17511,4.366912996863833,10.491274217438248,pre-1930,0.174,0,1,Bronx,100,10.277777777777779
17512,4.722063937459591,10.505067539570582,pre-1930,0.163,0,1,Manhattan,100,12.602739726027398
17514,4.247065649239764,11.118400296900399,pre-1930,0.226,0,1,Bronx,100,8.456973293768547
17516,4.212127597878484,11.08827753744529,1960-79,0.187,0,1,Bronx,100,9.63302752293578
17519,4.545420181582317,10.169690593310785,1930-59,0.326,0,0,Manhattan,95,13.026819923371647
17525,5.080783053998338,10.302599186672117,2000-09,0.248,0,0,Queens,70,11.741026501174103
17529,4.155753190350744,10.896739325546411,1930-59,0.159,0,0,Brooklyn,100,8.88888888888889
17531,4.645351975620923,12.069106790457017,1930-59,0.13,0,0,Bronx,100,10.894495412844037
17533,4.407938016458383,11.06663836234181,pre-1930,0.16899999999999998,0,1,Bronx,100,9.375
17534,2.975529566236472,10.452129056986344,2000-09,0.5429999999999999,0,0,Manhattan,100,5.777341267548675
17542,4.209160236650682,11.364309440641446,1930-59,0.025,0,0,Bronx,100,9.629887457941757
17546,4.282206299391671,10.606114656295205,1930-59,0.151,0,1,Bronx,100,9.162725043956316
17547,4.651099117876491,10.431789570603355,1930-59,0.152,0,0,Queens,100,13.266118333775538
17550,4.28771595520264,10.15785841626691,pre-1930,0.175,0,0,Brooklyn,100,12.794168960570698
17553,4.360547602996758,11.007883085959966,pre-1930,0.121,0,0,Queens,100,8.782395439782594
17554,3.349904087274605,11.053616443989945,2000-09,0.866,0,0,Queens,100,5.065535363768758
17562,4.0943445622221,10.691944912900398,pre-1930,0.155,0,1,Bronx,80,10.227272727272728
17567,3.8649313978942956,11.818820666841367,2010+,0.607,0,0,Brooklyn,100,12.446238142932893
17573,4.122283930911342,10.62493060225092,pre-1930,0.24,0,0,Manhattan,100,2.916302128900554
17585,3.673765816303888,13.142383628077647,1930-59,0.35700000000000004,1,0,Manhattan,100,4.54802974254623
17587,3.696351468952637,11.2220382615695,1930-59,0.457,0,0,Manhattan,100,12.03852327447833
17593,3.634951112088381,11.30897160804916,2010+,0.892,0,0,Brooklyn,100,5.3954629061925194
17595,2.451005098112319,10.232719354644704,2000-09,0.444,0,0,Manhattan,100,2.5181667745881
17599,3.9569963710708773,10.46310334047155,2010+,0.34,0,0,Queens,100,10.571428571428571
17601,3.5145260669691587,11.476842224797148,pre-1930,0.711,0,0,Queens,70,10.678444057394044
17602,2.7343675094195836,10.660923222978436,1930-59,0.769,0,0,Brooklyn,100,16.879219804951237
17604,4.341204640153626,10.262035740856541,1930-59,0.138,0,0,Brooklyn,100,8.384279475982533
17606,4.355425952876702,11.752509133930978,1960-79,0.23,0,0,Manhattan,100,12.591286829513976
17607,4.321480134805848,12.904441171112758,pre-1930,0.272,0,0,Manhattan,100,8.40599461817386
17608,4.241326752570746,11.229394763640924,pre-1930,0.196,0,0,Manhattan,100,7.834076906734651
17609,4.139955073474153,11.678439903447801,1930-59,0.18600000000000003,0,1,Manhattan,100,10.338983050847459
17611,3.822098297900159,11.4628629917588,pre-1930,0.29,0,0,Manhattan,100,9.251763617439575
17614,4.782479200958502,10.645424897265505,1930-59,0.33399999999999996,0,1,Bronx,100,9.523809523809524
17615,4.549657476057832,10.412741942560633,2010+,0.303,0,0,Brooklyn,100,15.925002253538054
17616,4.492001487882454,10.614597433470246,pre-1930,0.113,0,0,Queens,100,9.330877839165131
17617,3.828641396489095,11.072309749579041,2010+,0.38,0,0,Brooklyn,100,9.011248524019638
17622,4.33204826486764,11.407564949312402,1930-59,0.133,0,0,Brooklyn,100,9.333333333333334
17623,4.465908118654584,11.276088586524017,1930-59,0.134,0,0,Brooklyn,100,11.151662611516628
17624,4.3054155323020415,11.51230527269075,1930-59,0.175,0,0,Bronx,100,8.30514919249935
17625,4.268297869345539,10.418703524603412,pre-1930,0.14800000000000002,0,0,Brooklyn,100,10.75268817204301
17628,4.761318868478023,10.352107930958221,pre-1930,0.24600000000000002,0,0,Manhattan,100,8.939118219838457
17634,3.8372994592322094,11.75477300107821,pre-1930,0.502,0,0,Queens,100,9.422110552763819
17640,3.730501128804756,10.163811274974622,pre-1930,0.48100000000000004,0,0,Manhattan,100,1.541604039002582
17645,4.144720769547168,12.55661683473858,2010+,0.499,0,0,Brooklyn,100,10.494140184809556
17649,4.711330381816482,10.267262233590083,pre-1930,0.106,0,1,Manhattan,100,10.078192875760209
17651,2.8735646395797834,11.287654652639844,1930-59,0.754,0,0,Queens,100,11.775021921583365
17652,2.9856819377004897,10.49943526971894,pre-1930,0.988,0,0,Manhattan,100,14.878082380493181
17654,4.175924549214524,10.654667764346684,pre-1930,0.16,0,0,Manhattan,100,8.728473696626564
17655,4.223909766576744,10.747745081510452,1930-59,0.174,0,0,Brooklyn,100,12.251477700161203
17656,3.7400477406883357,10.992251505149424,2010+,0.379,0,0,Queens,100,9.25738907964721
17661,3.4995332823830174,12.421990151752643,1960-79,0.733,0,0,Queens,70,5.801772763900081
17668,3.2068032436339315,11.033630807483584,1980-99,0.85,0,0,Manhattan,100,9.366622525112238
17669,4.036008985209137,12.018193674878775,pre-1930,0.345,0,0,Manhattan,100,6.817784159813688
17670,3.1135153092103742,11.051016981438853,pre-1930,0.634,0,0,Manhattan,100,6.0309801929913665
17672,3.407841924380824,10.90522176622775,1930-59,0.982,0,0,Manhattan,100,10.099155343371283
17678,3.716008121502189,12.049418835484797,pre-1930,0.433,0,0,Brooklyn,90,4.970760233918129
17679,4.3267781604434035,10.698310970126737,1930-59,0.159,0,0,Bronx,100,12.420677039813915
17683,4.097672352314776,11.86710429621008,pre-1930,0.16899999999999998,0,0,Manhattan,100,3.9999719300215437
17684,4.133565275375382,11.489257577170026,1930-59,0.039,0,0,Queens,100,6.75807128741258
17685,4.3134800921387715,11.298097245259733,1930-59,0.12300000000000001,0,0,Queens,100,7.933753161104775
17686,4.046553898385752,10.617760014711022,1980-99,0.486,0,0,Manhattan,100,5.87457776472316
17687,3.822098297900159,10.7793312195951,pre-1930,0.504,0,0,Brooklyn,100,6.872422841434462
17690,4.324132656254979,13.308268505529636,1980-99,0.31,0,0,Manhattan,100,5.945322957250139
17695,4.023564380161053,10.441003791555163,pre-1930,0.131,0,0,Brooklyn,80,7.010369504892654
17697,4.448516375942715,11.205040685200927,1930-59,0.132,0,0,Bronx,90,8.299319727891156
17699,4.5685062016165,11.242952326299221,1960-79,0.14800000000000002,0,0,Bronx,90,8.645533141210375
17701,4.670021158307708,11.099695286586813,1930-59,0.107,0,0,Bronx,90,9.674834847545766
17703,4.539030383483547,10.851664473272605,1960-79,0.27399999999999997,0,0,Bronx,100,8.911274699728787
17706,4.104294893075269,10.74073507706983,1930-59,0.172,0,0,Brooklyn,90,6.4935064935064934
17707,4.467056883858457,10.74073507706983,1930-59,0.134,0,0,Brooklyn,90,10.38961038961039
17710,4.5591262474866845,10.322921309871688,pre-1930,0.249,0,1,Manhattan,100,14.134507921898626
17714,4.178992036282385,11.756318602503125,1960-79,0.182,0,0,Queens,100,10.740296494900319
17715,4.653960350157523,11.198557127255942,pre-1930,0.251,1,1,Manhattan,100,15.063334474495036
17716,4.144720769547168,11.701692869247571,1930-59,0.17300000000000001,0,0,Queens,100,9.935748824269723
17717,3.8308129500026027,11.982410209618633,1930-59,0.198,0,0,Queens,100,9.192268489278813
17718,4.355425952876702,10.76248809718272,1960-79,0.179,0,0,Queens,100,11.860386309725516
17720,3.0819099697950434,11.799937312871705,1980-99,0.726,0,0,Manhattan,100,13.509051064213022
17721,4.798266815950004,11.919962670019505,1960-79,0.145,0,0,Manhattan,100,11.315530232434304
17724,4.398146016553765,10.257659366256743,pre-1930,0.14300000000000002,0,0,Brooklyn,100,10.526315789473683
17726,3.9945242269398897,11.968659009144682,2000-09,0.36700000000000005,0,0,Bronx,90,8.114979110268617
17731,5.546348633370026,11.33081588570745,2000-09,0.095,0,0,Bronx,90,10.557761754508045
17732,4.398146016553765,11.968145351223216,2000-09,0.35700000000000004,0,0,Bronx,90,7.8654251135412165
17735,4.373238128640803,10.918500817327924,1930-59,0.171,0,0,Brooklyn,100,9.784735812133071
17736,4.007333185232471,10.460958184125163,pre-1930,0.215,0,1,Manhattan,100,5.153901216893343
17738,4.480740107609915,10.822015779350474,1930-59,0.158,0,0,Brooklyn,100,9.578544061302681
17741,4.380775852772229,11.104295353518907,pre-1930,0.18100000000000002,0,0,Manhattan,100,9.028530155290719
17742,4.238444906195857,11.541367138601531,2000-09,0.251,0,0,Bronx,100,9.330806239976674
17745,4.291828366755733,10.86203285230712,pre-1930,0.149,0,1,Queens,100,10.544882855937727
17746,4.139955073474153,12.789404960082912,1960-79,0.706,0,0,Manhattan,95,9.598214285714286
17748,4.799914262780603,10.151479801819729,pre-1930,0.096,0,0,Brooklyn,100,10.534940887276132
17752,4.388257184424518,10.591044134782829,2000-09,0.325,0,0,Bronx,100,15.08409382306358
17754,4.192680462942962,11.085168734586208,2010+,0.494,0,0,Manhattan,100,8.28258968970965
17758,3.8308129500026027,11.501561134891178,2010+,0.55,0,0,Manhattan,100,8.900576514615151
17759,4.416428061391214,11.263861359954456,1930-59,0.205,0,0,Manhattan,100,10.006029274049748
17762,4.141546163706395,10.908411678551898,1930-59,0.444,0,0,Manhattan,100,9.15181022806311
17764,3.8522730010223722,11.104265257965523,2010+,0.672,0,0,Queens,100,9.630722003190177
17772,3.8022081394209395,11.283260696665753,1930-59,0.20600000000000002,0,1,Manhattan,100,4.026170105686965
17775,4.515245478460105,10.281958234245314,2000-09,0.0,0,0,Queens,100,3.424540255470703
17777,4.3694478524670215,11.272699333674742,pre-1930,0.24,0,1,Bronx,100,10.68090787716956
17778,4.546481189639412,11.593122006964505,pre-1930,0.19899999999999998,0,0,Bronx,100,9.413936317489618
17782,4.272490747605575,11.808307814048197,1980-99,0.382,0,0,Manhattan,100,14.884939418296568
17785,4.804021044733257,11.003998038487318,1930-59,0.098,0,0,Brooklyn,100,9.981036031540073
17788,4.151039905898646,11.134924734316744,2000-09,0.264,0,0,Queens,100,5.983392437575705
17798,5.149817358229593,10.198765701609537,pre-1930,0.091,0,0,Brooklyn,100,11.90919240788984
17799,4.791649752930709,11.71529471706796,1960-79,0.163,0,0,Bronx,100,8.658008658008658
17801,3.0726933146901194,10.789566469002043,2010+,0.6659999999999999,0,0,Queens,80,8.657651715039577
17804,4.635699391022914,12.105882075973854,1980-99,0.26899999999999996,0,0,Manhattan,100,5.361100517871256
17817,4.279440045898781,11.780231345669181,1980-99,0.177,0,0,Queens,100,12.01739077186859
17818,4.740574822994295,10.979189389621132,1930-59,0.16399999999999998,0,0,Queens,100,11.937040637096912
17820,4.859036909945142,11.195114027536935,1930-59,0.15,0,0,Manhattan,100,7.007997361695111
17821,3.459466289786131,10.48993999442511,1980-99,0.784,0,0,Queens,100,11.96039163328883
17822,2.7212954278522306,10.878028324431728,1930-59,0.615,0,0,Queens,100,12.075699541500784
17828,4.859036909945142,10.999797192141562,1930-59,0.36200000000000004,0,1,Manhattan,100,11.025358324145534
17831,4.3425058765115985,11.71010279299617,2000-09,0.251,0,0,Bronx,100,8.292554763703242
17833,3.8607297110405954,11.221021158085227,pre-1930,0.268,0,0,Brooklyn,100,7.89995179690429
17834,4.483002552013883,10.398183794372235,pre-1930,0.091,0,0,Brooklyn,100,11.585365853658535
17836,4.429625613473161,10.42821608147111,pre-1930,0.12300000000000001,0,0,Brooklyn,100,12.42603550295858
17842,4.32280727501391,12.026395588961128,1960-79,0.23600000000000002,0,1,Unknown,100,7.958924767216411
17845,4.276666119016055,12.273362066969572,1960-79,0.24,0,1,Unknown,100,8.554559860883224
17847,4.225372824628505,10.181119289134408,pre-1930,0.256,0,1,Bronx,100,13.257575757575758
17849,4.471638793363569,10.843690104456597,2010+,0.518,0,0,Manhattan,100,6.83460261667643
17851,4.91705694713669,10.507229584228375,pre-1930,0.075,0,1,Bronx,100,10.93523606440854
17880,4.612145799724517,10.839580911706463,1930-59,0.17800000000000002,0,0,Brooklyn,100,8.823529411764707
17892,4.9459189793765646,10.601124638368926,pre-1930,0.10400000000000001,0,0,Manhattan,100,18.41712294673967
17905,4.448516375942715,10.371614421769003,pre-1930,0.127,0,1,Brooklyn,100,11.271133375078271
17907,4.014579593753238,11.09015650502452,2010+,0.695,0,0,Manhattan,100,2.8997451276650947
17909,4.499809670330265,11.769023986760127,1960-79,0.209,0,1,Brooklyn,100,10.914326408025513
17929,5.161351511474879,11.27720313144916,pre-1930,0.18899999999999997,0,0,Bronx,100,7.341772151898734
17951,3.535145354171894,10.576381004068805,2010+,1.0,0,0,Queens,80,9.694372161844992
17968,3.086486636822455,11.813763121996395,2010+,0.826,0,0,Manhattan,95,11.325028312570781
17970,4.062165663857866,11.81768586895676,2010+,0.337,0,0,Bronx,100,11.7230701172307
17978,4.429625613473161,10.197052288146065,2000-09,0.484,0,0,Brooklyn,100,6.710408589322994
17980,4.050044303325521,10.308952660644293,2000-09,0.324,0,0,Queens,100,9.666666666666666
17981,3.716008121502189,11.964472310865398,1930-59,0.243,0,0,Manhattan,100,6.302761755605639
17984,4.26549281841793,10.66494737327816,2010+,0.677,0,0,Manhattan,100,20.547305501074064
17995,3.572345637857985,10.966230838123327,2010+,0.6459999999999999,0,0,Brooklyn,100,8.637667138859136
18003,4.9788005705762375,11.34609135611061,1930-59,0.105,0,1,Bronx,100,10.397712503249284
18004,4.3294166844015844,10.421834817700965,2000-09,0.386,0,0,Manhattan,100,8.337055232990918
18009,3.8416005411316,10.665064112517854,2010+,0.418,0,0,Brooklyn,100,4.902761889197581
18012,4.557029810660157,10.829847420087066,2010+,0.26,0,0,Bronx,100,13.463746881558626
18014,3.0726933146901194,10.302330784335405,1930-59,0.975,0,0,Manhattan,65,2.01328769881216
18020,3.845883202923601,10.32078241239787,2010+,1.0,0,0,Bronx,100,13.176532595447506
18021,4.493120682179469,11.209926688406554,1960-79,0.188,0,0,Queens,100,8.800433252098564
18023,4.447346100794524,10.73676617241622,1930-59,0.28,0,0,Manhattan,100,6.736640806658409
18024,4.238444906195857,10.639358917305852,pre-1930,0.149,0,1,Manhattan,100,8.14449288554592
18026,3.332204510175204,11.546708342937798,pre-1930,0.932,0,0,Brooklyn,100,7.734251131134228
18030,4.596129441335942,10.947538053211556,pre-1930,0.17800000000000002,0,1,Manhattan,100,10.560777273207309
18032,3.756538102587751,12.320904664550293,1960-79,0.429,0,0,Queens,100,9.138037862679807
18035,4.4272389774954295,11.06788758174224,1930-59,0.141,0,0,Brooklyn,90,12.172284644194756
18036,4.143134726391533,10.308952660644293,pre-1930,0.207,0,1,Bronx,100,11.999999999999998
18038,4.48863636973214,10.768000662228644,pre-1930,0.125,0,1,Manhattan,100,10.531415211576132
18043,4.091005660956586,10.836851700599572,pre-1930,0.165,0,0,Manhattan,100,4.718743241383378
18044,4.231203744939298,10.838658918173572,1930-59,0.231,0,0,Brooklyn,100,8.046631209153535
18049,4.11251186617755,10.831054468604599,1960-79,0.21,0,0,Bronx,100,8.701326952360235
18056,4.163559631243574,11.489257577170026,1930-59,0.218,0,0,Queens,100,6.75807128741258
18062,4.244200317766478,10.819778284410283,1930-59,0.179,0,1,Bronx,100,9.6
18067,4.242764567340374,10.645424897265505,1930-59,0.147,0,1,Bronx,100,10.952380952380953
18069,4.443827035579329,11.134136367071987,1930-59,0.147,0,1,Brooklyn,100,8.617038367728462
18073,4.557029810660157,10.698107702026707,1980-99,0.428,0,0,Manhattan,100,8.583303216479942
18075,4.420044701861403,10.582916060955135,pre-1930,0.165,0,0,Manhattan,100,21.036624002027626
18077,4.377014092850337,10.586584397242571,pre-1930,0.146,0,0,Queens,100,11.616161616161618
18079,4.509760001183433,11.288781413322436,1930-59,0.114,0,0,Brooklyn,90,8.258258258258257
18083,3.655839600035736,12.056615102355392,1930-59,0.264,0,1,Queens,100,10.334717101634396
18088,4.729156165769083,10.48290596776773,pre-1930,0.11900000000000001,0,1,Bronx,100,12.324929971988796
18095,4.532599493153256,10.142898076314209,pre-1930,0.191,0,0,Manhattan,100,11.806375442739078
18101,4.68213122712422,10.785745689666076,pre-1930,0.242,0,0,Manhattan,100,28.969313220353012
18103,4.873669439023098,10.505067539570582,pre-1930,0.105,0,0,Brooklyn,100,10.684931506849315
18107,4.793308128103486,10.63393051783977,pre-1930,0.21600000000000003,0,1,Manhattan,100,8.911368015414258
18108,4.089332020398556,10.547969561114792,pre-1930,0.23199999999999998,0,0,Queens,100,12.598425196850393
18111,4.574710978503383,10.16277015046621,1930-59,0.21,0,1,Queens,85,12.345679012345679
18115,4.51852237926242,10.209205987474007,1960-79,0.215,0,0,Staten Is,85,15.468473777253976
18118,3.292126286607793,10.493992741124194,2000-09,0.354,0,0,Brooklyn,100,3.8783312094852898
18120,4.475061500641071,11.729439086792329,1930-59,0.151,0,1,Manhattan,95,8.697472900929341
18126,4.74406218485471,10.303873114900993,pre-1930,0.098,0,0,Brooklyn,100,11.39104797641383
18127,4.635699391022914,10.239959789157341,pre-1930,0.081,0,0,Brooklyn,100,11.428571428571429
18128,4.647271362006727,10.422281345951296,pre-1930,0.08900000000000001,0,0,Brooklyn,100,12.202380952380953
18133,3.871201010907891,11.056714281144115,2010+,0.478,0,0,Manhattan,100,9.15288473677566
18134,4.918520005188451,10.214605350465526,pre-1930,0.284,0,1,Manhattan,100,9.890472178468075
18136,4.824305715904762,10.325481962595504,pre-1930,0.152,0,0,Manhattan,100,13.114754098360656
18140,4.2017030805426,11.111432457614464,1960-79,0.193,0,0,Brooklyn,100,9.263132731727724
18144,3.8308129500026027,10.132970964396517,pre-1930,0.39899999999999997,0,0,Manhattan,100,7.949441551730991
18147,3.9396381724611196,10.695121679810727,pre-1930,0.382,0,1,Manhattan,100,3.851381966470322
18148,4.37197629882038,11.112597140967216,pre-1930,0.138,0,0,Brooklyn,100,8.953887479480674
18151,4.355425952876702,10.136700239527121,2000-09,0.489,0,0,Brooklyn,100,3.9599255533995965
18152,4.301358731606427,10.249025712063943,2010+,0.305,0,0,Bronx,100,13.448947089010794
18153,3.7013019741124933,10.981761070208707,2010+,0.43200000000000005,0,0,Staten Is,100,6.803646754660497
18154,4.251348311031766,11.547829180978109,pre-1930,0.161,0,0,Manhattan,100,4.538782447466008
18157,4.418840607796598,11.169166746298043,1930-59,0.152,0,0,Queens,95,8.602453814694684
18159,3.250374491927572,10.757647528943776,2010+,1.0,0,0,Brooklyn,100,4.469226185409041
18164,3.5496173867804286,11.72006970719553,2010+,0.636,0,0,Queens,90,7.641282434805229
18168,4.552823705615882,10.221759448941915,pre-1930,0.133,0,0,Bronx,100,10.54737224949991
18170,4.4331949212482815,10.947854826351842,2010+,0.303,0,0,Bronx,100,10.02956081081081
18182,2.8678989020441064,10.925272791090912,2000-09,1.0,0,0,Brooklyn,90,15.477925957921638
18183,4.237000862623624,11.790557201568507,1930-59,0.132,0,0,Brooklyn,90,9.46969696969697
18189,4.109233174715851,11.02841714952161,pre-1930,0.47100000000000003,0,0,Manhattan,100,5.357142857142858
18195,4.345103280569283,10.146433731146518,pre-1930,0.21,0,0,Manhattan,85,11.76470588235294
18197,2.8903717578961645,10.713016787836828,pre-1930,0.731,0,0,Bronx,100,9.791485857978948
18198,3.3603753871419,10.956038450543563,pre-1930,0.6,0,0,Bronx,100,10.994956281959546
18199,4.563305981889393,10.239959789157341,2010+,0.226,0,0,Bronx,95,12.142857142857142
18202,4.582924577040772,11.982929094215963,1930-59,0.145,0,0,Bronx,100,7.5
18205,4.692264892839025,10.677477120940175,pre-1930,0.16899999999999998,0,1,Manhattan,100,10.837483859066593
18215,4.377014092850337,10.854063762376834,pre-1930,0.172,0,0,Brooklyn,100,11.402288188002473
18217,4.7140245909001735,10.745399506361185,1930-59,0.114,0,1,Manhattan,100,13.572905894519131
18218,3.380994674344636,11.165889629485457,1930-59,0.498,0,0,Manhattan,100,8.630691304224793
18219,4.987025428457122,10.19054442959399,pre-1930,0.387,0,1,Bronx,95,10.50656660412758
18221,3.9815490680767565,11.613223186285593,pre-1930,0.377,0,0,Manhattan,100,8.14111261872456
18229,4.964242254526545,10.404262840448617,2000-09,0.336,0,0,Manhattan,100,16.363636363636363
18230,4.273884476054178,10.714417768752456,1980-99,0.26899999999999996,0,0,Manhattan,100,11.333333333333334
18231,4.74493212836325,11.002099841204238,1980-99,0.302,0,0,Manhattan,100,20.666666666666668
18233,3.5524868292083815,12.334061204997784,2010+,0.67,0,0,Brooklyn,100,10.998293064916325
18235,4.618086411254637,10.20828482084353,pre-1930,0.133,0,0,Brooklyn,100,9.215910347624138
18239,4.505349850705881,10.491274217438248,1930-59,0.17300000000000001,0,0,Brooklyn,100,8.88888888888889
18240,4.52720864451838,12.185869938212655,1960-79,0.14300000000000002,0,0,Brooklyn,100,10.051020408163266
18241,4.160444363926624,10.839580911706463,1930-59,0.184,0,0,Brooklyn,100,10.588235294117647
18242,4.123903364463645,10.82774645405946,pre-1930,0.20199999999999999,0,0,Brooklyn,100,9.523809523809524
18244,3.763522997109702,11.363043992428505,2010+,0.361,0,0,Brooklyn,100,8.480384753894588
18247,4.120661870539474,11.238199103678664,pre-1930,0.20800000000000002,0,0,Bronx,100,8.818342151675484
18248,3.5751506887855933,11.071314910225711,pre-1930,0.41600000000000004,0,0,Bronx,100,9.64230171073095
18249,4.422448549172797,10.870775534981187,pre-1930,0.153,0,1,Manhattan,100,11.40337539911814
18254,4.120661870539474,10.899808684315772,pre-1930,0.9390000000000001,0,0,Queens,100,9.230882841634974
18257,2.4595888418037104,10.707482665306589,2010+,0.44299999999999995,0,0,Bronx,100,9.845823356978228
18260,2.5952547069568657,10.231603544216687,1930-59,0.7190000000000001,0,0,Unknown,100,9.003493355421904
18261,3.0726933146901194,10.2373492417846,pre-1930,0.633,0,0,Bronx,100,10.74229240519927
18267,4.180522258463153,10.468630892511706,2010+,0.43,0,0,Queens,90,11.365573677331364
18269,3.9871304779149512,11.53410949063736,2010+,0.46,0,0,Queens,85,8.028117993753732
18272,4.396915247167632,12.413688260026383,pre-1930,0.263,0,1,Manhattan,95,16.37226384126623
18274,4.1956970564823886,12.434434557485782,1980-99,0.309,1,0,Manhattan,100,5.2923106307797605
18287,4.396915247167632,10.38495645364112,2000-09,0.331,0,0,Bronx,100,18.536253823102353
18290,4.990432586778736,11.580079313156618,1960-79,0.165,0,0,Queens,100,14.960821349092065
18291,4.68213122712422,10.353447900530844,1960-79,0.162,0,0,Queens,100,14.984855730910251
18292,4.351567427189173,11.418614785498987,1960-79,0.17,0,0,Queens,100,11.20879120879121
18293,4.498697941477575,11.639751929719603,1960-79,0.18100000000000002,0,0,Queens,100,15.327425521044379
18294,4.123903364463645,11.002099841204238,1930-59,0.15,0,0,Queens,100,8.833333333333332
18295,4.5591262474866845,11.361032235184185,1930-59,0.145,0,0,Queens,100,12.222377427014946
18296,4.330733340286331,11.884454538049546,1960-79,0.218,0,0,Queens,100,12.34525328459602
18297,4.705015520957808,10.30735137927732,1960-79,0.16399999999999998,0,0,Queens,100,15.024038461538462
18326,4.882044059723269,10.239959789157341,pre-1930,0.102,0,1,Queens,90,14.285714285714286
18327,4.188138441508461,10.643112702392486,1930-59,0.14400000000000002,0,0,Queens,100,11.455027086366131
18329,4.168214410788556,11.248373809907301,2000-09,0.319,0,0,Brooklyn,100,8.72907302455866
18332,3.1570004211501135,10.924678694235652,2010+,1.0,0,0,Brooklyn,100,4.862236628849271
18335,4.31748811353631,11.429543856031177,1960-79,0.303,0,0,Manhattan,100,13.695652173913043
18344,4.579852378003801,10.948241857301557,1960-79,0.131,0,0,Brooklyn,100,12.136349245435676
18358,4.446174454497633,11.184421397998193,1930-59,0.168,0,0,Brooklyn,100,9.305555555555555
18360,4.368181227851829,11.300350865005253,1930-59,0.125,0,0,Brooklyn,100,8.286951144094001
18361,4.463606621666305,10.990786081303964,1960-79,0.145,0,0,Brooklyn,100,10.11378002528445
18362,4.33990170837321,11.723591494773325,1930-59,0.163,0,0,Brooklyn,100,9.720534629404618
18363,4.276666119016055,11.020430797888961,1930-59,0.16399999999999998,0,0,Brooklyn,100,8.836524300441827
18367,4.122283930911342,11.252015143015875,1930-59,0.165,0,0,Brooklyn,100,8.56753423768417
18368,4.248495242049359,11.837751576548877,2010+,0.40700000000000003,0,0,Bronx,100,15.537039579705013
18369,3.0301337002713233,10.142898076314209,pre-1930,0.8190000000000001,0,0,Manhattan,95,9.445100354191263
18377,4.144720769547168,10.16199824768763,2000-09,0.254,0,0,Brooklyn,90,5.405405405405405
18380,3.9627161197436642,12.39571732270391,2010+,0.39299999999999996,0,0,Unknown,90,9.678860376234676
18387,4.11251186617755,11.210616945656284,1930-59,0.135,0,0,Bronx,100,7.576680061154631
18389,4.120661870539474,11.589812429288664,2010+,0.298,0,0,Bronx,100,6.7597599822209045
18392,4.133565275375382,10.886296095460594,pre-1930,0.24600000000000002,0,1,Manhattan,100,5.052489754673553
18396,3.214867803470662,11.202479585253222,2000-09,0.802,0,0,Brooklyn,90,6.8201658664338725
18398,3.4531571205928664,10.603014340060112,2010+,1.0,0,0,Bronx,95,16.146661367249603
18399,3.261935314328648,11.01944847953885,pre-1930,0.555,0,0,Queens,90,10.81081081081081
18400,4.200204952921578,10.203592144986466,pre-1930,0.145,0,1,Brooklyn,80,11.481481481481481
18401,4.328098292648326,10.953049643228946,2010+,0.387,0,0,Manhattan,90,13.653549922979975
18402,4.212127597878484,11.524626737277869,2010+,0.34,0,0,Brooklyn,100,12.453423208832048
18404,4.197201947661808,11.189657664793438,2010+,0.41100000000000003,0,0,Brooklyn,100,12.849208322971068
18417,3.0155349008501706,10.440916158096654,2000-09,0.778,0,0,Brooklyn,100,7.010983874737088
18442,4.259859000699674,10.484025788713419,pre-1930,0.196,0,0,Manhattan,100,9.23335198656967
18446,4.324132656254979,11.100224239197436,1930-59,0.228,0,0,Queens,100,12.087148339527996
18447,4.355425952876702,11.0178747603196,pre-1930,0.522,0,0,Manhattan,100,2.13275584867277
18450,2.5952547069568657,10.701490121198454,1980-99,1.0,0,0,Queens,100,8.779433613975057
18456,4.412798293340635,10.8081104795426,pre-1930,0.377,0,0,Manhattan,100,1.0117361392148927
18457,4.508659285607248,12.770980122038347,1980-99,0.354,0,1,Manhattan,95,9.577754599169548
18458,4.679349584162343,10.181119289134408,pre-1930,0.162,0,0,Manhattan,100,9.090909090909092
18459,4.356708826689592,10.284284214428578,pre-1930,0.191,0,0,Manhattan,100,7.174826608356964
18461,4.5217885770490405,10.829728615263452,pre-1930,0.132,0,1,Manhattan,100,6.336633663366337
18463,4.4272389774954295,10.612311212481082,pre-1930,0.157,0,1,Manhattan,95,11.813349084465445
18467,4.318820558770089,10.747207591575448,1930-59,0.611,0,0,Brooklyn,95,15.483870967741934
18477,4.133565275375382,10.479342202122597,2000-09,0.243,0,0,Queens,100,7.027801984651281
18483,4.416428061391214,11.497974250517016,1960-79,0.157,0,0,Queens,90,10.353648138373462
18485,3.2809112157876537,10.693262226679666,pre-1930,0.344,0,1,Manhattan,100,10.440782604748287
18486,2.4765384001174837,10.908411678551898,1930-59,0.7240000000000001,0,0,Bronx,100,10.250027455430684
18487,5.822749993720244,10.511131309482133,1930-59,0.033,0,0,Bronx,100,8.441806001851752
18488,3.8155121050473024,11.43300524979418,pre-1930,0.379,0,1,Manhattan,100,12.478471387255063
18489,4.130354999745133,11.105573578013793,pre-1930,0.45799999999999996,0,0,Manhattan,100,10.670113163312845
18490,4.191168746857641,10.975447810206811,1930-59,0.175,0,0,Brooklyn,100,10.270103728047655
18491,4.28496492183075,10.859325867212782,1930-59,0.223,0,0,Manhattan,100,17.109791029855625
18492,4.012772908528289,10.68898599416026,1930-59,0.146,0,1,Bronx,100,9.573740597219057
18493,4.548599834499697,11.950547937877449,1960-79,0.14300000000000002,0,0,Queens,100,10.458225200449316
18496,4.437934266612178,11.115190402923975,pre-1930,0.162,0,0,Manhattan,100,9.674922600619196
18497,4.596129441335942,10.86501930065587,pre-1930,0.174,1,0,Manhattan,100,11.660358603815423
18499,2.501435951739211,11.515920973950028,1960-79,1.0,0,0,Brooklyn,90,9.571286141575273
18500,4.365643155423357,11.156764674546208,1930-59,0.15,0,0,Brooklyn,100,7.71032040664801
18501,4.3476939555933765,10.716504478946458,pre-1930,0.226,0,0,Manhattan,100,10.644431631702666
18502,4.089332020398556,10.707639291138985,1930-59,0.231,0,0,Brooklyn,100,11.857884374440665
18503,4.278054044290903,10.736614043149514,pre-1930,0.20199999999999999,0,0,Brooklyn,100,9.563138448163443
18504,4.12552017969055,10.205442284274628,1930-59,0.221,0,0,Brooklyn,100,10.351201478743068
18505,4.117409835153096,11.152744381702208,1930-59,0.201,0,0,Brooklyn,100,8.458175041215684
18506,4.062165663857866,10.928847912796902,pre-1930,0.502,0,0,Brooklyn,100,10.401348588644597
18507,4.429625613473161,10.242242895171909,pre-1930,0.166,0,0,Queens,90,13.896807297605472
18509,4.598145571051127,10.308519233394938,pre-1930,0.174,0,0,Manhattan,100,10.337813052322673
18510,4.511957804265912,10.740323737069875,pre-1930,0.14,0,0,Manhattan,100,7.7954136982741815
18511,4.442651256490317,10.88451678555052,1930-59,0.171,0,0,Brooklyn,100,11.060287942411518
18513,4.197201947661808,11.036823277262624,1930-59,0.175,0,0,Brooklyn,100,8.692852543464264
18514,3.9512437185814275,11.43669215897064,1930-59,0.207,0,0,Brooklyn,100,7.230736024174401
18515,4.092676505121403,10.436759365131948,pre-1930,0.265,0,0,Manhattan,100,12.320328542094456
18516,4.309455941839047,11.127645264021162,1960-79,0.204,0,0,Brooklyn,100,8.37914914885485
18524,4.070734696582967,11.336259882952431,2000-09,0.402,0,0,Bronx,80,8.233300718325657
18527,3.0349529867072724,10.51759152575562,2000-09,1.0,0,0,Queens,100,8.116883116883118
18532,3.6788291182604347,12.154779351142624,1960-79,0.752,0,0,Bronx,100,8.736842105263158
18542,3.0349529867072724,10.642038216549922,1930-59,0.815,0,0,Bronx,100,9.317215347125998
18545,2.9806186357439426,10.642038216549922,1930-59,0.8079999999999999,0,0,Bronx,100,9.317215347125998
18546,5.258016069774511,10.642038216549922,1930-59,0.09300000000000001,0,1,Bronx,100,9.317215347125998
18547,4.5031374604229395,11.219118003904851,pre-1930,0.16399999999999998,0,1,Manhattan,100,7.780848380778622
18548,4.447346100794524,10.319496874519963,pre-1930,0.162,0,0,Manhattan,100,9.565274754271389
18549,4.7086288943563215,10.736614043149514,pre-1930,0.17800000000000002,0,1,Bronx,100,11.953923060204303
18550,5.159629846774143,10.72141544999338,1930-59,0.061,0,1,Bronx,100,9.709594845087828
18552,3.2347491740244907,10.723795878712753,1930-59,0.795,0,0,Bronx,100,9.686509334272632
18553,4.592084946439436,10.705377024100308,pre-1930,0.156,0,1,Manhattan,100,7.848413499271219
18554,4.750135956238277,10.459668878022915,pre-1930,0.11800000000000001,0,1,Manhattan,100,8.600917431192661
18555,3.0301337002713233,10.642038216549922,1930-59,0.7859999999999999,0,0,Bronx,100,9.556118304744613
18556,3.0155349008501706,10.642038216549922,1930-59,0.7709999999999999,0,0,Bronx,100,9.556118304744613
18558,4.5685062016165,10.418882720016489,pre-1930,0.15,0,0,Bronx,100,8.660335662664995
18559,4.60816569496789,10.678076461683316,pre-1930,0.195,0,1,Bronx,100,11.522330276075035
18560,5.347583607850955,10.642038216549922,1930-59,0.091,0,1,Bronx,100,9.317215347125998
18561,4.531523645819793,11.021052434120925,pre-1930,0.155,0,1,Manhattan,100,8.01334467194348
18562,4.210645017918261,10.143960085972113,2000-09,0.35700000000000004,0,0,Queens,100,10.221331131815857
18564,4.30406509320417,11.382885114418173,2010+,0.523,0,0,Brooklyn,100,7.288795754276474
18565,4.204692619390966,10.339158502701359,pre-1930,0.138,0,0,Brooklyn,100,12.9366106080207
18567,4.773223770984341,12.634355438918783,1960-79,0.222,0,0,Manhattan,100,8.308245689486649
18576,4.302712827954156,11.007866515265238,pre-1930,0.191,0,0,Manhattan,65,8.94824929159693
18578,4.3489867805956814,11.114922446093194,1930-59,0.38299999999999995,0,1,Manhattan,100,12.655212458684453
18579,4.436751534363128,10.59518368082876,pre-1930,0.172,0,1,Manhattan,100,9.513795002753994
18580,4.0809215418899605,10.697249003128666,pre-1930,0.52,0,0,Manhattan,100,0.904281774200841
18581,4.4343818650078095,10.8235910067382,pre-1930,0.127,0,1,Manhattan,100,11.157378812934589
18582,3.484312288372662,10.67498369950705,pre-1930,0.361,0,1,Manhattan,100,8.321775312066574
18583,4.721173861744398,10.976782033219948,1960-79,0.182,0,0,Manhattan,100,19.145299145299145
18584,4.4355674016019115,10.158129770909708,pre-1930,0.147,0,0,Manhattan,100,9.689922480620154
18585,4.365643155423357,10.33912616065184,2010+,0.409,0,0,Brooklyn,100,14.87758336298069
18586,4.389498649512583,10.597459392970629,2000-09,0.271,0,0,Bronx,100,10.990932480703421
18587,4.30406509320417,11.622855524342425,2000-09,0.289,0,0,Bronx,100,8.06307113420534
18596,4.097672352314776,11.192720200812888,1930-59,0.157,0,0,Brooklyn,100,8.264462809917354
18597,4.3476939555933765,11.097410021008562,1930-59,0.14300000000000002,0,0,Brooklyn,100,8.181818181818182
18598,3.899950424193877,12.063794540270518,2000-09,0.622,0,0,Brooklyn,100,7.493831999815536
18599,4.2017030805426,11.06350846933288,1930-59,0.125,0,0,Brooklyn,100,8.620689655172413
18613,4.443827035579329,11.165068669482377,1930-59,0.094,0,0,Brooklyn,100,8.354573775134524
18614,4.012772908528289,11.473685551632625,1930-59,0.147,0,0,Unknown,100,8.320159747067144
18615,4.442651256490317,11.161948542146133,1930-59,0.091,0,0,Brooklyn,100,8.380681818181818
18616,4.242764567340374,10.934891091510787,1930-59,0.134,0,0,Brooklyn,100,8.55614973262032
18617,4.197201947661808,10.95430917736789,1930-59,0.132,0,0,Brooklyn,100,10.314685314685315
18628,4.454347296253507,11.647456357927835,1930-59,0.17300000000000001,0,0,Queens,100,11.800699300699302
18629,4.550714000192032,11.033275458672687,1930-59,0.17800000000000002,0,1,Bronx,100,11.147011308562197
18632,4.189654742026425,10.680516217076775,pre-1930,0.17800000000000002,0,1,Bronx,100,11.264367816091953
18633,4.550714000192032,10.203592144986466,pre-1930,0.17300000000000001,0,1,Bronx,100,13.333333333333332
18634,4.244200317766478,10.691944912900398,pre-1930,0.18899999999999997,0,1,Bronx,100,10.454545454545453
18636,4.632785353021065,10.373491181781864,pre-1930,0.161,0,1,Bronx,100,11.25
18637,4.532599493153256,10.67521483321893,pre-1930,0.203,0,1,Bronx,100,12.017564132193206
18638,4.092676505121403,10.745270232235221,1930-59,0.188,0,1,Bronx,100,9.049773755656108
18639,4.566429357671661,11.433882257629776,pre-1930,0.149,0,1,Bronx,100,8.874458874458874
18641,4.409155302062135,10.896739325546411,pre-1930,0.17300000000000001,0,1,Bronx,100,10.185185185185185
18643,4.662495252607361,10.92818415825407,pre-1930,0.158,0,0,Manhattan,60,12.920592193808885
18644,4.545420181582317,11.01944847953885,1930-59,0.152,0,0,Queens,100,11.466011466011466
18654,2.856470206220483,10.44891748098905,2010+,0.905,0,0,Brooklyn,50,3.4775552786391164
18655,4.66814498514948,11.004181007408063,1930-59,0.105,0,1,Queens,85,8.981288981288982
18659,4.139955073474153,11.322007060950755,pre-1930,0.128,0,0,Brooklyn,90,8.472524812394093
18660,4.585987366571318,10.724456104533958,pre-1930,0.10400000000000001,0,1,Queens,100,10.120121441457297
18661,4.421247347827163,10.772246328364929,1930-59,0.121,0,1,Bronx,100,10.696533064871327
18667,4.286341384539473,11.33857207782545,pre-1930,0.16399999999999998,0,0,Brooklyn,95,10.357142857142856
18668,3.4468078929142076,11.268226250690303,1960-79,0.679,0,0,Manhattan,100,8.429764732929726
18671,4.473921899378137,10.439980923050696,1930-59,0.23199999999999998,0,0,Brooklyn,100,7.017543859649122
18672,4.45898767581001,10.664293381569887,pre-1930,0.187,0,0,Bronx,100,10.046728971962615
18674,4.564348191467836,10.655516660832296,pre-1930,0.295,0,0,Bronx,100,9.899589874133786
18676,4.52720864451838,10.404262840448617,pre-1930,0.191,0,0,Bronx,100,9.696969696969697
18680,4.468204330914934,11.56261998199408,1930-59,0.111,0,0,Queens,100,10.27641657547933
18681,4.345103280569283,11.84545422200088,1960-79,0.152,0,0,Queens,100,9.035561388034335
18682,3.893859034800475,11.320541451037188,1930-59,0.20199999999999999,0,0,Manhattan,100,10.545582370695401
18683,2.631888840136646,11.487094704935707,1960-79,0.715,0,0,Bronx,100,7.28578758337609
18684,4.127134385045092,11.247226647053857,1930-59,0.159,0,1,Bronx,100,8.739092438728528
18685,4.634728988229636,11.007883085959966,1930-59,0.125,0,1,Bronx,100,9.113806588453635
18687,3.502549875922443,10.347852809601848,1930-59,0.856,0,0,Bronx,100,10.259698621352998
18688,4.637637376125593,10.491274217438248,pre-1930,0.20800000000000002,0,0,Bronx,100,14.444444444444445
18690,4.216562194946349,10.816151716354584,1930-59,0.18100000000000002,0,0,Queens,100,12.043597824123328
18696,4.763881877142913,11.321474360388509,1930-59,0.13,0,0,Queens,100,9.445843828715365
18697,4.378269585796169,11.820410164718188,1930-59,0.14400000000000002,0,1,Queens,100,8.823529411764707
18698,4.736198448394496,11.75351592988816,1930-59,0.125,0,1,Queens,100,9.433962264150944
18699,4.7664383335842135,10.936672035881783,1930-59,0.126,0,0,Queens,100,9.608540925266905
18705,3.6913763343125234,10.178160370394268,2010+,0.6829999999999999,0,0,Manhattan,100,9.877668870146646
18740,4.481871969643598,10.239959789157341,pre-1930,0.153,0,1,Brooklyn,100,11.785714285714286
18743,4.847331743138063,10.453053004618049,pre-1930,0.09300000000000001,0,1,Bronx,100,11.255411255411255
18744,4.534747721691546,11.083034458700237,pre-1930,0.18899999999999997,0,0,Manhattan,100,13.21897383872852
18745,4.389498649512583,10.700994748420316,pre-1930,0.203,0,0,Bronx,100,10.81081081081081
18746,4.543294782270004,11.382588963242226,1930-59,0.151,0,0,Bronx,100,9.569377990430622
18747,4.572646994282532,10.354244649836,pre-1930,0.158,0,0,Manhattan,100,8.282892640968461
18751,3.3843902633457743,10.79100837091417,pre-1930,0.364,0,0,Manhattan,100,8.027664567123626
18754,3.6506582412937387,10.822534482604,2010+,0.725,0,0,Manhattan,100,2.991742789899876
18755,5.900992643943907,10.699394369397588,1960-79,0.040999999999999995,0,0,Bronx,100,11.7304698955537
18762,4.401829261970061,10.132215482144238,1960-79,0.18,0,0,Manhattan,100,17.501988862370723
18763,4.509760001183433,10.487712325871886,1930-59,0.193,0,0,Brooklyn,95,11.429527207850134
18764,4.120661870539474,11.113014901775394,pre-1930,0.251,0,0,Brooklyn,100,8.950147677436677
18765,4.400603020246817,10.939816552894099,pre-1930,0.205,0,0,Brooklyn,95,9.223619561168562
18770,4.272490747605575,11.785658860624434,pre-1930,0.13699999999999998,0,0,Brooklyn,100,6.851661527920521
18771,4.6434288981051814,10.573621958787001,pre-1930,0.14300000000000002,0,1,Manhattan,100,9.20951650038373
18772,3.095577608523707,10.188666494769791,pre-1930,0.502,0,0,Unknown,100,16.165413533834585
18777,4.089332020398556,11.022719128406973,pre-1930,0.231,0,1,Manhattan,100,5.387755102040816
18780,3.8416005411316,10.784006018522135,1930-59,0.475,0,0,Brooklyn,100,9.327778123251042
18781,4.796616650559047,10.654195843620604,pre-1930,0.12300000000000001,0,1,Bronx,100,11.092754307292896
18783,4.695924549256556,10.737873844788798,pre-1930,0.166,0,1,Bronx,100,11.07059129981766
18784,3.9815490680767565,12.165250651009918,1930-59,0.185,0,0,Manhattan,100,7.552083333333333
18786,5.012633296758929,11.002099841204238,1930-59,0.06,0,1,Queens,100,10.0
18788,4.189654742026425,11.545324889016888,1960-79,0.312,0,0,Manhattan,100,9.100326256377489
18789,3.6000482404073204,11.225376716963682,1930-59,0.306,0,1,Bronx,100,9.865351286495134
18790,4.26689632742025,10.929529148369403,1930-59,0.132,0,0,Bronx,100,10.215053763440862
18792,4.442651256490317,10.621327345686446,pre-1930,0.198,0,0,Manhattan,90,10.0
18793,4.308110951723713,10.563594879017874,pre-1930,0.244,0,0,Manhattan,100,10.335917312661499
18795,4.060443010546419,10.465101343134224,pre-1930,0.282,0,0,Bronx,100,11.405759908753922
18797,4.22829253473184,11.08598132518494,pre-1930,0.201,0,0,Bronx,100,8.275862068965518
18798,4.783316371371566,10.915088464214607,pre-1930,0.19399999999999998,0,0,Bronx,100,13.272727272727273
18799,3.648057459593681,11.443382442177796,2010+,0.42,0,0,Queens,95,5.46729272528462
18800,4.755312844417811,10.536672391923391,pre-1930,0.203,0,0,Unknown,100,12.741558717349756
18802,4.888844237042334,10.893623364868153,pre-1930,0.147,0,0,Manhattan,100,6.687472135532769
18803,4.0943445622221,11.909302736836457,pre-1930,0.18899999999999997,0,0,Manhattan,100,5.382022698680732
18807,4.102643365036796,10.70351409472317,pre-1930,0.24100000000000002,0,0,Manhattan,100,17.523364485981308
18808,3.9721769282478934,11.098818120080674,1930-59,0.18899999999999997,0,0,Queens,100,9.078117198493032
18809,4.241326752570746,11.37601694770277,1960-79,0.162,0,1,Bronx,100,8.829768935267474
18810,4.122283930911342,11.306257935499344,1960-79,0.201,0,0,Bronx,100,10.328419137085174
18811,2.7343675094195836,10.989537936492082,pre-1930,0.7290000000000001,0,0,Queens,100,12.826787733540362
18812,4.74406218485471,11.834458087797147,1960-79,0.10800000000000001,0,1,Queens,100,11.67309532786172
18815,4.110873864173311,11.156207662970246,1930-59,0.19899999999999998,0,0,Bronx,100,9.428975527522608
18817,2.954910279033736,10.578318001310176,pre-1930,0.84,0,0,Manhattan,100,20.115088862860926
18818,4.186619838331271,10.606981025150217,1930-59,0.166,0,0,Queens,100,11.381631037212985
18821,4.676560182074764,10.658905058822198,1930-59,0.177,0,1,Manhattan,100,18.557669720460417
18824,4.506454213048934,10.387301627055269,2010+,0.37,0,0,Bronx,100,15.410695022345507
18827,4.469350462845557,10.134599273499514,1930-59,0.11199999999999999,0,1,Bronx,100,10.317460317460318
18829,3.8815637979434374,11.44571671527678,pre-1930,0.377,0,0,Brooklyn,100,9.411764705882353
18835,4.197201947661808,10.197648591085619,pre-1930,0.18899999999999997,0,0,Queens,100,10.059612518628914
18838,4.345103280569283,10.771092114833227,2000-09,0.24100000000000002,0,0,Manhattan,90,7.979170166302705
18839,3.817712325956905,11.904474187818545,2010+,0.7290000000000001,0,0,Queens,100,7.706503883672352
18840,4.605170185988092,12.28449095766428,1960-79,0.16899999999999998,1,0,Manhattan,100,9.800522386334743
18843,4.396915247167632,10.154246270883311,1960-79,0.307,0,0,Manhattan,100,24.5136186770428
18846,4.436751534363128,10.335269968961667,pre-1930,0.157,0,0,Brooklyn,100,8.766233766233766
18847,4.7059200890882344,10.471723225145992,1930-59,0.375,0,0,Brooklyn,100,11.61374387445826
18849,4.393213824064446,12.2321935059815,1960-79,0.14400000000000002,0,0,Brooklyn,100,9.352486446201283
18850,4.385769620952716,10.279283518982245,2000-09,0.392,0,0,Manhattan,90,12.017992651855922
18853,4.249922794040544,13.49127514508879,1960-79,0.156,0,0,Queens,100,9.003153178071582
18867,3.9852734671677386,10.706609586304646,2000-09,0.317,0,0,Brooklyn,100,8.958566629339305
18869,4.530446639792155,10.289599932128478,pre-1930,0.09300000000000001,0,1,Manhattan,100,3.398470688190314
18877,4.251348311031766,10.296340122593449,1930-59,0.209,0,0,Manhattan,100,9.45179584120983
18879,4.063885354737392,10.272150354120187,pre-1930,0.233,0,1,Bronx,100,11.066537557061833
18882,4.373238128640803,10.76015566042631,2000-09,0.225,0,0,Manhattan,100,9.128348830297627
18886,4.645351975620923,10.340451327703663,pre-1930,0.259,0,1,Bronx,100,12.919896640826874
18887,4.666265285347902,10.289769841227518,pre-1930,0.21600000000000003,0,1,Bronx,100,10.533469249065579
18892,4.5685062016165,10.989014601655581,1930-59,0.121,0,0,Unknown,100,9.11854103343465
18903,4.570578741218473,11.536192671908575,1930-59,0.266,0,0,Manhattan,100,12.212517341774625
18904,4.663439094112067,11.491150093092388,pre-1930,0.16699999999999998,0,0,Bronx,100,9.50473192567913
18905,4.529368472571809,11.082757744221691,pre-1930,0.21899999999999997,0,0,Bronx,100,10.45510455104551
18911,3.7612001156935624,12.497887416606964,1960-79,0.413,1,0,Manhattan,100,8.701465057829264
18913,4.186619838331271,10.97644009442366,1960-79,0.302,1,0,Manhattan,100,11.285909712722297
18917,3.56953269648137,10.91879069340793,2010+,0.713,0,0,Manhattan,100,6.883559162379537
18921,4.39197696552705,10.259727401834914,1960-79,0.23800000000000002,0,0,Manhattan,100,14.006092650302882
18950,3.632309102625542,10.829233443181039,2010+,0.545,0,0,Queens,95,8.71718672610203
18957,4.421247347827163,10.541174875891706,pre-1930,0.21600000000000003,0,1,Manhattan,90,14.269858886951008
18958,4.273884476054178,11.095711609827516,1960-79,0.138,0,0,Queens,100,10.320543953375426
18959,3.1570004211501135,11.324605956372638,1930-59,0.9990000000000001,0,0,Manhattan,80,5.311764350817891
18961,4.364371699435161,11.580584113444043,1930-59,0.193,0,0,Queens,100,11.30841121495327
18962,4.3489867805956814,10.833464203514847,1930-59,0.183,0,1,Bronx,100,11.047761841819725
18963,3.765840495250065,10.59633468808707,1930-59,0.7909999999999999,0,0,Queens,70,9.252775832749824
18964,3.906004933102583,10.131897213522837,2010+,0.96,0,0,Brooklyn,100,9.549578226961643
18966,3.877431560658527,10.605297106174726,2010+,0.5529999999999999,0,0,Brooklyn,100,8.178844056706652
18967,4.0163830207523885,10.289328017507993,2010+,0.565,0,0,Queens,100,7.818608287724785
18968,4.687671407499835,10.657870932566647,pre-1930,0.142,0,0,Bronx,100,12.462963833889855
18969,4.511957804265912,10.663358365138981,1930-59,0.152,0,0,Bronx,100,10.757717492984098
18980,3.9627161197436642,11.313803569497928,pre-1930,0.26899999999999996,0,1,Manhattan,100,4.881322838489231
18981,4.1728476237100445,10.375613927162842,pre-1930,0.154,0,1,Manhattan,100,9.043283023574903
18983,4.385769620952716,10.267088456545594,pre-1930,0.313,0,0,Bronx,100,11.817865832464372
18996,4.075841090657541,12.234533758152205,1930-59,0.28,0,0,Queens,100,13.60716125458027
19002,3.5553480614894135,10.197238671014292,2010+,0.45899999999999996,0,0,Brooklyn,100,7.454620000745462
19006,2.954910279033736,10.908448285122782,pre-1930,0.8220000000000001,0,0,Bronx,100,9.15147521780511
19007,4.611152257665639,10.794973165491312,pre-1930,0.163,0,0,Bronx,100,10.046130189646336
19008,3.9219733362813143,10.555812738575819,pre-1930,0.359,0,0,Bronx,100,11.197916666666668
19010,4.151039905898646,12.46445978092493,1930-59,0.294,0,0,Queens,100,11.121065150906677
19011,3.8394523125933104,11.183337477435154,2000-09,0.605,0,0,Queens,100,6.673896721448235
19012,3.977810745966149,11.602583336900764,1960-79,0.22,0,0,Brooklyn,100,6.308283049917718
19014,4.115779842942166,11.187541525334437,1930-59,0.17,0,0,Brooklyn,100,8.861197646244376
19015,4.160444363926624,11.205163126684255,pre-1930,0.175,0,0,Queens,100,11.01905889074807
19016,4.426043520090656,11.160313683765866,1930-59,0.142,0,0,Queens,100,9.532617201394324
19019,3.655839600035736,10.99909533218394,1960-79,1.0,0,0,Manhattan,100,12.036108324974926
19020,4.192680462942962,10.450452222917992,1930-59,0.188,0,1,Manhattan,100,11.574074074074073
19021,4.3294166844015844,11.652861305267745,1960-79,0.263,0,0,Manhattan,100,11.997913406364109
19023,4.389498649512583,11.26612938499079,1960-79,0.139,0,0,Manhattan,100,9.727377447843338
19030,4.3054155323020415,10.759603561374213,pre-1930,0.146,0,0,Brooklyn,100,9.770603228547154
19032,4.8307108619020225,10.717346808258336,1930-59,0.079,0,1,Brooklyn,100,10.635469290082426
19036,4.060443010546419,10.579819140167512,1930-59,0.184,0,0,Manhattan,100,12.203493249942797
19038,3.696351468952637,10.876347635898178,pre-1930,0.32799999999999996,0,0,Manhattan,100,7.749007749007749
19039,3.8732821771117156,11.983241545398009,pre-1930,0.519,0,0,Brooklyn,100,4.748516088722274
19040,4.07753744390572,10.96629993707305,1930-59,0.14400000000000002,0,0,Brooklyn,100,7.255139056831923
19042,4.632785353021065,12.435567981481798,2010+,0.429,0,0,Manhattan,100,4.928594992706474
19049,4.074141854904581,12.859163163628557,pre-1930,0.556,1,0,Manhattan,100,8.014697080880783
19050,4.075841090657541,12.393278090038754,pre-1930,0.298,0,0,Manhattan,100,3.4000207318337305
19054,4.450852825603734,10.674752512360026,pre-1930,0.18100000000000002,0,0,Bronx,100,12.023121387283236
19055,4.328098292648326,10.223394772282646,pre-1930,0.18600000000000003,0,0,Bronx,100,11.982570806100219
19056,3.4657359027997265,10.173514689749188,pre-1930,0.726,0,0,Manhattan,100,3.816793893129771
19060,4.183575695950044,10.819778284410283,pre-1930,0.179,0,0,Bronx,100,9.6
19061,4.312140507209715,10.986596956750757,1930-59,0.14800000000000002,0,0,Bronx,100,8.294260033515581
19063,4.48863636973214,12.256138186536896,1960-79,0.122,0,0,Queens,100,9.22632069549337
19068,3.0819099697950434,10.205146491918704,1980-99,0.8140000000000001,0,0,Manhattan,100,10.354263737889209
19071,4.316153890523174,10.484305548122153,2000-09,0.257,0,0,Manhattan,100,7.2727272727272725
19075,2.424802725718295,10.550643149245081,pre-1930,0.9640000000000001,0,0,Manhattan,100,6.805926391288414
19086,3.966511190712216,10.290177505317958,2010+,0.655,0,0,Manhattan,100,11.548128523877454
19090,4.333361462692601,11.55333777558149,pre-1930,0.243,0,0,Unknown,80,4.417809534785448
19091,4.276666119016055,12.505932763654654,2000-09,0.276,0,0,Brooklyn,90,6.223743581764431
19093,4.053522567701846,10.610858099732317,2010+,0.7,0,0,Queens,90,11.091119710152071
19094,3.380994674344636,10.498663515870101,2010+,0.86,0,0,Brooklyn,90,5.790387955993051
19097,3.374168709274236,10.684645610418787,2010+,0.519,0,0,Queens,50,6.181318681318681
19099,4.075841090657541,10.951385326659736,2000-09,0.474,0,0,Brooklyn,90,4.734101309768029
19103,4.188138441508461,10.377701057805387,pre-1930,0.215,0,0,Brooklyn,90,6.534930760852653
19104,4.1713056033582285,10.68485163315069,pre-1930,0.451,0,0,Brooklyn,90,8.468950994529516
19105,3.9569963710708773,10.393661388571246,2000-09,0.39399999999999996,0,0,Brooklyn,90,7.043978929315203
19106,4.147885329150131,10.565144066004702,pre-1930,0.184,0,0,Brooklyn,90,6.449948400412797
19107,4.3134800921387715,10.566175525611365,pre-1930,0.145,0,0,Brooklyn,90,10.051546391752577
19108,3.9646154555473165,10.69176307818765,2000-09,0.32299999999999995,0,0,Brooklyn,90,8.183306055646481
19109,3.8394523125933104,11.224029322500268,2010+,0.528,0,0,Queens,90,7.075251304916632
19114,4.418840607796598,10.707303634311371,pre-1930,0.128,0,0,Manhattan,90,10.071395000111904
19115,4.30406509320417,11.2728900459858,1930-59,0.113,0,0,Brooklyn,90,8.390541571319604
19116,4.545420181582317,10.81206864134023,1930-59,0.166,0,0,Manhattan,90,15.720735246694614
19119,3.3877743613300146,10.675584536074474,2010+,0.414,0,0,Queens,50,6.237582590213926
19122,4.3054155323020415,10.898996036516913,2000-09,0.461,0,0,Brooklyn,90,12.379439045120284
19123,4.44500143383527,10.893028746149875,1960-79,0.174,0,0,Brooklyn,90,12.825278810408923
19125,4.302712827954156,10.239959789157341,1960-79,0.131,0,0,Brooklyn,90,10.0
19126,4.203198967134183,10.517943195514293,pre-1930,0.659,0,0,Brooklyn,90,9.195899710599626
19127,3.4210000089583352,10.776265172078537,2000-09,0.8009999999999999,0,0,Brooklyn,90,6.684631614129641
19128,3.7773481021015445,10.61890979160975,2010+,0.52,0,0,Brooklyn,90,9.046233588420822
19129,3.883623530906448,10.442229854296327,2000-09,0.46299999999999997,0,0,Brooklyn,90,8.168742888817574
19137,4.384523514872469,10.880779305967682,1930-59,0.102,0,0,Queens,100,12.042525166995954
19139,4.892602227184663,10.408103938824375,pre-1930,0.08900000000000001,0,0,Brooklyn,100,9.056056992785342
19140,4.110873864173311,10.755261096378494,pre-1930,0.41,0,0,Manhattan,100,1.2799726939158633
19141,4.341204640153626,10.872750169176388,1930-59,0.109,0,0,Queens,90,12.139605462822459
19143,4.6061696863211745,10.856996994892892,1930-59,0.14,0,0,Bronx,100,9.634653923231077
19145,4.730921391293652,10.951420393461998,1960-79,0.177,0,0,Queens,100,13.500482160077144
19150,4.31748811353631,10.416371057411563,pre-1930,0.19699999999999998,0,0,Manhattan,100,7.185198491108317
19152,4.356708826689592,11.586426824600343,1960-79,0.122,0,0,Bronx,100,9.57008928986221
19153,4.378269585796169,10.394824499718256,pre-1930,0.2,0,0,Manhattan,85,16.8247170388498
19156,4.791649752930709,12.244571944680784,1960-79,0.34600000000000003,0,0,Bronx,100,11.97979312003849
19157,4.689511334421843,10.76896908335696,pre-1930,0.221,0,0,Bronx,100,9.679523599099383
19161,4.748404354073999,10.768379721324283,pre-1930,0.18600000000000003,0,0,Bronx,100,8.843036109064112
19162,4.61512051684126,10.858479631947358,pre-1930,0.21600000000000003,0,0,Bronx,100,9.043157023839301
19163,4.837867950107113,10.691944912900398,pre-1930,0.257,0,0,Bronx,100,9.090909090909092
19165,4.678420647727684,10.395680664154117,1930-59,0.129,0,0,Brooklyn,100,16.199034170792835
19167,4.504244267398131,10.684782963622766,pre-1930,0.287,0,0,Manhattan,100,2.746875429199286
19176,4.028916756899646,10.26646260902334,1930-59,0.271,0,1,Brooklyn,100,12.173066221480246
19180,3.9454577815143836,12.90697964070156,2010+,0.96,0,0,Brooklyn,100,11.584754760416358
19184,3.8088822465086327,11.248126238387187,1930-59,0.17,0,0,Brooklyn,100,7.8190158465387825
19185,4.155753190350744,11.56771663465292,1930-59,0.149,0,0,Queens,100,8.236140563465616
19186,3.9531649487593215,11.70519735261735,pre-1930,0.218,0,0,Brooklyn,100,6.848184818481848
19187,4.35799005684564,10.87804719253426,2000-09,0.331,0,0,Bronx,100,13.962264150943396
19195,4.428433007488037,10.427920179708336,1960-79,0.235,0,0,Manhattan,100,4.735128736312519
19203,4.6443908991413725,11.108979202831334,pre-1930,0.107,0,1,Brooklyn,100,10.48406422238198
19204,4.49647076906475,10.895405102533275,pre-1930,0.124,0,1,Brooklyn,100,7.78816199376947
19205,4.403054001865957,10.211707276205457,pre-1930,0.106,0,0,Brooklyn,100,4.40852314474651
19208,5.329331420077207,11.719825806738227,pre-1930,0.04,0,1,Bronx,100,6.911355764070707
19209,3.632309102625542,11.422595861478557,2010+,0.696,0,0,Bronx,100,13.35332683909241
19211,3.427514689979529,11.0825117114981,2010+,0.337,0,0,Brooklyn,100,15.378937007874017
19212,4.014579593753238,10.819778284410283,2010+,0.366,0,0,Brooklyn,100,20.0
19216,4.875197323201151,10.760792319262357,pre-1930,0.094,0,1,Brooklyn,100,10.183299389002036
19217,4.6434288981051814,10.237671458639328,1930-59,0.11800000000000001,0,0,Brooklyn,100,11.45475372279496
19218,3.7864597824528,10.839992591660524,2010+,0.47600000000000003,0,0,Brooklyn,100,9.6038885948923
19223,3.919991175077323,11.36574708871172,1980-99,0.5579999999999999,1,0,Manhattan,100,4.634242417220845
19225,4.718498871295094,10.441149830255679,pre-1930,0.07400000000000001,0,0,Brooklyn,100,9.345794392523365
19226,4.672828834461906,10.569982702098647,pre-1930,0.099,0,0,Brooklyn,100,8.986340762041696
19227,4.548599834499697,10.408103938824375,pre-1930,0.076,0,0,Brooklyn,100,8.452319859932985
19229,4.3489867805956814,11.581536930397801,pre-1930,0.157,0,0,Manhattan,100,13.818602827211445
19231,4.814620410170298,12.22816676300324,1960-79,0.091,0,1,Manhattan,95,6.79812978069918
19232,4.560172820057356,10.81247165589451,1930-59,0.114,0,1,Queens,90,9.468933838343139
19235,4.375757021660286,10.181119289134408,1960-79,0.23399999999999999,0,1,Manhattan,100,17.8030303030303
19237,4.509760001183433,12.240889444905536,1960-79,0.188,0,0,Queens,100,10.623605651758206
19240,4.276666119016055,12.293634704200144,1960-79,0.138,0,0,Brooklyn,100,9.802933550769119
19241,4.128745988939433,10.491940661981408,pre-1930,1.0,0,0,Manhattan,100,3.053519875638463
19244,4.857484114602081,10.239959789157341,pre-1930,0.23600000000000002,0,0,Brooklyn,100,12.5
19247,4.5685062016165,11.84939770159144,1960-79,0.12300000000000001,0,0,Queens,100,10.428571428571429
19248,4.239886867512759,10.51867319162636,pre-1930,0.201,0,1,Brooklyn,100,8.108108108108107
19252,4.547541073151455,10.246509720021074,pre-1930,0.177,0,0,Manhattan,100,12.418393414703377
19253,4.092676505121403,10.449120317807525,pre-1930,0.14800000000000002,0,1,Manhattan,100,8.112649939155125
19260,3.6938669956249757,10.246580679751457,2000-09,0.7290000000000001,0,0,Brooklyn,100,8.514865536081743
19262,4.107589788972121,11.634744788291323,2010+,0.371,0,0,Brooklyn,100,12.925501305829757
19282,4.120661870539474,10.389118437667562,pre-1930,0.251,0,0,Manhattan,100,12.46000492247108
19290,4.096009841541162,11.309290380044061,1960-79,0.237,0,0,Bronx,100,5.025988035696773
19297,4.31748811353631,10.707572168786097,2010+,0.401,0,0,Bronx,100,14.543664555970734
19299,4.39197696552705,10.391300401993046,pre-1930,0.17300000000000001,0,1,Manhattan,85,11.97237145049885
19305,4.188138441508461,10.771176102571065,2010+,0.41100000000000003,0,0,Bronx,100,16.3769211388259
19310,4.320151230955794,10.404262840448617,pre-1930,0.154,0,1,Queens,100,9.393939393939394
19311,3.8979240810486444,11.884489021402711,1980-99,0.397,0,0,Queens,100,10.89655172413793
19313,4.282206299391671,10.770588040219511,pre-1930,0.158,0,1,Brooklyn,100,9.033613445378151
19321,4.279440045898781,10.864005673985291,2010+,0.632,0,0,Queens,100,5.549071008974188
19323,4.321480134805848,10.249273425142691,2010+,0.264,0,0,Queens,100,7.430472011888755
19328,4.460144413937834,10.783321747399668,pre-1930,0.155,0,1,Manhattan,85,8.297033810412778
19331,4.4272389774954295,10.900067115639086,1930-59,0.121,0,1,Bronx,100,10.335917312661499
19336,4.890349128221754,10.634652800283595,pre-1930,0.155,0,0,Bronx,100,12.515042117930205
19342,4.2710950739666,11.637052777519457,1930-59,0.16699999999999998,0,0,Brooklyn,100,8.656020350480498
19344,4.104294893075269,10.322197887394314,2010+,0.33899999999999997,0,0,Manhattan,95,9.868421052631579
19345,4.143134726391533,12.063834890859498,pre-1930,0.19699999999999998,1,0,Manhattan,100,6.283036378204205
19347,3.9473901492654373,11.09168152323904,2010+,0.545,0,0,Manhattan,100,14.629017265288084
19348,4.294560608892605,11.511684695534095,pre-1930,0.18100000000000002,0,1,Queens,90,11.614401858304298
19355,4.933754249760298,11.056872077051217,1930-59,0.141,0,0,Manhattan,95,18.46066458392502
19356,4.51085950651685,11.476707439235586,1930-59,0.135,0,0,Bronx,100,9.539313376813247
19357,4.377014092850337,11.20631877965476,2000-09,0.306,0,0,Brooklyn,100,5.978748267521809
19358,4.194189897191817,10.646424397598588,pre-1930,0.214,0,1,Manhattan,100,10.941439512868083
19388,2.6741486494265287,10.657259354912508,pre-1930,0.695,0,0,Bronx,100,9.88235294117647
19394,4.659658371272161,10.842810983520856,pre-1930,0.146,0,0,Bronx,100,10.749535815498877
19397,4.162003210695915,10.639454730279002,1980-99,0.342,0,0,Manhattan,95,16.526946107784433
19399,4.361823927356363,11.19430296961181,1930-59,0.159,0,0,Bronx,100,10.314240528089115
19400,4.446174454497633,11.236117389070326,1930-59,0.17,0,0,Bronx,100,9.891849116328146
19403,4.343805421853684,10.84754908135564,1930-59,0.165,0,0,Bronx,100,13.616557734204793
19404,4.259859000699674,11.860945059205644,1960-79,0.15,0,1,Bronx,100,8.543628994676117
19405,4.549657476057832,10.747272105623404,1960-79,0.185,0,0,Bronx,100,12.257273724275853
19406,4.417635062141249,10.561396081003364,pre-1930,0.149,0,0,Bronx,100,10.35866891104493
19407,4.481871969643598,12.02290072728138,1930-59,0.221,0,0,Manhattan,100,6.365410599009158
19416,4.3134800921387715,10.595258786916142,pre-1930,0.316,0,0,Manhattan,100,9.262736262360747
19420,4.625952725170619,10.49360483277653,1930-59,0.127,0,0,Queens,100,11.639507815098105
19421,4.359269647551265,11.319073689958048,1980-99,0.276,0,0,Queens,100,8.86158925926825
19424,4.157319361383489,10.138441090609696,2000-09,0.21899999999999997,0,0,Queens,100,11.068506146973949
19434,4.027135812528651,12.05278742441879,pre-1930,0.713,0,0,Manhattan,95,3.0889921143276777
19437,3.9454577815143836,10.141243816218184,2000-09,0.33799999999999997,0,0,Brooklyn,100,3.9419741406496374
19444,3.676300671907076,12.165885865884892,2010+,0.503,0,0,Queens,95,11.138755582390356
19454,4.506454213048934,11.351782059593472,1930-59,0.127,0,0,Bronx,100,8.106488715532738
19458,5.134621273877247,10.327937960555372,pre-1930,0.08199999999999999,0,0,Brooklyn,100,12.42845461978741
19460,4.345103280569283,11.655934304378642,pre-1930,0.198,0,0,Brooklyn,100,7.280669821623589
19472,4.804840381116659,10.281067457154757,2000-09,0.35200000000000004,0,0,Bronx,100,23.307626392459298
19474,4.3463994570307305,11.985051839596943,1980-99,0.22699999999999998,0,0,Manhattan,100,14.406885368591741
19476,4.8338981155962015,10.558361570874581,pre-1930,0.373,0,0,Manhattan,100,9.091381370460804
19477,4.189654742026425,10.142465082152865,2000-09,0.415,0,0,Manhattan,100,10.630339777156582
19478,4.535820107853298,10.281067457154757,1930-59,0.17800000000000002,0,0,Manhattan,100,18.1662382176521
19490,4.440295542797857,10.801777233300731,2010+,0.18,0,0,Queens,100,6.92351551682007
19496,3.2228678461377385,10.509686990445372,pre-1930,0.5589999999999999,0,0,Brooklyn,95,10.908396738389374
19497,4.141546163706395,10.412711894935144,1930-59,0.231,0,0,Manhattan,100,10.817307692307693
19498,4.163559631243574,10.404262840448617,pre-1930,0.159,0,0,Manhattan,100,9.393939393939394
19509,4.01096295328305,11.213170811284177,pre-1930,0.321,0,1,Manhattan,100,4.048582995951417
19510,3.624340932976365,10.930496422344545,pre-1930,0.392,0,0,Manhattan,100,17.903820675332117
19512,3.7328963395307104,12.836596802548431,1930-59,0.705,0,0,Queens,100,7.505609245207189
19513,4.388257184424518,11.187569216193685,1980-99,0.207,0,0,Queens,100,10.79928558572279
19519,3.529297384289471,10.471864846140123,2010+,1.0,0,0,Manhattan,100,12.461765039084625
19520,4.446174454497633,11.16021408429793,pre-1930,0.185,0,0,Manhattan,100,8.53752241099633
19521,4.584967478670572,10.359804190801727,pre-1930,0.18100000000000002,0,0,Manhattan,100,7.603358149849517
19522,5.156177599386914,10.2373492417846,pre-1930,0.139,0,0,Manhattan,100,8.951910337666058
19523,3.7932394694381792,10.2373492417846,pre-1930,0.7090000000000001,0,0,Manhattan,100,8.951910337666058
19524,3.4531571205928664,10.2373492417846,pre-1930,0.846,0,0,Manhattan,100,8.593833924159416
19526,3.563882963939251,12.437894431797831,1930-59,0.40299999999999997,0,0,Manhattan,100,2.8154604467461604
19529,2.9444389791664403,11.385853167406443,pre-1930,0.7559999999999999,0,0,Manhattan,100,8.175593582159038
19530,4.667205576907544,10.252558660448129,pre-1930,0.13,0,1,Manhattan,100,14.106859460412625
19532,4.592084946439436,10.432349538788218,pre-1930,0.142,0,0,Queens,100,11.785503830288745
19539,3.906004933102583,13.136658710494377,2010+,0.45,0,0,Brooklyn,95,8.379354060240656
19551,4.841822087327094,10.460528600099082,1930-59,0.063,0,0,Bronx,100,5.729017473503294
19552,3.828641396489095,10.127310872755094,2010+,0.71,0,0,Brooklyn,70,11.192389175360754
19559,4.492001487882454,10.787213769536883,1930-59,0.183,0,0,Bronx,100,13.636927145749825
19564,3.8522730010223722,10.530307947299276,2010+,0.5429999999999999,0,0,Queens,100,7.48003098869981
19566,3.3250360206965914,10.707594543404332,2000-09,0.7759999999999999,0,0,Queens,90,7.383541414955028
19576,4.446174454497633,11.595426686481972,1930-59,0.138,0,0,Bronx,100,8.47145488029466
19577,4.601162164590552,11.267536304708699,pre-1930,0.128,0,0,Bronx,100,9.202453987730062
19579,4.334672938290411,10.251111660954443,pre-1930,0.217,0,0,Manhattan,100,10.242282969555696
19581,4.486386649998124,10.69471380325571,pre-1930,0.268,0,0,Manhattan,100,2.946375957572186
19582,5.085124146086995,10.349774655164548,pre-1930,0.151,0,1,Manhattan,100,11.52
19588,4.631812116934513,10.602641655359475,pre-1930,0.195,0,0,Manhattan,100,16.649685643994932
19591,4.209160236650682,10.245053934794061,2010+,0.426,0,0,Manhattan,100,4.974594037593717
19595,4.387014176184921,11.714894408252961,1930-59,0.172,0,0,Queens,100,8.824899289922454
19602,4.192680462942962,10.855222645343478,2010+,0.228,0,0,Manhattan,100,10.80997606362443
19611,3.332204510175204,10.710275869585121,pre-1930,0.852,0,0,Manhattan,100,6.917481144285269
19617,3.490428515390098,10.976474293565264,pre-1930,0.958,0,0,Brooklyn,100,6.3267330118668985
19620,4.826712455935327,11.305753683165717,1930-59,0.10300000000000001,0,0,Queens,100,12.055900009841551
19622,4.051784947803305,10.216252405355371,2010+,0.37799999999999995,0,0,Brooklyn,100,6.2170860152135745
19624,4.102643365036796,10.192568645901616,2000-09,0.284,0,0,Queens,100,6.740563211503894
19625,3.505557396986398,10.448279725865392,pre-1930,0.84,0,0,Brooklyn,100,5.219660722053066
19682,4.59511985013459,10.331626977683165,1980-99,0.385,0,0,Manhattan,100,9.124087591240876
19686,2.8449093838194073,10.203592144986466,pre-1930,0.8109999999999999,0,0,Brooklyn,100,15.185185185185185
19691,5.0317442573064906,11.451050061252142,1930-59,0.1,0,1,Bronx,100,9.042553191489361
19692,4.536891345234797,10.251429474400627,1930-59,0.7440000000000001,0,0,Bronx,100,12.004378067295132
19694,4.908971640319756,10.783529151735163,pre-1930,0.168,0,1,Bronx,100,12.857735379510576
19695,4.611152257665639,11.375454895394169,pre-1930,0.162,0,0,Bronx,100,10.67052182293818
19696,4.852030263919617,11.088552728934436,1930-59,0.126,0,1,Bronx,100,9.936103213182916
19698,4.739701078945697,11.48246625748552,pre-1930,0.133,0,0,Bronx,100,11.340206185567009
19699,4.543294782270004,11.502875129116727,1930-59,0.14,0,0,Bronx,100,8.88888888888889
19700,4.480740107609915,11.251560700835821,pre-1930,0.221,0,0,Bronx,100,10.779220779220779
19702,4.703203926259457,11.184837977883408,pre-1930,0.14800000000000002,0,0,Manhattan,100,13.050118006386226
19708,4.550714000192032,10.807462758687635,pre-1930,0.17800000000000002,0,0,Bronx,100,10.93383008018142
19711,4.696837374513915,11.576369637526764,pre-1930,0.09699999999999999,0,1,Bronx,100,8.352885969028625
19713,4.619073091157083,11.787522297873354,1930-59,0.126,0,0,Bronx,100,8.130699088145898
19714,4.096009841541162,11.47341510987477,pre-1930,0.249,0,0,Bronx,100,8.530470424234858
19715,4.500920164614292,11.166257427370521,1930-59,0.175,0,0,Bronx,100,9.47612582032134
19717,4.513054897080286,11.32418334037335,1930-59,0.266,0,0,Bronx,100,8.091787439613526
19718,4.607168188650764,11.889497149423411,pre-1930,0.145,0,0,Bronx,100,7.411067193675889
19720,4.388257184424518,11.440225731551951,1930-59,0.177,0,0,Bronx,100,9.248505183464532
19722,4.470495282661489,10.896757843893464,pre-1930,0.162,0,0,Bronx,100,10.555360085924336
19724,4.1588830833596715,10.977499724336004,2000-09,0.584,0,0,Bronx,100,5.295343514058283
19728,3.8979240810486444,12.449802830452771,pre-1930,0.26899999999999996,0,0,Bronx,100,6.5047021943573675
19730,2.9496883350525844,11.337500074864115,pre-1930,0.659,0,0,Bronx,100,11.202478846383029
19731,4.370712874773608,11.209032706470465,pre-1930,0.175,0,0,Bronx,100,9.21484131501206
19737,4.3254562831854875,11.033711550969649,1930-59,0.217,0,0,Brooklyn,100,10.496229431427325
19745,2.3978952727983707,10.165082290224591,1930-59,1.0,0,0,Queens,90,12.317167051578137
19746,4.513054897080286,10.545762402722318,pre-1930,0.13699999999999998,0,0,Queens,100,10.258838383838384
19757,3.9512437185814275,10.267018937271347,2010+,0.82,0,0,Manhattan,40,2.433259176863181
19759,4.6443908991413725,10.264791764858522,pre-1930,0.168,0,0,Bronx,100,14.283723522853958
19766,4.123903364463645,11.309890866578732,1930-59,0.35700000000000004,0,0,Brooklyn,100,16.416539050535988
19767,4.030694535145645,11.455073869759106,2010+,0.344,0,0,Brooklyn,100,8.264550376672776
19770,3.9740583963475986,11.046499428500923,2010+,0.34299999999999997,0,0,Brooklyn,100,7.652573177731012
19771,4.039536325727106,11.702785204802472,2010+,0.31,0,0,Brooklyn,100,8.353458828199955
19772,3.152736022363656,11.286351034916558,2000-09,0.475,0,0,Brooklyn,100,12.041241251285653
19779,4.457829598089382,11.094375117313408,pre-1930,0.155,0,0,Manhattan,100,7.29483282674772
19793,4.754451888703846,10.74371763779732,pre-1930,0.18100000000000002,0,0,Brooklyn,100,14.674780957313653
19794,4.5217885770490405,12.079772189414,pre-1930,0.147,0,0,Brooklyn,90,8.22601690588302
19795,4.22683374526818,10.54006438160768,pre-1930,0.204,0,0,Brooklyn,90,8.994708994708994
19796,4.3054155323020415,10.54006438160768,pre-1930,0.157,0,0,Brooklyn,100,8.994708994708994
19798,4.6061696863211745,10.642277090974774,pre-1930,0.13,0,0,Brooklyn,90,8.120760485334861
19799,4.26549281841793,10.385450631617017,1930-59,0.188,0,0,Brooklyn,90,12.660182183109464
19800,4.232656178019613,11.225243392518447,pre-1930,0.163,0,0,Brooklyn,100,8.666666666666666
19802,3.871201010907891,10.493771097636834,pre-1930,0.555,0,0,Bronx,90,11.637572734829591
19804,3.9646154555473165,11.112447898373103,2010+,0.325,0,0,Bronx,100,9.104477611940299
19816,4.28771595520264,10.724961982628129,2010+,0.292,0,0,Staten Is,100,13.193482419684676
19818,4.021773869387265,11.324593884108062,2010+,0.447,0,0,Brooklyn,100,6.639785595286959
19821,4.37197629882038,11.878054571555518,pre-1930,0.125,0,1,Manhattan,100,6.455195391129312
19825,4.502029427068578,11.880854839549288,2000-09,0.318,0,0,Queens,100,15.296870025056412
19840,4.254193263163997,10.50413559859915,2000-09,0.25,0,0,Manhattan,100,11.243349969834915
19848,4.1588830833596715,12.449018824140563,2010+,0.276,0,0,Manhattan,100,13.372549019607842
19851,4.3134800921387715,11.031658643445782,pre-1930,0.153,0,1,Manhattan,100,5.825242718446602
19853,4.203198967134183,11.017448118151037,1960-79,0.204,0,0,Bronx,100,9.847689075630251
19857,4.519612297626445,10.335789314597852,1930-59,0.14800000000000002,0,0,Staten Is,100,15.900830737279337
19861,4.612145799724517,10.321803072623112,1930-59,0.138,0,1,Brooklyn,100,14.479399763064368
19882,4.258445572902527,11.079616283632067,1930-59,0.18,0,0,Brooklyn,75,9.254118082546734
19885,4.9344739331306915,11.570071100950763,2010+,0.126,0,0,Manhattan,100,5.666739074999291
19886,3.696351468952637,11.194990349347426,1960-79,1.0,0,0,Brooklyn,100,11.544011544011545
19893,3.9646154555473165,11.315461843566249,2000-09,0.621,0,0,Brooklyn,100,7.553514211571496
19894,4.212127597878484,10.611769620680343,pre-1930,0.479,0,0,Manhattan,100,17.975868012804728
19907,2.7788192719904172,10.484305548122153,pre-1930,1.0,0,0,Bronx,100,9.79020979020979
19910,4.68213122712422,10.340838849506614,pre-1930,0.092,0,0,Brooklyn,100,12.914890869172154
19914,3.8958936234982624,10.649061135274449,2010+,0.6559999999999999,0,0,Bronx,100,16.131710673024457
19916,4.252771798816619,12.116596415101823,1930-59,0.171,0,0,Bronx,100,7.98328977154668
19917,4.440295542797857,11.923192359361215,1930-59,0.162,0,0,Bronx,100,7.563593901354812
19919,3.4781584227982836,11.332721664147275,1930-59,0.401,0,1,Bronx,100,8.62172194946713
19920,4.180522258463153,11.434066223391019,1930-59,0.23,0,0,Bronx,100,8.656416027354274
19921,4.188138441508461,10.611941977163221,1930-59,0.28600000000000003,0,0,Queens,100,9.109486175739223
19925,4.416428061391214,11.065778617867421,pre-1930,0.15,0,0,Unknown,100,9.226679177418093
19926,4.2710950739666,11.065778617867421,1930-59,0.20800000000000002,0,0,Manhattan,100,9.383063570255688
19928,4.254193263163997,11.429706886219295,pre-1930,0.16,0,0,Queens,100,9.889691898060098
19936,4.2626798770413155,11.520417330728524,2010+,0.397,0,0,Queens,100,14.590281086231538
19937,4.276666119016055,11.034502492311738,pre-1930,0.245,0,0,Manhattan,100,10.003872466761328
19941,3.8264651170664994,10.471921488922431,1930-59,0.36700000000000005,0,0,Brooklyn,100,7.646559048428207
19944,5.363636832668679,10.190356794730883,pre-1930,0.09300000000000001,0,1,Manhattan,95,21.017076374554325
19946,4.130354999745133,10.976388793518188,1930-59,0.731,0,0,Bronx,100,15.390666415855806
19949,4.220977213155467,11.73054981346657,pre-1930,0.17600000000000002,0,1,Manhattan,100,5.067893686852436
19951,4.901564199041894,10.435585311577658,1980-99,0.262,0,0,Manhattan,100,21.732745961820854
19952,4.032469158504013,10.494989529333873,2010+,0.361,0,0,Bronx,100,16.604859688935626
19954,2.995732273553991,11.250261155493735,2010+,1.0,0,0,Bronx,100,10.663198959687907
19962,4.571613402459248,10.54006438160768,pre-1930,0.174,0,0,Bronx,90,13.227513227513226
19971,4.55597994179732,10.342000514690493,1930-59,0.14800000000000002,0,0,Brooklyn,90,9.674922600619196
19973,4.420044701861403,10.834863921828324,1930-59,0.121,0,1,Bronx,90,7.289204097714736
19983,4.023564380161053,10.442083973247476,2000-09,0.21600000000000003,0,0,Brooklyn,90,8.46171802054155
19984,4.706823839714591,10.791378809888585,pre-1930,0.13,0,0,Queens,85,13.991769547325102
19994,4.609162207257629,11.348899518139108,1930-59,0.225,0,1,Manhattan,100,6.009048920727684
20001,4.670021158307708,10.126631103850338,pre-1930,0.213,0,1,Bronx,100,14.4
20002,4.960043507980195,10.274740715974103,1930-59,0.14300000000000002,0,0,Bronx,100,10.348039046600668
20032,4.504244267398131,10.543523998690803,pre-1930,0.175,0,0,Manhattan,100,10.281827528934118
20033,5.058790335983303,10.568852352083622,pre-1930,0.11900000000000001,0,0,Manhattan,95,13.880320789636027
20035,4.532599493153256,10.633472802314019,2010+,0.344,0,0,Bronx,100,14.457482952218019
20036,4.321480134805848,10.937419087729905,2000-09,0.37,0,0,Bronx,100,10.66818391949077
20037,3.0726933146901194,10.700115984041597,2010+,0.9640000000000001,0,0,Manhattan,95,8.791506052613782
20038,4.537961436294641,10.308952660644293,1960-79,0.19399999999999998,0,0,Brooklyn,100,13.666666666666666
20039,4.225372824628505,11.015706844610454,1930-59,0.161,0,0,Brooklyn,100,7.891881227187531
20040,3.391147045808654,10.172980195787698,pre-1930,0.688,0,0,Manhattan,100,1.9094172458565646
20041,4.662495252607361,10.195410619245164,pre-1930,0.10800000000000001,0,0,Manhattan,100,7.468259895444362
20043,4.467056883858457,10.448424705930886,1930-59,0.16899999999999998,0,0,Manhattan,100,11.88750362423891
20049,4.023564380161053,10.591421166043187,pre-1930,0.265,0,0,Manhattan,100,12.0627261761158
20050,4.525044141508807,11.012743001302718,1930-59,0.168,0,1,Manhattan,100,9.894132779261898
20052,4.671893818030999,10.506846777705052,pre-1930,0.145,0,0,Manhattan,100,13.400793108163546
20053,4.254193263163997,11.282757298719055,1930-59,0.162,0,0,Manhattan,100,10.322255790533736
20057,4.629862798578463,10.194289752324153,1930-59,0.16,0,1,Unknown,100,13.831775700934578
20059,4.647271362006727,13.076970535793855,2000-09,0.282,0,0,Manhattan,100,9.71095265701292
20064,3.742420221041966,10.660641863070365,pre-1930,0.479,0,0,Brooklyn,100,7.503986492824313
20066,4.276666119016055,10.275361405649203,2000-09,0.384,0,0,Manhattan,100,7.928573890861457
20068,4.343805421853684,10.834410706454594,1930-59,0.364,0,0,Manhattan,100,6.1099394918895475
20069,3.484312288372662,10.169307378130775,pre-1930,0.711,0,0,Manhattan,100,14.948256036795707
20086,4.366912996863833,10.169460681825694,pre-1930,0.159,0,0,Manhattan,100,13.029815283206869
20088,4.291828366755733,10.959748900663708,pre-1930,0.221,0,0,Manhattan,100,10.43260536931423
20110,4.560172820057356,12.034358629322327,2010+,0.225,0,0,Queens,90,8.48946830994277
20112,3.8264651170664994,13.35671587312586,2010+,0.45899999999999996,0,0,Queens,50,8.527873806453654
20113,3.8815637979434374,12.128197586807207,2010+,0.675,0,0,Queens,50,7.026419336706015
20114,5.14049328135447,11.603734621258075,2010+,0.102,0,0,Brooklyn,90,9.588515697769985
20115,2.760009940032921,12.489547128479256,2010+,0.225,0,0,Brooklyn,90,3.3892305316949543
20119,4.617098756853365,11.2365393522603,pre-1930,0.11199999999999999,0,1,Manhattan,90,7.910140800506249
20123,3.005682604407159,12.489547128479256,2010+,0.32799999999999996,0,0,Brooklyn,0,3.3892305316949543
20124,2.8507065015037334,12.489547128479256,2010+,0.278,0,0,Brooklyn,20,2.25948702112997
20126,4.56746831880408,11.292278793854607,2010+,0.40399999999999997,0,0,Brooklyn,90,6.483790523690773
20127,4.100989104940769,10.658388129371556,2010+,0.322,0,0,Manhattan,95,9.166118266428505
20129,4.929425238670713,10.655799466264044,pre-1930,0.129,0,0,Manhattan,90,11.310617842499648
20135,4.777441406928545,11.447266316163955,1930-59,0.064,0,0,Bronx,100,11.532916866890917
20145,3.86702563949741,10.98930162564094,2010+,0.6679999999999999,0,0,Queens,100,11.985752148150649
20146,4.398146016553765,10.812169410206767,pre-1930,0.207,0,1,Manhattan,100,5.441244634328208
20147,4.51852237926242,10.142976782386423,pre-1930,0.316,0,0,Manhattan,95,10.231386746419014
20148,4.623010104116422,10.968129321633084,pre-1930,0.14400000000000002,0,0,Manhattan,95,17.07014276846679
20160,4.484131857611035,10.410305154904579,pre-1930,0.276,0,1,Bronx,100,10.240963855421686
20164,3.817712325956905,10.776933411917968,1980-99,0.509,0,0,Manhattan,95,16.700415422833643
20165,4.255612709818223,11.927323885293218,1980-99,0.382,0,0,Manhattan,95,12.289720243680044
20173,4.526126978647638,10.327447243280456,pre-1930,0.142,0,0,Brooklyn,100,13.743455497382199
20174,4.238444906195857,10.611523345589823,1930-59,0.14400000000000002,0,0,Brooklyn,100,10.837438423645319
20177,4.523960130562548,10.545341438708522,pre-1930,0.14300000000000002,0,0,Brooklyn,100,12.105263157894738
20179,4.471638793363569,11.310111362941436,2010+,0.29,0,0,Brooklyn,100,11.513540658721507
20180,4.223909766576744,10.675676940436027,pre-1930,0.16699999999999998,0,0,Manhattan,100,10.857010857010856
20181,4.2612704335380815,11.132045646620377,1930-59,0.138,0,0,Queens,100,9.51321605245441
20182,4.4796069630127455,11.217748710756187,1930-59,0.174,0,0,Bronx,100,9.134873723804407
20183,4.272490747605575,10.462817585361734,1930-59,0.129,0,0,Bronx,100,8.859674192626464
20184,4.499809670330265,10.547969561114792,pre-1930,0.14,0,0,Manhattan,100,12.335958005249344
20187,4.379523504455763,10.760728671615707,1930-59,0.134,0,0,Bronx,100,8.91095410858634
20188,4.133565275375382,10.778956289890028,pre-1930,0.16,0,0,Bronx,100,13.541666666666668
20189,4.257030144499196,10.561706792794787,1930-59,0.11199999999999999,0,0,Bronx,100,9.578792036658296
20190,3.5234150143864045,10.757626246687856,1930-59,0.889,0,0,Manhattan,100,7.8745184838359545
20192,2.6390573296152584,10.888146961128207,pre-1930,0.677,0,0,Manhattan,100,10.086293847360754
20195,4.533674184283021,11.02405700855628,1960-79,0.18600000000000003,0,0,Manhattan,95,6.521880910454574
20203,2.4932054526026954,10.207584166256003,pre-1930,0.8240000000000001,0,0,Manhattan,90,12.911317692194187
20207,4.45898767581001,11.177312858760898,1930-59,0.14,0,0,Queens,100,13.148692124772694
20209,4.198704577546343,10.687389096364537,1930-59,0.23800000000000002,0,0,Queens,100,13.698630136986301
20210,4.906755163608864,10.200921916430588,pre-1930,0.11699999999999999,0,1,Brooklyn,100,12.99762329174094
20213,4.341204640153626,11.36580501506417,1930-59,0.142,0,0,Brooklyn,100,9.731345358495812
20214,4.448516375942715,11.008280700279318,pre-1930,0.124,0,0,Brooklyn,100,9.938382031405286
20215,4.416428061391214,11.176893131577401,pre-1930,0.115,0,0,Brooklyn,100,9.095997760985167
20217,4.104294893075269,11.219842165451336,1930-59,0.233,0,0,Brooklyn,100,8.981714837256689
20219,4.3054155323020415,11.149470445319123,1930-59,0.179,0,0,Brooklyn,100,10.499518172796181
20220,4.247065649239764,11.52781407746398,pre-1930,0.17600000000000002,0,0,Manhattan,100,7.684729064039409
20226,4.231203744939298,11.718719377949325,1930-59,0.17300000000000001,0,0,Bronx,100,8.14000814000814
20230,4.404277243608702,10.20913232536208,1930-59,0.152,0,0,Bronx,100,11.41804788213628
20240,4.31748811353631,10.536725480342165,pre-1930,0.23199999999999998,0,0,Manhattan,100,11.944577161968468
20246,4.404277243608702,12.137804511357679,1960-79,0.263,1,0,Manhattan,90,10.706523484759263
20260,4.067315889834181,10.570855280108585,1930-59,0.456,0,0,Brooklyn,90,4.8740444307629165
20261,4.110873864173311,11.545663673558002,2010+,0.536,0,0,Brooklyn,90,10.065035614741406
20265,4.122283930911342,12.076533274175189,1930-59,0.218,0,0,Queens,100,8.42344906089926
20267,4.248495242049359,12.041315919915691,1960-79,0.17600000000000002,0,0,Bronx,100,5.423888692371182
20268,4.498697941477575,11.427367576608582,pre-1930,0.133,0,0,Brooklyn,85,9.477124183006536
20270,4.399375273008495,10.214495450291405,pre-1930,0.247,0,0,Bronx,80,12.089683470105511
20271,3.966511190712216,10.360342617026589,2010+,0.496,0,0,Brooklyn,90,10.132353872458996
20272,4.61015772749913,11.827210519216543,1960-79,0.203,0,1,Bronx,95,15.701682636129936
20273,4.019980146933238,10.255516721554965,2000-09,0.43799999999999994,0,0,Brooklyn,100,4.922817257990787
20277,3.9415818076696905,11.342884195838069,2010+,0.324,0,0,Queens,100,9.719900904424925
20290,4.269697449699962,10.920021730168632,pre-1930,0.209,0,0,Bronx,100,9.769865392965697
20291,3.2108436531709366,10.674752512360026,pre-1930,0.604,0,0,Bronx,100,10.173410404624278
20293,4.225372824628505,10.693443789024133,pre-1930,0.184,0,0,Bronx,100,9.077293151182317
20294,4.309455941839047,10.32891867328517,pre-1930,0.184,0,0,Bronx,100,8.822087894134945
20295,4.249922794040544,10.601622274607113,pre-1930,0.19,0,0,Bronx,100,9.45273631840796
20300,4.239886867512759,11.479596163321366,pre-1930,0.18600000000000003,0,0,Bronx,100,8.477905750501437
20301,3.214867803470662,11.097319107785172,pre-1930,0.536,0,0,Bronx,100,9.697851319816953
20303,4.5031374604229395,11.33857207782545,pre-1930,0.174,0,0,Bronx,100,8.571428571428571
20304,4.735320870453137,10.622789690572924,pre-1930,0.18100000000000002,0,0,Bronx,100,12.90793960058451
20306,3.4468078929142076,10.586584397242571,1930-59,0.483,0,0,Bronx,100,9.595959595959595
20307,4.390738575275903,10.641129972982625,pre-1930,0.187,0,0,Bronx,100,8.847441415590627
20308,4.29592393562047,10.645853376883572,pre-1930,0.19899999999999998,0,0,Bronx,100,8.805749916702366
20310,3.0007198150650303,10.701805230701613,pre-1930,0.701,0,0,Bronx,100,8.326582050589613
20311,4.213607983048918,10.641129972982625,1930-59,0.218,0,0,Bronx,100,8.847441415590627
20312,4.321480134805848,10.540857717627075,pre-1930,0.151,0,0,Bronx,100,7.665873645255089
20313,5.600272098286537,10.159678957896539,pre-1930,0.14800000000000002,0,0,Bronx,100,23.993808049535605
20314,4.534747721691546,10.843299479451629,pre-1930,0.156,0,0,Bronx,100,9.376831412385231
20315,4.706823839714591,10.778956289890028,pre-1930,0.134,0,0,Bronx,100,8.958333333333334
20316,4.478472532942134,10.535849160827809,pre-1930,0.18100000000000002,0,0,Bronx,100,7.970032677133975
20317,2.766319109226186,10.345284589891683,pre-1930,0.914,0,0,Bronx,100,9.643201542912248
20320,4.455509411433685,10.769326740914185,pre-1930,0.177,0,0,Bronx,100,11.358855700462767
20321,4.596129441335942,10.621278564008833,pre-1930,0.142,0,0,Bronx,100,10.976145177813551
20322,3.0819099697950434,10.678168636077336,pre-1930,0.731,0,0,Bronx,100,10.599566800313378
20323,4.302712827954156,10.312512981839049,pre-1930,0.195,0,0,Bronx,100,9.300162752848175
20326,4.272490747605575,10.885566024948286,1930-59,0.11900000000000001,0,0,Brooklyn,100,8.614232209737827
20327,4.417635062141249,10.819778284410283,pre-1930,0.12,0,0,Bronx,100,11.999999999999998
20328,4.622027303054514,10.933106969717286,pre-1930,0.086,0,1,Bronx,100,10.357142857142856
20332,4.278054044290903,11.429522116664444,pre-1930,0.254,0,0,Bronx,80,8.58714319876519
20333,4.486386649998124,10.176981954277059,pre-1930,0.185,0,0,Unknown,80,8.367882545357727
20335,3.3638415951183864,10.851276951469654,1980-99,0.531,0,0,Bronx,80,10.852713178294573
20336,4.476199804691132,11.741534055715496,1960-79,0.158,0,0,Unknown,80,9.547678720611051
20337,2.3978952727983707,10.767537172564593,1980-99,0.609,0,0,Bronx,60,11.800653250447791
20340,4.645351975620923,10.93793458372845,1930-59,0.135,0,0,Brooklyn,100,13.328357413232393
20343,3.9646154555473165,11.118548653847485,1930-59,0.26,0,0,Manhattan,100,8.01068090787717
20345,2.856470206220483,10.354690552318147,1930-59,1.0,0,0,Manhattan,100,9.2344924213476
20347,4.532599493153256,10.29667762976868,1930-59,0.135,0,0,Brooklyn,100,10.460957008841195
20348,2.714694743820879,10.252100082384816,1930-59,0.7759999999999999,0,0,Brooklyn,100,10.232164279161669
20351,4.379523504455763,10.359804190801727,1930-59,0.221,0,0,Manhattan,100,11.088230635197213
20354,4.335982696172475,11.672532659479065,1930-59,0.21899999999999997,0,0,Manhattan,100,10.059247261412557
20361,4.29592393562047,12.641756532222335,1960-79,0.233,0,0,Manhattan,90,9.63765022444729
20367,3.6216707044204863,10.947397232933202,2010+,0.41600000000000004,0,0,Unknown,95,4.9290567897757285
20376,3.970291913552122,12.037760497109282,pre-1930,0.212,0,0,Manhattan,100,5.739033712385663
20377,4.053522567701846,11.245686337643221,pre-1930,0.20199999999999999,0,1,Manhattan,100,7.838116761812695
20378,3.8897773964808264,11.456735993318851,pre-1930,0.19699999999999998,0,0,Manhattan,100,4.01963273250402
20379,3.9646154555473165,11.397884915259096,pre-1930,0.21600000000000003,0,0,Manhattan,100,6.731513580828649
20380,4.041295341132285,12.10615838318502,pre-1930,0.341,0,0,Manhattan,100,4.365050861130603
20381,4.294560608892605,11.253610546517843,pre-1930,0.24600000000000002,0,0,Manhattan,100,10.368335104590582
20383,3.730501128804756,12.782854534958854,pre-1930,0.20600000000000002,0,0,Manhattan,100,4.072347357186991
20387,3.0587070727153796,11.17437106214469,1960-79,0.7120000000000001,0,0,Brooklyn,100,10.381593714927048
20388,3.7999735016195233,12.30866533428667,1960-79,0.218,0,0,Brooklyn,100,6.633334536659326
20390,4.154184562578117,11.129671845227284,1930-59,0.22699999999999998,0,1,Bronx,100,7.628660289889091
20392,3.9852734671677386,11.727738412964113,1960-79,0.20800000000000002,0,0,Bronx,100,6.2115308600146815
20393,3.9871304779149512,12.471125599921594,1930-59,0.201,0,0,Bronx,100,7.249712313003452
20394,4.22683374526818,12.252192581143726,1930-59,0.17600000000000002,0,0,Queens,100,8.49885408708938
20395,4.32280727501391,11.005759802035724,1980-99,0.215,0,0,Manhattan,100,5.4799070076386585
20399,4.321480134805848,11.626254150277232,pre-1930,0.16899999999999998,0,0,Manhattan,90,5.178571428571428
20403,4.51085950651685,11.716731240927853,1930-59,0.16,0,0,Queens,90,14.599611764513972
20404,4.405498990859024,11.716731240927853,1930-59,0.182,0,0,Queens,90,14.191801380030341
20415,4.841822087327094,10.460528600099082,1930-59,0.063,0,0,Bronx,95,20.05156115726153
20418,3.824284091120139,11.396593875456082,2010+,0.49700000000000005,0,0,Unknown,100,9.099283291019793
20420,4.005513348515485,12.234937031963579,2010+,0.946,0,0,Brooklyn,100,8.841088716924855
20421,3.9589065913269965,10.634267647902924,2010+,1.0,0,0,Unknown,100,13.723696248856358
20426,4.532599493153256,10.413672971414696,1930-59,0.17300000000000001,0,0,Manhattan,100,15.91018251681076
20429,4.900820428089049,10.183389437668946,pre-1930,0.348,0,1,Manhattan,100,9.44822373393802
20435,4.102643365036796,10.701332529203802,pre-1930,0.188,0,0,Brooklyn,100,4.277834065068108
20437,3.7909846770510898,11.06479291054266,2000-09,0.442,0,0,Manhattan,90,8.4530853761623
20438,4.506454213048934,10.945529489715843,2000-09,0.21,0,0,Bronx,90,8.112874779541446
20444,4.133565275375382,11.221047937224279,pre-1930,0.139,0,0,Brooklyn,100,3.347347561792036
20448,4.278054044290903,10.411810046084,2000-09,0.47100000000000003,0,0,Manhattan,90,5.112781954887217
20451,4.855928904335275,12.608078443786209,1930-59,0.2,0,0,Bronx,90,10.43603912176717
20454,3.8732821771117156,10.357742824813725,pre-1930,0.289,0,1,Manhattan,100,4.1269841269841265
20456,4.3528552573736015,11.59555559161718,1960-79,0.336,0,1,Manhattan,90,11.784852781409395
20458,3.8416005411316,10.996165601716045,1980-99,0.506,0,0,Bronx,90,10.562494760667281
20462,4.356708826689592,10.226005739823366,pre-1930,0.2,0,0,Manhattan,90,14.848616543531797
20464,4.278054044290903,11.253999283516247,pre-1930,0.184,0,0,Manhattan,90,9.716536249157901
20465,4.3528552573736015,11.079060882340366,pre-1930,0.19399999999999998,0,0,Brooklyn,90,12.80864197530864
20474,4.535820107853298,11.600496685218372,1960-79,0.157,0,0,Bronx,100,9.711228378774553
20477,4.409155302062135,10.471581584092512,pre-1930,0.23399999999999999,0,0,Brooklyn,100,8.499065102838687
20480,4.133565275375382,10.540646222887219,pre-1930,0.263,0,0,Manhattan,90,7.931891491724393
20483,3.8877303128591016,11.899934638584268,2010+,0.7509999999999999,0,0,Brooklyn,100,9.710913572869202
20484,4.575741375297279,13.06685066747407,1960-79,0.147,0,0,Queens,90,8.858350951374208
20487,4.051784947803305,10.419300717813158,2010+,0.57,0,0,Brooklyn,100,11.343283582089553
20490,3.9473901492654373,11.451135164013778,2000-09,0.387,0,0,Queens,95,7.97804442175134
20492,4.673762977453703,10.833799525772537,pre-1930,0.332,0,0,Manhattan,90,6.3108902299530625
20494,4.1728476237100445,10.257659366256743,pre-1930,0.217,0,0,Brooklyn,100,8.771929824561404
20496,2.785011242238338,10.404262840448617,1930-59,0.7020000000000001,0,0,Bronx,100,11.818181818181818
20497,4.507557357121091,11.561972738941245,1930-59,0.165,0,0,Bronx,100,10.187856455958944
20498,3.493472657771326,10.837205543732809,1930-59,0.377,0,1,Manhattan,100,7.468700249611824
20504,4.1588830833596715,10.97900178995826,1930-59,0.179,0,1,Manhattan,100,4.434589800443459
20505,4.39197696552705,11.235418120634911,pre-1930,0.2,0,1,Manhattan,100,10.954637243126953
20510,4.505349850705881,11.854299951618783,1960-79,0.244,1,0,Manhattan,100,4.4779938587512795
20511,4.239886867512759,11.663541333277355,1960-79,0.139,0,1,Manhattan,100,6.537353232119049
20515,4.097672352314776,11.632218471158211,pre-1930,0.233,0,0,Manhattan,100,4.881512381290494
20516,4.241326752570746,11.208761644992062,pre-1930,0.18899999999999997,0,1,Manhattan,100,4.337571502155231
20519,4.151039905898646,11.405908021810315,pre-1930,0.16399999999999998,0,0,Manhattan,100,5.342177605146298
20520,4.370712874773608,11.388699216326986,1960-79,0.22699999999999998,0,0,Manhattan,100,9.511084943046717
20523,4.08260930600368,11.146733953232388,pre-1930,0.18,0,1,Manhattan,100,5.047809971588041
20529,4.432006566978902,11.823867416823104,pre-1930,0.2,0,1,Manhattan,100,2.0517179474027447
20531,4.426043520090656,11.203542965539109,pre-1930,0.125,0,1,Manhattan,100,5.041558795476223
20552,4.1956970564823886,10.929206515683912,pre-1930,0.177,0,1,Unknown,100,5.019540353519056
20554,3.517497837358316,10.705377024100308,1930-59,0.308,0,1,Manhattan,100,8.52113465635161
20555,3.40452517175483,11.205285553177502,1930-59,0.797,0,0,Manhattan,100,15.914469925732474
20559,4.213607983048918,11.245581823958364,1980-99,0.33399999999999996,0,0,Manhattan,100,6.40179772932154
20566,4.389498649512583,11.316326468878131,1960-79,0.303,0,0,Manhattan,100,13.998441912552343
20570,3.676300671907076,10.457372665762566,2010+,0.578,0,0,Manhattan,65,2.586206896551724
20575,3.8628327612373745,11.801744390959072,pre-1930,0.889,0,0,Manhattan,95,9.963666329550138
20585,4.198704577546343,11.155092708167645,pre-1930,0.344,0,1,Manhattan,90,1.5732490453238748
20586,3.903990833730882,10.836143638496548,pre-1930,0.475,0,0,Manhattan,100,1.574028529267093
20588,4.562262684976814,12.112025667550373,pre-1930,0.136,0,0,Manhattan,90,5.8775707505712775
20590,4.356708826689592,11.715343723463306,1930-59,0.165,0,0,Queens,100,11.516220719396257
20591,3.9945242269398897,10.305111961258355,2000-09,0.368,0,0,Manhattan,100,9.703864815124644
20593,4.472780997942346,11.289981893658686,1960-79,0.225,0,1,Brooklyn,100,8.248350329934013
20594,3.186352633162641,11.608235644774552,1930-59,0.629,0,1,Bronx,100,9.545454545454545
20601,4.133565275375382,11.207432380638993,1980-99,0.188,0,0,Manhattan,100,9.365329279548291
20605,4.188138441508461,10.693625318409701,pre-1930,0.157,0,1,Manhattan,100,8.168080954757906
20607,4.461299815568389,10.72326738402944,1930-59,0.12,0,0,Brooklyn,100,8.590308370044053
20609,4.1956970564823886,10.1668897397139,1980-99,0.39,0,1,Manhattan,100,4.994813078725938
20610,3.676300671907076,11.570278859800148,2010+,0.622,0,0,Manhattan,100,3.3993371292597945
20613,4.268297869345539,11.834284063781393,1930-59,0.161,0,0,Bronx,100,8.484408992023205
20614,4.219507705176107,11.485554268174097,pre-1930,0.179,0,0,Bronx,100,8.735868448098664
20615,4.543294782270004,11.143599403477937,pre-1930,0.174,0,0,Bronx,100,12.44212962962963
20616,3.9815490680767565,11.43981699314959,1930-59,0.207,0,0,Bronx,100,6.4550833781603005
20618,4.291828366755733,10.203592144986466,pre-1930,0.166,0,0,Bronx,100,12.222222222222221
20621,3.8522730010223722,10.765047509703779,pre-1930,1.0,0,0,Brooklyn,80,11.40756701945624
20631,4.22829253473184,10.815589523788828,pre-1930,0.163,0,1,Brooklyn,100,9.640296439115502
20633,4.225372824628505,10.619252022961483,pre-1930,0.185,0,0,Brooklyn,100,8.30991079066357
20635,3.879499813722586,11.159388449722423,1980-99,0.366,0,0,Brooklyn,100,7.5477072059242385
20636,3.5145260669691587,10.428571048048818,pre-1930,0.975,0,0,Brooklyn,100,8.576836626049923
20637,4.0809215418899605,10.902279505922026,pre-1930,0.242,0,0,Brooklyn,100,6.077348066298343
20638,4.297285406218791,10.831034692665982,pre-1930,0.18899999999999997,0,0,Brooklyn,100,6.130601590001186
20640,4.154184562578117,11.349111579732014,1930-59,0.218,0,0,Brooklyn,100,8.71716338791377
20641,4.242764567340374,10.559555724854652,1960-79,0.158,0,0,Brooklyn,100,14.009962640099626
20642,4.2456340097683265,10.781058245898533,pre-1930,0.19,0,0,Brooklyn,100,3.7421259433275815
20643,4.237000862623624,10.238458663031073,1960-79,0.192,0,0,Brooklyn,100,11.80341941483654
20645,4.053522567701846,10.773734345908876,1960-79,0.183,0,0,Brooklyn,100,3.9790575916230364
20646,4.168214410788556,11.188371917742543,pre-1930,0.17,0,0,Brooklyn,100,4.7036037905512895
20647,3.901972669574645,10.950824090522445,pre-1930,0.185,0,0,Brooklyn,100,5.964807634953773
20648,3.7909846770510898,10.197164122035577,2010+,0.584,0,0,Brooklyn,100,8.200693331345287
20649,4.014579593753238,11.560266961279279,1960-79,0.174,0,0,Brooklyn,100,14.497176865557758
20651,4.37449836825309,10.566639335560673,1930-59,0.145,0,0,Queens,100,10.562110361172653
20652,3.686376323895818,10.908997222941913,2010+,0.499,0,0,Brooklyn,100,3.475652142099294
20653,3.5467396869528134,12.550116147647705,pre-1930,0.38299999999999995,0,0,Queens,90,6.27374808597516
20654,3.8979240810486444,13.609761098497104,2010+,0.39899999999999997,0,0,Manhattan,90,6.830156368813703
20655,4.423648309364701,11.477764499876638,pre-1930,0.142,0,0,Bronx,100,8.804184577140193
20656,4.2612704335380815,11.08582805673495,pre-1930,0.18100000000000002,0,0,Bronx,100,7.050889025137952
20657,4.165113633110308,11.023306710848635,pre-1930,0.162,0,0,Bronx,100,8.811147733577
20658,4.335982696172475,11.387362241994882,1930-59,0.157,0,0,Bronx,100,8.73015873015873
20659,4.6709579265260945,11.190168739234958,1930-59,0.177,0,1,Bronx,100,9.666505558240695
20660,4.203198967134183,10.885566024948286,1930-59,0.184,0,0,Bronx,100,7.865168539325842
20661,4.0809215418899605,11.395267421501996,pre-1930,0.195,0,0,Bronx,100,7.64904386951631
20664,4.212127597878484,11.133785782029612,1930-59,0.174,0,0,Bronx,100,8.035649061290087
20665,4.455509411433685,11.002099841204238,pre-1930,0.151,0,0,Bronx,100,9.166666666666666
20671,4.504244267398131,10.896739325546411,1930-59,0.126,0,0,Bronx,100,7.962962962962963
20672,4.21803603456465,10.55294404447134,1960-79,0.342,0,0,Brooklyn,100,5.484460694698354
20674,4.146304301152812,11.0967128083153,1930-59,0.14300000000000002,0,0,Brooklyn,100,7.126178851927101
20675,4.22829253473184,10.920148368552894,pre-1930,0.155,0,0,Brooklyn,100,6.512418820890393
20677,2.9444389791664403,11.682035127791952,1980-99,0.7070000000000001,0,0,Brooklyn,100,6.248680599535571
20679,4.476199804691132,11.429543856031177,pre-1930,0.14,0,0,Bronx,100,10.326086956521738
20680,4.247065649239764,10.978080335360017,1960-79,0.159,0,0,Brooklyn,100,10.925976509150503
20681,4.378269585796169,11.190072069507007,1960-79,0.163,0,0,Brooklyn,100,11.600928074245939
20682,3.763522997109702,10.210714866221961,2010+,0.489,0,0,Brooklyn,100,11.7677343433972
20685,4.294560608892605,11.007087382715277,pre-1930,0.174,1,0,Manhattan,100,6.633499170812604
20686,4.298645025734831,11.310748079464924,1930-59,0.18,0,0,Queens,100,10.282147010220942
20687,4.338597076746545,10.513253124157023,pre-1930,0.106,0,0,Brooklyn,100,9.510869565217392
20689,4.036008985209137,10.632122526025627,2010+,0.556,0,0,Brooklyn,100,14.477017734346724
20690,4.377014092850337,11.685760500001614,pre-1930,0.156,0,0,Unknown,100,8.58101912221222
20691,3.86702563949741,10.516996110435857,2010+,0.516,0,0,Brooklyn,100,12.182576208782283
20692,4.440295542797857,11.30888576745509,pre-1930,0.152,0,0,Unknown,100,8.707062531425137
20693,3.742420221041966,10.950806546816688,2010+,0.7440000000000001,0,0,Brooklyn,100,11.052631578947368
20696,4.186619838331271,11.441429463265159,1930-59,0.13699999999999998,0,0,Queens,100,8.915145005370569
20699,4.1956970564823886,11.275099654869877,1930-59,0.13699999999999998,0,0,Queens,100,7.610929294466854
20700,4.585987366571318,11.040502912487183,pre-1930,0.369,0,0,Bronx,100,10.264799756211007
20702,4.063885354737392,12.276996983866873,pre-1930,0.152,0,0,Brooklyn,100,3.5398230088495577
20703,4.22683374526818,11.212144643928866,pre-1930,0.17,0,0,Brooklyn,100,7.159840051875068
20704,3.6136169696133895,10.357742824813725,pre-1930,0.41600000000000004,0,0,Manhattan,100,3.8095238095238098
20705,3.6216707044204863,11.16737413785572,pre-1930,0.366,0,0,Manhattan,100,4.662136388680898
20706,5.119190700650601,10.91188333326566,pre-1930,0.08199999999999999,0,1,Manhattan,100,12.220925142273458
20707,4.3425058765115985,11.232285207307493,1930-59,0.11800000000000001,0,0,Brooklyn,100,8.605851979345955
20709,4.591071261608589,11.379691171064653,1960-79,0.151,0,0,Brooklyn,100,11.425176518977217
20710,4.062165663857866,11.26446410567173,pre-1930,0.17300000000000001,0,0,Brooklyn,100,8.333333333333334
20715,4.502029427068578,10.422281345951296,pre-1930,0.146,0,1,Bronx,100,10.714285714285715
20716,3.696351468952637,10.212772102170323,2010+,1.0,0,0,Bronx,80,11.009578333149841
20719,4.461299815568389,10.997187796843217,1930-59,0.11699999999999999,0,0,Bronx,100,9.714266572873747
20720,4.390738575275903,12.195562608070482,1930-59,0.198,0,1,Manhattan,100,7.831882329757616
20721,4.238444906195857,10.30958579350671,1930-59,0.26,0,1,Brooklyn,100,8.328058896032513
20722,4.092676505121403,10.40292861743548,1930-59,0.19899999999999998,0,1,Bronx,100,10.923655783468867
20725,4.535820107853298,10.183389437668946,2000-09,0.38299999999999995,0,0,Bronx,80,17.762660619803476
20729,4.26549281841793,12.76530550301423,1960-79,0.188,0,0,Bronx,100,7.57432845718075
20732,4.23410650459726,12.31830251307228,1960-79,0.153,0,0,Manhattan,100,8.714928001287129
20733,4.645351975620923,12.084017999522867,1960-79,0.307,0,0,Manhattan,100,7.117839792113886
20735,4.232656178019613,11.436994293336406,1930-59,0.147,0,0,Brooklyn,100,8.523217676506128
20737,3.9589065913269965,11.91491788359942,2010+,0.556,0,0,Queens,100,5.6863794487556865
20740,4.168214410788556,10.482065278352938,pre-1930,0.156,0,0,Queens,100,12.895991028875805
20741,3.5610460826040513,11.065981896915524,pre-1930,1.0,0,0,Brooklyn,100,6.410456862315895
20742,2.975529566236472,10.50567009772198,2000-09,1.0,0,0,Brooklyn,100,6.571381632988336
20746,4.581901559048737,10.51867319162636,pre-1930,0.23,0,1,Bronx,100,8.91891891891892
20751,4.314817884980432,11.885874268401459,1930-59,0.131,0,0,Unknown,90,8.815366285356161
20752,4.51852237926242,10.68155016512684,1930-59,0.138,0,0,Queens,90,11.023079572855666
20755,4.032469158504013,13.08800792962995,1960-79,0.38,1,0,Manhattan,100,10.018339356756377
20756,3.9415818076696905,11.22701515535263,pre-1930,0.29100000000000004,0,1,Manhattan,100,10.780881902759107
20758,4.192680462942962,11.752084087681121,1930-59,0.193,0,0,Queens,100,9.526208883780251
20759,4.08260930600368,11.514124745545711,pre-1930,0.171,0,1,Manhattan,100,14.282860567319217
20762,4.593097604753822,10.884310555528323,1930-59,0.111,0,0,Brooklyn,100,10.125063281645511
20763,4.377014092850337,12.217408155193919,1980-99,0.271,0,0,Unknown,100,10.13446707534111
20764,4.000033882750859,11.86335695907512,pre-1930,0.24600000000000002,0,0,Manhattan,100,5.423757466471317
20770,3.8607297110405954,10.770798102188564,2000-09,0.22,0,0,Queens,100,6.721277042638102
20771,3.56953269648137,10.5814703325763,2010+,0.5479999999999999,0,0,Queens,100,7.61459972587441
20772,4.514150787600923,12.793953750417142,2010+,0.271,0,0,Brooklyn,100,3.7218707122105137
20776,3.648057459593681,10.797471323887743,1930-59,0.644,0,0,Manhattan,100,10.225576211219503
20777,2.7212954278522306,10.36239863634992,1930-59,1.0,0,0,Brooklyn,100,10.111542958258287
20793,4.8346933442663405,12.401680546649862,1960-79,0.156,0,0,Brooklyn,100,9.909132025821307
20794,4.457829598089382,12.013700752882718,1930-59,0.14800000000000002,0,0,Brooklyn,100,10.545454545454545
20795,4.407938016458383,13.000484967137636,1930-59,0.16899999999999998,0,0,Queens,100,8.223609893635288
20796,4.725616339063959,12.417078836184038,1960-79,0.182,1,0,Manhattan,100,7.611829106338872
20797,3.493472657771326,11.420426330473305,pre-1930,0.6709999999999999,0,0,Brooklyn,100,4.936104864805572
20799,4.383275854074314,11.363473727799436,1930-59,0.156,0,0,Brooklyn,95,9.75405838500662
20801,4.219507705176107,11.281346434834918,1930-59,0.151,0,0,Manhattan,90,9.076240419524002
20802,4.4272389774954295,12.589721500357442,2010+,0.263,0,0,Brooklyn,100,11.106341516594783
20803,4.131961425793407,10.335659503472856,1980-99,0.884,0,0,Manhattan,100,7.464624172400364
20807,4.32280727501391,11.823618248603953,1960-79,0.14400000000000002,0,0,Brooklyn,90,7.329390121447994
20810,4.291828366755733,10.35028652413727,pre-1930,0.162,0,1,Manhattan,100,7.6760698522356545
20811,4.036008985209137,10.775471056848307,pre-1930,0.49,0,0,Manhattan,100,3.55403173541279
20817,3.899950424193877,11.75552648598137,2010+,0.858,0,0,Queens,100,12.396434848104443
20819,4.192680462942962,10.950315198054478,1980-99,0.358,0,0,Manhattan,100,12.813311802288844
20820,4.12552017969055,11.137184194028285,1960-79,0.335,0,0,Manhattan,100,12.813419144413057
20821,3.2308043957334744,12.177369627001267,1960-79,1.0,0,0,Bronx,0,11.063028388245405
20823,3.955082494888593,14.40212486926171,1960-79,0.674,0,0,Manhattan,100,8.181808574602131
20824,4.334672938290411,11.973364751359844,2000-09,0.21100000000000002,0,0,Manhattan,100,9.84369971667813
20825,3.6000482404073204,13.014533147845574,2010+,0.9990000000000001,0,0,Bronx,100,10.202945042215243
20842,3.493472657771326,12.450899407675525,pre-1930,0.49,0,0,Staten Is,100,12.368874275872866
20851,4.194189897191817,11.57969586860408,1930-59,0.263,0,0,Manhattan,95,6.360787615172349
20854,4.562262684976814,11.881643597711276,2000-09,0.457,0,0,Manhattan,90,3.9422358701966966
20865,3.856510295497887,11.401535698744171,2010+,0.602,0,0,Queens,90,14.755362791893493
20871,3.8897773964808264,12.025371774714921,pre-1930,0.41700000000000004,0,0,Manhattan,100,3.594170255845019
20873,4.0163830207523885,11.412828848431943,1960-79,0.321,0,0,Manhattan,100,9.17380491848577
20878,4.174387269895637,11.126012202256591,2010+,0.29600000000000004,0,0,Bronx,100,9.570787013178238
20879,4.308110951723713,11.178906217310082,2010+,0.24,0,0,Bronx,100,10.334618177755432
20882,4.328098292648326,10.777058657190121,2010+,0.268,0,0,Manhattan,100,9.810265294621052
20888,4.469350462845557,10.308952660644293,1930-59,0.146,0,1,Queens,100,13.666666666666666
20890,4.500920164614292,10.19129461717606,1930-59,0.168,0,1,Queens,100,11.998500187476566
20891,4.51852237926242,10.8104549569494,pre-1930,0.122,0,1,Queens,100,12.516149870801033
20898,4.448516375942715,10.432791397547891,pre-1930,0.248,0,1,Manhattan,100,2.945074363127669
20899,3.9926809084456005,10.248636324636237,pre-1930,0.768,0,0,Manhattan,100,12.74606996176179
20900,4.447346100794524,10.840580412039547,pre-1930,0.098,0,1,Manhattan,100,8.227067050596462
20901,4.3694478524670215,11.066950813523855,1960-79,0.218,0,0,Unknown,100,11.090284286160575
20907,4.596129441335942,11.853532000729896,1960-79,0.239,0,0,Staten Is,100,10.172143974960877
20908,4.405498990859024,11.853532000729896,1960-79,0.23800000000000002,0,0,Staten Is,100,10.172143974960877
20909,4.316153890523174,11.05089000537367,pre-1930,0.29,0,0,Manhattan,100,6.666666666666666
20910,4.651099117876491,10.46310334047155,1980-99,0.159,0,0,Manhattan,100,20.0
20911,4.014579593753238,10.962110832987875,1930-59,0.381,0,0,Brooklyn,100,10.234526783236193
20917,4.584967478670572,10.313940202155331,1930-59,0.11800000000000001,0,1,Manhattan,100,9.950248756218905
20919,4.86830338551846,10.896739325546411,1930-59,0.19,0,1,Manhattan,100,9.62962962962963
20920,3.735285826928092,10.482625816484205,1930-59,0.493,0,0,Queens,100,6.164191650322219
20921,4.454347296253507,10.416849955954088,1930-59,0.305,0,0,Manhattan,100,12.867317014782452
20922,4.222444564849416,10.581165702192141,1930-59,0.2,0,0,Manhattan,100,10.917584928654852
20923,4.605170185988092,11.144438171983634,1930-59,0.248,0,0,Bronx,100,9.106941513197837
20924,4.447346100794524,10.641631999026805,1930-59,0.12300000000000001,0,0,Bronx,100,10.277001027700102
20925,3.9684033388642534,10.96263109729387,1930-59,0.22699999999999998,0,1,Bronx,90,8.84219286383023
20926,4.301358731606427,10.392680876175005,1960-79,0.226,0,0,Bronx,90,12.875536480686696
20927,4.268297869345539,10.39439614246176,2010+,0.289,0,0,Bronx,90,14.077610478638757
20928,4.186619838331271,11.082619358263033,pre-1930,0.161,0,0,Manhattan,100,5.843367009580046
20931,3.6428355156125294,12.868087711842056,2010+,0.521,0,0,Brooklyn,100,7.788744490494895
20936,4.377014092850337,11.269132678088168,1930-59,0.121,0,0,Queens,100,9.825815096025012
20937,4.497584975308154,10.311017194693171,1930-59,0.40299999999999997,0,0,Manhattan,100,3.991750382542745
20938,4.09933210373314,10.92520079814619,1930-59,0.185,0,0,Manhattan,100,5.939631742831944
20963,4.309455941839047,10.606832558072519,pre-1930,0.225,0,0,Brooklyn,90,10.393466963622867
20965,4.085976312551584,10.142898076314209,1930-59,0.32799999999999996,0,0,Manhattan,90,9.838646202282566
20966,4.338597076746545,11.84939770159144,pre-1930,0.213,0,0,Manhattan,95,9.0
20976,4.52720864451838,10.825859754726151,2010+,0.209,0,0,Manhattan,95,7.951495875161515
20977,4.231203744939298,11.012050172057405,1930-59,0.14400000000000002,0,0,Brooklyn,90,10.726072607260726
20978,4.001863709427935,11.598350584518487,1960-79,0.221,0,0,Brooklyn,100,10.466589544427917
20979,4.186619838331271,11.92467743594321,2000-09,0.374,0,0,Brooklyn,100,5.564904005405907
20982,4.552823705615882,12.938786633192134,1960-79,0.183,0,0,Bronx,100,9.179514783344228
20983,4.360547602996758,11.068542797752952,1960-79,0.157,0,0,Brooklyn,100,12.164311780668102
20987,4.447346100794524,11.097258494377467,1930-59,0.152,0,1,Queens,100,11.36535838763449
20991,4.39197696552705,12.063938642041201,1960-79,0.218,0,0,Manhattan,100,9.221848865424406
20992,4.229749199228304,10.531856183153893,2010+,0.268,0,0,Manhattan,100,8.535381824971326
21005,4.220977213155467,10.885884326344947,1930-59,0.28300000000000003,0,0,Manhattan,100,11.419585525207332
21008,4.437934266612178,12.030289665575802,1930-59,0.359,0,0,Manhattan,100,12.339055793991417
21012,4.428433007488037,12.657813648569105,1930-59,0.325,0,0,Brooklyn,100,11.93473134124102
21013,4.131961425793407,12.578036121983983,1930-59,0.496,1,0,Manhattan,100,11.719450150974094
21019,4.33729074083249,11.719492379879636,pre-1930,0.231,0,1,Manhattan,100,11.549880027654643
21022,5.008633291425583,12.273782694552116,pre-1930,0.25,0,0,Manhattan,90,16.96174495703492
21024,4.162003210695915,10.978012045675149,pre-1930,0.32899999999999996,0,0,Queens,100,7.512121832957726
21025,4.416428061391214,10.650933506503453,1930-59,0.12300000000000001,0,0,Queens,100,11.365788975184694
21026,4.069026754237811,10.441762960010218,2000-09,0.546,0,0,Manhattan,100,7.005049473161905
21035,4.300002799195291,13.007479884009427,1980-99,0.355,0,0,Manhattan,100,9.265595028436179
21036,4.238444906195857,12.868678140977421,1960-79,0.149,0,0,Brooklyn,100,6.443830419003629
21042,4.76473475565943,10.158129770909708,pre-1930,0.10099999999999999,0,0,Brooklyn,100,13.953488372093023
21043,4.536891345234797,10.268130666124037,pre-1930,0.128,0,0,Brooklyn,100,13.194444444444445
21050,4.674696248636701,10.169690593310785,1930-59,0.131,0,0,Manhattan,100,12.260536398467433
21051,4.712229258281499,10.526748605631907,pre-1930,0.203,0,0,Manhattan,100,13.672922252010723
21052,4.45318382899021,10.549647941871736,pre-1930,0.18,0,0,Manhattan,100,9.957027565244733
21054,4.128745988939433,10.24373835566069,2010+,0.599,0,0,Manhattan,100,6.760122393794919
21060,3.9415818076696905,11.103000426139971,2000-09,0.9059999999999999,0,0,Brooklyn,100,7.232183215308122
21062,4.808111029984782,10.146433731146518,pre-1930,0.1,0,0,Brooklyn,100,12.549019607843137
21068,4.520701029361642,10.734285753389923,1930-59,0.11699999999999999,0,0,Brooklyn,100,13.071041108424287
21069,2.6461747973841225,10.329898425159755,1930-59,0.868,0,0,Manhattan,100,19.58544148849355
21074,4.987707789452551,10.349326554782566,pre-1930,0.105,0,0,Brooklyn,100,15.36688436419516
21089,3.1986731175506815,10.618396224877586,pre-1930,0.7659999999999999,0,0,Bronx,100,11.986301369863014
21093,4.283586561860629,11.210468106936293,2010+,0.23399999999999999,0,0,Brooklyn,100,10.825439783491206
21094,4.301358731606427,10.722187506016818,2010+,0.222,0,0,Brooklyn,100,13.009635950695685
21096,5.021904886354487,12.583960985868103,pre-1930,0.109,0,0,Bronx,90,9.97121710526316
21098,4.591071261608589,11.272762908486424,1930-59,0.132,0,0,Queens,100,9.917355371900827
21112,4.639571612705423,11.374685863246308,1980-99,0.273,0,0,Manhattan,100,8.382229673093043
21115,2.501435951739211,10.834903322155352,pre-1930,0.976,0,0,Bronx,100,8.470903431700878
21116,4.71760561531788,10.74073507706983,pre-1930,0.134,0,0,Brooklyn,100,12.770562770562771
21118,4.56954300834494,10.508895818788067,pre-1930,0.214,0,0,Brooklyn,95,13.100436681222707
21119,4.622027303054514,10.89829367247865,1930-59,0.099,0,0,Queens,100,8.690185637157015
21124,4.318820558770089,10.915361154304014,2000-09,0.21600000000000003,0,0,Queens,100,6.18013269108425
21125,4.1713056033582285,11.245372763813613,pre-1930,0.151,0,0,Bronx,100,8.624632473048024
21126,4.4953553199808844,10.819778284410283,1960-79,0.203,0,1,Bronx,100,10.200000000000001
21127,4.540098189244376,11.117212648304742,1930-59,0.172,0,1,Bronx,100,11.586452762923352
21128,4.693181063310805,10.357742824813725,pre-1930,0.138,0,1,Bronx,100,10.476190476190476
21129,4.683056724645162,10.927735425915376,pre-1930,0.146,0,0,Bronx,100,10.771992818671453
21131,4.893352133481524,10.40353530313024,1930-59,0.124,0,1,Bronx,100,10.91703056768559
21132,4.603168183317418,10.848365741262196,pre-1930,0.12300000000000001,0,1,Bronx,100,9.329446064139942
21133,4.477336814478207,10.164042488848484,pre-1930,0.142,0,1,Bronx,100,9.632797749778446
21134,4.669083511731744,11.115785605608053,1930-59,0.10099999999999999,0,1,Bronx,100,10.710460549803642
21135,4.324132656254979,11.310931672378754,1930-59,0.147,0,0,Bronx,100,7.710194590625383
21137,4.212127597878484,10.737092085791328,1930-59,0.2,0,0,Manhattan,100,10.427528675703858
21138,4.395682961121367,11.497273611282006,1960-79,0.34,0,1,Manhattan,100,10.564059849462147
21140,4.023564380161053,10.293263561179652,2010+,0.636,0,0,Manhattan,100,2.708834185487421
21143,3.653252276470785,11.20798871643591,2010+,1.0,0,0,Brooklyn,20,12.61581453396096
21146,4.4942386252808095,12.967616519898469,1960-79,0.152,0,0,Bronx,100,10.202747504179158
21147,4.475061500641071,12.960162044526232,1960-79,0.136,0,0,Bronx,100,10.279087819163324
21148,4.504244267398131,12.948459889039915,1960-79,0.17300000000000001,0,0,Bronx,100,10.471478310950548
21149,4.275276264727001,12.35908124486028,2000-09,0.428,0,0,Manhattan,100,4.290611712511852
21151,3.983413001514819,11.751942365440728,pre-1930,0.36,0,0,Manhattan,100,8.4251968503937
21152,4.185098925490565,11.709421093320065,1930-59,0.19,0,1,Manhattan,100,11.502468922793787
21160,3.8815637979434374,11.066028801597401,pre-1930,0.284,0,0,Manhattan,100,6.722846734728976
21163,3.7062280924485496,11.256677458007978,2010+,0.758,0,0,Brooklyn,100,9.17371923250856
21166,4.063885354737392,10.764540378155667,2000-09,0.508,0,0,Manhattan,100,4.0158096083528845
21172,4.259859000699674,11.272635754821048,pre-1930,0.345,0,0,Manhattan,100,3.9420142421159716
21173,4.436751534363128,13.257502476975182,2010+,0.433,1,0,Manhattan,100,1.048313263958291
21174,4.3463994570307305,11.44646509826996,2000-09,0.221,0,0,Bronx,100,8.656620711766593
21175,4.192680462942962,11.44646509826996,2000-09,0.235,0,0,Bronx,100,8.656620711766593
21182,4.627909672957581,11.16812262502869,1930-59,0.109,0,0,Bronx,100,10.305494381387994
21185,3.9982007016691985,10.22795950143476,2010+,0.348,0,0,Brooklyn,100,12.650907250777127
21198,4.581901559048737,10.866623701641787,pre-1930,0.465,0,0,Manhattan,100,2.481010725600214
21200,4.400603020246817,10.599630242075872,pre-1930,0.134,0,0,Manhattan,100,2.991026919242273
21212,4.664382045619937,12.21404081517935,1980-99,0.644,0,0,Manhattan,100,5.257936507936508
21214,3.9415818076696905,12.166432244320179,2010+,0.33299999999999996,0,0,Manhattan,100,9.311907276293132
21224,4.637637376125593,11.22764051711817,1930-59,0.128,0,1,Bronx,100,9.71002926310189
21241,4.811371016571989,10.46538644648612,pre-1930,0.11199999999999999,0,1,Manhattan,100,14.253135689851767
21242,3.56953269648137,11.532306434753922,2010+,0.7190000000000001,0,0,Brooklyn,95,12.456231548594015
21243,4.247065649239764,10.44493936984388,pre-1930,0.207,0,0,Brooklyn,100,11.056153622345068
21252,4.711330381816482,10.558413520275876,pre-1930,0.146,0,0,Bronx,100,10.38961038961039
21253,4.686750172980514,10.195410619245164,pre-1930,0.159,0,0,Bronx,100,12.322628827483195
21260,4.578826210648489,10.721062311471126,pre-1930,0.221,0,0,Bronx,100,10.816777041942604
21261,5.099256485749784,11.2076495241174,pre-1930,0.08199999999999999,0,0,Bronx,100,10.177495521901971
21262,4.390738575275903,11.112447898373103,pre-1930,0.191,0,0,Bronx,100,10.895522388059701
21263,4.713127327493184,10.311748747946293,1930-59,0.125,0,0,Bronx,100,9.97207818109294
21264,4.385769620952716,10.745916435811829,1930-59,0.147,0,0,Bronx,100,9.04392764857881
21265,4.931592086755803,10.302431443654028,1930-59,0.109,0,0,Bronx,100,10.400939439691326
21267,4.6443908991413725,10.139231385826076,pre-1930,0.084,0,1,Manhattan,100,8.294821661334282
21268,4.194189897191817,10.137768848260794,1930-59,0.221,0,0,Brooklyn,100,11.075949367088608
21269,4.395682961121367,10.940224437486151,1930-59,0.23399999999999999,0,1,Bronx,100,9.929078014184398
21271,4.429625613473161,10.185654444299798,pre-1930,0.13699999999999998,0,0,Brooklyn,100,12.066365007541478
21272,4.51085950651685,10.769116369608055,1930-59,0.2,0,0,Bronx,100,9.046917736166632
21280,3.8753590210565547,10.645424897265505,2000-09,0.556,0,0,Brooklyn,100,9.047619047619047
23120,4.2626798770413155,10.185164128035991,2010+,0.42,0,0,Brooklyn,100,13.204059305089222
23125,3.751854253275325,10.939177790651616,2010+,0.754,0,0,Queens,100,9.584494417919455
23131,4.484131857611035,10.870338310021983,pre-1930,0.19899999999999998,1,0,Manhattan,100,8.175993002871104
23136,3.8110970868381857,10.338284900005577,2010+,0.95,0,0,Brooklyn,100,10.682031528177905
23143,4.436751534363128,10.468801361586188,pre-1930,0.183,0,0,Manhattan,100,11.931818181818183
23144,4.00369019395397,11.338476835194777,2010+,0.348,0,0,Bronx,100,13.096485379559958
23145,3.6913763343125234,11.225030036426322,2010+,0.42100000000000004,0,0,Brooklyn,100,10.66894270777766
23152,4.51852237926242,10.925668659667716,1930-59,0.107,0,0,Queens,100,10.79427903211298
23167,3.5890591188317256,10.281375892874058,pre-1930,1.0,0,0,Bronx,100,12.335526315789473
23168,4.632785353021065,10.126711100650509,1930-59,0.23399999999999999,0,0,Manhattan,90,11.999040076793857
23171,4.11414718951828,11.446785662465684,2010+,0.21600000000000003,0,0,Brooklyn,90,8.974358974358974
23173,4.206184043977636,10.997020295460938,2000-09,0.319,0,0,Brooklyn,50,9.715893862235326
23174,4.119037174812473,10.87568591634858,2010+,0.39,0,0,Bronx,100,10.023640661938535
23175,3.960813169597578,11.827298152675054,2010+,0.6759999999999999,0,0,Bronx,100,12.779319409960566
23176,4.73707525686803,10.963289710417147,pre-1930,0.11800000000000001,0,0,Queens,100,14.034236606833462
23177,4.671893818030999,10.72220955600414,pre-1930,0.122,0,0,Queens,100,12.347856764861529
23178,3.703768066607687,10.386438255536065,2010+,0.237,0,0,Queens,100,4.9356818953018475
23179,3.9852734671677386,10.894904309600681,1980-99,0.272,0,0,Manhattan,100,5.194708818018219
23184,4.403054001865957,10.782782294723557,pre-1930,0.141,0,1,Manhattan,100,7.471359787481322
23187,4.71492104994721,10.386068010861816,pre-1930,0.158,0,0,Bronx,100,12.960962814380498
23190,3.7932394694381792,10.781079035271006,1930-59,1.0,0,0,Queens,100,9.355120369215419
23191,4.079230924412053,11.777548714470212,1930-59,0.354,0,0,Queens,100,7.367952476706525
23192,4.177459468932607,11.353847666806415,1930-59,0.151,0,1,Brooklyn,100,7.386303682599979
23193,4.146304301152812,10.960756877669855,1930-59,0.152,0,1,Manhattan,100,6.774361646690985
23195,4.249922794040544,11.687290452047726,1930-59,0.147,0,1,Manhattan,100,5.963930818402507
23196,4.188138441508461,11.522192394040752,1930-59,0.19899999999999998,0,1,Manhattan,100,6.539120785487115
23200,4.623991940228679,10.42120934298996,1930-59,0.131,0,0,Bronx,100,10.725777618877368
23201,5.073297055220967,11.005427631296913,pre-1930,0.066,0,0,Unknown,100,8.803986710963455
23202,4.0943445622221,10.302196556147285,2000-09,0.687,0,0,Manhattan,100,9.732196791730988
23204,4.415219602029645,11.135522894626948,pre-1930,0.193,0,1,Manhattan,100,9.480193687649495
23207,4.543294782270004,11.580677567021047,1960-79,0.134,0,0,Queens,95,10.09251471825063
23208,4.509760001183433,10.3469546827773,1960-79,0.18100000000000002,0,1,Bronx,100,11.231628265194788
23212,3.6788291182604347,10.873489652898783,2010+,0.5329999999999999,0,0,Brooklyn,100,10.235220531094221
23218,2.928523523860541,10.13034420176222,pre-1930,0.759,0,0,Manhattan,90,9.564420356274658
23224,3.9512437185814275,13.12678359383782,2010+,0.5670000000000001,0,0,Brooklyn,100,8.82092330973786
23225,3.903990833730882,13.134679225046925,2010+,0.45799999999999996,0,0,Brooklyn,100,9.245430623710973
23226,3.676300671907076,10.59162219127253,2010+,0.818,0,0,Manhattan,85,5.276381909547739
23227,4.146304301152812,11.475898344133151,2010+,0.574,0,0,Manhattan,100,2.6980750272401806
23231,4.964242254526545,11.034454085305622,1930-59,0.11800000000000001,0,1,Bronx,100,9.681635550965744
23249,4.465908118654584,10.160375309814498,pre-1930,0.24100000000000002,0,1,Bronx,100,8.50800525949416
23251,3.6888794541139363,10.696547939065669,2000-09,0.207,0,0,Manhattan,100,4.977037757618262
23252,4.387014176184921,10.599954217506415,2000-09,0.271,0,0,Bronx,100,10.963546208855556
23253,4.302712827954156,11.623751020059114,2000-09,0.289,0,0,Bronx,100,8.055853920515576
23265,3.784189633918261,10.165736425730918,pre-1930,0.8140000000000001,0,0,Manhattan,100,11.155133284609764
23267,4.055257173514054,10.385543262806005,pre-1930,0.222,0,0,Brooklyn,95,11.115227862171174
23268,4.623991940228679,10.305948151623994,pre-1930,0.162,0,0,Manhattan,90,13.373453694416582
23271,3.720862499966987,11.702470866853503,1960-79,0.40700000000000003,0,0,Brooklyn,100,10.341689418383387
23272,4.273884476054178,11.604957550416723,1960-79,0.17600000000000002,0,0,Brooklyn,100,10.944910616563297
23281,5.220355825078324,10.162924459547607,1930-59,0.221,0,1,Manhattan,95,13.501002931646351
23282,4.254193263163997,10.566227070674648,pre-1930,0.278,0,1,Manhattan,95,11.339621668986135
23284,4.220977213155467,10.25864134010292,1930-59,0.4,0,0,Bronx,100,12.969713965227145
23285,4.679349584162343,10.309619105187453,pre-1930,0.14,0,0,Manhattan,90,10.992671552298466
23286,2.5877640352277083,10.309619105187453,pre-1930,0.7929999999999999,0,0,Manhattan,95,10.992671552298466
23288,4.564348191467836,11.296012463406655,pre-1930,0.163,0,0,Brooklyn,100,9.68944099378882
23290,4.22829253473184,10.771302070953169,1930-59,0.204,0,0,Brooklyn,100,11.126506277029014
23292,2.4849066497880004,10.597883952496506,pre-1930,0.843,0,0,Manhattan,95,9.238451935081148
23293,4.269697449699962,10.357742824813725,1930-59,0.14400000000000002,0,1,Bronx,100,10.476190476190476
23295,3.4210000089583352,11.583085654875854,1930-59,0.597,0,0,Brooklyn,100,5.500242383562665
23312,4.223909766576744,10.290890517825884,2000-09,0.249,0,0,Queens,100,10.182262498727217
23320,3.770459441106359,12.628876563914828,2010+,0.693,0,0,Manhattan,80,5.995144915429145
23323,3.856510295497887,11.578310502711497,2010+,0.447,0,0,Manhattan,100,9.74174995550643
23326,5.064491966886966,10.507120225888325,pre-1930,0.312,0,0,Manhattan,90,5.468215994531784
23327,4.350277936359301,10.405534758490537,pre-1930,0.205,0,0,Brooklyn,90,21.18515828339689
23331,3.2228678461377385,10.736396675471232,2010+,1.0,0,0,Manhattan,0,5.217391304347825
23335,4.091005660956586,11.437425755568581,1930-59,0.311,0,0,Queens,100,7.117591234578552
23340,3.6216707044204863,11.43624958317231,2010+,0.555,0,0,Bronx,100,12.650752005528023
23341,4.282206299391671,11.979422954886676,2000-09,0.509,0,0,Manhattan,100,10.223281485198193
23351,4.421247347827163,10.183767295221147,1980-99,0.174,0,0,Queens,100,9.066868152625615
23353,4.632785353021065,11.08238867243304,pre-1930,0.142,0,0,Brooklyn,95,10.766580534022395
23354,4.4331949212482815,11.320553572322773,1930-59,0.16699999999999998,0,0,Bronx,100,5.818181818181818
23356,4.370712874773608,10.601473009736322,pre-1930,0.223,0,0,Manhattan,100,2.985520226899537
23357,4.421247347827163,12.036286194989298,1930-59,0.217,0,0,Manhattan,100,9.480414057083943
23364,3.3214324131932926,11.22390916950531,1930-59,0.518,0,0,Manhattan,100,11.882510013351133
23365,4.204692619390966,10.631253527491689,1930-59,0.18,0,0,Brooklyn,100,9.901229201381343
23367,4.198704577546343,12.922946118284752,2010+,0.37,0,0,Queens,100,9.619046688997178
23369,4.300002799195291,11.022425207665483,pre-1930,0.16699999999999998,0,0,Manhattan,100,7.022471910112359
23373,4.65586330030361,10.181119289134408,pre-1930,0.106,0,1,Manhattan,100,11.742424242424242
23377,3.6712245188752153,12.100273144643541,2010+,0.971,0,0,Bronx,100,9.893230918014016
23380,4.42484663185681,10.90294226967102,1930-59,0.15,0,0,Queens,100,11.410482921083629
23392,4.6443908991413725,10.239959789157341,1930-59,0.113,0,0,Bronx,100,11.428571428571429
23393,3.0349529867072724,10.2574839122691,pre-1930,0.63,0,0,Bronx,100,11.58097911914371
23395,4.422448549172797,11.748345352759198,1930-59,0.155,0,1,Queens,100,11.458465039828043
23401,4.3476939555933765,10.329082031939459,pre-1930,0.132,0,1,Brooklyn,100,13.067624959163672
23408,3.292126286607793,10.389610563661748,2000-09,0.987,0,0,Manhattan,100,3.075030750307503
23423,4.892602227184663,11.684742037119035,1960-79,0.122,0,1,Queens,100,9.095043201455207
23425,4.950177325059141,10.565917760434013,1960-79,0.153,0,1,Queens,100,15.983500902294406
23427,4.502029427068578,12.737876675681356,1960-79,0.157,0,0,Queens,100,10.37015276145711
23428,4.210645017918261,11.285886837687134,2000-09,0.366,0,0,Bronx,100,6.148903863770407
23429,4.469350462845557,10.252876014423887,1930-59,0.156,0,0,Brooklyn,100,15.512621633055987
23431,3.9435216724875173,10.400072254011777,pre-1930,0.248,0,1,Manhattan,100,3.9559369484510984
23432,4.437934266612178,11.27238139897585,1960-79,0.156,0,0,Queens,100,10.68430424828288
23434,3.655839600035736,11.207622383761045,1960-79,0.517,0,0,Queens,100,9.092142760211697
23435,3.653252276470785,10.702570083504742,1980-99,0.494,0,0,Queens,100,6.521250281088374
23436,4.741447804280639,11.238738588023676,1930-59,0.14,0,0,Queens,100,13.286152146173983
23437,4.442651256490317,11.098666806680072,1930-59,0.109,0,0,Queens,100,8.171541848887005
23438,4.178992036282385,12.04649057570571,1930-59,0.146,0,0,Queens,100,8.504398826979472
23445,4.207673247529104,12.952471451694759,1960-79,0.215,0,0,Manhattan,100,9.813263550125866
23453,4.324132656254979,11.44583435541573,pre-1930,0.221,0,1,Manhattan,90,1.9249072301654349
23454,3.169685580677429,10.38591370178042,pre-1930,0.768,0,0,Manhattan,90,1.2345679012345678
23455,3.9318256327243257,11.376039881904545,1930-59,0.205,0,0,Manhattan,100,10.320272455192818
23457,3.6584202466292277,11.403110598963021,2000-09,0.547,0,0,Queens,85,7.254464285714286
23458,3.9357395320454622,11.032790688525035,2000-09,0.255,0,0,Queens,90,8.404719573298852
23462,4.463606621666305,11.786100314689937,1960-79,0.147,0,1,Queens,100,9.968572363464803
23463,3.8110970868381857,11.118874961677317,2000-09,0.424,0,0,Queens,100,7.118282121248073
23468,4.350277936359301,10.657823901408495,pre-1930,0.281,0,0,Bronx,90,14.580001881290565
23469,4.7059200890882344,10.593128593766785,pre-1930,0.107,0,1,Queens,100,13.547415955845459
23487,4.395682961121367,11.238199103678664,pre-1930,0.159,0,1,Bronx,90,8.949959198715417
23489,4.59511985013459,11.071314910225711,pre-1930,0.154,0,1,Bronx,90,10.73094867807154
23492,4.363098624788363,10.734590697848832,2000-09,0.41,0,0,Queens,100,6.751312150184027
23504,4.446174454497633,11.060541690347897,1930-59,0.13699999999999998,0,0,Manhattan,100,10.375563974784235
23507,4.084294226368599,11.09032437091533,1930-59,0.228,0,0,Manhattan,100,9.308145390179144
23508,4.21803603456465,11.523251962687532,1930-59,0.18899999999999997,0,0,Manhattan,100,8.511649082523407
23511,4.412798293340635,11.257194153750275,1930-59,0.161,0,0,Queens,100,11.622651255892038
23512,4.7104306966455844,10.561939763299186,1930-59,0.165,0,0,Manhattan,100,10.09421265141319
23515,4.856706811803519,10.134599273499514,pre-1930,0.16,0,0,Bronx,90,10.714285714285715
23517,4.014579593753238,12.04571021265062,2000-09,0.47200000000000003,0,0,Manhattan,100,3.2870215476001805
23522,4.838660029356445,10.239959789157341,1960-79,0.34700000000000003,1,0,Manhattan,100,30.0
23523,4.56746831880408,11.84939770159144,1960-79,0.12300000000000001,0,0,Queens,90,10.428571428571429
23524,3.6913763343125234,11.042921835724492,1960-79,0.9490000000000001,0,0,Queens,90,17.919999999999998
23528,4.550714000192032,11.556942350387002,1930-59,0.134,0,0,Queens,100,10.90909090909091
23546,4.544358046591334,11.001299521033468,1930-59,0.124,0,0,Manhattan,100,13.177208433413398
23548,4.258445572902527,11.067747122440093,1930-59,0.222,0,0,Manhattan,100,9.676764839006728
23560,3.655839600035736,10.419748378792058,pre-1930,0.675,0,0,Manhattan,95,2.088617037147546
23566,4.7808027546312495,10.402078638633776,1980-99,0.316,0,0,Brooklyn,95,11.998906705539358
23574,3.265759410767051,10.29583364815114,2010+,0.981,0,0,Manhattan,95,6.754702961937249
23595,5.007965065540377,10.457659980805484,2010+,0.214,0,0,Brooklyn,100,12.352772191898879
23598,3.8732821771117156,11.577570230463667,2010+,0.72,0,0,Brooklyn,100,10.592624533643301
23599,3.6506582412937387,10.357742824813725,2010+,0.836,0,0,Brooklyn,100,10.793650793650793
23603,4.280824129164719,10.736396675471232,1930-59,0.16,0,1,Queens,100,12.608695652173912
23632,4.593097604753822,10.920889785778694,pre-1930,0.129,0,0,Manhattan,95,7.230657989877079
23633,4.640537329825382,11.442331312116304,pre-1930,0.184,0,1,Manhattan,95,7.619333791208791
23634,4.248495242049359,11.640685233771501,pre-1930,0.237,0,0,Brooklyn,95,8.800647727672757
23636,4.447346100794524,11.8337037649112,1960-79,0.23199999999999998,0,0,Queens,95,9.57771005659556
23638,4.666265285347902,10.839110212709775,1930-59,0.146,0,0,Queens,95,15.497489014438166
23639,4.231203744939298,11.471217661570439,1930-59,0.177,0,0,Queens,95,7.506646509930668
23640,4.577798989191959,10.839110212709775,1930-59,0.161,0,0,Queens,95,15.497489014438166
23641,4.01096295328305,11.125761858031977,1930-59,0.188,0,0,Queens,95,9.720463047512444
23642,4.293195420967266,11.506736351861083,1930-59,0.17,0,0,Queens,95,8.452149764044153
23643,4.309455941839047,11.199583645737869,1960-79,0.17,0,0,Queens,95,10.533515731874145
23644,4.318820558770089,11.293288259235284,pre-1930,0.17800000000000002,0,1,Manhattan,100,11.45974763642705
23648,4.455509411433685,10.765723285287539,pre-1930,0.159,0,1,Manhattan,100,10.344318013890941
23649,4.377014092850337,10.537972247530657,1930-59,0.36,0,0,Manhattan,100,12.459902971819412
23653,4.636668853047462,10.393845127662255,1930-59,0.139,0,1,Manhattan,100,13.166758527772675
23654,4.604169685654508,10.157237900443238,pre-1930,0.182,0,0,Manhattan,100,20.173022461884628
23656,5.058154810064233,10.375676292687201,pre-1930,0.102,0,0,Manhattan,100,18.709073900841908
23657,4.51852237926242,10.293365137302578,pre-1930,0.828,0,0,Manhattan,100,6.094257854821235
23658,4.808927023502111,10.786593717019239,pre-1930,0.321,0,1,Manhattan,100,16.539861065167052
23660,4.3054155323020415,11.384421414059732,pre-1930,0.153,0,1,Manhattan,100,7.505031782672473
23661,4.660604892876192,10.363125139532686,pre-1930,0.156,0,1,Manhattan,100,18.945374171139882
23662,4.200204952921578,11.874466550016443,1980-99,0.192,0,0,Manhattan,100,8.359223706758431
23664,4.498697941477575,10.545762402722318,pre-1930,0.155,0,1,Manhattan,100,12.626262626262628
23665,4.29592393562047,11.090141243091598,pre-1930,0.18100000000000002,0,0,Manhattan,100,9.462470620554928
23666,4.14946386144318,10.816573153461334,pre-1930,0.191,0,1,Manhattan,100,8.025682182985554
23667,4.594109238628667,10.650270282261983,pre-1930,0.15,0,1,Manhattan,100,15.401383755094303
23669,4.670021158307708,10.39405944727485,pre-1930,0.161,0,0,Manhattan,100,16.22531761824583
23673,3.8066624897703196,11.396391648714276,1930-59,0.102,0,0,Unknown,100,8.764044943820226
23675,4.6520537718869415,10.498084309366796,1960-79,0.14800000000000002,0,0,Queens,100,14.070518126138058
23676,4.189654742026425,10.655893716970995,1960-79,0.251,0,0,Queens,100,12.01639885019556
23678,4.566429357671661,10.614179912311823,2000-09,0.27,0,0,Brooklyn,100,10.317382332711016
23679,4.757032535297338,11.20943916097348,1930-59,0.271,0,0,Bronx,90,10.294755093194624
23681,3.288401887516811,10.576814605646767,2010+,0.6579999999999999,0,0,Manhattan,95,5.355093714139997
23684,4.30406509320417,11.150519846322512,1930-59,0.11900000000000001,0,0,Brooklyn,100,9.913793103448276
23685,4.437934266612178,11.388234877011188,1930-59,0.128,0,0,Brooklyn,100,9.515502339227659
23687,4.475061500641071,10.778956289890028,1930-59,0.11800000000000001,0,0,Brooklyn,100,10.0
23689,4.252771798816619,10.62885988039081,pre-1930,0.165,0,0,Queens,100,13.071895424836601
23690,4.039536325727106,11.15103695397861,2010+,0.634,0,0,Brooklyn,100,9.047044632086852
23691,3.299533727885655,11.731209226612785,2010+,0.703,0,0,Manhattan,95,5.707670787980128
23694,4.249922794040544,11.55671265893817,1930-59,0.16,0,0,Queens,100,8.040124047628163
23695,4.174387269895637,11.09831869894478,1980-99,0.253,0,0,Brooklyn,100,8.325764456554648
23698,4.412798293340635,12.311805591827099,1960-79,0.053,0,0,Bronx,95,11.155844447943142
23699,4.73356340075649,12.211557575760743,1960-79,0.544,0,0,Bronx,95,11.934361014420688
23700,4.215086179918229,12.203569515312056,1960-79,0.268,0,0,Bronx,95,4.962406015037594
23701,4.6568134191399295,11.365295147966204,1960-79,0.292,0,0,Bronx,95,9.736308316430021
23707,4.45318382899021,11.10076801300094,pre-1930,0.11699999999999999,0,1,Brooklyn,100,8.305396997976503
23712,4.536891345234797,12.149190075994628,2000-09,0.297,0,0,Manhattan,100,11.961405941537306
23715,3.742420221041966,10.494408190299962,pre-1930,0.29,0,0,Brooklyn,95,11.630160883892229
23716,4.00369019395397,13.027958187972656,2010+,0.518,0,0,Manhattan,100,10.616387922375083
23718,4.023564380161053,10.356821765848482,2010+,1.0,0,0,Brooklyn,95,13.345619776937497
23721,4.499809670330265,10.270211832327862,pre-1930,0.124,0,1,Manhattan,100,10.395010395010395
23723,4.203198967134183,10.681894577046897,pre-1930,0.134,0,0,Queens,90,10.330578512396695
23728,4.520701029361642,10.63248438598977,pre-1930,0.134,0,1,Manhattan,95,9.406657018813315
23730,4.097672352314776,11.3484398970238,pre-1930,0.188,0,0,Manhattan,80,10.844836325486543
23746,4.5217885770490405,10.732039370102276,1930-59,0.14300000000000002,0,0,Queens,100,11.790393013100438
23754,4.309455941839047,11.195471234184778,1930-59,0.134,0,0,Queens,100,8.928571428571429
23756,4.437934266612178,10.966628091895984,1930-59,0.14800000000000002,0,0,Queens,100,11.397192146298503
23757,4.578826210648489,10.993731591533722,1930-59,0.126,0,0,Queens,100,11.092436974789917
23760,4.640537329825382,11.498461362359405,1960-79,0.161,0,1,Queens,100,11.160261353029503
23762,4.396915247167632,11.97354141754324,1960-79,0.303,0,0,Manhattan,100,13.438061890792088
23763,4.05871738457895,11.402351382259514,1930-59,0.161,0,0,Manhattan,100,7.371665996515213
23764,3.8918202981106265,11.321861807119431,1930-59,0.294,0,0,Manhattan,100,8.473755568467945
23765,4.79081953287472,10.484025788713419,pre-1930,0.11199999999999999,0,1,Manhattan,100,10.072747621712368
23767,4.272490747605575,10.916541952842591,1930-59,0.13,0,1,Brooklyn,100,8.714596949891067
23770,4.210645017918261,11.700649071053178,1930-59,0.154,0,0,Bronx,100,6.9622876087857435
23772,4.548599834499697,11.041320554357519,pre-1930,0.128,0,1,Brooklyn,100,10.416666666666666
23774,4.272490747605575,11.019546754807958,1930-59,0.14800000000000002,0,0,Brooklyn,100,7.861635220125787
23777,4.437934266612178,11.425655872827754,1930-59,0.10300000000000001,0,1,Queens,100,4.801239592767587
23778,4.131961425793407,11.59603423669259,pre-1930,0.147,0,0,Manhattan,100,5.613531371358106
23781,4.210645017918261,10.344319804481584,pre-1930,0.154,0,1,Brooklyn,100,14.8005148005148
23789,4.238444906195857,11.0216900276358,1930-59,0.146,0,0,Bronx,95,9.152270907218854
23790,4.417635062141249,11.744037185933616,1930-59,0.17800000000000002,0,1,Bronx,100,8.412698412698413
23795,3.877431560658527,10.365899941086042,2010+,0.511,0,0,Queens,100,7.557150954090308
23796,3.7727609380946383,10.753168285910839,2010+,0.574,0,0,Queens,100,8.123476848090982
23797,3.8199077165203406,11.06925992304676,2010+,0.545,0,0,Queens,100,6.545318538835557
23800,5.335613151291733,10.178768042270166,pre-1930,0.52,0,0,Manhattan,75,4.556154605512948
23801,4.446174454497633,12.031719258385396,pre-1930,0.147,0,0,Manhattan,95,7.6190476190476195
23807,4.499809670330265,10.433174183943038,pre-1930,0.1,0,1,Brooklyn,100,10.009420631182289
23813,2.766319109226186,10.408435939129243,pre-1930,0.792,0,0,Unknown,100,17.804333393687006
23815,4.571613402459248,11.657908536108815,1930-59,0.141,0,0,Queens,100,10.380443244926557
23816,3.9871304779149512,10.727004884257928,1930-59,0.183,0,0,Queens,100,9.436032477507132
23818,4.297285406218791,11.234348481767105,pre-1930,0.19899999999999998,0,0,Manhattan,100,9.380863039399625
23819,4.01096295328305,10.522045876105,2010+,0.371,0,0,Queens,95,7.2727272727272725
23820,4.471638793363569,10.940224437486151,pre-1930,0.162,0,0,Queens,100,9.574468085106382
23821,4.793308128103486,11.106159511129016,1960-79,0.115,0,0,Queens,100,13.367377590868129
23822,3.5751506887855933,10.442113151159798,2000-09,0.53,0,0,Brooklyn,100,7.002596796311965
23823,4.286341384539473,10.728408331705516,pre-1930,0.344,0,0,Manhattan,100,5.478371389753254
23824,2.6026896854443837,10.973220141653588,1980-99,1.0,0,0,Brooklyn,100,8.920606601248885
23825,4.689511334421843,11.258291246564648,1960-79,0.13,0,0,Queens,100,10.8359133126935
23826,3.9080149840306073,11.310637907535396,2000-09,0.649,0,0,Brooklyn,100,5.019219939769361
23829,4.641502115235482,11.230429919205747,1960-79,0.151,0,0,Bronx,100,9.682981827828625
23830,4.5217885770490405,10.685469446796564,pre-1930,0.136,0,1,Brooklyn,100,8.692469576356482
23831,3.8649313978942956,11.204305721303568,2010+,0.512,0,0,Manhattan,100,5.582332598099283
23832,4.437934266612178,10.255833138313632,pre-1930,0.157,0,1,Manhattan,100,14.412260967379076
23833,4.300002799195291,11.390418790477431,1930-59,0.135,0,0,Bronx,100,9.042613315248108
23836,4.631812116934513,10.968198289528557,pre-1930,0.188,0,1,Bronx,100,10.86206896551724
23837,4.449685283147696,11.182808987651912,1930-59,0.18,0,0,Brooklyn,100,11.685493294752657
23839,3.696351468952637,11.04309782023831,2010+,0.907,0,0,Queens,100,7.358704867943241
23849,4.08260930600368,10.50763957152451,1930-59,0.136,0,0,Brooklyn,100,8.198065256599442
23850,4.604169685654508,10.272150354120187,1930-59,0.11,0,0,Brooklyn,100,13.48734264766911
23851,2.747270914255491,11.16216158763215,1930-59,1.0,0,0,Brooklyn,100,3.976425477526095
23853,4.45318382899021,10.395527831398702,1930-59,0.278,0,0,Queens,100,12.227554794729924
23858,3.966511190712216,11.189049560401877,2010+,0.455,0,0,Brooklyn,100,11.61279619542677
23864,4.027135812528651,11.442953542941096,1930-59,0.21600000000000003,0,1,Bronx,100,9.866798223976321
23865,4.109233174715851,11.516000731487157,1960-79,0.166,0,0,Queens,100,7.975435658172827
23875,4.846546505563361,10.336697520952852,1930-59,0.14,0,0,Unknown,100,11.995850084295162
23876,2.995732273553991,11.370393690148406,2010+,0.978,0,0,Bronx,90,13.722957701000968
23880,4.641502115235482,10.571316925111784,pre-1930,0.187,0,0,Bronx,90,12.307692307692308
23881,4.499809670330265,10.645424897265505,pre-1930,0.209,0,0,Bronx,90,10.476190476190476
23901,2.6461747973841225,10.328820645281759,1930-59,0.736,0,0,Queens,100,13.071041108424287
23903,4.516338972281476,11.08395628767407,1930-59,0.122,0,0,Unknown,90,11.978254860407262
23906,3.054001181677967,12.994038976268218,1960-79,0.685,0,0,Brooklyn,100,10.186818983864807
23913,4.73795129722191,11.662878776731453,1930-59,0.31,0,0,Unknown,100,16.784589164902133
23915,4.528289141652134,10.327447243280456,pre-1930,0.11599999999999999,0,0,Brooklyn,100,12.434554973821989
23920,4.209160236650682,11.711612375850446,1930-59,0.19699999999999998,0,0,Bronx,100,7.05033612067552
23922,3.3638415951183864,11.622998857556558,2010+,0.9740000000000001,0,0,Brooklyn,25,7.255723960012899
23925,4.294560608892605,10.295529640312152,pre-1930,0.268,0,1,Bronx,100,12.5
23934,3.9740583963475986,11.455614098257115,2010+,0.278,0,0,Bronx,100,9.21317377951922
23947,4.04305126783455,11.52354883660736,1930-59,0.295,0,0,Brooklyn,100,10.290101713697709
23948,3.9627161197436642,11.344163559174019,2010+,0.5770000000000001,0,0,Manhattan,100,3.9066661931313704
23949,4.526126978647638,11.01716906136117,pre-1930,0.131,0,0,Brooklyn,100,9.522089606146674
23955,4.275276264727001,11.119719900617751,1930-59,0.163,0,0,Brooklyn,100,8.445820800426736
23956,4.454347296253507,11.164303721079092,1930-59,0.156,0,0,Brooklyn,100,9.352946178046086
23957,3.288401887516811,11.765596750082198,1930-59,0.41200000000000003,0,0,Brooklyn,100,4.50499432992093
23958,4.2710950739666,11.176305217395935,1930-59,0.237,0,0,Manhattan,100,7.281077599484724
23959,4.231203744939298,12.725859992826226,pre-1930,0.529,0,0,Manhattan,95,9.246760660533875
23961,4.229749199228304,10.491274217438248,pre-1930,0.16899999999999998,0,0,Brooklyn,100,10.555555555555555
23962,4.560172820057356,10.299306283592488,pre-1930,0.145,0,0,Brooklyn,100,13.799138395261174
23963,4.549657476057832,10.294447974441411,pre-1930,0.17,0,0,Brooklyn,100,13.189935064935066
23969,3.4468078929142076,11.706063314198031,1980-99,0.649,0,0,Manhattan,95,8.903177939903548
23970,3.824284091120139,10.357774570341576,2010+,0.809,0,0,Brooklyn,100,2.5396019173994473
23972,4.693181063310805,10.588804153980885,pre-1930,0.134,0,0,Brooklyn,100,10.330578512396695
23973,4.630837932736669,10.348269523021242,pre-1930,0.128,0,0,Brooklyn,100,14.101208217158607
23974,4.539030383483547,10.337734462069745,1930-59,0.19,0,0,Manhattan,100,18.137064386578572
23975,4.128745988939433,10.138362026726037,pre-1930,0.2,0,0,Manhattan,100,11.069381300652303
23976,4.768988271217486,10.280381703656257,pre-1930,0.133,0,0,Manhattan,100,10.632824558394786
23977,4.607168188650764,10.229007170467204,pre-1930,0.149,0,0,Manhattan,100,10.832280194981044
23978,4.4331949212482815,10.649938505118385,1930-59,0.17800000000000002,0,0,Manhattan,100,6.162597771983882
23980,4.2626798770413155,10.551924982703788,1930-59,0.183,0,0,Brooklyn,100,9.15008757940969
23982,4.406719247264253,10.244058520726302,1930-59,0.157,0,0,Brooklyn,100,10.670460608216255
23990,3.903990833730882,12.098543112587507,2010+,0.409,0,0,Manhattan,100,9.799008963866154
23991,3.977810745966149,10.741211154203317,2010+,0.682,0,0,Queens,100,15.144303578382589
23992,4.338597076746545,11.362102575235644,pre-1930,0.22699999999999998,0,0,Brooklyn,100,9.186046511627907
23997,4.197201947661808,12.270079775504467,1960-79,0.266,1,0,Manhattan,100,6.988087421442641
24000,3.8044377947482086,12.842496023675295,1930-59,0.304,0,0,Brooklyn,100,8.572743966005365
24001,4.341204640153626,11.978914797698335,1960-79,0.135,0,0,Brooklyn,100,9.287206872533085
24003,4.109233174715851,11.626629079982305,1930-59,0.156,0,0,Queens,100,7.497188554292141
24004,3.979681653901961,11.724198843713951,1930-59,0.17300000000000001,0,0,Queens,100,8.743169398907105
24005,3.9908341858524357,11.753201415024739,1930-59,0.184,0,0,Queens,100,7.549543881723812
24010,3.8522730010223722,10.538369824964098,pre-1930,1.0,0,0,Manhattan,100,11.9249523001908
24012,3.754198920234579,13.170135881075783,1980-99,0.522,0,0,Manhattan,85,8.770825944865825
24013,4.544358046591334,12.815256526262592,2000-09,0.289,0,0,Manhattan,85,9.761111080900307
24020,3.077312260546414,13.65312573712059,1960-79,0.23600000000000002,0,0,Manhattan,100,11.798417623989254
24023,4.6549122778829055,12.971540487669746,1960-79,0.267,0,0,Manhattan,100,11.488372093023257
24025,4.5612182984589085,12.027603658051708,1960-79,0.19,0,0,Queens,100,10.220548682087145
24027,4.470495282661489,10.439395956669582,pre-1930,0.262,0,0,Manhattan,100,14.62843768285547
24029,4.33990170837321,11.8343493263363,1980-99,0.17,0,1,Manhattan,100,11.311807061178023
24031,4.330733340286331,11.080125130642005,pre-1930,0.183,0,0,Manhattan,100,8.632782993417502
24034,4.28771595520264,12.043847790435342,1980-99,0.22699999999999998,0,0,Manhattan,100,13.58423992943252
24035,4.291828366755733,10.758923636139793,2010+,0.242,0,0,Brooklyn,100,11.265090970923312
24036,4.239886867512759,10.283053487118604,pre-1930,0.281,0,0,Manhattan,100,11.630691341976533
24038,4.3294166844015844,10.605990828020099,1980-99,0.34700000000000003,0,0,Manhattan,100,12.631266098672478
24039,4.51852237926242,10.568235258574376,1980-99,0.214,0,0,Manhattan,100,10.2880658436214
24040,4.177459468932607,11.309094224688392,1960-79,0.426,0,0,Manhattan,100,6.1304561059342815
24044,4.08260930600368,10.180247697287351,pre-1930,0.475,0,0,Manhattan,95,9.857072449482505
24045,4.29592393562047,11.100677404565232,1980-99,0.316,0,0,Manhattan,100,14.800048326688415
24048,4.389498649512583,11.090202289425783,2000-09,0.205,0,0,Manhattan,100,11.903671824924457
24049,4.143134726391533,11.408619948160915,1980-99,0.20800000000000002,0,0,Brooklyn,100,11.432376935457018
24050,4.446174454497633,11.199939259654329,1960-79,0.205,0,1,Staten Is,100,14.22202773295408
24052,4.044804116661965,10.847763032945046,1980-99,0.265,0,0,Brooklyn,100,13.80812540111632
24057,3.475067230228611,11.469903134819365,2010+,0.28300000000000003,0,0,Brooklyn,100,6.263767238409421
24059,4.523960130562548,11.289781913656018,1980-99,0.276,0,0,Bronx,100,14.499999999999998
24060,4.456670177669648,10.873811820902707,2000-09,0.264,0,0,Bronx,100,13.642564802182811
24062,4.547541073151455,11.215920065057563,1980-99,0.239,0,0,Unknown,100,10.228251507321275
24063,5.057518879995106,11.407564949312402,1980-99,0.6459999999999999,0,0,Brooklyn,100,12.88888888888889
24064,4.2626798770413155,10.296070034813278,1980-99,0.26899999999999996,0,0,Bronx,100,10.804970286331713
24065,4.37449836825309,10.896739325546411,1980-99,0.188,0,0,Bronx,100,11.851851851851851
24066,3.858622228701031,11.366384094113059,pre-1930,0.435,0,1,Manhattan,95,3.0103393578714583
24069,3.966511190712216,10.360342617026589,2010+,0.496,0,0,Brooklyn,100,10.132353872458996
24071,4.7059200890882344,10.874550520257262,pre-1930,0.187,0,0,Bronx,100,10.22436807725078
24072,3.104586678466073,10.225571051705241,pre-1930,0.7090000000000001,0,0,Bronx,100,14.130434782608695
24073,4.728272383122075,10.510532034042662,pre-1930,0.131,0,0,Bronx,100,10.354223433242506
24074,5.2171073111224935,10.915088464214607,pre-1930,0.059000000000000004,0,0,Bronx,100,9.454545454545455
24076,4.673762977453703,10.239959789157341,1930-59,0.10800000000000001,0,0,Brooklyn,100,12.5
24077,4.749270529961848,10.596634733096073,1930-59,0.1,0,0,Brooklyn,100,10.5
24079,3.0106208860477417,10.287729024192666,pre-1930,0.782,0,0,Bronx,100,8.85257065032346
24080,4.575741375297279,10.813961399088718,pre-1930,0.158,0,1,Manhattan,100,10.661838664252665
24083,4.197201947661808,10.643780689153017,pre-1930,0.147,0,1,Manhattan,100,11.447377835014667
24085,4.4796069630127455,10.558543381973351,pre-1930,0.11599999999999999,0,0,Brooklyn,100,11.946500454486431
24086,4.390738575275903,11.165493388112674,pre-1930,0.156,0,1,Bronx,100,10.19108280254777
24088,4.598145571051127,10.62113220469646,pre-1930,0.136,0,0,Bronx,100,11.221701795472287
24089,4.364371699435161,10.790452455028454,1930-59,0.16699999999999998,0,0,Manhattan,100,9.885696632684585
24092,4.592084946439436,10.904707495195588,1930-59,0.138,0,0,Bronx,100,11.022927689594356
24093,4.763881877142913,10.373491181781864,pre-1930,0.138,0,0,Bronx,100,12.1875
24097,4.334672938290411,12.384557685629794,2000-09,0.745,0,0,Manhattan,100,5.270180399111599
24104,3.5553480614894135,10.37148917911119,2010+,0.773,0,0,Brooklyn,100,8.14128256513026
24113,4.328098292648326,10.558932865912062,pre-1930,0.115,0,0,Brooklyn,100,10.124610591900312
24114,4.177459468932607,11.432246721735618,pre-1930,0.23800000000000002,0,0,Manhattan,100,10.298214614792572
24115,4.48863636973214,11.030557714020722,pre-1930,0.235,0,0,Manhattan,100,6.31763105034666
24117,4.804840381116659,11.16891287117503,1930-59,0.441,1,0,Manhattan,100,2.5390735202843766
24118,4.407938016458383,10.282095206474409,1930-59,0.191,0,1,Manhattan,100,5.136106831022086
24119,3.6913763343125234,11.035921389679748,pre-1930,0.746,0,0,Brooklyn,100,2.7391080175302913
24124,4.060443010546419,11.472249293150659,2010+,0.271,0,0,Brooklyn,100,10.519299268856624
24137,4.3528552573736015,11.410372116639888,1980-99,0.26,0,1,Manhattan,100,7.977574152659746
24142,3.6082115510464816,12.080821165341217,1980-99,0.9790000000000001,0,0,Staten Is,90,9.237482644300247
24147,4.745801315727837,10.322197887394314,pre-1930,0.11699999999999999,0,0,Brooklyn,100,14.473684210526317
24161,4.558078578454241,10.239959789157341,1930-59,0.13699999999999998,0,0,Brooklyn,100,13.214285714285715
24167,4.07753744390572,11.665243037110319,2010+,0.318,0,0,Brooklyn,100,9.53174241968863
24170,4.072439726834051,12.35926143431711,1960-79,0.366,0,0,Bronx,100,8.96576279766118
24173,3.7232808808312687,10.543734885735212,2010+,0.976,0,0,Brooklyn,100,9.225335406837292
24177,4.364371699435161,10.286638883047708,1930-59,0.113,0,0,Brooklyn,100,9.203081327970551
24179,2.653241964607215,10.256957365525912,2000-09,1.0,0,0,Brooklyn,100,7.373595505617978
24182,3.955082494888593,10.814805942783725,1930-59,0.33899999999999997,0,0,Brooklyn,100,8.240874738703972
24187,3.4372078191851885,10.161727940887767,2010+,1.0,0,0,Brooklyn,100,12.744757270304715
24206,4.209160236650682,11.126306644658424,1930-59,0.13699999999999998,0,1,Manhattan,100,10.156767498344006
24215,4.334672938290411,10.78991683637612,1930-59,0.155,0,0,Queens,100,11.951616559170805
24217,4.475061500641071,12.4529327234617,1960-79,0.191,0,0,Bronx,100,8.125
24221,4.7664383335842135,10.213909111957399,pre-1930,0.113,0,0,Brooklyn,100,13.196480938416423
24224,4.01096295328305,12.386070671682972,2010+,0.282,0,0,Bronx,100,9.313281240211658
24225,4.019980146933238,12.38587854069917,2010+,0.289,0,0,Bronx,100,8.855582985584615
24227,3.856510295497887,11.6539040582298,1930-59,0.214,0,0,Bronx,100,9.640437727983324
24228,4.215086179918229,12.059531274673004,2000-09,0.408,0,0,Brooklyn,100,6.599590130718198
24230,4.771531723203316,10.70810902150003,pre-1930,0.136,0,0,Brooklyn,100,12.5232014670036
24231,2.379546134130174,10.88363532339163,pre-1930,0.885,0,0,Manhattan,100,6.566973750867779
24232,4.216562194946349,11.26094510071746,pre-1930,0.504,0,0,Manhattan,100,3.473741090497388
24233,4.130354999745133,11.421654118088762,2010+,0.608,0,0,Manhattan,100,3.286698730238724
24235,4.477336814478207,12.445856967992508,1980-99,0.27,0,0,Manhattan,100,9.952988847144908
24236,3.190476350346503,11.887395139375874,2010+,0.725,0,0,Manhattan,100,2.8193808364621584
24238,4.254193263163997,11.787317109650438,pre-1930,0.259,1,0,Manhattan,100,4.71221299202724
24239,4.394449154672439,11.151137471644674,1960-79,0.223,0,0,Manhattan,100,16.51278664043766
24241,4.653007515402251,10.638328347645203,pre-1930,0.09300000000000001,0,0,Brooklyn,100,9.591636093326619
24242,4.663439094112067,10.154246270883311,pre-1930,0.106,0,0,Brooklyn,100,13.229571984435797
24246,4.7561730595246186,13.193229959066157,2010+,0.311,0,0,Manhattan,90,1.8445406255414847
24247,4.338597076746545,11.024448244868,2000-09,0.316,0,0,Brooklyn,100,10.919877436599517
24249,3.5234150143864045,10.373053586050816,2010+,0.85,0,0,Manhattan,70,4.064278121678234
24251,4.774068722449905,10.169690593310785,1930-59,0.102,0,0,Bronx,100,9.578544061302681
24252,4.857484114602081,10.297386024272827,1930-59,0.13699999999999998,0,1,Bronx,100,11.127971674253919
24255,4.241326752570746,10.871459503545298,1930-59,0.10400000000000001,0,0,Bronx,100,9.306389121021043
24256,4.681204872264089,10.420344948533838,1930-59,0.153,0,0,Bronx,100,10.138661100342924
24258,4.553876891600541,10.738134295369774,1930-59,0.14400000000000002,0,0,Bronx,100,10.633680555555555
24260,3.906004933102583,11.032823013847079,1930-59,0.607,0,0,Bronx,100,9.69743987587277
24261,4.585987366571318,11.032823013847079,1930-59,0.248,0,0,Bronx,100,7.273079906904576
24262,4.653960350157523,10.33543229344867,1930-59,0.187,0,0,Bronx,100,13.309527674078884
24263,4.726502471155617,10.162963033097729,1930-59,0.147,0,0,Bronx,100,11.571841851494696
24264,3.9318256327243257,10.697881800112357,1930-59,0.244,0,0,Bronx,100,9.940807012787493
24265,4.351567427189173,10.673595774232203,1930-59,0.16899999999999998,0,0,Bronx,100,9.953703703703704
24266,4.6520537718869415,10.509632446974212,1930-59,0.157,0,0,Bronx,100,11.181716529849728
24267,4.6434288981051814,10.728320673921449,1930-59,0.161,0,0,Bronx,100,10.51939513477975
24269,4.44500143383527,10.251323547807656,1930-59,0.20199999999999999,0,0,Bronx,100,11.299435028248588
24270,4.441474093317302,10.298902324790792,1930-59,0.18100000000000002,0,0,Bronx,100,9.427609427609427
24271,2.928523523860541,10.644567386851376,1930-59,0.76,0,0,Bronx,100,11.676675245448479
24272,4.213607983048918,11.569740486524461,1930-59,0.17800000000000002,0,0,Bronx,100,6.896812350017951
24273,4.533674184283021,10.950806546816688,1930-59,0.135,0,0,Bronx,100,9.649122807017545
24275,4.3425058765115985,10.748260800197345,1930-59,0.313,0,0,Bronx,100,11.385851468345184
24276,3.6888794541139363,10.39772637269772,1930-59,0.292,0,0,Bronx,100,8.540491078236998
24280,4.146304301152812,10.920238814723918,1980-99,0.201,0,0,Brooklyn,90,7.235366471311772
24283,4.354141431184346,10.19129461717606,1980-99,0.152,0,0,Manhattan,90,10.498687664041995
24288,4.096009841541162,10.370737393585243,2000-09,0.289,0,0,Brooklyn,90,5.953873151165706
24293,4.107589788972121,12.11247599679259,1930-59,0.17300000000000001,0,0,Manhattan,100,8.455498819524514
24294,4.464758032271346,10.888987132572593,pre-1930,0.14400000000000002,0,0,Manhattan,90,7.838306925704048
24295,4.867534450455582,10.595834412925305,1930-59,0.23600000000000002,0,0,Manhattan,90,16.763410728582866
24297,3.8372994592322094,11.634744788291323,1930-59,0.193,0,0,Bronx,100,6.905404807224116
24298,4.335982696172475,11.124464955677889,1960-79,0.16899999999999998,0,0,Queens,100,10.912844713169148
24299,4.209160236650682,11.124464955677889,1960-79,0.18899999999999997,0,0,Queens,100,10.912844713169148
24300,4.206184043977636,11.124464955677889,1960-79,0.19899999999999998,0,0,Queens,100,10.912844713169148
24302,4.3489867805956814,10.25600888214987,pre-1930,0.166,0,0,Queens,100,14.761185112290443
24303,4.29592393562047,11.564606684105243,1930-59,0.147,0,0,Queens,100,10.256020663982374
24304,4.300002799195291,11.513725145140793,1930-59,0.136,0,0,Queens,100,10.091926458832933
24305,4.197201947661808,11.05089000537367,1930-59,0.156,0,0,Queens,100,9.523809523809524
24306,3.8155121050473024,11.272673902618335,1930-59,0.21899999999999997,0,0,Queens,100,8.646669125033378
24307,5.031091302663638,10.345766633767008,pre-1930,0.24,0,0,Manhattan,90,17.349397590361445
24308,3.5553480614894135,12.150200462963541,pre-1930,0.326,0,0,Queens,100,12.05507264767464
24310,3.9415818076696905,11.738809258389312,pre-1930,0.33299999999999996,0,0,Queens,100,11.488475622890787
24313,4.294560608892605,11.02841714952161,1930-59,0.163,0,0,Queens,100,9.74025974025974
24314,4.11414718951828,12.129823151184574,1960-79,0.212,0,0,Manhattan,100,8.148200111160875
24315,4.191168746857641,12.072078288611362,pre-1930,0.18600000000000003,0,0,Manhattan,100,3.7160056940641093
24317,4.185098925490565,11.613277458896933,pre-1930,0.295,0,1,Manhattan,100,6.693440428380187
24323,4.416428061391214,11.445031988926578,1930-59,0.20199999999999999,0,1,Manhattan,100,9.846311914037415
24328,4.489759334476764,10.695574680950976,1930-59,0.226,0,0,Manhattan,95,9.96376811594203
24329,2.4849066497880004,10.276429468938732,1980-99,1.0,0,0,Manhattan,100,4.132231404958677
24330,3.8918202981106265,12.28332068251609,1960-79,0.598,0,0,Queens,100,9.858281419222259
24331,4.097672352314776,12.69541923761904,2010+,0.609,0,0,Brooklyn,90,12.689655172413792
24335,4.157319361383489,10.870642486751008,2010+,0.11800000000000001,0,0,Bronx,100,15.016442053641013
24344,3.6402142821326553,10.308952660644293,pre-1930,0.298,0,0,Bronx,90,11.666666666666668
24357,4.312140507209715,11.033243147972996,pre-1930,0.132,0,0,Manhattan,100,6.785356554331319
24358,4.144720769547168,10.778539536393685,pre-1930,0.174,0,0,Manhattan,100,7.294706127553146
24363,4.251348311031766,12.43955061234344,1930-59,0.155,0,0,Queens,100,7.60104039240371
24377,4.366912996863833,10.673480026792985,pre-1930,0.08199999999999999,0,1,Manhattan,100,9.491839333256165
24379,3.32862668882732,10.506518541152964,2000-09,0.632,0,0,Manhattan,100,6.292233195633737
24380,4.473921899378137,10.324826009800583,1930-59,0.272,0,1,Manhattan,100,11.811023622047244
24381,3.9318256327243257,11.885509190508381,2010+,0.259,0,0,Queens,10,11.22991705018326
24383,3.6913763343125234,13.892258613457608,pre-1930,0.534,1,0,Manhattan,100,3.5377904553747554
24385,5.869861725348733,10.942933530535022,1980-99,0.155,0,0,Manhattan,100,10.079040899687019
24389,4.197201947661808,11.294022907913273,pre-1930,0.45299999999999996,0,1,Manhattan,100,1.369180980831466
24390,4.069026754237811,11.80135475818303,pre-1930,0.608,0,0,Manhattan,100,5.02124661815293
24393,4.368181227851829,10.753638481905739,pre-1930,0.159,0,0,Manhattan,100,11.53846153846154
24396,3.6988297849671046,11.608144731551162,pre-1930,0.301,1,0,Manhattan,100,8.728066187835259
24397,4.174387269895637,11.949643731966923,1930-59,0.244,0,0,Manhattan,100,6.590765174913739
24398,4.29592393562047,11.71488623701653,1930-59,0.321,1,0,Manhattan,100,9.151822193168819
24401,4.359269647551265,11.153962190513484,pre-1930,0.107,0,1,Manhattan,100,8.877434135166094
24405,3.686376323895818,11.278632489177351,2010+,0.451,0,0,Brooklyn,100,3.918445767446564
24408,4.394449154672439,11.71792948527665,1930-59,0.16899999999999998,0,0,Brooklyn,100,10.427443728462848
24410,4.626931677769604,11.915192130175566,1960-79,0.13699999999999998,0,0,Brooklyn,100,10.433317059142194
24411,4.497584975308154,11.915185442129445,1960-79,0.147,0,1,Brooklyn,100,10.433386837881221
24412,4.4343818650078095,11.915185442129445,1960-79,0.156,0,0,Brooklyn,100,10.433386837881221
24413,4.583946549536464,11.915185442129445,1960-79,0.136,0,1,Brooklyn,100,10.433386837881221
24415,4.075841090657541,13.73376022646405,2010+,0.585,0,0,Queens,100,8.703182413060416
24420,4.146304301152812,12.515687427981504,1930-59,0.243,0,0,Manhattan,100,8.034338542813119
24421,4.531523645819793,10.626411958083574,pre-1930,0.191,0,0,Manhattan,100,7.279963114853552
24422,4.185098925490565,11.285434979412322,1930-59,0.17,0,1,Bronx,100,9.164752112287045
24423,4.478472532942134,11.044536531401494,1930-59,0.139,0,0,Brooklyn,100,9.584511429529881
24424,4.74493212836325,10.523580052190162,pre-1930,0.10400000000000001,0,0,Brooklyn,100,12.640524985207897
24425,4.679349584162343,10.4895505104864,1930-59,0.12300000000000001,0,0,Brooklyn,100,9.738994935722634
24426,4.252771798816619,11.20561195056922,1960-79,0.159,0,0,Brooklyn,100,9.790323896548912
24427,4.502029427068578,10.752483969558913,1930-59,0.163,0,0,Brooklyn,100,11.337868480725623
24428,4.3528552573736015,11.204605216248426,1960-79,0.184,0,0,Brooklyn,100,9.93629879675505
24429,4.670021158307708,10.784254728341237,pre-1930,0.11699999999999999,0,0,Brooklyn,100,7.667599212516838
24430,4.669083511731744,11.581704980365053,1930-59,0.134,0,0,Brooklyn,100,8.961911874533234
24433,4.383275854074314,10.645424897265505,1930-59,0.136,0,0,Brooklyn,100,8.333333333333334
24434,4.525044141508807,11.249740864118834,1930-59,0.14,0,0,Brooklyn,100,7.8064012490242
24435,4.716711560720999,10.314371286671152,1930-59,0.11800000000000001,0,0,Bronx,100,10.60902430129629
24437,4.409155302062135,10.973528884216202,pre-1930,0.217,0,0,Manhattan,100,10.118333047504716
24439,4.684905154006945,10.809727948556782,1930-59,0.158,0,0,Manhattan,100,10.505050505050503
24440,4.553876891600541,10.908429982004845,1930-59,0.15,0,1,Bronx,100,11.531069827033953
24442,4.446174454497633,10.814765742586738,pre-1930,0.278,0,0,Manhattan,100,9.849246231155778
24443,4.115779842942166,11.225243392518447,1960-79,0.225,0,0,Bronx,100,9.333333333333334
24444,3.4436180975461075,11.376372368737117,2000-09,0.768,0,0,Brooklyn,100,4.699894538951809
24445,4.604169685654508,11.056966742645077,pre-1930,0.132,0,1,Manhattan,100,7.572889057175312
24447,4.619073091157083,10.398183794372235,1930-59,0.156,0,0,Bronx,100,11.890243902439025
24448,4.825108606353353,10.439980923050696,1930-59,0.134,0,0,Bronx,100,11.988304093567251
24451,4.248495242049359,11.600991285838463,1930-59,0.145,0,0,Bronx,100,11.720967712396755
24452,4.86830338551846,10.207473491694438,1930-59,0.08900000000000001,0,0,Bronx,100,11.437004242759638
24460,4.3425058765115985,10.615505553846324,2000-09,0.087,0,0,Manhattan,100,10.058387714047397
24461,4.624972813284271,11.044536531401494,1930-59,0.135,0,0,Bronx,100,10.223478858165205
24468,4.508659285607248,11.333068867665899,1930-59,0.14,0,0,Queens,100,12.688684327080765
24469,3.9531649487593215,10.796796208018359,2000-09,0.43200000000000005,0,0,Brooklyn,100,6.139489194499017
24470,4.02535169073515,10.959540226785442,1930-59,0.168,0,0,Manhattan,100,6.434782608695652
24471,4.404277243608702,10.824865323458841,pre-1930,0.136,0,0,Manhattan,100,9.352303253407621
24476,4.6568134191399295,11.124538688396814,2000-09,0.37200000000000005,0,0,Manhattan,100,9.879820098798202
24477,3.55820113047182,11.885178438872279,2000-09,0.66,0,0,Queens,90,6.8228807718814615
24481,3.6888794541139363,11.512925464970229,2010+,0.42200000000000004,0,0,Manhattan,100,9.6
24495,4.151039905898646,11.761058170267917,1930-59,0.14800000000000002,0,0,Brooklyn,100,6.476128055679096
24496,3.349904087274605,10.219574849493076,pre-1930,0.525,0,0,Manhattan,100,7.654455986878076
24498,4.297285406218791,10.827964684213782,2000-09,0.258,0,0,Bronx,100,10.116839578663388
24502,4.35799005684564,11.725194098132135,2000-09,0.513,0,0,Manhattan,100,2.2644927536231885
24503,4.283586561860629,11.694521758824587,pre-1930,0.221,0,0,Manhattan,100,6.337928331373579
24507,3.4210000089583352,10.350830097988764,1930-59,1.0,0,0,Brooklyn,100,5.114598983473452
24511,4.461299815568389,11.380536276924483,pre-1930,0.217,0,0,Manhattan,100,10.844748858447488
24515,4.335982696172475,13.185713692905091,1960-79,0.628,0,0,Manhattan,100,16.744884550403604
24520,3.1822118404966093,11.450400914431714,1980-99,0.799,0,0,Manhattan,100,9.687137397672958
24522,4.186619838331271,11.901583454762012,1930-59,0.14400000000000002,0,0,Bronx,100,5.830508474576271
24525,4.576770711466393,10.905790829399939,pre-1930,0.094,0,0,Queens,100,9.909893376887926
24527,4.225372824628505,10.268130666124037,1980-99,0.138,0,1,Brooklyn,75,11.11111111111111
24529,3.92395157629342,11.883743916294625,2010+,0.8909999999999999,0,0,Manhattan,45,6.0734892195566355
24530,4.754451888703846,10.976782033219948,1930-59,0.113,0,1,Bronx,100,10.598290598290598
24531,4.390738575275903,11.004314054689937,pre-1930,0.166,0,0,Bronx,100,9.478988242728619
24533,4.557029810660157,10.404262840448617,pre-1930,0.145,0,0,Bronx,100,10.90909090909091
24537,4.3425058765115985,11.821813591219062,1960-79,0.24,1,0,Manhattan,100,13.950995293374746
24538,2.7013612129514133,11.137926514322622,pre-1930,0.914,0,0,Manhattan,100,5.237963596153007
24539,4.3694478524670215,11.290481668770292,1960-79,0.20800000000000002,0,0,Manhattan,100,11.74178075347257
24540,4.09933210373314,12.032980367614673,pre-1930,0.263,0,0,Manhattan,100,3.031888331391339
24547,4.387014176184921,10.926352063765963,pre-1930,0.171,0,0,Bronx,100,10.067777717850529
24548,4.356708826689592,10.338511462885837,1960-79,0.155,0,0,Queens,100,14.239482200647249
24549,4.22683374526818,11.470351937411166,pre-1930,0.16,0,1,Bronx,100,8.13924367643376
24550,3.481240089335692,10.383008250473704,2010+,0.353,0,0,Queens,100,8.66712065870117
24553,4.021773869387265,10.820877679853584,pre-1930,0.371,0,0,Brooklyn,100,4.994506043352313
24554,4.275276264727001,10.838698169262795,1930-59,0.11599999999999999,0,0,Brooklyn,100,8.831321754489254
24556,4.247065649239764,10.985292722887856,pre-1930,0.102,0,0,Brooklyn,100,8.983050847457626
24560,4.389498649512583,11.75422322686448,1960-79,0.145,0,0,Bronx,100,9.584413543876188
24562,4.592084946439436,11.37105079235144,1960-79,0.5820000000000001,0,0,Brooklyn,100,19.937077201433624
24564,4.075841090657541,11.886762297620216,1960-79,0.884,0,0,Bronx,80,10.45895548063029
24565,4.380775852772229,11.886762297620216,1960-79,0.648,0,0,Bronx,80,10.45895548063029
24573,3.5610460826040513,10.37274090039116,2010+,0.7190000000000001,0,0,Brooklyn,100,4.065549161871403
24574,3.502549875922443,10.801186523719151,2010+,0.971,0,0,Brooklyn,100,9.576397237107521
24575,3.3463891451671604,10.237743048287497,2010+,1.0,0,0,Brooklyn,100,13.959481709499608
24576,2.8213788864092133,11.845819880243557,pre-1930,0.5,0,0,Brooklyn,100,6.236559139784946
24582,4.33990170837321,10.935746340654216,1980-99,0.353,0,0,Bronx,100,10.507943292726365
24583,4.175924549214524,11.64455880743666,2000-09,0.33899999999999997,0,0,Manhattan,100,6.311969071351551
24587,3.6913763343125234,11.042921835724492,1960-79,0.9490000000000001,0,0,Queens,40,17.919999999999998
24589,4.842611042003125,10.575947214398955,2000-09,0.254,0,0,Bronx,100,18.631479543656365
24594,3.979681653901961,11.848111160065976,1980-99,0.149,0,0,Bronx,100,9.798312115577172
24595,4.237000862623624,10.590616660770511,2000-09,0.508,0,0,Manhattan,80,4.778672032193159
24596,3.92395157629342,10.155723778053611,pre-1930,0.555,0,0,Manhattan,100,4.273836350920818
24601,3.6938669956249757,10.87153547118312,2010+,0.706,0,0,Manhattan,95,4.747797022181707
24602,4.036008985209137,11.886762297620216,1960-79,0.92,0,0,Bronx,85,10.45895548063029
24607,4.3294166844015844,12.85175865342014,2010+,0.314,0,0,Queens,100,4.8235852345861545
24608,4.089332020398556,11.387430266892022,1980-99,0.545,0,0,Manhattan,90,5.101693762329093
24614,4.399375273008495,11.723793985408825,2000-09,0.243,0,0,Manhattan,100,13.282040898967402
24615,4.235554730773624,11.63138382809723,2000-09,0.295,0,0,Manhattan,100,8.705230244457079
24617,4.001863709427935,11.303018916688014,pre-1930,0.259,0,1,Manhattan,100,7.64808921125996
24619,4.4331949212482815,11.754356771250512,1960-79,0.24,0,0,Manhattan,100,9.426033132506461
24623,4.423648309364701,10.986563102055108,pre-1930,0.193,0,0,Bronx,100,9.818027930596699
24627,3.4965075614664802,10.456740281942015,2010+,1.0,0,0,Bronx,100,12.364138248317902
24628,4.3294166844015844,10.260462451483859,pre-1930,0.209,0,1,Bronx,100,10.496850944716584
24630,4.373238128640803,10.933106969717286,pre-1930,0.18,0,1,Bronx,100,9.821428571428573
24632,3.8308129500026027,10.294684688846587,pre-1930,0.294,0,1,Manhattan,100,6.762468300929839
24635,3.594568774642695,10.803648902480399,2000-09,0.49,0,0,Manhattan,100,7.317073170731708
24636,4.26689632742025,11.093584531326416,1930-59,0.133,0,0,Queens,100,10.798807568291052
24650,4.143134726391533,10.601074861122095,1930-59,0.528,0,0,Brooklyn,100,10.204589576385086
24651,4.007333185232471,11.88459246432817,2010+,0.5589999999999999,1,0,Manhattan,100,2.1377098920801294
24654,4.423648309364701,11.253636467019666,1980-99,0.226,0,0,Brooklyn,100,14.904095386210471
24659,4.364371699435161,10.672205919943147,1930-59,0.131,0,0,Queens,100,11.126564673157164
24662,3.914021008090819,10.52570248222807,1930-59,0.575,0,0,Manhattan,100,3.4889026059418695
24668,4.155753190350744,10.98403769838583,1930-59,0.187,0,0,Queens,95,10.182262498727217
24671,4.264087336809195,10.134202369346657,1930-59,0.17800000000000002,0,1,Manhattan,100,12.306470821754663
24673,4.92870191133357,10.90095265919928,pre-1930,0.134,0,0,Bronx,100,10.695581618352142
24674,5.078916801512661,10.323184242891017,pre-1930,0.12300000000000001,0,0,Bronx,100,11.501807426881367
24676,3.40452517175483,12.00998476623939,2010+,0.39299999999999996,0,0,Bronx,100,11.071367739737694
24679,4.475061500641071,11.685196685910682,1930-59,0.13,0,0,Queens,100,9.175084175084175
24681,4.650143551630823,10.717479742788276,1930-59,0.127,0,0,Queens,95,12.406398156763702
24682,4.302712827954156,11.485143083957777,1930-59,0.14400000000000002,0,1,Queens,100,8.533826855850299
24690,4.097672352314776,11.10790026009045,1980-99,0.33899999999999997,0,0,Unknown,95,12.594458438287154
24696,4.875197323201151,10.240316868254155,pre-1930,0.231,0,0,Manhattan,100,12.495537308104248
24707,3.2268439945173775,11.944019332712207,1980-99,0.9690000000000001,0,0,Manhattan,100,5.978140798211756
24708,3.7727609380946383,10.662422473634077,pre-1930,0.27399999999999997,0,1,Manhattan,100,4.681647940074907
24711,4.663439094112067,11.242821324792516,2000-09,0.312,0,0,Queens,100,1.8341412288746235
24723,3.7773481021015445,11.17594109723226,2000-09,0.555,0,0,Brooklyn,100,5.883012102196324
24724,4.207673247529104,10.776787272605189,2000-09,0.354,0,0,Brooklyn,90,14.40621346250209
24726,3.9871304779149512,12.089347799793298,2010+,0.609,0,0,Brooklyn,100,3.596192531157637
24733,4.549657476057832,10.386654168308144,1930-59,0.122,0,1,Bronx,100,11.719713792252653
24747,3.899950424193877,12.448720740502363,2010+,0.534,0,0,Queens,100,8.78693257598343
24749,4.174387269895637,11.82866278270362,1980-99,0.3,0,0,Manhattan,95,5.761082791864476
24750,3.254242968705492,10.676669748432332,1930-59,0.5760000000000001,0,1,Manhattan,95,14.307802367710522
24751,2.533696813957432,10.919243456629559,pre-1930,0.8190000000000001,0,0,Manhattan,90,8.510021908779807
24752,3.919991175077323,11.823779482187794,1930-59,0.344,0,0,Manhattan,90,7.914465150704607
24753,4.154184562578117,12.345717189710086,1960-79,0.307,0,1,Manhattan,90,11.957925495601659
24755,3.572345637857985,11.770887747222599,1960-79,0.708,0,0,Manhattan,95,10.662216350276987
24765,4.333361462692601,11.07117493153335,1930-59,0.133,0,1,Bronx,100,9.488108755502324
24766,4.417635062141249,10.373491181781864,pre-1930,0.166,0,1,Bronx,100,12.5
24767,4.395682961121367,10.721062311471126,pre-1930,0.27899999999999997,0,0,Manhattan,100,7.50551876379691
24769,4.751864565138895,10.326301298978905,pre-1930,0.172,0,0,Bronx,100,16.707616707616708
24771,2.975529566236472,10.491274217438248,pre-1930,0.782,0,0,Brooklyn,100,10.833333333333332
24774,4.379523504455763,11.585859891645889,2000-09,0.299,0,0,Bronx,100,9.76144878493204
24776,4.641502115235482,10.261161996807944,pre-1930,0.166,0,0,Bronx,100,9.44055944055944
24811,4.847331743138063,10.241030644158833,pre-1930,0.14800000000000002,0,1,Bronx,100,11.773100249732428
24812,4.1728476237100445,11.275606921474713,1930-59,0.193,0,1,Bronx,100,9.255267895631006
24816,4.366912996863833,10.968094835901553,1930-59,0.135,0,0,Bronx,100,12.242645790943891
24818,4.097672352314776,11.431357427906406,2000-09,0.299,0,0,Brooklyn,100,6.726919613310621
24821,3.9357395320454622,11.16843315335278,pre-1930,0.316,0,0,Manhattan,100,3.6693104518896953
24824,4.165113633110308,11.56622923699254,2010+,0.35700000000000004,0,0,Brooklyn,95,9.765347238682152
24830,4.455509411433685,12.328997992367471,1930-59,0.133,0,0,Queens,100,8.577997877608773
24832,4.22829253473184,12.043553716032399,pre-1930,0.159,0,0,Queens,100,6.0588235294117645
24840,4.887337077751762,10.767684669851963,2010+,0.831,0,0,Manhattan,95,3.3711179469891706
24841,4.520701029361642,10.594056412081272,2000-09,0.48200000000000004,0,0,Manhattan,100,4.0103265909717525
24842,4.3254562831854875,11.132089552807496,pre-1930,0.243,0,0,Manhattan,100,4.097820837418959
24846,4.000033882750859,12.33550314095839,1960-79,0.095,0,0,Unknown,95,6.76518652585707
24847,4.450852825603734,12.175768065265318,1980-99,0.29100000000000004,0,0,Manhattan,100,7.988455393495851
24851,4.0943445622221,11.192182866391956,pre-1930,0.172,0,0,Manhattan,95,3.8588222323286616
24852,3.8649313978942956,10.817676076318413,pre-1930,0.29,0,1,Manhattan,95,3.2067341416975648
24853,4.589040804058207,10.416311178964792,pre-1930,0.127,0,1,Bronx,80,10.778443113772456
24867,4.356708826689592,10.818317217571767,pre-1930,0.179,0,1,Manhattan,100,7.410819796903479
24879,4.748404354073999,10.4341158035983,pre-1930,0.091,0,0,Brooklyn,95,10.882352941176471
24893,2.9856819377004897,10.24003121517787,1980-99,0.742,0,0,Manhattan,100,10.35640311406328
24897,5.432848259505643,10.333320017092587,pre-1930,0.09699999999999999,0,0,Bronx,100,11.060507482108003
24898,4.139955073474153,11.182808987651912,1930-59,0.135,0,0,Brooklyn,100,8.346780924823326
24903,4.45898767581001,10.344770153509685,pre-1930,0.7020000000000001,0,0,Manhattan,100,4.1808709075705925
24909,4.394449154672439,11.71792948527665,1930-59,0.16899999999999998,0,0,Brooklyn,100,11.567945386263471
24910,3.5890591188317256,11.481310951200886,2010+,1.0,0,0,Brooklyn,100,9.908347783007182
24916,4.251348311031766,11.436044420634271,pre-1930,0.184,0,0,Bronx,90,8.531317494600431
24917,2.8449093838194073,10.647993025371216,pre-1930,0.828,0,0,Bronx,90,8.311959722618031
24918,3.1654750481410856,12.387193481747609,1980-99,0.73,0,0,Bronx,90,8.510212254705648
24926,4.290459441148391,10.993126366405129,pre-1930,0.308,0,0,Manhattan,100,7.903941880801829
24927,4.715816706075155,12.232977443579317,1960-79,0.149,0,0,Brooklyn,100,12.168173897806808
24931,5.053694783556702,10.330224795919833,1930-59,0.085,0,1,Bronx,100,8.81057268722467
24939,3.1484533605716547,10.21008950984042,pre-1930,0.8029999999999999,0,0,Manhattan,90,14.35089785104504
24940,4.683056724645162,10.709963418403076,1930-59,0.174,0,0,Brooklyn,100,12.053571428571427
24941,4.33204826486764,10.489105200153407,1930-59,0.184,0,0,Brooklyn,100,11.970380268359223
24953,3.713572066704308,10.992066340225865,2010+,1.0,0,0,Brooklyn,100,8.080672042558206
24956,4.508659285607248,10.770588040219511,1930-59,0.223,0,0,Queens,95,12.394957983193278
24957,3.349904087274605,10.978302244634175,2010+,0.985,0,0,Brooklyn,30,7.68062264247555
24960,4.2626798770413155,11.278746244035753,pre-1930,0.16899999999999998,0,0,Brooklyn,85,13.397032430929452
24961,4.4796069630127455,10.808575769902289,pre-1930,0.27699999999999997,0,0,Brooklyn,90,16.584754161357523
24962,4.269697449699962,11.660655576994564,pre-1930,0.126,0,0,Brooklyn,90,9.834368530020702
24963,3.9852734671677386,11.26446410567173,pre-1930,0.156,0,0,Brooklyn,90,7.564102564102564
24972,4.738826570800765,10.266427828229292,pre-1930,0.151,0,0,Bronx,95,9.738791694201941
24973,3.758871825933971,10.510532034042662,1930-59,1.0,0,0,Bronx,95,12.26158038147139
24975,3.0301337002713233,11.120134697003119,1930-59,1.0,0,0,Brooklyn,100,10.219648384851222
24980,3.380994674344636,10.808515092131572,2010+,1.0,0,0,Brooklyn,100,11.326860841423947
24984,3.131136910560194,10.596634733096073,1930-59,0.598,0,0,Brooklyn,100,5.5
24988,4.8283137373023015,10.680516217076775,1930-59,0.165,0,0,Queens,95,9.195402298850574
25004,4.6709579265260945,10.375832189483837,pre-1930,0.114,0,0,Bronx,100,11.847233047544817
25007,4.9473404437239425,10.423768335072873,pre-1930,0.09699999999999999,0,0,Bronx,100,12.184249628528976
25008,4.576770711466393,10.491274217438248,pre-1930,0.145,0,0,Bronx,100,10.277777777777779
25009,4.32280727501391,10.259587331098963,1930-59,0.163,0,1,Bronx,90,11.20644370513045
25012,4.44500143383527,10.739110381342828,pre-1930,0.172,0,0,Unknown,100,6.504065040650406
25015,3.751854253275325,10.503175339529793,pre-1930,0.623,0,0,Manhattan,100,2.744915044879361
25028,3.535145354171894,10.716016490116154,2010+,1.0,0,0,Manhattan,100,13.090166844160454
25038,3.5667118201397288,10.983256753402758,2010+,0.9940000000000001,0,0,Manhattan,100,10.02038043478261
25039,4.28771595520264,10.923417319169769,pre-1930,0.732,0,0,Manhattan,100,1.6227912008654888
25047,4.180522258463153,11.03513157024943,1930-59,0.139,0,0,Bronx,90,8.54631943884544
25061,5.651084685655752,10.8509668258663,2010+,0.872,0,0,Manhattan,100,9.499069478908188
25065,4.455509411433685,11.349523793028785,1960-79,0.16399999999999998,0,0,Bronx,100,8.478068884309685
25075,4.694096395182493,10.171298495345496,pre-1930,0.146,0,1,Bronx,100,15.683574324841251
25076,4.018183201256536,10.48993999442511,pre-1930,0.485,0,0,Manhattan,100,9.17890520694259
25083,4.715816706075155,10.595383951194421,pre-1930,0.16699999999999998,0,1,Manhattan,100,11.013767209011263
25095,3.0301337002713233,10.142898076314209,pre-1930,0.8190000000000001,0,0,Manhattan,100,9.445100354191263
25110,3.3638415951183864,12.126423193854693,2010+,0.73,0,0,Brooklyn,100,8.663259118080221
25112,4.437934266612178,10.562638349337766,1980-99,0.301,0,0,Bronx,100,8.276646923415152
25120,4.404277243608702,10.934409692234288,1960-79,0.40700000000000003,0,1,Manhattan,90,11.41369286465857
25125,2.468099531471619,12.750365926853405,2010+,0.235,0,0,Brooklyn,100,10.850707036712526
25126,4.036008985209137,10.8714784959958,1980-99,0.243,0,0,Staten Is,95,14.244202609537918
25129,4.421247347827163,11.131298946341905,pre-1930,0.155,0,0,Manhattan,95,7.030391797876236
25137,3.708682081410116,12.00612668738248,2010+,0.41,0,0,Bronx,100,10.44242923880187
25139,4.238444906195857,10.308952660644293,1930-59,0.147,0,1,Brooklyn,100,10.666666666666668
25140,4.636668853047462,10.630311259455457,1930-59,0.107,0,0,Brooklyn,100,10.152284263959391
25141,4.528289141652134,10.750513947508502,1960-79,0.092,0,0,Brooklyn,100,7.716380160329232
25146,4.324132656254979,10.300920488947028,pre-1930,0.158,0,1,Bronx,100,9.744623655913978
25159,4.178992036282385,11.372754939136215,1980-99,0.203,0,0,Brooklyn,100,11.61974666651327
25164,4.500920164614292,10.261161996807944,pre-1930,0.131,0,1,Queens,85,14.685314685314685
25165,3.879499813722586,11.345689545594315,pre-1930,0.223,0,0,Brooklyn,85,5.555555555555555
25170,3.7932394694381792,10.274878680310541,2000-09,0.376,0,0,Brooklyn,100,10.001724435247457
25173,3.4242626545931514,10.496814397813862,pre-1930,0.439,0,1,Bronx,90,12.430939226519335
25179,3.9871304779149512,13.197470849891134,1960-79,0.293,0,0,Bronx,95,7.6437847866419295
25180,4.128745988939433,12.807718383827625,1930-59,0.24100000000000002,0,0,Manhattan,95,9.150083282195142
25183,4.235554730773624,10.680493228306789,2010+,0.508,0,0,Manhattan,95,2.988574449987356
25186,3.8732821771117156,11.081650119962246,pre-1930,0.243,0,1,Manhattan,95,7.5421746090382955
25188,4.302712827954156,10.45757379496002,1930-59,0.156,0,0,Queens,95,10.05544861665757
25193,4.198704577546343,11.677838027441517,pre-1930,0.209,0,0,Bronx,95,5.935774915415208
25207,4.455509411433685,11.314474526246391,pre-1930,0.17300000000000001,0,0,Brooklyn,100,10.487804878048781
25208,4.3694478524670215,12.219975550699164,1960-79,0.18600000000000003,0,0,Queens,100,11.883629191321498
25209,4.51852237926242,11.278784159446477,1980-99,0.171,0,0,Brooklyn,100,12.63823064770932
25210,4.423648309364701,10.624517374082325,1980-99,0.23800000000000002,0,0,Brooklyn,100,12.399406773479857
25215,4.5612182984589085,10.99986401026266,2000-09,0.18600000000000003,0,0,Brooklyn,100,11.35870109912137
25216,4.2612704335380815,10.624517374082325,1980-99,0.22899999999999998,0,0,Brooklyn,100,12.399406773479857
25217,4.385769620952716,11.259992584845266,1980-99,0.233,0,0,Brooklyn,100,14.552104260031939
25218,4.318820558770089,11.184421397998193,1980-99,0.201,0,0,Queens,100,10.138888888888888
25219,4.175924549214524,11.124877788899132,1980-99,0.23,0,0,Queens,100,13.709130575783485
25221,4.44500143383527,10.795034670519367,1980-99,0.22699999999999998,0,0,Brooklyn,100,12.505637787527164
25222,4.155753190350744,11.519901078706654,1980-99,0.217,0,0,Brooklyn,100,14.895729890764649
25223,4.436751534363128,11.437857031721382,1980-99,0.191,0,0,Brooklyn,100,13.04329078992756
25225,4.579852378003801,11.48558510017566,2000-09,0.21600000000000003,0,0,Brooklyn,100,8.735599107941173
25226,4.481871969643598,11.054059580134949,pre-1930,0.198,0,0,Brooklyn,100,7.436708860759493
25228,3.32862668882732,10.99958000240877,1980-99,0.745,0,0,Brooklyn,100,14.703670905111196
25230,3.906004933102583,11.068480414721115,1930-59,0.456,0,0,Brooklyn,100,15.440281980099192
25242,3.696351468952637,11.663833751058439,2010+,0.424,0,0,Brooklyn,95,13.500847027663838
25245,4.426043520090656,10.545341438708522,1930-59,0.11699999999999999,0,0,Brooklyn,80,10.789473684210526
25248,5.103518288242969,10.148079435056207,1980-99,0.266,0,0,Manhattan,80,4.698144233027954
25249,5.088830141681313,10.388995368317829,1980-99,0.34700000000000003,0,0,Manhattan,80,8.923076923076923
25251,4.269697449699962,10.181611592175802,2010+,0.39299999999999996,0,0,Manhattan,80,2.6502101238026725
25252,4.115779842942166,10.628666203926738,pre-1930,0.982,0,0,Manhattan,100,5.0844995399738515
25278,4.3134800921387715,11.446785662465684,1930-59,0.17800000000000002,0,1,Bronx,100,7.799145299145299
25280,4.880526608749236,12.426408258272156,pre-1930,0.16899999999999998,0,1,Manhattan,100,17.76982659376893
25281,4.6443908991413725,11.311054048931558,1960-79,0.14,0,0,Brooklyn,100,10.646108663729809
25292,3.8607297110405954,10.967180530408093,pre-1930,0.6609999999999999,0,0,Manhattan,80,10.355361488410624
25293,4.254193263163997,11.523370722831768,2000-09,0.451,0,0,Manhattan,80,10.094012864918357
25294,4.062165663857866,11.394952411261558,pre-1930,0.605,0,0,Manhattan,80,11.702223422450267
25306,4.354141431184346,11.097561524682817,1930-59,0.126,0,0,Bronx,100,9.089531889107711
25307,4.8621352857778115,10.604454082148205,1960-79,0.127,0,0,Manhattan,100,10.914322567842436
25309,3.3843902633457743,10.541518350537407,2010+,0.8809999999999999,0,0,Bronx,90,10.566635847312112
25311,4.4953553199808844,10.186785026670085,pre-1930,0.145,0,1,Queens,85,15.065913370998116
25330,4.343805421853684,10.790225882148258,pre-1930,0.32799999999999996,0,1,Manhattan,100,12.153922214897825
25331,4.893352133481524,11.272712048960424,pre-1930,0.297,0,1,Manhattan,100,10.935076164077003
25332,4.48863636973214,11.027670117315768,1980-99,0.599,0,1,Manhattan,100,11.859505474867596
25333,3.9357395320454622,11.881505264078,1980-99,0.33799999999999997,0,1,Manhattan,100,8.3697637098113
25334,4.437934266612178,10.557504015893034,1980-99,0.33,0,1,Manhattan,100,19.498245157935784
25337,4.660604892876192,10.90744111582406,pre-1930,0.28800000000000003,0,1,Manhattan,100,8.061413312324802
25338,4.562262684976814,10.420702719623787,1980-99,0.226,0,1,Manhattan,100,10.73121292514979
25339,4.366912996863833,10.166197910952352,pre-1930,0.28300000000000003,0,0,Manhattan,100,13.072398016071359
25342,4.053522567701846,10.662001036527325,1930-59,0.23199999999999998,0,1,Manhattan,100,10.069785958503115
25343,4.269697449699962,11.032143962552615,pre-1930,0.151,0,0,Queens,100,9.70402717127608
25344,4.4355674016019115,10.966818027059597,pre-1930,0.133,0,0,Queens,100,10.186464088397791
25345,4.130354999745133,10.973048576810234,1930-59,0.239,0,1,Queens,100,14.2411035997392
25347,4.096009841541162,10.841696319711215,1930-59,0.196,0,1,Queens,100,13.696485873053142
25348,4.447346100794524,10.778956289890028,1930-59,0.021,0,0,Queens,100,11.25
25349,3.893859034800475,10.778956289890028,1930-59,0.22699999999999998,0,0,Queens,100,11.25
25351,4.572646994282532,10.819778284410283,pre-1930,0.15,0,0,Bronx,100,10.6
25353,4.380775852772229,11.466881526468821,pre-1930,0.151,0,0,Bronx,100,8.167539267015707
25354,3.6189933266497696,10.858998997563564,pre-1930,0.262,0,1,Bronx,100,9.23076923076923
25356,3.6000482404073204,10.366718297494435,1960-79,0.353,0,0,Manhattan,100,1.887742260256733
25358,4.455509411433685,10.902279505922026,1930-59,0.10800000000000001,0,0,Brooklyn,100,10.128913443830571
25359,4.584967478670572,10.865898220023837,pre-1930,0.091,0,0,Brooklyn,100,10.886172650878533
25364,4.396915247167632,10.525434069084952,1930-59,0.17,0,1,Manhattan,100,9.932619258543394
25365,4.3134800921387715,10.772120478880746,pre-1930,0.153,0,0,Manhattan,100,7.761206552975479
25366,4.410371107683024,11.425350292714276,pre-1930,0.135,0,0,Manhattan,100,8.732194509632702
25368,4.468204330914934,10.485926611111651,pre-1930,0.149,0,1,Manhattan,100,11.449955317247543
25369,4.581901559048737,10.30695065797362,pre-1930,0.152,0,1,Manhattan,100,15.030060120240481
25370,2.72785282839839,12.530146915422824,pre-1930,1.0,0,0,Bronx,100,10.77562827698427
25374,4.168214410788556,11.139627405156087,2010+,0.33399999999999996,0,0,Brooklyn,100,13.508410074659384
25376,3.7932394694381792,10.534546540782651,2010+,1.0,0,0,Brooklyn,100,11.704618003830602
25377,4.213607983048918,11.001449629862652,2000-09,0.316,0,0,Brooklyn,100,9.005853804973233
25378,3.3638415951183864,11.088155205804059,2010+,0.941,0,0,Brooklyn,100,6.422804012723269
25379,3.288401887516811,11.039829058014245,pre-1930,0.88,0,0,Manhattan,100,12.037170783379075
25384,4.26689632742025,11.844629207516332,1980-99,0.344,0,1,Manhattan,100,11.770278611107125
25388,4.535820107853298,11.600496685218372,1960-79,0.157,0,0,Bronx,100,9.711228378774553
25392,4.289088639014612,11.388755828325348,1980-99,0.5589999999999999,0,0,Bronx,85,10.86919601915696
25393,3.937690752176724,11.500407440411255,1980-99,0.23800000000000002,0,0,Bronx,85,9.720928348657296
25394,4.238444906195857,11.195484970354173,2000-09,0.258,0,0,Manhattan,85,7.554841279652751
25395,2.8273136219290276,11.016988453697989,1930-59,1.0,0,0,Bronx,80,11.822660098522167
25397,2.8791984572980396,10.261161996807944,2010+,0.401,0,0,Unknown,100,14.335664335664337
25404,4.278054044290903,11.09949874719137,1930-59,0.155,0,0,Queens,100,9.82793552874293
25406,4.932313327320786,12.102272023716203,2000-09,0.5670000000000001,0,0,Manhattan,95,11.814888978871872
25409,3.493472657771326,10.810131907358478,1980-99,0.5870000000000001,0,0,Brooklyn,100,9.693053311793214
25422,4.182050142641207,10.715261856854285,1930-59,0.135,0,0,Brooklyn,100,7.993250144322571
25427,3.4111477125153233,10.199212196631093,2010+,1.0,0,0,Bronx,100,16.367829774570342
25436,3.1354942159291497,10.5287840661879,2010+,1.0,0,0,Brooklyn,85,11.50470890410959
25451,4.206184043977636,10.822973175306803,1930-59,0.32899999999999996,0,0,Bronx,95,7.974481658692185
25463,4.248495242049359,11.63508999893963,pre-1930,0.49700000000000005,0,1,Manhattan,100,2.6550082305255147
25464,4.746669748261791,10.280141578790174,pre-1930,0.196,0,1,Manhattan,100,13.036915054206121
25465,4.242764567340374,10.850229891866112,1930-59,0.318,0,0,Manhattan,100,6.790051604392193
25466,2.9856819377004897,10.248848736574587,1930-59,0.802,0,1,Manhattan,100,16.991150442477878
25467,3.8308129500026027,10.793598566626898,pre-1930,0.6729999999999999,0,0,Manhattan,100,7.390983000739098
25469,4.182050142641207,10.837107266532058,1980-99,0.308,0,0,Manhattan,100,7.665998348861894
25471,4.249922794040544,11.10483691865535,pre-1930,0.157,0,0,Manhattan,100,7.519701618239789
25472,4.31748811353631,10.934427525970367,pre-1930,0.209,0,0,Manhattan,100,9.273460070620965
25473,3.9219733362813143,11.152744381702208,1930-59,0.38,0,0,Manhattan,100,5.447638162138915
25474,3.449987545831587,11.970862838872618,pre-1930,0.257,0,1,Manhattan,100,7.844079933704873
25476,4.222444564849416,10.708399696426893,2010+,0.677,0,0,Manhattan,100,19.67359713838587
25477,4.3476939555933765,11.11095424611632,1980-99,0.452,0,0,Manhattan,100,13.60239162929746
25478,4.009149716158869,10.146904208689893,pre-1930,0.993,0,0,Manhattan,100,40.0
25479,4.740574822994295,10.564627936960987,2000-09,0.41100000000000003,0,0,Brooklyn,100,18.58544140423335
25480,4.269697449699962,10.540223099170111,2010+,0.379,0,0,Brooklyn,100,16.664021583875577
25481,4.727387818712341,10.568492427149794,2000-09,0.34299999999999997,0,0,Manhattan,100,17.999485728979174
25482,4.212127597878484,10.611769620680343,2010+,0.479,0,0,Manhattan,100,17.975868012804728
25483,4.387014176184921,11.717090049686636,2000-09,0.273,0,0,Bronx,100,9.62087240114146
25487,4.219507705176107,11.405896892211706,2000-09,0.588,0,0,Bronx,100,10.5731775180857
25488,4.22683374526818,10.915797303837524,2000-09,0.41700000000000004,0,0,Bronx,100,9.81122476789186
25489,4.480740107609915,10.890497664622936,1980-99,0.312,0,0,Bronx,100,15.839296362552176
25490,4.4942386252808095,10.429841977919745,pre-1930,0.413,0,0,Manhattan,100,40.0
25493,4.611152257665639,10.682009354665388,pre-1930,0.161,0,0,Bronx,100,13.542981751405947
25494,2.9231615807191558,10.682238870388222,pre-1930,0.777,0,0,Manhattan,95,11.244979919678714
25495,4.22683374526818,10.494740425414733,pre-1930,0.174,0,0,Manhattan,90,8.858131487889272
25496,4.110873864173311,11.830433294319251,2010+,0.25,0,0,Brooklyn,95,7.7891824998180095
25499,4.536891345234797,11.195471234184778,1930-59,0.13,0,0,Bronx,90,8.37912087912088
25503,3.770459441106359,10.804522504518832,pre-1930,0.618,0,0,Manhattan,100,1.6245963893345248
25507,4.0163830207523885,11.112791123046865,2010+,0.36200000000000004,0,0,Bronx,100,9.250555779359324
25509,4.592084946439436,10.177704374034338,pre-1930,0.13,0,0,Manhattan,95,13.683010262257698
25510,4.436751534363128,10.592752205831848,pre-1930,0.158,0,1,Manhattan,100,9.035010666332036
25511,4.461299815568389,10.206292200258018,pre-1930,0.113,0,1,Manhattan,100,8.86492076977062
25512,3.949318790171843,10.779372869775244,2000-09,0.502,0,0,Manhattan,100,11.245314452311536
25513,4.009149716158869,12.19791445782871,pre-1930,0.21899999999999997,0,0,Manhattan,100,6.704473850031506
25519,4.355425952876702,10.778956289890028,1930-59,0.141,0,0,Queens,100,11.25
25520,4.382026634673881,10.555812738575819,pre-1930,0.16399999999999998,0,0,Queens,100,12.5
25522,4.310799125385514,11.294769455167058,1930-59,0.149,0,0,Queens,100,11.194029850746269
25523,4.9788005705762375,10.832793221487778,1930-59,0.149,0,1,Manhattan,100,12.042246569933866
25524,4.871373226762748,10.550328980219563,1930-59,0.028999999999999998,0,1,Manhattan,100,12.830583922492798
25525,4.821087692210561,10.927196681177554,pre-1930,0.14800000000000002,0,1,Manhattan,100,8.801868151607687
25526,4.711330381816482,10.651832893560835,pre-1930,0.111,0,1,Manhattan,100,10.409273716583867
25527,5.017941869278694,10.268130666124037,pre-1930,0.11,0,1,Bronx,100,14.930555555555557
25528,4.514150787600923,10.351692814320451,pre-1930,0.147,0,1,Bronx,100,12.136697540721814
25532,4.460144413937834,10.621107809394994,1960-79,0.145,0,1,Queens,90,12.19779951696714
25533,4.45318382899021,10.627406391762827,pre-1930,0.168,0,1,Bronx,100,11.393939393939394
25534,4.335982696172475,11.810827633865367,pre-1930,0.133,0,0,Bronx,95,9.42814933594649
25542,4.609162207257629,10.645424897265505,pre-1930,0.14,0,1,Bronx,100,9.761904761904763
25554,4.269697449699962,10.459525519123666,pre-1930,0.19,0,0,Bronx,100,8.88888888888889
25559,4.763881877142913,10.418942444685781,1930-59,0.124,0,0,Unknown,80,11.645962732919255
25564,4.91705694713669,10.47522952026939,pre-1930,0.40700000000000003,0,0,Manhattan,100,35.001552488215204
25575,4.044804116661965,10.3974213086319,2000-09,0.42700000000000005,0,0,Brooklyn,100,9.153318077803204
25576,4.204692619390966,11.170435156023453,1930-59,0.122,0,1,Queens,95,9.577464788732394
25579,4.242764567340374,11.145305123835413,1980-99,0.239,0,0,Bronx,95,13.287501083220196
25584,4.360547602996758,10.768905954036526,pre-1930,0.2,0,0,Brooklyn,80,6.944444444444445
25587,4.481871969643598,10.260042489274284,1930-59,0.16399999999999998,0,1,Brooklyn,100,12.251470176421172
25588,3.768152635008444,10.661579421736455,1930-59,0.158,0,1,Brooklyn,100,11.479711367257051
25601,2.6390573296152584,10.862876087313007,2010+,0.746,0,0,Brooklyn,10,6.513160415309758
25604,4.540098189244376,10.326596095816887,pre-1930,0.11900000000000001,0,0,Brooklyn,100,12.772646885439183
25611,4.827513417131532,10.168041725095886,pre-1930,0.24100000000000002,0,0,Manhattan,100,33.38834094485167
25613,4.312140507209715,11.170435156023453,1930-59,0.102,0,0,Queens,90,11.830985915492956
25624,4.294560608892605,10.850501457053124,2010+,0.391,0,0,Bronx,100,16.679596586501162
25625,4.560172820057356,10.337216125917152,1980-99,0.368,0,0,Manhattan,100,17.822423849643553
25626,3.353406717825807,10.756241927604911,2010+,0.564,0,0,Bronx,100,9.164144750863134
25631,4.49647076906475,10.858998997563564,pre-1930,0.146,0,1,Manhattan,90,19.230769230769234
25632,2.388762789235098,11.255268105624143,2010+,0.6629999999999999,0,0,Brooklyn,20,9.704215511218074
25633,3.879499813722586,11.33477917958675,2010+,0.387,0,0,Brooklyn,100,16.252001625200162
25635,4.416428061391214,10.777204756851221,2010+,0.42700000000000005,0,0,Bronx,100,16.695884464479505
25637,4.666265285347902,10.258010181906718,2010+,0.38799999999999996,0,0,Bronx,100,19.29147667485093
25638,4.718498871295094,10.627406391762827,pre-1930,0.212,0,0,Bronx,100,10.666666666666668
25643,3.9740583963475986,10.257238224957614,2000-09,0.40700000000000003,0,0,Brooklyn,100,4.212299915754001
25644,4.023564380161053,10.227525661948563,2010+,0.41600000000000004,0,0,Brooklyn,100,3.6161134013162655
25647,4.415219602029645,10.354563171896345,pre-1930,0.23199999999999998,0,0,Brooklyn,100,8.598726114649683
25648,4.0809215418899605,10.290109572842812,pre-1930,0.413,0,0,Brooklyn,100,6.453804347826087
25649,4.180522258463153,10.206772268215317,pre-1930,0.316,0,0,Brooklyn,100,4.430333013364837
25656,4.050044303325521,10.875137302530561,2010+,0.5479999999999999,0,0,Brooklyn,100,6.244559663929152
25659,4.278054044290903,10.799881652695827,2010+,0.594,0,0,Brooklyn,100,6.528613689686831
25673,4.500920164614292,10.22186855373718,pre-1930,0.193,0,0,Brooklyn,100,10.909884355225834
25674,4.728272383122075,10.126631103850338,pre-1930,0.17300000000000001,0,0,Brooklyn,100,11.999999999999998
25684,4.07753744390572,10.177324218165856,2000-09,0.304,0,0,Queens,90,8.745247148288973
25685,3.417726683613366,10.359899228262396,2010+,0.5,0,0,Queens,80,6.96908261530664
25688,4.023564380161053,10.362556616729083,2010+,0.26,0,0,Queens,85,10.109945659042083
25690,3.40452517175483,11.407942655750121,2010+,0.244,0,0,Queens,50,6.1088033409600815
25697,3.7471483622379123,10.490190296875209,2010+,1.0,0,0,Bronx,100,8.89852896193098
25699,4.785823685681349,10.179223553969509,2000-09,0.264,0,0,Bronx,100,7.969639468690701
25701,4.461299815568389,11.762126550603728,2000-09,0.527,0,0,Manhattan,100,11.067809820732657
25702,2.8094026953624978,10.65845863548799,2010+,0.6779999999999999,0,0,Queens,50,3.760193649972974
25703,4.22683374526818,10.323512811975622,2010+,0.597,0,0,Queens,90,10.183968462549277
25704,2.884800712846709,11.295776410703686,2010+,0.662,0,0,Queens,50,7.455175755768442
25706,4.0163830207523885,11.48246625748552,1980-99,0.192,0,0,Manhattan,100,8.247422680412372
25709,4.300002799195291,11.586008626470564,pre-1930,0.168,0,0,Manhattan,100,5.763045862690785
25712,4.6434288981051814,10.187801459080141,pre-1930,0.154,0,0,Bronx,100,13.545546901456147
25714,4.423648309364701,10.591119552407964,1930-59,0.151,0,0,Queens,100,10.809451985922575
25718,4.2710950739666,10.566020874478237,pre-1930,0.12,0,0,Queens,100,11.08418827653761
25722,3.7954891891721947,11.388189564068671,2010+,0.9790000000000001,0,0,Brooklyn,100,5.097821530932449
25727,4.027135812528651,10.194738249864933,2000-09,0.35,0,0,Brooklyn,100,4.483969807936626
25729,4.074141854904581,10.665717600533268,2000-09,0.409,0,0,Brooklyn,100,4.432934369240102
25731,3.8607297110405954,10.698536775122504,2010+,0.46299999999999997,0,0,Brooklyn,100,4.741369578469667
25736,3.5085558999826545,12.821579854532882,2010+,0.584,0,0,Bronx,100,9.105179685452518
25741,3.770459441106359,10.219866405309856,2010+,0.36700000000000005,0,0,Brooklyn,100,5.101483074007944
25742,3.3638415951183864,11.806527479933,2010+,0.5660000000000001,0,0,Brooklyn,100,4.622553588070829
25747,4.072439726834051,10.281923988256374,2010+,0.359,0,0,Brooklyn,100,4.794520547945205
25751,4.604169685654508,10.211854216180742,2000-09,0.349,0,0,Brooklyn,100,5.8771672054069946
25752,4.186619838331271,10.265592726054727,2000-09,0.37,0,0,Brooklyn,100,4.177254847356146
25755,4.000033882750859,11.050763013183518,pre-1930,0.187,0,1,Manhattan,100,8.731267462534925
25760,4.1666652238017265,12.211219378349703,2010+,0.758,0,0,Brooklyn,95,18.10657009829281
25762,4.191168746857641,10.38591370178042,pre-1930,0.228,0,0,Brooklyn,90,7.098765432098765
25764,5.249652194566756,10.453774245183032,pre-1930,0.129,0,1,Bronx,100,12.400865176640231
25771,4.338597076746545,10.51474657362339,pre-1930,0.161,0,0,Bronx,100,11.396011396011396
25773,4.667205576907544,10.616461869895815,pre-1930,0.201,0,1,Bronx,100,9.558589250263474
25774,4.440295542797857,10.359423950612095,pre-1930,0.16899999999999998,0,0,Bronx,100,11.092447627800842
25776,4.198704577546343,11.5437650001212,pre-1930,0.39899999999999997,0,0,Brooklyn,100,6.78741806616763
25781,4.436751534363128,10.881964039964258,pre-1930,0.153,0,1,Bronx,100,10.148849797023004
25784,3.912023005428146,11.343512236076986,2000-09,0.317,0,0,Brooklyn,85,11.13532979529947
25802,3.8110970868381857,10.197462284610928,2000-09,0.402,0,0,Queens,100,10.806782187441774
25803,4.3476939555933765,11.440999725398639,1960-79,0.159,0,0,Bronx,100,8.059316569954868
25813,3.126760535960395,10.929529148369403,2010+,0.787,0,0,Bronx,90,5.555555555555555
25829,4.467056883858457,11.865017925350871,1930-59,0.315,0,0,Manhattan,100,8.721273663188096
25833,5.173887288169859,11.105949215663113,pre-1930,0.405,0,0,Manhattan,100,3.30499053570892
25838,4.553876891600541,10.627066940216276,pre-1930,0.268,0,0,Manhattan,100,3.395091667475022
25842,4.416428061391214,12.835281125024515,1960-79,0.29100000000000004,0,0,Bronx,90,9.407688720101273
25851,3.893859034800475,10.513198774854038,2010+,0.077,0,0,Bronx,85,12.228925485080712
25854,3.6609942506244004,11.621340311407229,2000-09,0.45799999999999996,0,0,Brooklyn,100,7.267767898000018
25856,5.428028973069694,10.536274138921273,pre-1930,0.18899999999999997,0,0,Unknown,100,8.232201184374752
25861,4.388257184424518,10.472544347865023,pre-1930,0.292,0,0,Manhattan,100,23.208422959356955
25864,3.5553480614894135,11.077330991880553,2000-09,0.742,0,0,Brooklyn,90,6.647291615137274
25873,4.464758032271346,10.38591370178042,pre-1930,0.153,0,0,Bronx,100,11.728395061728396
25875,5.184028220145909,10.682307714834224,pre-1930,0.17800000000000002,0,0,Manhattan,100,8.949469916012667
25876,4.087655574071304,11.002866214132139,1930-59,0.17600000000000002,0,0,Brooklyn,100,8.493488325617028
25877,4.185098925490565,11.265809354265109,pre-1930,0.166,0,0,Manhattan,100,4.225081620894949
25878,4.268297869345539,10.485256145112684,pre-1930,0.19899999999999998,0,0,Brooklyn,100,13.13436172591102
25880,4.582924577040772,11.133128103610641,1930-59,0.131,0,0,Brooklyn,100,7.894736842105263
25882,4.33204826486764,12.079772189414,pre-1930,0.15,0,0,Brooklyn,100,8.22601690588302
25883,2.6100697927420065,11.212684863271052,pre-1930,0.998,0,0,Manhattan,100,7.29099157485418
25884,4.705015520957808,10.644281386563426,1930-59,0.13,0,0,Brooklyn,100,9.77307398932113
25887,4.814620410170298,10.57285420443067,pre-1930,0.171,0,0,Manhattan,100,12.288786482334869
25889,2.9231615807191558,10.532256199159868,pre-1930,0.8270000000000001,0,0,Manhattan,100,10.39833626619741
25890,4.414009680526933,10.728189172836375,pre-1930,0.16699999999999998,0,0,Manhattan,100,9.644046992810802
25891,4.716711560720999,10.214861737244696,pre-1930,0.171,0,0,Manhattan,100,11.352816230865011
25892,4.23410650459726,10.67137107921009,pre-1930,0.179,0,0,Manhattan,100,9.743875278396438
25893,4.570578741218473,10.695438802154653,1930-59,0.153,0,0,Manhattan,100,9.965122072745391
25894,4.68213122712422,10.621717513463537,pre-1930,0.1,0,0,Manhattan,100,7.801833430856251
25895,4.625952725170619,10.235306120475993,pre-1930,0.134,0,0,Manhattan,100,8.611410118406889
25897,4.500920164614292,10.229259891735044,pre-1930,0.18899999999999997,0,0,Brooklyn,100,10.468558226842827
25898,4.378269585796169,10.378478723292902,1930-59,0.155,0,0,Brooklyn,100,11.194029850746269
25899,4.180522258463153,10.543787600548086,1930-59,0.16699999999999998,0,0,Brooklyn,100,9.488416225191745
25900,4.646312129319266,10.430166840225287,pre-1930,0.128,0,0,Brooklyn,100,12.106537530266344
25902,4.478472532942134,10.31890299149746,pre-1930,0.2,0,0,Brooklyn,100,16.17161716171617
25903,4.411585436915426,10.658341122532052,pre-1930,0.16,0,0,Brooklyn,100,11.516946363935505
25904,4.426043520090656,10.373491181781864,pre-1930,0.17,0,0,Brooklyn,100,10.0
25905,4.403054001865957,10.373491181781864,pre-1930,0.172,0,0,Brooklyn,100,9.6875
25906,5.020585624949423,10.659327802434497,pre-1930,0.099,0,0,Manhattan,100,9.861932938856016
25907,4.406719247264253,10.277977856344862,pre-1930,0.233,0,0,Manhattan,100,13.752793536187038
25909,4.29592393562047,11.23756714220728,pre-1930,0.159,0,0,Brooklyn,100,7.9020150138285254
25911,4.583946549536464,11.225803235776961,pre-1930,0.168,0,0,Brooklyn,100,10.660696676527811
25912,4.439115601658009,10.88416054333955,pre-1930,0.132,0,0,Brooklyn,100,9.0014064697609
25914,4.448516375942715,11.587114148152441,pre-1930,0.122,0,0,Manhattan,100,6.220926453793372
25915,3.9219733362813143,10.361481857656132,pre-1930,0.248,0,0,Brooklyn,100,14.864950344740338
25916,3.9357395320454622,11.33857207782545,1930-59,0.16699999999999998,0,0,Brooklyn,100,7.142857142857143
25918,4.437934266612178,10.896739325546411,pre-1930,0.13699999999999998,0,0,Brooklyn,100,11.11111111111111
25921,4.368181227851829,11.59742285119822,1980-99,0.397,0,0,Manhattan,100,8.822150950678662
25923,3.632309102625542,10.949402052203789,2010+,0.591,0,0,Brooklyn,95,12.473647224174279
25925,4.520701029361642,10.850210491530484,pre-1930,0.154,0,0,Queens,100,10.67028809777864
25926,2.8449093838194073,11.580761667773798,pre-1930,0.51,0,0,Manhattan,95,6.3540119044281855
25927,4.294560608892605,11.374593998975703,2010+,0.301,0,0,Brooklyn,100,11.253890056384286
25929,3.8480176754522337,11.255966565161287,2010+,0.39899999999999997,0,0,Brooklyn,100,7.370054305663305
25935,4.571613402459248,10.736700976992914,pre-1930,0.359,0,1,Manhattan,100,5.215803885773894
25936,4.182050142641207,10.736700976992914,pre-1930,0.27,0,0,Manhattan,100,5.215803885773894
25937,4.549657476057832,10.365206962194167,pre-1930,0.396,0,0,Manhattan,100,5.67179228636249
25938,3.068052935133617,10.214934978538171,pre-1930,0.627,0,0,Manhattan,100,12.450563937307749
25939,4.429625613473161,10.257659366256743,1930-59,0.156,0,0,Manhattan,100,11.228070175438596
25940,2.580216829592325,10.694078997756927,1930-59,0.871,0,0,Manhattan,100,11.339411257767498
25943,3.0204248861443626,10.364545034067998,pre-1930,0.9840000000000001,0,0,Manhattan,100,16.711335330285355
25944,4.39197696552705,10.552604472589852,pre-1930,0.20800000000000002,0,0,Manhattan,100,9.40512579355749
25947,4.421247347827163,10.623909375230953,pre-1930,0.209,0,1,Manhattan,100,8.757845569989783
25948,4.220977213155467,10.26353679711381,pre-1930,0.18600000000000003,0,0,Manhattan,100,8.371703641691084
25950,2.667228206581955,11.141745834828614,pre-1930,0.894,0,0,Manhattan,100,7.537105751391466
25951,4.455509411433685,11.115428526511241,1930-59,0.12,0,0,Queens,95,9.970238095238097
25961,4.185098925490565,11.542008425861892,pre-1930,0.16,0,0,Manhattan,100,4.759545803343338
25968,4.686750172980514,10.645424897265505,pre-1930,0.12300000000000001,0,0,Brooklyn,100,11.904761904761905
25970,4.21803603456465,10.249521076874865,1980-99,0.20600000000000002,0,0,Manhattan,100,9.197353992005377
25972,4.703203926259457,10.482457688033675,pre-1930,0.085,0,0,Brooklyn,85,7.286178679520233
25973,4.273884476054178,10.220267155811605,2010+,0.198,0,0,Queens,90,8.37764988708385
25976,3.427514689979529,10.167389096322506,2010+,0.6409999999999999,0,0,Brooklyn,90,7.680491551459293
25980,3.751854253275325,10.798963144696364,2010+,0.966,0,0,Brooklyn,80,12.252399428221361
25981,3.696351468952637,10.38480197292773,2010+,0.97,0,0,Brooklyn,40,12.35941169200346
25982,3.927896354584436,10.840815443476084,2010+,0.8140000000000001,0,0,Manhattan,100,6.266768501654819
25992,4.65586330030361,13.837029358850593,1960-79,0.221,0,0,Bronx,100,9.278181006741361
25993,4.2612704335380815,10.531856183153893,2000-09,0.268,0,0,Manhattan,85,8.80211250700168
26006,4.774068722449905,10.36217742188159,pre-1930,0.11199999999999999,0,0,Brooklyn,100,13.274336283185841
26009,4.61015772749913,11.184421397998193,pre-1930,0.151,0,0,Bronx,100,10.833333333333332
26011,4.395682961121367,10.714728831478542,pre-1930,0.17800000000000002,0,1,Manhattan,100,11.32980850402097
26012,4.334672938290411,11.344861779922974,pre-1930,0.128,0,0,Brooklyn,100,5.915059742103396
26013,4.32280727501391,12.013700752882718,1930-59,0.17300000000000001,0,0,Queens,100,8.96969696969697
26014,4.49647076906475,11.092351795181264,pre-1930,0.168,0,0,Bronx,100,9.593859929645028
26016,4.345103280569283,10.782180253994964,pre-1930,0.14300000000000002,0,0,Manhattan,100,7.06053369328211
26018,4.792479284293085,10.212074585667805,pre-1930,0.11699999999999999,0,0,Brooklyn,100,13.95519647447668
26021,4.351567427189173,12.112014681376474,1960-79,0.152,0,0,Staten Is,100,8.074882172637684
26022,4.517431271680085,10.60905725309463,1960-79,0.165,0,0,Unknown,95,10.617283950617285
26025,4.511957804265912,12.922013075055267,1980-99,0.45899999999999996,1,0,Manhattan,100,5.693731031078485
26026,4.475061500641071,11.401513341883968,pre-1930,0.175,0,0,Bronx,100,10.507841756374573
26027,4.439115601658009,10.43285029730053,pre-1930,0.276,0,0,Brooklyn,100,12.074093706746767
26028,4.3054155323020415,10.82774645405946,1930-59,0.159,0,0,Bronx,100,9.523809523809524
26031,4.707726774313183,10.36879266100031,pre-1930,0.146,0,1,Manhattan,80,9.419152276295133
26033,4.415219602029645,10.72425808255287,pre-1930,0.153,0,0,Bronx,80,12.32258774342612
26034,2.9652730660692823,11.05089000537367,1930-59,0.792,0,0,Bronx,80,9.523809523809524
26035,4.22683374526818,10.57931053196287,2010+,0.26899999999999996,0,0,Brooklyn,80,9.666013786788085
26036,4.239886867512759,10.918718232265187,pre-1930,0.147,0,0,Brooklyn,80,6.340579710144927
26039,4.548599834499697,10.338284900005577,2000-09,0.4,0,0,Manhattan,100,15.537500404622406
26041,4.023564380161053,10.54046112829013,2000-09,0.5429999999999999,0,0,Brooklyn,80,8.19780510379479
26042,4.09933210373314,10.736722709272957,pre-1930,0.42,0,0,Brooklyn,80,8.04085624252961
26049,3.7727609380946383,14.041462163002704,2010+,0.408,0,0,Queens,100,8.950830265293993
26052,3.095577608523707,11.209831910018664,2000-09,0.488,0,0,Brooklyn,95,8.395055041772169
26054,3.7232808808312687,11.073024179540937,2010+,0.522,0,0,Queens,90,6.520726595249185
26059,3.624340932976365,11.021346758566695,2010+,0.995,0,0,Brooklyn,100,6.376091292548148
26062,4.21803603456465,10.775847295304315,pre-1930,0.19399999999999998,0,0,Manhattan,100,7.314371695471359
26063,4.000033882750859,11.326475397592494,2010+,0.816,0,0,Manhattan,100,10.242197855163274
26065,3.8501476017100584,11.277291735118673,pre-1930,0.204,0,0,Manhattan,100,4.176845089675598
26067,4.51085950651685,12.438576254510705,1960-79,0.27699999999999997,1,0,Manhattan,100,7.251804034856212
26074,3.893859034800475,11.03958828561523,2000-09,0.425,0,0,Brooklyn,100,8.989918448596931
26075,3.9852734671677386,11.609498483421705,pre-1930,0.515,0,0,Manhattan,100,10.895323182523901
26076,4.1588830833596715,10.887249999525295,pre-1930,0.386,0,0,Manhattan,100,11.590951579734531
26080,4.219507705176107,13.367047652492666,pre-1930,0.456,0,0,Manhattan,100,4.180962059726688
26084,3.5553480614894135,11.228531314706773,1930-59,0.34,0,0,Queens,100,8.50532247132776
26085,3.634951112088381,10.496123551499684,1930-59,0.298,0,0,Queens,100,9.39875604699378
26091,4.490881039585964,10.528088190560963,pre-1930,0.156,0,0,Bronx,100,11.780455153949129
26094,4.1713056033582285,10.658670124015526,pre-1930,0.222,0,1,Manhattan,100,3.7593984962406015
26096,4.407938016458383,10.308952660644293,2000-09,0.327,0,0,Brooklyn,100,8.333333333333334
26097,4.268297869345539,11.624055306018663,2000-09,0.225,0,0,Brooklyn,100,6.711169175152567
26098,4.163559631243574,11.052586977400242,2000-09,0.439,0,0,Brooklyn,100,7.923051325526487
26099,4.144720769547168,10.574465808325012,2000-09,0.29,0,0,Brooklyn,100,9.201748332183115
26100,3.8815637979434374,12.812394795373308,2010+,0.708,0,0,Manhattan,100,2.2632145827368535
26101,4.223909766576744,10.540011470154983,2000-09,0.306,0,0,Brooklyn,100,10.847134769035398
26102,4.056988775678332,10.73223585734761,pre-1930,0.235,1,0,Manhattan,100,15.49913772402803
26105,4.320151230955794,10.693693383434516,pre-1930,0.16699999999999998,0,1,Manhattan,100,8.848152097465798
26106,3.9889840465642745,12.042229309981993,pre-1930,0.184,0,0,Manhattan,100,5.242232366367251
26107,4.02535169073515,11.560314648224033,1930-59,0.175,0,0,Manhattan,100,6.962127931485031
26108,4.632785353021065,10.637368723744101,pre-1930,0.166,0,0,Manhattan,100,12.961140580371074
26109,4.162003210695915,10.89553489680953,1930-59,0.18899999999999997,0,0,Manhattan,100,10.012051543524613
26110,4.005513348515485,10.237277623937402,pre-1930,0.19899999999999998,0,0,Bronx,100,4.6553267681289165
26113,2.9496883350525844,11.392564108299045,2010+,0.946,0,0,Manhattan,100,11.391833972479134
26118,4.08260930600368,11.763326142574778,pre-1930,0.165,0,0,Manhattan,100,6.92855029816121
26120,3.6712245188752153,11.240946123445735,pre-1930,0.35600000000000004,0,0,Manhattan,100,13.913134786774645
26124,4.505349850705881,11.00919130390684,1960-79,0.41600000000000004,0,0,Manhattan,100,2.813311930097473
26125,4.007333185232471,11.202234029135594,pre-1930,0.217,0,1,Manhattan,100,9.823450759953065
26130,4.204692619390966,11.0319983915501,pre-1930,0.23399999999999999,0,1,Manhattan,100,3.558661296323256
26131,4.599152113662528,11.456651365891052,1960-79,0.251,0,1,Manhattan,100,10.790453622207176
26132,3.975936331171799,12.103818411491417,pre-1930,0.162,0,1,Manhattan,100,5.926007975188303
26133,3.983413001514819,11.312374762308654,1960-79,0.303,1,0,Manhattan,100,12.709585960795815
26141,4.147885329150131,12.275388798089502,pre-1930,0.215,1,1,Manhattan,100,4.291945604254624
26143,3.8649313978942956,11.76547246665368,2010+,0.462,0,0,Manhattan,100,3.7287345607084594
26146,4.638604962074329,10.459525519123666,pre-1930,0.136,0,0,Bronx,100,11.756272401433693
26148,4.297285406218791,10.658341122532052,pre-1930,0.193,0,0,Manhattan,100,10.10670803365769
26157,3.9646154555473165,11.118548653847485,1960-79,0.26,0,0,Manhattan,100,8.01068090787717
26158,3.7977338590260183,11.210941607807587,pre-1930,0.449,0,0,Manhattan,100,1.6230472712517754
26165,4.21803603456465,13.377735561845979,1930-59,0.157,0,0,Manhattan,100,9.992703002923447
26181,3.580737295494233,11.382748440158279,2010+,0.7979999999999999,0,0,Manhattan,100,3.4170900061507616
26183,4.584967478670572,11.101039789059142,pre-1930,0.16899999999999998,0,0,Manhattan,100,10.265700483091788
26184,4.182050142641207,11.585525157384572,pre-1930,0.16,0,0,Manhattan,100,5.858830093927276
26186,4.157319361383489,11.433860612373874,pre-1930,0.295,1,0,Manhattan,100,3.246823524318708
26187,4.188138441508461,11.514294527376466,pre-1930,0.162,0,0,Manhattan,100,9.487002806155566
26190,3.8155121050473024,11.8450525608397,pre-1930,0.648,0,0,Manhattan,100,4.734814517228268
26191,3.655839600035736,10.204887601816106,2000-09,0.45399999999999996,0,0,Manhattan,100,4.8085814684668025
26193,4.666265285347902,10.378167729665766,1930-59,0.192,0,1,Manhattan,100,18.040435458786934
26194,4.601162164590552,11.1691526438153,1980-99,0.166,0,0,Manhattan,100,10.435910815270274
26195,4.000033882750859,13.367836556536174,pre-1930,0.647,1,0,Manhattan,100,6.383847613802255
26196,4.389498649512583,10.900214760700628,pre-1930,0.177,0,0,Manhattan,100,8.30442164316823
26200,5.1149953094204985,10.128868598790529,pre-1930,0.10099999999999999,0,0,Manhattan,100,9.578544061302681
26208,3.5322256440685598,11.062253764023986,2010+,1.0,0,0,Brooklyn,100,9.102322661644696
26217,2.970414465569701,10.869253927870808,pre-1930,0.6940000000000001,0,0,Bronx,100,10.27866605756053
26224,4.223909766576744,11.16761427968181,1930-59,0.233,0,0,Bronx,100,8.333333333333334
26228,2.8735646395797834,10.966092625898236,1930-59,0.026000000000000002,0,0,Brooklyn,100,9.15719271571236
26229,4.570578741218473,11.095650898902566,2000-09,0.198,0,0,Queens,100,12.749681257968552
26230,4.235554730773624,11.173093591082559,pre-1930,0.26,0,1,Manhattan,100,4.776018766944331
26232,4.418840607796598,11.65529270625715,1930-59,0.182,0,0,Brooklyn,100,9.366869037294016
26240,4.128745988939433,10.546971688076972,2010+,0.312,0,0,Brooklyn,100,12.348273868950658
26246,4.104294893075269,10.870547441461856,2010+,0.285,0,0,Brooklyn,100,12.546574404988213
26249,3.9684033388642534,10.860785861708989,2010+,0.28800000000000003,0,0,Brooklyn,100,9.598218570633291
26256,4.174387269895637,12.030641296640963,1960-79,0.484,1,0,Manhattan,100,4.051984578623398
26259,4.3476939555933765,11.325848619692412,pre-1930,0.141,0,0,Manhattan,100,9.042899515300586
26264,4.335982696172475,12.785491060761776,2000-09,0.341,0,0,Manhattan,100,8.15126050420168
26274,3.456316680883235,10.539429259325294,1930-59,1.0,0,0,Brooklyn,100,14.030072003388394
26275,3.505557396986398,10.641942650800615,2010+,0.643,0,0,Queens,100,8.123476848090982
26278,4.363098624788363,12.189917856773475,1930-59,0.18,0,0,Queens,100,8.435173657867324
26281,4.268297869345539,11.655396777164222,1930-59,0.19899999999999998,0,0,Queens,100,14.3090051338976
26282,3.535145354171894,10.29701502307125,2010+,0.713,0,0,Brooklyn,85,12.1441101065983
26284,4.168214410788556,10.772959176432687,2010+,0.306,0,0,Bronx,100,11.10808375075975
26298,4.379523504455763,11.297253928494719,1930-59,0.142,0,1,Manhattan,100,10.545905707196031
26302,4.953712146696635,10.633689641047084,pre-1930,0.154,0,0,Unknown,100,10.11804384485666
26304,4.736198448394496,10.820977564985766,pre-1930,0.17,0,0,Bronx,100,13.184178985217738
26306,4.498697941477575,10.316424675482994,1930-59,0.158,0,0,Manhattan,95,11.248966087675765
26353,3.475067230228611,11.00640721779054,2010+,0.78,0,0,Brooklyn,100,10.952720755405831
26361,4.154184562578117,11.901352919716274,1930-59,0.168,0,1,Manhattan,100,6.781224146582941
26363,4.379523504455763,11.455878809590953,pre-1930,0.184,0,1,Manhattan,100,8.15203006722778
26365,4.30406509320417,11.745456812707154,pre-1930,0.287,0,1,Manhattan,100,2.4568272057949425
26368,4.732683506287051,10.473449632525694,2010+,0.335,0,0,Bronx,100,16.40085963126343
26371,4.238444906195857,10.770714082695992,pre-1930,0.342,0,0,Manhattan,100,7.352014451959837
26375,4.100989104940769,12.089224173033566,1930-59,0.226,0,0,Manhattan,100,10.789911432810323
26376,4.490881039585964,11.800672535309602,2000-09,0.28300000000000003,0,0,Bronx,100,4.874683145595536
26380,4.351567427189173,12.102377409191408,1960-79,0.114,0,0,Queens,100,8.48585690515807
26400,4.3463994570307305,10.185164128035991,2010+,1.0,0,0,Brooklyn,100,12.072282793224431
26404,3.7796338173824005,10.749355820113736,pre-1930,0.159,0,1,Brooklyn,100,12.000000000000002
26406,3.858622228701031,11.386761154348415,1930-59,0.292,0,0,Manhattan,100,7.941279907427366
26408,4.5612182984589085,11.034760623443786,pre-1930,0.174,0,0,Queens,95,10.807846173699833
26409,4.478472532942134,10.895405102533275,1930-59,0.11900000000000001,0,0,Queens,95,10.198783563269544
26410,4.412798293340635,10.628666203926738,1930-59,0.13,0,1,Queens,95,9.926880054234662
26411,4.385769620952716,10.42540147328754,pre-1930,0.13699999999999998,0,0,Queens,95,11.570983533600355
26412,4.722063937459591,10.27125079346028,1930-59,0.096,0,0,Queens,95,10.730356524749048
26413,3.487375077903208,10.242706014825366,pre-1930,0.429,0,0,Queens,95,12.465719272001994
26416,3.966511190712216,11.955011756534038,pre-1930,0.319,0,0,Manhattan,100,3.9204344612616087
26419,4.607168188650764,10.376611309118108,1930-59,0.203,0,0,Brooklyn,95,9.968847352024921
26421,4.528289141652134,10.712014884136147,pre-1930,0.205,0,0,Bronx,95,13.142653479461819
26425,4.335982696172475,11.220592594303021,1930-59,0.165,0,0,Brooklyn,95,8.97497722766972
26428,4.536891345234797,10.230594644192365,pre-1930,0.154,0,1,Brooklyn,95,14.78063376473557
26429,4.541164856012179,10.525890328570316,1930-59,0.16899999999999998,0,0,Manhattan,95,11.538048728131374
26430,4.5217885770490405,10.3246291400293,pre-1930,0.122,0,0,Brooklyn,95,11.157051913106253
26432,4.160444363926624,10.354372070835153,pre-1930,0.214,0,0,Brooklyn,95,13.059820347837167
26434,4.508659285607248,10.82766708583052,pre-1930,0.294,1,0,Manhattan,100,2.57956980712755
26435,3.9627161197436642,11.763590793742733,2010+,0.626,0,0,Manhattan,100,5.603636137226823
26436,4.21803603456465,10.66788505462424,2010+,0.26899999999999996,0,0,Bronx,100,11.174745076127952
26443,4.219507705176107,11.177466714598282,2010+,0.34299999999999997,0,0,Bronx,100,8.531349211899133
26445,3.4688560301359703,10.981131534768041,2010+,0.675,0,0,Brooklyn,100,15.317845289762573
26446,4.355425952876702,13.293340832497627,1980-99,0.271,0,0,Manhattan,100,9.254389513714703
26447,4.599152113662528,10.423173804734315,pre-1930,0.09300000000000001,0,1,Queens,100,12.786202795123401
26449,3.5380565643793527,11.426572053292123,2010+,0.7090000000000001,0,0,Manhattan,100,11.774068703871269
26451,3.9852734671677386,11.027848806226972,2000-09,0.636,0,0,Brooklyn,100,13.31925607081946
26454,5.0632277442154265,10.335789314597852,1930-59,0.063,0,1,Bronx,100,11.35773624091381
26458,4.653960350157523,10.610956682603621,pre-1930,0.183,0,0,Manhattan,100,10.350691278310372
26459,4.676560182074764,10.747594613447014,pre-1930,0.25,0,0,Manhattan,100,9.673674706565201
26460,5.122772794033106,10.181119289134408,pre-1930,0.10099999999999999,0,0,Manhattan,100,9.090909090909092
26462,4.683056724645162,10.265836369570664,pre-1930,0.17800000000000002,0,0,Manhattan,100,11.13663256072945
26464,4.297285406218791,10.152337836193743,1980-99,0.23800000000000002,0,0,Brooklyn,100,3.118786791937936
26466,4.706823839714591,11.057660683309457,pre-1930,0.134,0,1,Bronx,95,9.459544680582708
26476,5.9942107727760074,10.571316925111784,pre-1930,0.033,0,0,Bronx,100,11.53846153846154
26477,4.036008985209137,11.031173088689945,1930-59,0.18899999999999997,0,0,Queens,95,9.713453132588635
26482,3.770459441106359,12.835829978307967,2010+,0.645,0,0,Manhattan,100,10.068428020062274
26484,4.407938016458383,10.757902880692196,1960-79,0.155,0,0,Brooklyn,100,10.638297872340425
26492,3.6888794541139363,11.862483141140077,1980-99,0.624,0,0,Manhattan,100,4.370999125800175
26496,2.6946271807700692,10.550643149245081,2000-09,1.0,0,0,Brooklyn,100,8.900057588607925
26497,4.537961436294641,11.574171070407006,1960-79,0.19,0,0,Queens,100,10.252454945633772
26502,2.312535423847214,10.99588054139032,1930-59,1.0,0,0,Queens,100,9.726973904876903
26504,4.075841090657541,11.08114204854419,1930-59,0.21100000000000002,0,0,Queens,95,10.01001001001001
26506,3.3141860046725258,10.863661189560236,2000-09,0.7390000000000001,0,0,Manhattan,100,5.933809314166491
26509,2.7343675094195836,10.901561015825624,1980-99,0.812,0,0,Manhattan,80,11.05766572676508
26510,5.064491966886966,10.196157166498947,1980-99,0.22,0,0,Manhattan,85,11.567164179104477
26511,4.147885329150131,11.308358299228955,1960-79,0.2,0,1,Bronx,95,9.447852760736197
26512,4.490881039585964,10.995024872532275,1930-59,0.142,0,0,Unknown,90,10.07100055390503
26513,5.025852259901116,10.596634733096073,1930-59,0.15,0,0,Unknown,90,12.25
26514,3.703768066607687,10.616437360392252,pre-1930,0.381,0,0,Bronx,90,10.049019607843137
26517,4.191168746857641,11.238607033309881,1960-79,0.201,0,0,Bronx,95,11.05132286966017
26519,3.0252910757955354,10.510668264544881,pre-1930,0.84,0,0,Manhattan,95,21.52295327612042
26520,4.169761201506855,10.635855446249355,pre-1930,0.24100000000000002,0,0,Manhattan,95,18.75
26522,4.254193263163997,10.539323366382959,1930-59,0.166,0,0,Queens,95,12.178333156835752
26525,2.884800712846709,10.208026742054331,1930-59,0.797,0,0,Manhattan,95,12.168141592920353
26527,4.330733340286331,10.346087867306553,pre-1930,0.20199999999999999,0,0,Queens,95,13.16845993255179
26529,4.33204826486764,11.803839808002675,1930-59,0.158,0,0,Brooklyn,100,10.765147833887788
26530,4.182050142641207,10.850443270721076,1930-59,0.195,0,0,Manhattan,100,11.637604980894933
26531,4.761318868478023,12.081019496526611,1960-79,0.115,0,0,Queens,100,9.575613349198255
26574,4.2017030805426,10.959818448947631,pre-1930,0.184,0,0,Manhattan,100,6.259127894846651
26591,2.9496883350525844,11.743648221407833,2010+,1.0,0,0,Manhattan,0,13.020936713483815
26596,4.280824129164719,11.088155205804059,1980-99,0.25,0,0,Staten Is,100,10.398825544409103
26602,3.214867803470662,11.222974153074404,2010+,0.743,0,0,Brooklyn,100,6.548175865294668
26607,4.26549281841793,11.133084242999656,2010+,0.129,0,0,Bronx,100,13.450882348641022
26609,3.7328963395307104,11.494333704279097,2010+,0.166,0,0,Bronx,100,9.98390350251635
26615,4.590056548178043,11.224789956398492,pre-1930,0.16399999999999998,0,0,Bronx,80,8.270415921884588
26630,4.007333185232471,10.812310469562762,2010+,1.0,0,0,Brooklyn,100,12.291448375916822
26696,4.3694478524670215,10.129068131883756,2000-09,0.205,0,0,Queens,85,7.58150113722517
26697,4.611152257665639,10.481223881584746,pre-1930,0.168,0,0,Bronx,95,8.978675645342312
26698,3.1986731175506815,10.955008233670387,pre-1930,0.6659999999999999,0,0,Bronx,100,9.084556254367575
26701,3.9889840465642745,10.411509248969384,1930-59,0.154,0,0,Brooklyn,95,6.317689530685921
26705,4.05871738457895,10.308585926738967,pre-1930,0.8059999999999999,0,0,Manhattan,100,2.667644803094468
26707,3.594568774642695,10.481223881584746,pre-1930,0.473,0,0,Bronx,95,8.978675645342312
26710,4.222444564849416,11.009224401146534,2000-09,0.185,1,0,Manhattan,100,6.453854937199027
26713,3.9259259105971376,10.987561334083114,2010+,0.235,0,0,Manhattan,100,5.073223526228565
26715,3.5234150143864045,10.812149257245792,2010+,0.649,0,0,Manhattan,100,6.045949214026602
26716,2.954910279033736,12.322939706254019,2010+,1.0,0,0,Brooklyn,80,3.1584472895184037
26717,4.953712146696635,11.143700671498307,1980-99,0.307,0,0,Manhattan,100,10.560273120488377
26718,4.476199804691132,10.724280086931744,1980-99,0.293,0,0,Manhattan,100,15.622937112177087
26719,4.3294166844015844,11.572909881899239,1930-59,0.132,0,0,Brooklyn,100,8.758546646324236
26722,3.3214324131932926,10.867177004780158,2010+,1.0,0,0,Bronx,100,17.166727068113758
26723,4.416428061391214,10.268130666124037,1930-59,0.124,0,1,Brooklyn,95,8.333333333333334
26726,3.66612246699132,10.499077029501269,2010+,1.0,0,0,Bronx,100,12.402844385645777
26728,3.4111477125153233,11.750973392200743,2010+,0.8240000000000001,0,0,Brooklyn,100,4.965438968449759
26730,4.681204872264089,10.95430917736789,1930-59,0.38,0,0,Brooklyn,100,0.17482517482517482
26732,4.314817884980432,10.959540226785442,pre-1930,0.223,0,0,Bronx,100,27.1304347826087
26733,4.486386649998124,10.648159250749464,1930-59,0.182,0,0,Manhattan,100,11.397364359491869
26734,3.414442608412176,11.089637468588725,pre-1930,0.382,0,0,Manhattan,100,9.009146574233842
26735,4.492001487882454,11.142484777883936,pre-1930,0.162,0,0,Bronx,100,9.559260171197659
26736,4.212127597878484,10.959540226785442,pre-1930,0.26,0,0,Bronx,100,9.73913043478261
26746,4.291828366755733,13.985336873365535,1960-79,0.266,0,1,Unknown,100,9.433811014944743
26748,4.513054897080286,13.104079236623724,2000-09,0.353,0,1,Manhattan,100,8.921642315471717
26752,4.14946386144318,10.439980923050696,1930-59,0.136,0,0,Brooklyn,100,8.771929824561404
26754,4.609162207257629,11.171420585820941,pre-1930,0.162,0,0,Bronx,100,9.70873786407767
26756,4.56954300834494,12.623515730397745,1930-59,0.294,0,0,Manhattan,100,6.620226273405464
26758,4.3463994570307305,11.486725216467754,1980-99,0.35100000000000003,0,0,Manhattan,100,9.854846325990104
26760,3.9318256327243257,12.505024722237463,2000-09,0.5589999999999999,0,0,Manhattan,100,6.340636807582067
26769,4.575741375297279,11.779128505744886,1960-79,0.163,0,1,Manhattan,100,8.275862068965518
26770,4.300002799195291,11.253558703498493,1980-99,0.29,0,1,Manhattan,100,9.202374471835551
26772,4.237000862623624,12.429352187597221,1930-59,0.157,0,0,Queens,100,8.798803362742667
26773,3.9415818076696905,10.687571728088175,2010+,0.446,0,0,Queens,100,10.50036523009496
26778,4.410371107683024,12.167867017004125,pre-1930,0.259,0,0,Manhattan,100,7.8959808418570105
26783,3.8199077165203406,11.17935301988663,2010+,0.484,0,0,Brooklyn,100,6.979730861577978
26791,3.858622228701031,11.00640721779054,pre-1930,0.24,0,0,Bronx,100,8.961316981695681
26793,3.9646154555473165,12.091284495722787,pre-1930,0.19699999999999998,0,1,Manhattan,100,5.383851809478944
26794,4.412798293340635,11.913331128982424,pre-1930,0.405,0,1,Manhattan,100,1.9431397117452747
26797,4.039536325727106,10.767073467978255,pre-1930,0.32299999999999995,0,0,Manhattan,100,4.21647376299201
26804,4.139955073474153,12.773443995481358,2000-09,0.456,0,0,Manhattan,100,10.234602027074917
26806,4.838660029356445,11.082142548877775,1930-59,0.12,0,1,Bronx,100,8.461538461538462
26807,4.169761201506855,11.437091388570725,1930-59,0.22399999999999998,0,1,Manhattan,100,10.67995728017088
26808,4.062165663857866,11.76756768334381,2000-09,0.623,0,0,Manhattan,100,11.085271317829456
26813,4.206184043977636,11.289781913656018,1930-59,0.161,0,0,Bronx,100,8.375
26814,4.334672938290411,11.273716045969225,pre-1930,0.174,0,0,Manhattan,100,5.208002540489044
26815,3.899950424193877,11.50093385211785,pre-1930,0.217,0,1,Manhattan,100,3.643429681807141
26820,3.9454577815143836,11.037627847263384,pre-1930,0.244,0,0,Manhattan,100,3.2169856844137046
26821,4.436751534363128,12.481789671451452,1980-99,0.15,0,0,Queens,100,8.577012846543578
26822,4.146304301152812,10.959592399337474,pre-1930,0.225,0,0,Manhattan,100,6.608350868650331
26824,3.977810745966149,11.002516421089455,1930-59,0.17800000000000002,0,0,Manhattan,100,6.830487296959601
26825,4.529368472571809,10.756412408788464,pre-1930,0.47600000000000003,0,0,Manhattan,100,0.8523332623055615
26826,4.320151230955794,10.802347242680604,pre-1930,0.145,0,1,Brooklyn,100,5.9019863236730705
26828,4.249922794040544,11.168800017095236,1960-79,0.2,0,0,Brooklyn,100,12.97895152643756
26829,4.276666119016055,10.740280428278185,pre-1930,0.18,0,0,Manhattan,100,8.012299963186729
26833,4.02535169073515,11.170435156023453,1930-59,0.16699999999999998,0,0,Brooklyn,100,8.450704225352114
26837,3.7013019741124933,10.585700168043294,1930-59,1.0,0,0,Unknown,100,11.879186149374448
26839,3.7232808808312687,11.17946468934515,2010+,0.504,0,0,Brooklyn,95,7.118530511975881
26848,4.48863636973214,11.903960288869518,2000-09,0.373,0,0,Manhattan,100,13.256589404197468
26855,4.3489867805956814,10.459095319074011,1980-99,0.215,0,0,Brooklyn,100,10.327022375215146
26877,4.411585436915426,11.065074640365626,1930-59,0.162,0,0,Brooklyn,100,9.233176838810643
26886,4.396915247167632,10.865898220023837,1930-59,0.134,0,0,Brooklyn,100,12.032085561497327
26887,4.373238128640803,10.197611332567385,2000-09,0.26899999999999996,0,0,Brooklyn,100,7.451842468050225
26889,3.86702563949741,11.416843987792543,2000-09,0.489,0,0,Brooklyn,100,13.870694305309394
26891,4.373238128640803,11.516728225303156,1960-79,0.159,0,0,Brooklyn,100,9.862424163935405
26927,3.484312288372662,11.06327333197239,2010+,0.743,0,0,Bronx,100,10.347260327663243
26960,3.2846635654062037,11.23166274432063,2000-09,0.636,0,0,Bronx,0,6.491527893697919
26962,4.143134726391533,11.306712774316,1960-79,0.184,0,0,Staten Is,100,8.848904948012684
26973,4.48863636973214,11.956206453762618,1960-79,0.222,0,0,Brooklyn,100,12.645958107856542
26974,4.249922794040544,11.697561009095914,1980-99,0.24600000000000002,0,0,Queens,100,12.637390046392524
26975,3.2809112157876537,11.820645431158516,2010+,1.0,0,0,Bronx,100,15.069983533286285
26977,4.005513348515485,11.099075300327623,2000-09,0.174,0,0,Manhattan,100,8.016941461201029
26978,4.294560608892605,11.695247021764184,1980-99,0.19699999999999998,0,0,Brooklyn,100,12.833333333333334
26980,4.1728476237100445,11.713766145984017,1980-99,0.22,0,0,Manhattan,100,12.352445538803858
26991,3.0492730404820207,10.578801664944281,pre-1930,0.894,0,0,Manhattan,100,6.871452930547426
26993,4.411585436915426,10.948628738516264,1980-99,0.217,0,0,Brooklyn,100,11.428370490189183
27000,4.249922794040544,12.748527741753625,pre-1930,0.44,0,0,Brooklyn,100,8.690723597203855
27007,4.192680462942962,11.692702119579225,2000-09,0.132,0,0,Queens,100,10.610301182171352
27008,4.065602093356446,11.51736559299625,2000-09,0.125,0,0,Queens,100,9.657026233261984
27009,4.481871969643598,11.438869799140814,2000-09,0.114,0,0,Queens,100,16.476061252180656
27018,4.079230924412053,11.315266895166037,1930-59,0.193,0,0,Manhattan,100,10.966916468652897
27019,4.33990170837321,10.91492481446108,1930-59,0.195,0,0,Queens,100,15.638922732810823
27021,4.239886867512759,11.045302998504885,2000-09,0.268,0,0,Queens,100,12.9291768424077
27025,4.210645017918261,10.91483388635787,1930-59,0.15,0,0,Unknown,100,9.456952678863711
27026,3.9871304779149512,10.541254149743267,1980-99,0.28800000000000003,0,0,Unknown,100,10.833663627956138
27028,4.575741375297279,10.407681233504071,1930-59,0.27399999999999997,0,0,Manhattan,70,10.569866819678072
27029,3.7471483622379123,10.208948146339551,2010+,0.431,0,0,Queens,100,10.314975133542088
27031,2.8213788864092133,10.274982141073139,2000-09,0.847,0,0,Queens,100,16.897717083936822
27036,4.375757021660286,11.052476048529304,1980-99,0.252,0,0,Bronx,100,10.776545166402535
27051,4.601162164590552,10.228320890618702,pre-1930,0.135,0,0,Brooklyn,100,11.201040612805318
27078,4.2626798770413155,11.32712586679644,2010+,0.5820000000000001,0,0,Manhattan,100,3.0104522903521023
27101,4.855150391255861,10.248777937608223,pre-1930,0.10300000000000001,0,0,Brooklyn,100,12.036250354007365
27103,4.219507705176107,10.745614926107391,2010+,0.307,0,0,Bronx,85,14.21617197260156
27104,4.21803603456465,10.225752194718146,2010+,0.262,0,0,Bronx,85,15.939141459880457
27111,4.476199804691132,11.577260840475123,pre-1930,0.209,0,0,Manhattan,100,11.06474752684139
27119,4.377014092850337,10.505067539570582,1930-59,0.22399999999999998,0,0,Bronx,100,10.684931506849315
27126,5.268888555857225,10.558413520275876,1930-59,0.121,0,0,Bronx,100,9.870129870129869
27130,2.5877640352277083,10.57798693872359,pre-1930,1.0,0,0,Brooklyn,100,11.97116731616617
27132,4.3476939555933765,12.638948619647637,pre-1930,0.253,0,0,Manhattan,100,7.297210519658685
27137,3.765840495250065,10.50813133450467,2010+,0.708,0,0,Manhattan,100,7.647765759860155
27143,2.6878474937846906,10.763588812758906,1980-99,1.0,0,0,Brooklyn,100,7.616146230007616
27145,2.681021528714291,12.798797099461916,1930-59,0.966,0,0,Brooklyn,100,9.619052357497056
27148,3.258096538021482,10.287047825256243,pre-1930,0.7170000000000001,0,0,Manhattan,100,9.880749574105621
27177,3.899950424193877,13.609761098497104,2010+,0.39899999999999997,0,0,Manhattan,95,6.830156368813703
27217,3.977810745966149,13.735198147257478,2010+,0.5770000000000001,0,0,Manhattan,90,8.24639044328954
27222,3.9473901492654373,12.187908674902502,pre-1930,0.23,0,0,Manhattan,100,9.521384928716904
27227,4.423648309364701,11.973446778826471,1960-79,0.16,0,0,Brooklyn,100,9.275033125118304
27241,4.242764567340374,12.182235791673826,pre-1930,0.405,0,0,Manhattan,100,7.578511846545377
27259,4.447346100794524,10.292145542327912,pre-1930,0.221,0,0,Manhattan,100,11.864406779661016
27264,2.785011242238338,10.184447079227082,1930-59,0.7759999999999999,0,0,Brooklyn,100,10.948353971609786
27269,3.9815490680767565,10.642969504301549,1980-99,0.575,0,0,Bronx,100,15.51423729622646
27271,3.703768066607687,10.799575577092764,pre-1930,0.318,0,1,Bronx,100,9.183673469387754
27273,4.693181063310805,10.74073507706983,pre-1930,0.213,0,1,Manhattan,100,10.606060606060607
27274,5.07829394257007,10.475878531960273,pre-1930,0.124,0,0,Manhattan,100,12.976022566995768
27275,4.32280727501391,12.538967060803502,1930-59,0.14800000000000002,0,0,Bronx,100,6.523297491039426
27276,4.00369019395397,10.205627110076836,1930-59,0.49200000000000005,0,0,Manhattan,100,14.045462945851044
27277,3.4965075614664802,10.16068464397519,2010+,0.635,0,0,Bronx,100,13.144668677027758
27278,3.7796338173824005,12.07010399950078,2010+,0.54,0,0,Bronx,95,9.508861571597144
27289,4.300002799195291,10.411388904784872,pre-1930,0.33,1,0,Manhattan,100,2.1061499578770007
27292,6.155070385705995,10.380621947334651,2000-09,0.085,0,0,Manhattan,100,4.654193428278879
27296,4.42484663185681,10.223685216664588,1930-59,0.127,0,0,Brooklyn,100,13.068099317554813
27303,3.265759410767051,11.71109576431852,2010+,1.0,0,0,Queens,100,8.940508706743113
27304,3.8088822465086327,10.169690593310785,1980-99,0.304,0,0,Queens,100,9.195402298850574
27305,3.0633909220278057,11.528208088501385,2010+,1.0,0,0,Queens,100,8.863502068150481
27307,4.406719247264253,10.804664646600235,2010+,0.7190000000000001,0,0,Manhattan,100,8.527918781725887
27310,4.247065649239764,10.612138919632038,pre-1930,0.151,0,1,Bronx,100,8.615384615384615
27313,4.395682961121367,11.380604767729618,1930-59,0.155,0,0,Bronx,100,7.762025432048033
27321,4.618086411254637,10.758307054322177,2010+,0.373,0,0,Brooklyn,100,18.928518258576318
27386,4.192680462942962,10.901358271402707,1930-59,0.16,0,0,Brooklyn,100,11.059907834101383
27387,4.675628649636653,10.169499004077514,pre-1930,0.17,0,0,Bronx,100,13.795746311553938
27390,4.623991940228679,11.206536165052752,1930-59,0.11699999999999999,0,0,Bronx,100,8.830321967124032
27400,4.308110951723713,13.96504373637864,1930-59,0.614,1,0,Manhattan,100,4.873881848837329
27405,4.497584975308154,11.650511127922792,1980-99,0.42700000000000005,0,0,Bronx,100,12.549019607843137
27406,4.119037174812473,12.029383198587848,1980-99,0.273,0,0,Bronx,100,11.932604648942771
27407,4.351567427189173,11.397626840606765,1980-99,0.271,0,0,Bronx,100,13.017618673549546
27409,4.5736795188967205,11.7593323152096,1980-99,0.273,0,0,Bronx,100,8.91028747401166
27412,4.384523514872469,12.340773978507508,2000-09,0.33899999999999997,0,0,Manhattan,100,12.366773146185746
27413,3.4965075614664802,10.759709757944163,2010+,0.648,0,0,Bronx,100,12.95529361792503
27446,4.7059200890882344,10.412170883230086,2010+,0.507,0,0,Brooklyn,100,8.718657927965847
27456,3.8394523125933104,12.628955185675407,2000-09,0.981,0,0,Manhattan,95,10.84282489984309
27458,3.9396381724611196,11.723785886570603,2010+,0.629,0,0,Brooklyn,90,9.799633931030014
27470,3.871201010907891,10.554040335463652,2010+,0.863,0,0,Manhattan,60,4.956694145883335
27471,4.632785353021065,11.269834275846323,1930-59,0.106,0,0,Brooklyn,100,9.946442234123948
27472,4.784152841516532,10.74309160563336,1930-59,0.19899999999999998,0,0,Manhattan,100,8.421689088514112
27475,4.4272389774954295,10.871991155857218,1930-59,0.221,0,0,Manhattan,100,7.782839787395596
27476,4.570578741218473,10.571188711764599,pre-1930,0.188,0,0,Manhattan,100,10.25772534940377
27481,4.028916756899646,13.846927826362027,1930-59,0.65,0,0,Manhattan,100,5.9307152907794825
27493,4.88507207112091,10.766377507683169,pre-1930,0.292,0,0,Manhattan,100,4.430379746835443
27518,3.6136169696133895,10.454264391804346,pre-1930,0.418,0,1,Manhattan,80,6.053268765133172
27519,3.901972669574645,11.311298757118267,1960-79,0.265,0,1,Bronx,100,8.93075605578664
27522,3.9569963710708773,10.343643900434223,2000-09,0.39399999999999996,0,0,Brooklyn,100,3.8636144112817545
27524,4.05871738457895,10.57620240758158,2010+,0.517,0,0,Brooklyn,100,11.992549309790514
27527,2.5877640352277083,11.804549756654634,pre-1930,0.86,0,0,Manhattan,100,21.664425519199163
27534,2.5877640352277083,10.728758886023115,1960-79,1.0,0,0,Brooklyn,100,12.048192771084338
27572,4.952299717083292,12.151230957771466,1960-79,0.19,0,0,Bronx,100,9.243266940267368
27575,4.593097604753822,12.35796935851015,1960-79,0.127,0,0,Bronx,95,7.345108415518368
27581,4.030694535145645,10.775241063642547,pre-1930,0.33299999999999996,0,0,Manhattan,100,6.691480908368533
27592,4.763028270603671,10.345541708874908,pre-1930,0.312,1,0,Manhattan,100,6.748505688026222
27601,3.6506582412937387,10.389303013297951,2010+,0.521,0,0,Brooklyn,100,5.8443555828975695
27607,4.130354999745133,10.210420629580021,2000-09,0.9079999999999999,0,0,Bronx,100,11.03549751701306
27608,3.3568971227655755,11.844715327797712,2010+,1.0,0,0,Brooklyn,100,6.889325850759979
27609,4.289088639014612,10.190957102406585,2010+,0.4,0,0,Bronx,100,13.87794906417614
27614,3.8815637979434374,10.190356794730883,pre-1930,0.647,0,0,Manhattan,100,6.004878964158379
27616,3.765840495250065,10.22248658949386,2010+,0.792,0,0,Manhattan,100,5.088133745229875
27619,4.222444564849416,11.536768936654678,pre-1930,0.213,0,0,Manhattan,100,3.9057541523048833
27625,4.700480365792417,11.101945176173954,1930-59,0.18100000000000002,0,1,Bronx,100,10.105580693815988
27632,4.104294893075269,10.408797995614009,pre-1930,1.0,0,0,Brooklyn,100,11.463046757164404
27640,4.618086411254637,10.314271822121892,pre-1930,0.109,0,0,Brooklyn,100,12.59946949602122
27641,3.9982007016691985,10.175802147856787,1930-59,0.235,0,1,Bronx,95,11.805026656511806
27646,4.942356453342962,10.965020832962818,1960-79,0.126,0,0,Queens,65,11.761450117614501
27655,4.490881039585964,10.4341158035983,pre-1930,0.125,0,0,Brooklyn,95,11.470588235294118
27660,2.791165107812717,11.070785998992685,2010+,0.68,0,0,Bronx,95,16.80515358043133
27661,4.314817884980432,10.137214897389983,pre-1930,0.188,0,0,Manhattan,85,11.873664212776063
27662,4.1956970564823886,10.495017203717081,2000-09,0.617,0,0,Brooklyn,100,16.881140168811402
27663,4.624972813284271,10.39714667138021,2000-09,0.369,0,0,Bronx,100,18.616858939144233
27666,4.128745988939433,11.037145182947038,2010+,0.529,0,0,Bronx,100,11.74766655938204
27673,2.379546134130174,10.589232403329312,2010+,0.9159999999999999,0,0,Queens,20,7.555723460521345
27674,3.5496173867804286,10.787255092704724,2000-09,0.34600000000000003,0,0,Queens,95,6.198347107438017
27679,3.6635616461296463,10.137768848260794,2010+,0.975,0,0,Brooklyn,95,12.658227848101266
27682,4.109233174715851,10.8609586147206,2010+,0.20800000000000002,0,0,Queens,90,8.828835745268895
27684,4.449685283147696,10.713795352869651,2010+,0.183,0,0,Queens,70,7.782620297073734
27687,3.5524868292083815,11.700823113097202,2010+,0.975,0,0,Queens,80,7.7069055531154955
27688,4.019980146933238,10.325481962595504,2010+,0.565,0,0,Manhattan,100,11.475409836065573
27698,4.289088639014612,11.117494842589952,pre-1930,0.53,0,0,Bronx,75,9.35564828702535
27704,4.426043520090656,11.251560700835821,1980-99,0.527,0,0,Manhattan,85,7.922077922077921
27706,3.8753590210565547,10.419300717813158,pre-1930,0.5329999999999999,0,0,Manhattan,100,4.776119402985075
27713,4.636668853047462,10.212662000326006,pre-1930,0.12,0,0,Brooklyn,100,11.744843279747487
27720,4.48863636973214,10.156888691011035,2010+,0.233,0,0,Queens,100,11.254268860602297
27722,4.154184562578117,10.480437938693562,2000-09,0.209,0,0,Queens,100,5.896888689205886
27730,3.5409593240373143,10.604677304739258,2010+,1.0,0,0,Brooklyn,100,11.159883937207054
27731,3.4781584227982836,10.61324599890127,2010+,1.0,0,0,Brooklyn,100,14.261126137201869
27732,3.572345637857985,11.349217593667056,2010+,0.919,0,0,Bronx,100,11.896488769007881
27733,4.735320870453137,10.627406391762827,pre-1930,0.14300000000000002,0,0,Bronx,80,10.90909090909091
27735,4.278054044290903,10.569905673354048,pre-1930,0.22399999999999998,0,1,Bronx,80,12.325073822056748
27736,4.529368472571809,10.680516217076775,pre-1930,0.121,0,0,Bronx,80,9.655172413793103
27737,4.534747721691546,10.86283777387073,pre-1930,0.294,0,0,Bronx,80,9.003831417624522
27741,3.295836866004329,11.183823997367742,2010+,0.316,0,1,Brooklyn,100,8.060369387272955
27743,3.295836866004329,10.30383961125747,2010+,1.0,0,0,Bronx,80,11.056387576640867
27751,3.6082115510464816,10.523364871168297,2010+,0.63,0,0,Queens,100,8.608166998439769
27752,3.0204248861443626,10.280518891981744,2010+,0.626,0,0,Queens,100,8.916629514043692
27763,4.062165663857866,11.643953727376633,2010+,0.6629999999999999,0,0,Manhattan,75,9.912280701754387
27765,4.255612709818223,10.552735090806054,2010+,0.618,0,0,Brooklyn,100,8.881458648973409
27766,4.355425952876702,11.143671738824636,pre-1930,0.183,0,0,Manhattan,100,6.654611211573236
27768,4.946629964120343,10.86111214790326,1930-59,0.158,0,0,Bronx,95,11.322203032047593
27769,4.255612709818223,10.426735696300677,pre-1930,0.20600000000000002,0,0,Bronx,95,8.296296296296296
27770,5.314190715704327,10.317020031722052,pre-1930,0.077,0,0,Bronx,95,12.895546076778098
27771,2.631888840136646,10.387640604886283,pre-1930,1.0,0,0,Bronx,95,11.09193985703722
27772,4.448516375942715,10.48559143430275,1930-59,0.152,0,0,Bronx,95,6.984020560956532
27773,3.039749158970765,10.545341438708522,pre-1930,0.778,0,0,Bronx,95,8.68421052631579
27774,4.56954300834494,10.344319804481584,pre-1930,0.162,0,0,Bronx,95,7.078507078507078
27775,3.288401887516811,11.282543277832316,2010+,1.0,0,0,Brooklyn,100,10.072648980773831
27790,4.334672938290411,11.4314984662745,1930-59,0.154,0,0,Bronx,100,10.197439791711869
27792,4.249922794040544,11.962751896777146,1930-59,0.23800000000000002,0,0,Brooklyn,100,6.568709981888217
27806,4.034240638152395,10.67065162967397,pre-1930,0.358,0,1,Manhattan,100,5.571936015601421
27807,3.459466289786131,11.5682371747013,2010+,0.47,0,0,Brooklyn,100,9.46190165299422
27810,3.339321977944068,11.63342480812084,2010+,0.782,0,0,Bronx,100,13.297165044412532
27815,2.975529566236472,11.606133436682683,pre-1930,0.565,0,1,Manhattan,95,4.008417677121956
27816,3.580737295494233,11.522737172354221,pre-1930,0.35200000000000004,0,0,Manhattan,95,8.119937417067712
27819,4.7664383335842135,10.289192032466138,pre-1930,0.099,0,0,Queens,100,16.31931458878727
27840,4.743191483885466,10.392834144624995,2000-09,0.301,0,0,Brooklyn,90,14.099616858237548
27841,4.249922794040544,11.02679245379461,2000-09,0.34600000000000003,0,0,Brooklyn,100,5.365853658536586
27842,4.301358731606427,10.686384025239681,pre-1930,0.156,0,0,Bronx,100,10.055763780967181
27843,4.686750172980514,10.551375826690458,pre-1930,0.151,0,0,Bronx,100,10.986136541982736
27845,4.902307417210627,10.394120673014172,1930-59,0.078,0,1,Brooklyn,100,10.714176385955247
27848,4.279440045898781,10.556853863084228,pre-1930,0.43799999999999994,0,0,Manhattan,100,5.202913631633716
27854,3.3877743613300146,10.389303013297951,2010+,1.0,0,0,Brooklyn,100,8.920332205475239
27855,2.5649493574615367,10.225571051705241,pre-1930,0.826,0,0,Unknown,100,11.594202898550725
27862,4.6210435351443815,10.827051768376782,pre-1930,0.318,0,1,Manhattan,100,7.346371488136603
27888,4.399375273008495,10.225933304924201,pre-1930,0.391,0,0,Manhattan,100,4.34625135820355
27893,4.4331949212482815,10.16819522292803,pre-1930,0.24,0,0,Manhattan,85,9.209163117301715
27894,4.669083511731744,10.586028687308849,pre-1930,0.179,0,0,Unknown,85,10.106624892617111
27902,4.314817884980432,11.84939770159144,1930-59,0.146,0,0,Brooklyn,100,6.785714285714286
27905,4.628886712605407,10.646947546969663,pre-1930,0.166,0,0,Manhattan,95,11.648915937618867
27907,4.258445572902527,10.582332948385213,1930-59,0.154,0,0,Brooklyn,10,10.904848853722864
27914,4.8307108619020225,10.67209001151068,pre-1930,0.14300000000000002,0,0,Manhattan,95,14.837139214095282
27920,3.877431560658527,10.76195847542619,pre-1930,0.336,0,0,Bronx,100,7.84047805725668
27921,4.623010104116422,10.672066828211927,pre-1930,0.207,0,0,Bronx,100,9.041591320072332
27925,4.740574822994295,10.280210191778638,pre-1930,0.271,0,0,Brooklyn,100,10.634648370497427
27926,4.56746831880408,10.247077256926206,pre-1930,0.16699999999999998,0,0,Brooklyn,100,12.411347517730498
27929,3.7328963395307104,11.248959919135764,pre-1930,0.294,0,1,Bronx,100,11.197916666666668
27930,4.637637376125593,10.172368995524192,2000-09,0.29100000000000004,0,0,Bronx,100,11.08139090561712
27931,4.554928969551344,11.146200185177994,1980-99,0.228,0,0,Bronx,100,14.285714285714286
27932,2.8735646395797834,11.279150600987357,1980-99,0.929,0,0,Bronx,100,12.759936326654369
27935,4.3134800921387715,10.283976674574115,1930-59,0.17800000000000002,0,0,Bronx,100,12.303485987696513
27936,4.3267781604434035,10.225571051705241,1930-59,0.21100000000000002,0,1,Bronx,100,11.594202898550725
27937,4.532599493153256,10.431524213032473,2000-09,0.26899999999999996,0,0,Bronx,100,9.7310686482661
27945,3.979681653901961,10.176487366201767,2010+,0.515,0,0,Brooklyn,85,8.37202222391354
27946,4.618086411254637,11.422059395462854,pre-1930,0.226,0,0,Bronx,100,9.856100926473486
27947,4.115779842942166,11.37858231438792,2000-09,0.276,0,0,Brooklyn,100,9.150281943062371
27948,4.448516375942715,11.23598548905035,2000-09,0.217,0,0,Brooklyn,100,11.607967286637647
27949,4.203198967134183,11.156250521031495,2000-09,0.284,0,0,Brooklyn,100,9.142857142857142
27950,4.216562194946349,10.84324087253795,2000-09,0.2,0,0,Queens,100,5.2747767987965695
27954,2.667228206581955,10.418404794205372,2010+,0.498,0,0,Brooklyn,20,3.884075291305647
27966,3.0301337002713233,10.849337086651827,pre-1930,0.7559999999999999,0,0,Manhattan,100,2.912621359223301
27968,4.751864565138895,10.459783550346875,1980-99,0.303,0,0,Manhattan,100,10.033253067308793
27969,3.742420221041966,10.201738576337144,2000-09,0.556,0,0,Queens,100,5.936920222634508
27970,4.778282803696737,10.496261758949286,pre-1930,0.107,0,1,Brooklyn,80,12.71420674405749
27971,4.630837932736669,10.395008025244113,1930-59,0.14,0,0,Brooklyn,80,12.845608025446538
27972,2.70805020110221,10.239959789157341,1930-59,0.718,0,0,Brooklyn,80,8.214285714285715
27976,4.58700621536042,10.714773261113114,pre-1930,0.131,0,1,Bronx,100,9.55215923227297
27978,4.168214410788556,12.722443864021763,2000-09,0.502,0,0,Brooklyn,100,10.889443803011453
27989,4.774068722449905,10.292145542327912,pre-1930,0.161,0,0,Manhattan,90,12.88135593220339
28000,4.200204952921578,10.617221366704461,pre-1930,0.679,0,0,Manhattan,100,2.2041536050156743
28009,3.3032169733019514,10.345445297003318,2010+,1.0,0,0,Bronx,95,11.891370721516953
28019,3.9396381724611196,10.216691162217987,1930-59,0.262,0,0,Manhattan,100,3.655505190817371
28022,3.484312288372662,12.050266429391947,2010+,1.0,0,0,Brooklyn,90,9.348797803032516
28023,3.9721769282478934,11.956809682982337,2010+,0.451,0,0,Queens,90,11.098636728147556
28024,4.000033882750859,11.181040689838715,2010+,0.606,0,0,Queens,90,11.148738102206057
28044,4.097672352314776,11.691071650353702,1930-59,0.14300000000000002,0,0,Bronx,100,6.94560669456067
28047,4.273884476054178,10.52529983549145,pre-1930,0.26899999999999996,0,1,Manhattan,100,1.8793964452558662
28049,4.837075242970874,10.281923988256374,1930-59,0.175,0,0,Brooklyn,100,13.356164383561644
28053,4.0809215418899605,10.913377911143433,1960-79,0.601,0,0,Unknown,100,10.927767457108514
28054,4.051784947803305,10.191369604990575,2010+,1.0,0,0,Brooklyn,100,14.622075584883024
28055,3.9569963710708773,11.589803169300609,2010+,0.754,0,0,Brooklyn,100,10.463834949208731
28056,3.9512437185814275,10.335562134069491,2010+,1.0,0,0,Brooklyn,100,11.684897270278165
28058,3.8044377947482086,12.46768662860696,2010+,0.953,0,0,Unknown,100,10.931275379611632
28060,3.7328963395307104,11.857061119593132,2010+,1.0,0,0,Unknown,100,14.318421854731813
28062,4.514150787600923,10.46310334047155,2000-09,0.41200000000000003,0,0,Brooklyn,100,12.285714285714285
28107,3.4995332823830174,11.770679116880036,2010+,0.657,0,0,Manhattan,100,13.75558337583654
28140,2.6741486494265287,11.156250521031495,1930-59,0.807,0,0,Bronx,100,8.285714285714286
28144,4.514150787600923,10.248636324636237,2010+,0.46,0,0,Brooklyn,100,14.162299957513099
28146,3.6428355156125294,10.502763517486002,2010+,0.5489999999999999,0,0,Brooklyn,100,12.000219683655537
28153,3.8066624897703196,10.172177918806309,pre-1930,0.406,0,0,Manhattan,100,22.54920695585706
28171,3.983413001514819,11.82299505629964,2000-09,0.439,0,0,Queens,100,8.65407181412814
28172,4.37449836825309,11.669108364154487,2000-09,0.368,0,0,Manhattan,100,12.745500581673852
28176,3.104586678466073,10.417059401970144,pre-1930,0.74,0,0,Bronx,100,10.17202692595363
28177,4.5031374604229395,10.86283777387073,pre-1930,0.121,0,0,Brooklyn,100,11.877394636015325
28178,4.428433007488037,10.586584397242571,pre-1930,0.11699999999999999,0,0,Brooklyn,100,9.090909090909092
28179,4.485259889315534,10.586584397242571,pre-1930,0.161,0,0,Brooklyn,100,10.1010101010101
28180,4.716711560720999,10.267262233590083,pre-1930,0.14,0,0,Brooklyn,100,14.596003475238922
28181,3.7328963395307104,10.273360024718905,2010+,0.33,0,0,Brooklyn,80,7.944457877102691
28182,3.8155121050473024,10.511321912742025,pre-1930,0.34700000000000003,0,0,Manhattan,90,3.811701924909472
28188,3.8649313978942956,10.599281228036979,1930-59,0.622,0,0,Manhattan,100,5.734802772652471
28205,4.298645025734831,12.785491060761776,1980-99,0.32799999999999996,0,0,Manhattan,90,9.523809523809524
28211,4.11414718951828,13.456959569639942,2000-09,0.462,0,0,Queens,90,5.639140789594212
28220,4.832305758571839,10.729853576882297,pre-1930,0.11800000000000001,0,0,Manhattan,90,7.87746170678337
28221,3.9396381724611196,10.411810046084,1930-59,0.312,0,0,Manhattan,90,4.210526315789474
28222,4.027135812528651,10.372865986387945,pre-1930,0.3,0,0,Manhattan,90,4.377736085053158
28224,4.583946549536464,10.980041672085022,pre-1930,0.431,0,0,Unknown,90,5.963435620452881
28228,4.535820107853298,10.98145485922695,2000-09,0.256,0,0,Brooklyn,100,5.955014121890632
28245,4.448516375942715,10.819778284410283,pre-1930,0.16699999999999998,0,1,Manhattan,100,8.4
28247,4.804840381116659,11.031852799353585,pre-1930,0.102,0,1,Manhattan,100,6.309454474859251
28250,3.169685580677429,10.202517493681471,2010+,1.0,0,0,Brooklyn,95,10.010752289496125
28253,2.7343675094195836,10.267540214063745,pre-1930,0.943,0,0,Manhattan,100,2.7794184066983982
28254,4.039536325727106,10.30925261565329,2010+,0.24600000000000002,0,0,Queens,80,11.996401079676097
28259,4.273884476054178,10.308285771656589,pre-1930,0.22899999999999998,0,0,Unknown,95,12.00800533689126
28260,4.791649752930709,10.562250306234242,pre-1930,0.29,0,1,Manhattan,100,12.161043262264542
28262,4.37197629882038,10.929098948319748,pre-1930,0.19899999999999998,0,0,Manhattan,85,16.673838209982787
28263,4.143134726391533,10.324038298062334,pre-1930,0.18899999999999997,0,0,Manhattan,90,15.432098765432098
28267,4.135166556742356,11.695247021764184,1930-59,0.165,0,0,Queens,100,8.166666666666668
28273,3.8066624897703196,11.891026227920316,2010+,0.895,0,0,Queens,80,8.633034374550363
28274,4.547541073151455,10.135789041635103,pre-1930,0.306,0,0,Manhattan,100,7.5307173999207295
28279,4.42484663185681,10.20181278508639,pre-1930,0.168,0,1,Manhattan,100,12.98604927278124
28296,3.6454498961866,11.779496254209082,2010+,0.945,0,0,Queens,100,4.596010662744738
28304,3.122364924487357,11.219734915343984,2010+,0.875,0,0,Brooklyn,100,7.641979943154395
28313,4.697749367281185,10.642420388245206,pre-1930,0.154,0,1,Manhattan,90,11.70177198261451
28314,4.796616650559047,10.49819466028282,1930-59,0.159,0,1,Manhattan,90,12.413793103448276
28322,4.650143551630823,10.436289909105488,pre-1930,0.132,0,1,Manhattan,90,9.097845864882315
28323,4.564348191467836,11.116142557244897,pre-1930,0.182,0,1,Manhattan,90,8.922198429693076
28336,2.9444389791664403,10.237277623937402,2010+,1.0,0,0,Brooklyn,80,5.371530886302597
28337,2.5726122302071057,11.67037355948816,2010+,0.953,0,0,Manhattan,80,4.186173666404675
28343,3.648057459593681,10.294515612846523,pre-1930,0.37799999999999995,0,0,Manhattan,85,2.367264119039567
28346,2.5877640352277083,10.310251816375912,1930-59,1.0,0,0,Unknown,80,9.654116315456573
28363,4.14946386144318,10.753146908111683,2000-09,0.40399999999999997,0,0,Brooklyn,100,13.681937704427389
28366,4.535820107853298,10.373491181781864,pre-1930,0.19899999999999998,0,0,Bronx,80,12.8125
28367,3.8372994592322094,10.85059842675017,1960-79,0.392,0,1,Bronx,80,14.73867933675943
28382,2.5416019934645457,10.578190682516476,2010+,0.424,0,0,Queens,80,8.658229137487586
28383,4.461299815568389,11.088094034371098,1930-59,0.127,0,0,Unknown,80,7.4937297363430595
28392,2.8094026953624978,11.693370261751323,2010+,0.49700000000000005,0,0,Bronx,100,8.599457315800459
28397,4.661550519424199,11.443854018967809,1960-79,0.14,0,0,Staten Is,90,12.429548035917108
28399,3.929862923556477,11.360193777896384,pre-1930,0.263,0,0,Manhattan,100,7.1065753296984955
28402,3.8155121050473024,11.547056323686373,pre-1930,0.256,0,0,Brooklyn,100,8.118138240296892
28405,3.9160150266976834,11.222292375882184,pre-1930,0.62,0,0,Brooklyn,100,7.488733467952232
28413,4.42484663185681,11.27319511005162,1960-79,0.156,0,0,Brooklyn,100,11.183976411977023
28415,4.541164856012179,10.610488327384608,pre-1930,0.159,0,1,Brooklyn,100,23.423245722175647
28424,4.001863709427935,12.934377005801544,2010+,0.662,0,0,Manhattan,100,4.127314373432647
28428,4.363098624788363,11.764291003056117,2000-09,0.672,0,0,Manhattan,95,9.48840392602156
28431,2.8507065015037334,11.641169152289066,2010+,0.504,0,0,Bronx,75,9.236209459637765
28436,3.1986731175506815,10.226874549608686,1980-99,1.0,0,0,Queens,100,10.855405992184108
28437,4.7059200890882344,10.438664267165949,1980-99,0.326,0,0,Manhattan,100,9.369052847313716
28461,4.4331949212482815,10.435409084596852,pre-1930,0.311,0,0,Manhattan,90,16.44930090471155
28462,4.585987366571318,10.16087792924552,pre-1930,0.207,0,1,Manhattan,90,34.7879865486452
28469,4.22683374526818,10.362493427572323,pre-1930,0.221,0,0,Manhattan,95,8.530805687203792
28474,4.182050142641207,10.441471040344437,2000-09,0.37799999999999995,0,0,Manhattan,100,9.6347551896295
28482,4.294560608892605,10.526748605631907,1930-59,0.127,0,0,Brooklyn,100,9.6514745308311
28484,4.151039905898646,11.739287830339773,pre-1930,0.20199999999999999,0,1,Manhattan,100,4.625088713986108
28488,4.535820107853298,11.498583103254353,2010+,0.45299999999999996,0,0,Manhattan,100,11.970459341016069
28490,4.673762977453703,10.477851197106107,1960-79,0.135,0,0,Brooklyn,100,14.076576576576576
28491,4.779963476361254,11.103452335464524,1960-79,0.11800000000000001,0,0,Brooklyn,100,12.198795180722891
28492,4.897839799950911,10.920745162161406,pre-1930,0.247,0,0,Bronx,100,10.30517789991322
28512,4.680277658474897,10.66265652863807,pre-1930,0.188,0,0,Bronx,100,13.80762930025743
28515,4.457829598089382,11.002099841204238,pre-1930,0.222,0,0,Bronx,100,10.0
28519,4.525044141508807,10.565144066004702,pre-1930,0.147,0,0,Bronx,100,11.093911248710011
28520,4.483002552013883,11.3934660249329,pre-1930,0.132,0,0,Brooklyn,100,8.451656524678837
28521,4.52720864451838,11.116915515632819,1930-59,0.095,0,0,Brooklyn,100,8.766716196136702
28523,4.869071729774468,11.080602902692181,1960-79,0.113,0,0,Brooklyn,100,12.326656394453005
28528,4.399375273008495,11.153131375837628,1930-59,0.109,0,0,Brooklyn,100,8.741509271731966
28532,4.436751534363128,11.04947630816179,pre-1930,0.248,0,0,Bronx,100,9.696237541924306
28536,4.782479200958502,10.8918384469467,1960-79,0.11800000000000001,0,0,Brooklyn,100,15.44588357897871
28537,4.660604892876192,10.905955980651335,1930-59,0.121,0,0,Brooklyn,100,8.623853211009175
28539,4.449685283147696,10.51867319162636,pre-1930,0.168,0,0,Bronx,100,10.0
28544,4.338597076746545,11.26446410567173,pre-1930,0.151,0,0,Bronx,100,11.923076923076923
28546,4.663439094112067,11.568833096908524,pre-1930,0.09699999999999999,0,0,Brooklyn,100,10.591016548463358
28552,4.291828366755733,11.05089000537367,1930-59,0.134,0,0,Brooklyn,100,9.523809523809524
28557,4.616110126026426,10.467322996615733,pre-1930,0.115,0,0,Brooklyn,100,8.535336292249916
28558,4.916324614625014,10.524064040261237,pre-1930,0.122,0,1,Queens,100,12.634408602150538
28560,4.39197696552705,10.557218000732282,1960-79,0.14800000000000002,0,0,Brooklyn,100,10.922140739584957
28564,4.523960130562548,11.097410021008562,1930-59,0.16899999999999998,0,0,Brooklyn,100,8.333333333333334
28572,4.669083511731744,10.165082290224591,pre-1930,0.17,0,0,Manhattan,100,11.932255581216321
28574,4.310799125385514,10.172560035738737,pre-1930,0.221,0,0,Manhattan,100,11.0792741165234
28578,3.202746442938317,10.478217121138732,2010+,0.633,0,0,Brooklyn,100,9.005712999183858
28582,4.160444363926624,10.571316925111784,2000-09,0.231,0,0,Queens,95,10.512820512820513
28583,4.341204640153626,10.92056435322172,1930-59,0.18,0,0,Unknown,100,7.956312610755488
28586,4.110873864173311,10.755261096378494,pre-1930,0.41,0,0,Manhattan,100,1.2799726939158633
28588,3.8958936234982624,10.53006748882396,pre-1930,0.341,0,0,Manhattan,100,4.275331338178709
28594,4.404277243608702,10.782097185442595,pre-1930,0.244,0,0,Manhattan,100,5.399680172789766
28595,5.002603122398992,10.145766842158814,pre-1930,0.457,0,0,Manhattan,100,12.164972726915982
28597,4.8178592793984425,11.532728092266408,1960-79,0.226,0,0,Brooklyn,85,11.96078431372549
28604,4.42484663185681,10.2176411421937,pre-1930,0.28300000000000003,0,0,Manhattan,100,6.938864947775911
28605,3.3357695763397,11.22390916950531,pre-1930,0.518,0,0,Manhattan,100,11.882510013351133
28608,4.442651256490317,10.51856507767415,2000-09,0.436,0,0,Manhattan,100,15.1367715428695
28609,4.382026634673881,10.363503975248795,pre-1930,0.147,0,0,Brooklyn,100,8.206552616627738
28612,4.206184043977636,10.819378204388943,pre-1930,0.185,0,0,Manhattan,100,6.602641056422569
28613,4.092676505121403,11.104957226643945,pre-1930,0.18899999999999997,0,0,Brooklyn,100,15.488721804511277
28616,4.415219602029645,13.02531929525977,1960-79,0.251,0,0,Brooklyn,85,7.360751766360042
28625,3.3105430133940246,10.295529640312152,1930-59,0.687,0,0,Brooklyn,100,5.0675675675675675
28642,4.526126978647638,12.419598090798441,2000-09,0.66,0,0,Manhattan,55,8.804274515663934
28643,3.634951112088381,10.341097113970859,2010+,0.6779999999999999,0,0,Manhattan,100,2.905100064557779
28647,4.3267781604434035,10.408194495293941,1980-99,0.27699999999999997,0,0,Brooklyn,100,10.564443102927859
28648,4.1059436980654525,10.743976570994,1930-59,0.203,0,0,Brooklyn,100,8.845738942826321
28649,4.197201947661808,11.022735454804309,1980-99,0.358,0,0,Brooklyn,100,12.407960686356141
28654,4.314817884980432,10.803242315770184,pre-1930,0.177,0,0,Bronx,95,9.760065067100447
28655,4.135166556742356,10.778956289890028,pre-1930,0.21,0,0,Bronx,95,10.208333333333332
28658,4.3134800921387715,10.691944912900398,1930-59,0.14400000000000002,0,0,Bronx,95,9.318181818181818
28659,4.31748811353631,10.44923620609135,1930-59,0.16399999999999998,0,0,Bronx,95,11.877860826235587
28660,4.276666119016055,10.868568448579715,pre-1930,0.174,0,0,Bronx,95,9.523809523809524
28692,2.747270914255491,11.878054571555518,pre-1930,0.636,0,1,Manhattan,100,6.455195391129312
28694,3.845883202923601,10.835572890308924,1930-59,0.261,0,1,Manhattan,100,11.61508780218915
28697,4.380775852772229,10.85199374877264,1930-59,0.04,0,0,Queens,100,9.102000503514923
28698,4.163559631243574,11.858215850042322,1930-59,0.13699999999999998,0,0,Brooklyn,100,8.14216935712263
28700,4.653960350157523,10.607723030081495,1930-59,0.098,0,0,Brooklyn,100,10.384215991692628
28701,4.635699391022914,10.586331840100176,1930-59,0.115,0,0,Brooklyn,100,10.861328618337964
28702,4.177459468932607,10.708310266986663,pre-1930,0.145,0,0,Brooklyn,100,8.04900952466127
28703,4.3528552573736015,10.613000087182337,pre-1930,0.14,0,0,Brooklyn,100,10.329562223315298
28705,4.133565275375382,11.468252314258486,1930-59,0.156,0,1,Brooklyn,100,7.63350796289906
28707,4.188138441508461,12.378091309328232,1930-59,0.187,0,0,Brooklyn,100,7.78816199376947
28708,4.2612704335380815,10.672252279554662,1930-59,0.11,0,0,Brooklyn,100,8.344536646423439
28709,3.5496173867804286,11.1907761636362,1930-59,0.281,0,1,Brooklyn,100,7.452490373866601
28710,4.104294893075269,10.445201191835514,1930-59,0.162,0,1,Brooklyn,100,13.089385962360744
28711,4.298645025734831,11.316229083670867,1960-79,0.147,0,0,Brooklyn,100,9.738994935722634
28713,4.450852825603734,10.843319014326264,pre-1930,0.139,0,1,Brooklyn,100,11.720810298685317
28714,4.203198967134183,11.13309886341707,1930-59,0.132,0,0,Brooklyn,100,10.526623585484955
28715,4.117409835153096,11.458764906010792,1960-79,0.168,0,0,Brooklyn,100,11.295498690988936
28719,4.0943445622221,11.230429919205747,1930-59,0.142,0,0,Brooklyn,100,14.458150948401643
28721,4.089332020398556,11.388880363441581,1960-79,0.17300000000000001,0,0,Queens,100,9.282948807933526
28734,4.420044701861403,10.707303634311371,pre-1930,0.128,0,0,Manhattan,100,9.623777444551376
28742,4.182050142641207,10.392067567354799,pre-1930,0.16699999999999998,0,0,Brooklyn,100,9.50920245398773
28744,3.5610460826040513,11.200568113111188,1980-99,0.465,0,0,Manhattan,100,3.553271743289783
28747,3.8649313978942956,10.614450092966075,pre-1930,0.21100000000000002,0,0,Brooklyn,100,4.174955180628208
28750,4.275276264727001,10.409792975570364,2000-09,0.433,0,0,Manhattan,100,2.7122321670735015
28754,3.6712245188752153,10.776035361462364,1930-59,0.56,0,0,Brooklyn,100,9.61136648558295
28757,2.9601050959108397,10.597659208142261,2010+,1.0,0,0,Bronx,100,14.734896730850878
28758,3.912023005428146,10.282540236692459,2010+,1.0,0,0,Bronx,100,12.663426654801835
28762,5.014627315365793,10.714417768752456,pre-1930,0.069,0,0,Manhattan,100,13.333333333333332
28767,3.648057459593681,10.927376295008301,1930-59,0.258,0,0,Brooklyn,100,9.877873563218392
28769,4.23410650459726,10.596634733096073,1930-59,0.095,0,0,Brooklyn,100,10.0
28774,4.312140507209715,11.233846281325715,1930-59,0.13699999999999998,0,0,Queens,80,8.724619289340101
28786,4.572646994282532,11.235827186058092,1930-59,0.166,0,0,Brooklyn,100,10.554368189134278
28791,4.513054897080286,11.141861783579396,1930-59,0.12300000000000001,0,1,Brooklyn,100,8.695652173913043
28794,3.4404180948154366,11.176725191363722,2010+,1.0,0,0,Brooklyn,90,9.797335124846041
28796,4.238444906195857,11.16336798880036,pre-1930,0.184,0,0,Bronx,90,10.212765957446807
28797,2.7343675094195836,10.792694816000541,1930-59,1.0,0,0,Brooklyn,90,8.425119184612855
28799,4.536891345234797,10.939160041430364,1980-99,0.23199999999999998,0,0,Bronx,90,12.779552715654953
28800,4.642465970731788,11.005427631296913,1980-99,0.23,0,0,Bronx,90,14.285714285714286
28805,4.950885289690482,10.358345817580213,pre-1930,0.11599999999999999,0,0,Bronx,95,9.835337415527142
28806,4.6443908991413725,11.004995644316264,1960-79,0.174,0,0,Brooklyn,100,13.46096320670057
28807,4.5612182984589085,11.962273478228346,1960-79,0.193,0,0,Manhattan,100,7.9117457522219885
28808,2.4849066497880004,10.218736152705715,pre-1930,1.0,0,0,Brooklyn,100,12.03852327447833
28810,3.616308761279101,11.244431451921493,pre-1930,0.354,0,1,Manhattan,100,7.847958876695485
28814,4.550714000192032,12.381940085917662,1980-99,0.155,1,0,Manhattan,100,7.338880128828799
28815,4.3528552573736015,11.728520598527108,1960-79,0.203,1,0,Manhattan,100,12.735773013058198
28822,4.00369019395397,11.255074002477121,pre-1930,0.45399999999999996,0,0,Brooklyn,100,6.341318217701337
28826,3.676300671907076,12.152154857538633,2010+,0.345,0,0,Staten Is,100,14.24787073487351
28829,3.966511190712216,11.552348080816712,2010+,0.33899999999999997,0,0,Brooklyn,100,9.421174570519414
28833,4.312140507209715,11.750705380217427,2010+,0.506,0,0,Manhattan,100,2.995829489999448
28858,4.28496492183075,11.173711473170998,1930-59,0.128,0,0,Brooklyn,100,11.792287282579702
28866,4.380775852772229,11.73099215078413,1960-79,0.29100000000000004,0,0,Manhattan,85,10.935376747851118
28871,4.185098925490565,11.201824634896877,pre-1930,0.174,0,1,Manhattan,100,10.100458615418214
28873,4.443827035579329,11.697976626335048,1930-59,0.345,0,0,Manhattan,100,10.8038029386344
28876,4.210645017918261,11.092960743698262,pre-1930,0.16899999999999998,0,0,Brooklyn,100,3.1960065137656564
28877,4.778282803696737,10.572572546745315,1960-79,0.159,0,1,Manhattan,100,19.97490332658967
28889,4.32280727501391,11.193160875051593,pre-1930,0.27699999999999997,0,0,Manhattan,100,10.3260270954951
28892,4.034240638152395,11.491752899737428,pre-1930,0.299,0,1,Manhattan,100,9.396864307236607
28893,3.417726683613366,10.26760969710991,2010+,0.778,0,0,Brooklyn,100,9.727288518325517
28894,4.215086179918229,10.871060578737334,pre-1930,0.14800000000000002,0,1,Brooklyn,100,5.700062700689707
28899,4.207673247529104,10.183427229849748,pre-1930,0.5660000000000001,0,0,Brooklyn,100,9.069952004837308
28900,4.395682961121367,13.00748212749239,1980-99,0.35200000000000004,0,0,Manhattan,95,9.265574241254912
28959,3.8501476017100584,11.55214617812351,1930-59,0.295,0,0,Queens,100,11.53846153846154
28962,3.4688560301359703,12.080962834487329,1930-59,0.401,0,0,Queens,100,10.879419764279238
28966,4.147885329150131,10.3962917617043,pre-1930,0.37,0,0,Manhattan,100,6.109108681043436
28990,3.9815490680767565,10.836596069336442,2000-09,0.531,0,0,Brooklyn,90,4.7199496538703585
29001,4.563305981889393,11.130229168914765,pre-1930,0.281,0,0,Unknown,100,10.410251898771298
29002,5.021245473208271,11.223775649243413,pre-1930,0.128,0,0,Bronx,100,12.284684203498465
29003,4.2612704335380815,11.440354772135393,pre-1930,0.154,0,0,Bronx,100,6.989247311827957
29007,4.490881039585964,11.143338952896963,pre-1930,0.218,0,0,Bronx,100,9.84052559983792
29012,3.6686767467964168,10.158827202066655,pre-1930,0.396,0,0,Brooklyn,100,13.943760167325122
29018,4.155753190350744,10.787544307076562,pre-1930,0.165,0,0,Brooklyn,100,9.501383897219812
29019,4.283586561860629,11.88262521663165,2000-09,0.292,0,0,Bronx,100,7.876735991155945
29020,4.297285406218791,10.44668355633257,2000-09,0.292,0,0,Manhattan,100,6.680220737728725
29021,4.2612704335380815,10.535981985884124,pre-1930,0.299,0,0,Manhattan,100,12.750358603835734
29024,3.7232808808312687,11.511914954576534,2010+,0.8340000000000001,0,0,Brooklyn,100,10.510615721879097
29029,2.5257286443082556,10.722253654520232,1960-79,1.0,0,0,Unknown,100,12.788287692375535
29030,4.461299815568389,11.092031948704845,1960-79,0.14400000000000002,0,0,Bronx,100,10.358590013100569
29035,3.765840495250065,10.59633468808707,2010+,0.7909999999999999,0,0,Queens,100,9.252775832749824
29039,4.198704577546343,10.202072472350189,1930-59,0.258,0,0,Manhattan,100,15.95014651878779
29041,3.629660094453965,10.265662344545426,pre-1930,0.371,0,0,Manhattan,95,2.436562358592363
29042,2.8094026953624978,10.266879884222385,pre-1930,0.855,0,0,Manhattan,100,14.601585314977054
29057,4.136765278106052,10.292145542327912,pre-1930,0.32899999999999996,0,0,Manhattan,100,3.0508474576271185
29060,4.197201947661808,10.321473941197965,pre-1930,0.251,0,0,Manhattan,95,3.9502271380604386
29064,4.745801315727837,10.260112495224819,pre-1930,0.10099999999999999,0,1,Manhattan,100,14.350717535876795
29066,3.131136910560194,10.349198489212819,2000-09,1.0,0,0,Brooklyn,100,7.684426229508197
29067,3.6270040503958487,10.357742824813725,pre-1930,0.41700000000000004,0,0,Manhattan,100,4.444444444444445
29068,4.940927881671436,10.410425629574926,pre-1930,0.25,0,0,Manhattan,100,13.853752559932538
29070,4.31748811353631,10.466810745259872,2010+,0.301,0,0,Manhattan,100,4.269854824935952
29073,3.9415818076696905,10.485731104959568,pre-1930,0.55,0,0,Brooklyn,100,7.2623669729895814
29076,2.6878474937846906,10.239959789157341,pre-1930,1.0,0,0,Brooklyn,100,12.142857142857142
29077,4.563305981889393,10.494186638885282,pre-1930,0.11900000000000001,0,0,Brooklyn,100,10.801828001661821
29078,5.075173815233827,10.632604976885304,pre-1930,0.13,0,0,Bronx,100,13.023031472326057
29079,3.1441522786722644,10.216837371736487,1930-59,0.8059999999999999,0,0,Bronx,100,9.137426900584796
29080,2.791165107812717,10.239959789157341,pre-1930,1.0,0,0,Brooklyn,100,12.142857142857142
29081,4.486386649998124,10.726719568158678,pre-1930,0.188,0,0,Manhattan,100,10.975261759992975
29083,2.5726122302071057,10.501224548291415,pre-1930,1.0,0,0,Unknown,100,11.826182618261825
29086,4.8064770426931265,10.596634733096073,1930-59,0.138,0,0,Bronx,100,11.0
29087,4.66814498514948,10.502324053624832,pre-1930,0.135,0,0,Brooklyn,100,12.087912087912088
29088,5.047288611744291,10.459095319074011,pre-1930,0.099,0,0,Manhattan,100,12.335054503729204
29089,4.787491742782046,10.378945032464328,1930-59,0.098,0,0,Bronx,100,11.81041181041181
29090,2.8507065015037334,10.459095319074011,1930-59,0.809,0,0,Manhattan,100,12.62191623637407
29091,4.546481189639412,10.150347630467653,pre-1930,0.177,0,0,Bronx,100,10.15625
29093,3.9219733362813143,10.248211365355106,2010+,0.972,0,0,Bronx,100,14.876735619155568
29094,4.387014176184921,10.673595774232203,pre-1930,0.201,0,0,Manhattan,100,12.5
29100,4.39197696552705,10.72645612717891,pre-1930,0.152,0,1,Manhattan,100,10.31946426611044
29104,4.07753744390572,11.463146812407082,1930-59,0.165,0,0,Brooklyn,100,7.672580509543429
29110,4.490881039585964,10.741102974755142,2000-09,0.6579999999999999,0,0,Manhattan,100,3.245558993443971
29111,4.602165676967792,10.502873353281599,pre-1930,0.376,0,0,Manhattan,100,2.196595277320154
29114,3.4657359027997265,10.557789949272506,2010+,0.787,0,0,Manhattan,100,1.5594136604636657
29118,3.054001181677967,10.587669666710424,2000-09,0.971,0,0,Manhattan,100,10.342305072774513
29119,3.9415818076696905,10.270073222583376,2010+,0.557,0,0,Manhattan,100,11.089548100914888
29121,4.220977213155467,10.635855446249355,pre-1930,0.146,0,0,Brooklyn,100,8.413461538461538
29128,4.6913478822291435,10.790843687312167,2000-09,0.243,0,0,Bronx,100,11.940544324124016
29130,3.6788291182604347,10.187951953831922,2010+,1.0,0,0,Brooklyn,100,12.414882811030436
29131,3.6054978451748854,10.996567901535409,2010+,0.865,0,0,Brooklyn,100,6.8712396721915905
29138,4.204692619390966,10.790699566909616,2000-09,0.37200000000000005,0,0,Brooklyn,100,7.8242427986081085
29139,3.299533727885655,10.96711149228176,2010+,1.0,0,0,Brooklyn,100,8.975266237464833
29141,3.9982007016691985,10.552761212402086,pre-1930,0.38299999999999995,0,0,Bronx,100,14.366690175796045
29142,3.730501128804756,10.804786466591047,2000-09,0.843,0,0,Brooklyn,100,8.120838070488874
29143,3.871201010907891,10.812411214064715,pre-1930,0.993,0,0,Manhattan,100,3.8280982410895974
29144,4.5217885770490405,10.725467604939041,pre-1930,0.162,0,0,Bronx,100,8.791208791208792
29145,5.096812990337308,10.184522582266116,pre-1930,0.259,0,0,Bronx,100,11.325028312570781
29147,4.623010104116422,10.825601297713073,1980-99,0.429,0,0,Manhattan,100,6.3628410085102995
29148,3.8416005411316,10.843182262189298,2010+,0.6859999999999999,0,0,Manhattan,100,4.688965301656768
29149,4.293195420967266,10.84842404860019,pre-1930,0.19,0,0,Manhattan,100,11.661127631041921
29152,3.349904087274605,10.887025633358773,pre-1930,0.361,0,0,Manhattan,100,5.983769026515576
29159,4.341204640153626,11.441622785071386,1930-59,0.141,0,0,Queens,100,11.276015378337163
29160,4.00369019395397,11.00829726411219,2000-09,0.348,0,0,Bronx,100,8.281847845891376
29162,3.265759410767051,10.691490264108753,1930-59,0.797,0,0,Bronx,100,10.004547521600728
29165,3.901972669574645,10.54510456855174,pre-1930,0.595,0,0,Brooklyn,100,16.846095127793426
29166,2.766319109226186,10.829728615263452,1930-59,0.705,0,0,Brooklyn,100,11.485148514851485
29167,4.6491870714048655,10.691308346698754,pre-1930,0.131,0,0,Brooklyn,100,12.50795961066133
29168,4.457829598089382,11.052983051518808,pre-1930,0.17,0,0,Manhattan,100,13.463853513273776
29169,4.00369019395397,10.831074244152134,1930-59,0.231,0,0,Manhattan,90,10.48093656067078
29170,4.768988271217486,10.325481962595504,1930-59,0.188,0,0,Bronx,100,10.491803278688526
29171,4.700480365792417,10.171795655804711,pre-1930,0.126,0,0,Manhattan,100,11.852418275664308
29172,4.422448549172797,11.138290195654504,pre-1930,0.155,0,0,Manhattan,100,8.872211071355848
29173,4.86599480426999,10.340451327703663,1930-59,0.1,0,0,Brooklyn,100,11.627906976744185
29175,2.624668592163159,10.714417768752456,pre-1930,0.8,0,0,Manhattan,100,6.666666666666666
29176,4.423648309364701,11.505598689583767,1980-99,0.43200000000000005,0,0,Manhattan,100,8.864712400523825
29178,4.470495282661489,11.106084410682133,pre-1930,0.13699999999999998,0,0,Queens,100,12.016522718738265
29180,4.293195420967266,11.508214385240109,pre-1930,0.18100000000000002,0,0,Queens,100,8.03777755450618
29181,2.8213788864092133,10.944258841514388,pre-1930,0.7859999999999999,0,0,Manhattan,100,9.889100798191707
29184,4.366912996863833,10.695348206032106,pre-1930,0.139,0,0,Bronx,100,6.795016987542469
29185,3.5467396869528134,10.684233437575141,1930-59,0.493,0,0,Brooklyn,100,7.558059639961522
29202,3.4531571205928664,10.447206219604144,pre-1930,0.483,0,0,Bronx,100,22.352531351602416
29203,3.6189933266497696,10.332408736680634,2000-09,0.431,0,0,Brooklyn,100,11.07059129981766
29205,3.3638415951183864,10.91483388635787,2010+,1.0,0,0,Brooklyn,100,8.547630305896046
29208,2.856470206220483,10.933517599682975,1930-59,0.667,0,0,Manhattan,100,10.709887010692038
29210,3.8522730010223722,11.004596721402825,pre-1930,0.78,0,0,Brooklyn,100,7.647547797173732
29211,4.513054897080286,11.063053820541235,2000-09,0.4,0,0,Brooklyn,95,8.781421022094683
29214,3.6938669956249757,11.109787646621156,pre-1930,0.36,0,0,Manhattan,100,4.938493310586334
29217,4.117409835153096,11.161138555104271,pre-1930,0.21600000000000003,0,0,Manhattan,100,4.406977240094963
29224,4.535820107853298,10.405595285682397,pre-1930,0.165,0,0,Brooklyn,100,12.105072025178549
29225,4.544358046591334,10.4341158035983,pre-1930,0.142,0,0,Brooklyn,100,12.941176470588236
29227,4.633757642840004,11.16336798880036,1930-59,0.14,0,0,Bronx,100,10.212765957446807
29228,4.293195420967266,10.152337836193743,1980-99,0.23800000000000002,0,0,Brooklyn,100,3.118786791937936
29234,4.21803603456465,10.888259024780478,1930-59,0.195,0,0,Brooklyn,100,8.964589870013448
29235,4.829113417472866,10.186257580626888,1930-59,0.177,0,0,Brooklyn,100,10.174856798311728
29236,5.020585624949423,10.4204940353772,pre-1930,0.21899999999999997,0,0,Bronx,100,13.11866428145498
29237,4.389498649512583,10.778956289890028,1930-59,0.187,0,0,Brooklyn,100,12.083333333333334
29238,4.420044701861403,10.819778284410283,pre-1930,0.16,0,0,Bronx,100,10.200000000000001
29246,3.9569963710708773,11.855202251122634,2000-09,0.49,0,0,Brooklyn,100,8.521819408443703
29249,4.421247347827163,11.558338504496723,1930-59,0.15,0,0,Queens,100,10.224948875255624
29250,4.399375273008495,10.65414863929668,1930-59,0.12,0,0,Brooklyn,100,9.913141993957703
29252,4.683056724645162,10.4341158035983,1930-59,0.11800000000000001,0,0,Brooklyn,100,12.352941176470589
29255,3.8501476017100584,11.463493594951633,2000-09,0.557,0,0,Brooklyn,100,7.98512245605556
29258,2.8622008809294686,10.591521683709251,2010+,1.0,0,0,Bronx,100,9.548698361644385
29261,3.979681653901961,11.575130014513885,2010+,0.562,0,0,Manhattan,100,2.443195699975568
29267,4.130354999745133,10.9423144504682,pre-1930,0.27399999999999997,0,0,Brooklyn,100,6.0157825825400755
29272,3.462606009790799,11.124464955677889,2010+,0.684,0,0,Brooklyn,100,7.37354372511429
29279,4.665324108807838,10.958774716465864,1960-79,0.153,0,0,Brooklyn,100,13.227513227513226
29281,4.410371107683024,10.714417768752456,1930-59,0.135,0,0,Brooklyn,100,9.777777777777777
29283,4.359269647551265,11.673052536254414,1930-59,0.14300000000000002,0,0,Brooklyn,100,8.520355128401752
29284,4.480740107609915,10.636095801976987,1930-59,0.11699999999999999,0,0,Brooklyn,100,10.093727469358328
29285,3.5322256440685598,10.202443337211285,2010+,1.0,0,0,Brooklyn,100,12.607067373651228
29296,4.079230924412053,10.959992298498669,pre-1930,0.151,0,0,Bronx,100,7.3010464833292765
29298,5.01529110563245,11.118044150401708,2010+,0.522,0,0,Manhattan,100,8.163144146283543
29300,2.740840023925201,10.353957893210753,pre-1930,0.86,0,0,Queens,100,14.021223033045473
29302,4.502029427068578,12.314568241683473,1960-79,0.133,0,0,Queens,100,7.267181051498295
29303,4.508659285607248,10.353957893210753,pre-1930,0.184,0,0,Queens,100,14.021223033045473
29308,4.804840381116659,10.93793458372845,1960-79,0.136,0,0,Brooklyn,100,13.328357413232393
29309,4.487512142519859,10.353957893210753,pre-1930,0.18,0,0,Queens,100,14.021223033045473
29313,4.594109238628667,10.551114217794265,1930-59,0.223,0,0,Manhattan,100,23.286237571951855
29315,4.544358046591334,10.693262226679666,pre-1930,0.1,0,1,Manhattan,100,10.440782604748287
29317,4.1728476237100445,10.93793458372845,1960-79,0.24600000000000002,0,0,Brooklyn,100,13.328357413232393
29323,4.375757021660286,11.810827633865367,2010+,0.132,0,1,Bronx,100,9.42814933594649
29326,4.034240638152395,12.179667066650403,2000-09,0.557,0,0,Manhattan,100,6.622584553463252
29328,3.2068032436339315,11.811762587853602,2010+,0.44,0,0,Bronx,50,11.866883237285748
29329,4.370712874773608,10.59237567617569,pre-1930,0.183,0,0,Brooklyn,100,10.042681395932714
29332,4.200204952921578,11.691113490482577,2000-09,0.20800000000000002,0,0,Brooklyn,100,5.690138487929375
29335,4.115779842942166,11.130493055972638,1930-59,0.179,0,0,Brooklyn,100,10.554089709762533
29337,4.430816798843313,10.422281345951296,1930-59,0.113,0,0,Brooklyn,100,8.630952380952381
29340,4.428433007488037,10.247077256926206,1930-59,0.151,0,0,Brooklyn,100,8.865248226950355
29341,4.550714000192032,11.224536476045198,1980-99,0.299,0,1,Manhattan,100,8.672795442112426
29348,4.079230924412053,11.589886506106357,1930-59,0.172,0,0,Brooklyn,100,8.88888888888889
29356,3.288401887516811,10.78020550929046,2010+,0.532,0,0,Brooklyn,50,6.242197253433209
29359,4.3476939555933765,10.735222072852116,pre-1930,0.382,0,0,Manhattan,100,2.1764680276846735
29367,4.241326752570746,11.17463758105859,2010+,0.527,0,0,Manhattan,100,10.098318349485966
29370,4.291828366755733,12.212551611627882,1930-59,0.21899999999999997,0,0,Manhattan,100,8.892200695479383
29371,3.5263605246161616,11.393522367722447,1930-59,0.457,0,0,Manhattan,100,14.64871260352696
29372,4.3528552573736015,11.011769604649245,pre-1930,0.19699999999999998,0,0,Manhattan,100,5.282009804730699
29374,4.5217885770490405,11.254077012785242,1930-59,0.179,0,0,Bronx,100,8.549887296940177
29375,4.141546163706395,11.906655316859972,pre-1930,0.161,0,1,Manhattan,100,5.261382799325463
29376,3.572345637857985,10.559296247440706,pre-1930,0.63,0,0,Manhattan,100,3.6331551357242957
29389,4.534747721691546,11.233343828552316,pre-1930,0.127,0,0,Bronx,100,8.199973548472425
29391,4.310799125385514,10.61157260546028,pre-1930,0.159,0,0,Brooklyn,100,13.053544160386188
29401,4.11414718951828,10.516237796024043,1930-59,0.204,0,0,Bronx,100,10.024383635871038
29403,3.8628327612373745,11.973509872299472,1960-79,0.33899999999999997,1,0,Manhattan,100,6.94006309148265
29411,5.023222409601727,14.071205710180498,1930-59,0.16399999999999998,0,0,Manhattan,90,9.850088162935327
29416,3.0301337002713233,10.953872018890982,1980-99,1.0,0,0,Queens,100,6.471359860078706
29418,4.674696248636701,10.165851817003619,1980-99,0.10300000000000001,0,0,Brooklyn,10,13.076923076923077
29419,4.578826210648489,10.665227524561685,pre-1930,0.155,0,0,Brooklyn,100,14.239028944911297
29421,4.309455941839047,10.543128465572932,pre-1930,0.196,0,0,Brooklyn,100,12.395822344129128
29422,4.212127597878484,12.768045653039275,2000-09,0.45799999999999996,0,0,Manhattan,100,2.736399240649211
29425,4.041295341132285,10.759688519532371,1960-79,0.21899999999999997,0,0,Brooklyn,100,10.406932291224194
29426,4.464758032271346,10.204258589529626,1930-59,0.161,0,0,Brooklyn,100,11.10370863868532
29427,4.410371107683024,10.998292602861284,1960-79,0.141,0,1,Bronx,100,9.201632871578665
29428,4.523960130562548,11.018104415345954,pre-1930,0.126,0,1,Bronx,100,11.809473822333027
29429,4.33204826486764,11.88061255207748,1960-79,0.303,0,0,Unknown,100,9.277272758742445
29430,4.470495282661489,10.778956289890028,pre-1930,0.16899999999999998,0,0,Bronx,0,11.875
29431,3.332204510175204,11.062253764023986,pre-1930,0.742,0,0,Bronx,100,10.357815442561206
29432,4.144720769547168,11.661345470088502,2010+,0.349,0,0,Bronx,100,8.275862068965518
29434,4.637637376125593,11.020758023022772,1960-79,0.13,0,0,Staten Is,100,10.469491248159658
29435,4.247065649239764,11.932451256726727,2000-09,0.237,0,0,Bronx,100,9.203018590097553
29445,4.450852825603734,10.393446983620734,2000-09,0.284,0,0,Bronx,100,8.883443100015317
29447,4.046553898385752,10.82406906582744,2010+,0.358,0,0,Bronx,100,9.75804042616748
29465,4.481871969643598,10.652187692216323,pre-1930,0.29600000000000004,0,0,Brooklyn,100,8.986638287808915
29466,4.6210435351443815,10.457372665762566,pre-1930,0.192,0,0,Brooklyn,100,11.206896551724137
29467,4.6491870714048655,10.404262840448617,pre-1930,0.135,0,0,Brooklyn,100,11.818181818181818
29468,4.681204872264089,10.912867818587012,pre-1930,0.14400000000000002,0,0,Brooklyn,100,11.662232588651191
29469,4.450852825603734,11.007087382715277,1930-59,0.113,0,0,Brooklyn,100,9.950248756218905
29470,4.662495252607361,11.04793325754741,1930-59,0.132,0,0,Queens,100,9.552010698251982
29471,4.752727750345706,10.981897133886719,1930-59,0.138,0,0,Queens,100,10.204081632653063
29472,4.32280727501391,10.961277846683982,1930-59,0.12300000000000001,0,0,Brooklyn,100,8.333333333333334
29473,4.443827035579329,10.491274217438248,pre-1930,0.20199999999999999,0,0,Brooklyn,100,11.944444444444443
29475,4.549657476057832,10.292823278714408,pre-1930,0.10099999999999999,0,1,Brooklyn,100,11.856368563685637
29476,4.2612704335380815,10.177932398205888,pre-1930,0.156,0,1,Brooklyn,100,13.679890560875513
29478,4.4272389774954295,11.000097838533565,1960-79,0.691,0,0,Manhattan,100,7.348029392117569
29480,4.955122584165997,10.373616173970015,pre-1930,0.07400000000000001,0,0,Brooklyn,100,12.185976752905887
29481,4.59511985013459,10.491274217438248,pre-1930,0.099,0,0,Brooklyn,100,10.555555555555555
29489,4.400603020246817,10.837775361111937,2000-09,0.414,0,0,Manhattan,90,3.535790052643985
29490,4.067315889834181,11.44636890896934,2010+,0.878,0,0,Brooklyn,90,8.550571285043983
29492,4.147885329150131,11.866367187677843,pre-1930,0.152,0,0,Brooklyn,90,8.35697631955954
29493,4.543294782270004,10.293771338648629,pre-1930,0.126,0,0,Brooklyn,90,10.49140381751726
29494,4.338597076746545,10.498553216683446,pre-1930,0.125,0,0,Brooklyn,100,9.375947935912638
29498,4.396915247167632,10.891168280496956,1930-59,0.136,0,0,Brooklyn,100,9.869646182495343
29499,4.370712874773608,10.824168632711576,1930-59,0.113,0,0,Brooklyn,100,9.557945041816009
29500,4.209160236650682,10.670581978048157,1930-59,0.174,0,1,Queens,100,13.930810308799629
29501,4.523960130562548,10.158129770909708,1930-59,0.152,0,1,Queens,100,15.503875968992247
29502,4.564348191467836,10.175040243058024,pre-1930,0.13699999999999998,0,1,Queens,100,13.338414634146343
29507,4.115779842942166,11.569683798788837,1930-59,0.14,0,0,Brooklyn,100,8.503401360544217
29510,4.6839813664123815,10.344094553889349,pre-1930,0.17600000000000002,0,0,Manhattan,90,2.8964052392752553
29513,4.30406509320417,11.066106971178531,pre-1930,0.191,0,0,Bronx,100,9.69264921989807
29514,4.570578741218473,10.535131600502023,pre-1930,0.217,0,0,Bronx,100,12.229489020045728
29515,4.631812116934513,10.466526047749053,pre-1930,0.198,0,0,Bronx,100,13.382687927107062
29516,4.636668853047462,10.433674529780738,pre-1930,0.221,0,0,Bronx,100,12.946888333088127
29517,4.893352133481524,11.501055292399741,1960-79,0.098,0,0,Brooklyn,100,10.119409026512852
29520,4.938781190328272,11.462684248533481,1960-79,0.098,0,0,Brooklyn,100,10.515247108307046
29521,4.666265285347902,10.324826009800583,1930-59,0.106,0,0,Brooklyn,85,10.170603674540683
29523,4.547541073151455,11.042921835724492,pre-1930,0.248,0,0,Bronx,100,10.88
29526,4.189654742026425,10.775303794308453,pre-1930,0.10800000000000001,0,0,Manhattan,100,11.70935703084161
29530,4.748404354073999,10.416191411313891,pre-1930,0.11599999999999999,0,0,Brooklyn,100,10.480297041561863
29532,4.726502471155617,10.225571051705241,2010+,0.125,0,0,Brooklyn,100,11.594202898550725
29533,4.301358731606427,11.320553572322773,pre-1930,0.252,0,0,Bronx,100,9.333333333333334
29534,4.716711560720999,10.747207591575448,1930-59,0.20800000000000002,0,0,Bronx,100,10.32258064516129
29536,4.356708826689592,11.189408939509232,pre-1930,0.109,0,0,Brooklyn,100,9.950248756218905
29537,4.168214410788556,10.756199302767412,1930-59,0.132,0,0,Brooklyn,100,10.23017902813299
29538,4.7535901911063645,10.651122918380143,1930-59,0.153,0,0,Bronx,100,16.80871212121212
29539,4.210645017918261,10.378478723292902,pre-1930,0.111,0,0,Brooklyn,100,9.017412935323383
29540,4.523960130562548,10.292823278714408,pre-1930,0.146,0,0,Brooklyn,100,13.211382113821138
29542,4.775756486563625,10.184900011974314,pre-1930,0.134,0,0,Bronx,100,9.433962264150944
29543,4.66814498514948,10.239959789157341,pre-1930,0.126,0,0,Brooklyn,100,14.642857142857142
29544,4.667205576907544,10.774780918479548,1930-59,0.29600000000000004,0,0,Bronx,100,9.205020920502092
29545,4.467056883858457,10.896739325546411,1930-59,0.168,0,0,Bronx,100,10.185185185185185
29546,4.437934266612178,10.824765825921322,pre-1930,0.165,0,0,Bronx,100,12.338308457711443
29547,4.297285406218791,11.08879728003155,pre-1930,0.196,0,1,Manhattan,100,4.8904239386251795
29551,4.207673247529104,11.167755512645819,1930-59,0.223,0,0,Brooklyn,100,7.908487501765288
29556,4.422448549172797,10.779164601524986,1930-59,0.115,0,0,Brooklyn,100,9.373047281816289
29559,4.390738575275903,10.749012413516956,1930-59,0.155,0,0,Queens,100,12.87995878413189
29560,4.794963757620747,10.323512811975622,pre-1930,0.12,0,0,Queens,100,16.09724047306176
29561,3.367295829986474,11.036098610376367,1930-59,0.57,0,0,Brooklyn,90,8.37696335078534
29568,3.966511190712216,10.127630604183421,pre-1930,0.34299999999999997,0,0,Bronx,100,14.385614385614385
29569,4.909709375506295,11.739080477280572,2000-09,0.456,0,0,Manhattan,100,4.307010057666079
29570,3.0155349008501706,10.542706391070517,pre-1930,0.725,0,0,Bronx,100,9.49868073878628
29571,4.509760001183433,11.103452335464524,pre-1930,0.259,0,0,Bronx,100,10.39156626506024
29572,4.393213824064446,11.389129387156718,pre-1930,0.175,0,0,Manhattan,100,10.072886957309068
29573,4.415219602029645,10.929098948319748,pre-1930,0.16,0,0,Bronx,100,9.86087205966724
29575,4.123903364463645,11.332374340036496,2010+,0.415,0,0,Bronx,100,9.942382098920714
29576,4.273884476054178,10.369577282460726,pre-1930,0.16399999999999998,0,0,Bronx,100,11.92156862745098
29577,4.539030383483547,11.387022048081073,pre-1930,0.11900000000000001,0,1,Manhattan,100,8.27946013383237
29580,4.657762636107262,11.320347490483307,1930-59,0.249,0,0,Manhattan,100,12.972370064134429
29582,4.407938016458383,10.544288252723865,pre-1930,0.161,0,0,Bronx,100,10.53740779768177
29583,4.6434288981051814,10.51867319162636,pre-1930,0.15,0,0,Bronx,100,12.162162162162161
29584,4.450852825603734,10.19783486285667,pre-1930,0.16699999999999998,0,0,Bronx,100,13.782827342149375
29586,4.377014092850337,10.308952660644293,pre-1930,0.191,0,0,Bronx,100,9.0
29587,4.420044701861403,10.38591370178042,pre-1930,0.302,0,0,Bronx,100,9.876543209876543
29589,4.1713056033582285,10.782657764306842,pre-1930,0.163,0,1,Manhattan,100,8.094981111710739
29591,4.8307108619020225,10.508459042192348,pre-1930,0.294,0,1,Manhattan,100,5.73394495412844
29593,4.067315889834181,12.211582438703772,1930-59,0.516,0,0,Manhattan,100,6.315109022649859
29594,4.209160236650682,10.86111214790326,1930-59,0.205,0,1,Bronx,100,10.746497793129917
29595,4.4942386252808095,11.074606531990986,1930-59,0.166,0,0,Queens,100,10.230654761904763
29596,4.6061696863211745,10.40134950991026,1930-59,0.13,0,0,Brooklyn,100,10.637004619499148
29598,4.412798293340635,11.38778165516267,1930-59,0.142,0,0,Brooklyn,100,8.839829096637466
29599,3.456316680883235,11.312594711721175,pre-1930,0.6459999999999999,0,0,Manhattan,100,3.1766977005595876
29600,4.39197696552705,10.791378809888585,1930-59,0.172,0,0,Brooklyn,100,8.641975308641976
29601,4.365643155423357,11.467572387245989,pre-1930,0.39,0,0,Manhattan,100,3.4531109390368964
29602,4.143134726391533,11.514743810777013,2000-09,0.445,0,0,Manhattan,100,6.388373160847259
29603,4.601162164590552,10.821776287072955,1930-59,0.098,0,0,Brooklyn,100,9.580838323353293
29606,4.422448549172797,10.885566024948286,pre-1930,0.131,0,0,Brooklyn,100,12.172284644194756
29608,4.430816798843313,10.257308427491955,1980-99,0.302,0,0,Manhattan,100,8.775008775008775
29609,4.183575695950044,11.066044436002473,pre-1930,0.16,0,0,Brooklyn,100,9.224226884712799
29610,4.354141431184346,10.896739325546411,pre-1930,0.19,0,0,Bronx,100,10.925925925925926
29611,4.66814498514948,11.260996562224266,1960-79,0.23399999999999999,0,0,Staten Is,95,10.806638363566192
29612,3.597312260588446,10.253439950714034,pre-1930,0.6920000000000001,0,0,Manhattan,100,3.171247357293869
29615,3.4781584227982836,10.1909195937327,2010+,0.8270000000000001,0,0,Brooklyn,100,11.999249812453114
29617,4.382026634673881,10.488798934228665,2010+,0.327,0,0,Bronx,100,11.138648325025757
29618,3.7232808808312687,10.355072596257845,2000-09,0.43799999999999994,0,0,Manhattan,100,3.183091418385536
29623,4.592084946439436,10.203592144986466,1960-79,0.17300000000000001,0,1,Manhattan,100,14.444444444444445
29625,4.769836807543325,10.835277547857206,pre-1930,0.11,0,0,Brooklyn,100,10.436974458951182
29627,4.617098756853365,10.778956289890028,1930-59,0.231,0,0,Bronx,100,8.333333333333334
29628,4.847331743138063,10.743307523067372,pre-1930,0.154,0,1,Queens,100,11.226494527083918
29631,4.420044701861403,11.121659076261876,1930-59,0.11900000000000001,0,0,Queens,100,7.690032534753032
29632,4.273884476054178,10.538051775663776,2010+,0.36200000000000004,0,0,Queens,100,12.989078570671191
29633,3.9512437185814275,10.54212574759568,2000-09,0.39299999999999996,0,0,Queens,100,7.92016473942658
29653,4.350277936359301,11.028936495157797,1930-59,0.142,0,0,Brooklyn,100,8.92393561786085
29659,3.8753590210565547,11.958328977347731,1930-59,0.294,0,0,Queens,100,9.224146766424106
29660,4.120661870539474,11.958328977347731,1930-59,0.249,0,0,Queens,100,9.352259915957774
29661,3.7887247890836524,11.958328977347731,1930-59,0.327,0,0,Queens,100,9.352259915957774
29665,4.777441406928545,12.918765067324172,1960-79,0.146,0,0,Manhattan,100,15.543215778570465
29666,2.9856819377004897,13.1122524336536,1960-79,0.873,0,0,Manhattan,100,6.646867486918399
29667,4.143134726391533,11.773071887227488,1930-59,0.221,0,0,Queens,100,8.78870112248674
29668,3.6000482404073204,11.958328977347731,1930-59,0.228,0,0,Queens,100,9.352259915957774
29669,4.3054155323020415,11.262924459486136,1960-79,0.19399999999999998,0,0,Queens,100,10.143810991268618
29670,3.933784497209659,11.812741126795244,2010+,0.4,0,0,Bronx,100,8.891457532175961
29671,4.321480134805848,10.15303931712664,pre-1930,0.21600000000000003,0,1,Manhattan,100,14.803849000740191
29672,4.483002552013883,11.56439774333919,1960-79,0.171,0,0,Manhattan,100,14.342432704545885
29673,3.5409593240373143,10.479454640632905,2010+,0.657,0,0,Brooklyn,100,9.275655620204065
29674,4.209160236650682,13.102919565726125,1980-99,0.348,1,0,Manhattan,100,9.890450515119134
29675,4.60816569496789,10.417508067198638,2010+,0.523,0,0,Manhattan,100,4.186602870813397
29679,4.56746831880408,12.041522242221339,1960-79,0.32,1,0,Manhattan,100,10.786596327841798
29682,4.579852378003801,10.189793678807979,pre-1930,0.127,0,0,Manhattan,100,11.641006383777695
29683,4.956531035103055,10.712415766081783,pre-1930,0.231,0,0,Manhattan,100,8.90670229347584
29684,3.5380565643793527,10.42753537647124,2010+,0.405,0,0,Brooklyn,100,5.92118897474613
29686,4.33204826486764,10.404262840448617,1930-59,0.221,0,0,Manhattan,100,17.87878787878788
29687,4.154184562578117,10.981437844756142,1980-99,0.314,0,0,Manhattan,100,3.402923110952308
29701,4.879006851617819,10.247148176397175,pre-1930,0.231,0,1,Manhattan,100,13.119636905184029
29727,4.097672352314776,12.585775402414898,1960-79,0.27,0,0,Bronx,100,6.05397270581797
29728,3.5263605246161616,10.47928597812618,2010+,1.0,0,0,Brooklyn,0,0.0
29732,4.203198967134183,11.017448118151037,1960-79,0.204,0,0,Bronx,100,9.847689075630251
29742,3.983413001514819,10.378976112012433,2000-09,0.248,0,0,Brooklyn,100,8.080556936847339
29760,4.44500143383527,10.184522582266116,pre-1930,0.32799999999999996,0,0,Bronx,100,11.325028312570781
29764,4.446174454497633,10.534759329377986,1930-59,0.192,0,0,Bronx,100,10.638297872340425
29770,4.892602227184663,12.910345208873537,1930-59,0.162,0,0,Brooklyn,100,10.383830891896903
29772,4.019980146933238,10.30521234102857,2010+,0.519,0,0,Brooklyn,100,6.691648822269807
29775,2.5877640352277083,10.303102246966116,2000-09,1.0,0,0,Brooklyn,100,10.05867560771165
29791,3.292126286607793,11.898548344998112,2010+,0.691,0,0,Brooklyn,0,9.860390471462669
29793,4.78164132910387,10.491718563146513,pre-1930,0.252,0,0,Manhattan,100,3.887161261661484
29797,3.6888794541139363,10.137966613514083,2010+,0.621,0,0,Brooklyn,100,13.05121613604904
29799,2.631888840136646,10.619276463576899,pre-1930,0.873,0,0,Manhattan,95,15.886205885228273
29805,4.579852378003801,10.51867319162636,1930-59,0.132,0,0,Bronx,85,11.35135135135135
29806,3.242592351485517,10.595609207424333,1960-79,0.655,0,0,Bronx,100,11.2615430816587
29816,4.439115601658009,10.958304681204567,2010+,0.294,0,0,Manhattan,95,5.22384161312229
29820,3.8199077165203406,10.416311178964792,2010+,0.621,0,0,Brooklyn,100,14.970059880239521
29822,2.8449093838194073,10.439571482516213,2000-09,1.0,0,0,Queens,100,4.095243666998186
29823,3.104586678466073,11.01402841206951,2010+,1.0,0,0,Queens,100,9.22266139657444
29824,3.5553480614894135,10.497973946272102,2010+,1.0,0,0,Queens,100,12.692456266210474
29825,2.9856819377004897,10.278974437124607,2010+,1.0,0,0,Queens,100,10.991275674933021
29826,3.929862923556477,11.86004086168992,pre-1930,0.779,0,0,Manhattan,100,10.81287368019336
29829,2.8094026953624978,11.548890885402837,2010+,1.0,0,0,Queens,100,7.138585016688854
29830,4.547541073151455,11.884489021402711,pre-1930,0.217,0,0,Manhattan,100,7.862068965517241
29833,4.092676505121403,12.429576132059932,2000-09,0.35700000000000004,0,0,Manhattan,100,9.276660402255189
29834,3.9512437185814275,13.33836468349986,1960-79,0.637,0,0,Manhattan,100,6.26861246116361
29835,3.7471483622379123,12.349155155669456,1980-99,0.513,0,0,Manhattan,100,9.056832708599657
29836,4.534747721691546,10.968198289528557,1930-59,0.13699999999999998,0,0,Brooklyn,100,10.0
29845,3.449987545831587,11.779496254209082,2010+,0.9390000000000001,0,0,Queens,100,11.260226123724607
29846,5.01926462079431,12.75615744324828,1930-59,0.133,0,1,Brooklyn,100,12.114918656974732
29847,4.351567427189173,11.33282942986471,1930-59,0.126,0,0,Brooklyn,100,8.740526107831752
29848,4.560172820057356,11.682558528897978,1930-59,0.2,0,0,Brooklyn,100,12.153232000135036
29849,4.050044303325521,11.915044982827297,1960-79,0.386,0,0,Brooklyn,100,6.6890079532304565
29850,4.0163830207523885,12.04015382530132,2010+,0.369,0,0,Brooklyn,100,7.732126098581656
29855,3.8815637979434374,12.023260968646989,pre-1930,0.423,0,0,Brooklyn,100,7.143500315154426
29856,4.4953553199808844,11.327222196629863,1930-59,0.212,0,0,Manhattan,100,10.354958339353658
29857,4.579852378003801,11.094375117313408,1930-59,0.156,0,0,Brooklyn,100,9.574468085106382
29869,4.671893818030999,10.310850857927372,pre-1930,0.13699999999999998,0,0,Brooklyn,100,11.97724323784809
29871,4.612145799724517,12.929089259692397,1930-59,0.19899999999999998,0,0,Brooklyn,100,12.22921034241789
29875,4.812997033190408,12.533013891934072,1930-59,0.16899999999999998,0,0,Brooklyn,100,12.114918656974732
29880,4.778282803696737,12.929089259692397,1930-59,0.18600000000000003,0,0,Brooklyn,100,12.22921034241789
29885,3.9259259105971376,11.041576931746437,pre-1930,0.263,1,0,Manhattan,100,6.889259164316842
29886,4.007333185232471,10.825024498930237,1930-59,0.316,0,1,Manhattan,100,3.3822095776217096
29887,2.624668592163159,10.4809151919697,pre-1930,0.9109999999999999,0,0,Manhattan,100,2.2453619242751692
29888,3.912023005428146,10.976952958782281,1930-59,0.544,0,0,Manhattan,100,10.083746368142199
29893,3.5553480614894135,10.562327926902078,pre-1930,0.348,0,1,Manhattan,100,3.8808827714677494
29894,3.7376696182833684,10.546104305546345,pre-1930,0.377,0,0,Manhattan,100,10.781245891293485
29895,3.9926809084456005,11.063947244530318,1960-79,0.331,0,0,Manhattan,100,6.736855298615028
29899,4.018183201256536,10.216179260491938,pre-1930,0.261,0,0,Manhattan,100,7.31475385853266
29900,3.8691155044168695,10.696276427422939,pre-1930,0.22399999999999998,0,1,Manhattan,100,5.657260528161843
29901,4.248495242049359,10.462474571409137,pre-1930,0.142,0,0,Manhattan,100,10.863971639316143
29902,4.069026754237811,11.034921921571465,pre-1930,0.16399999999999998,0,0,Manhattan,100,9.677107190090641
29908,4.700480365792417,11.830476971024288,1930-59,0.185,0,0,Brooklyn,100,12.22921034241789
29914,4.4343818650078095,11.314474526246391,1930-59,0.136,0,0,Brooklyn,100,9.878048780487806
29916,4.2612704335380815,10.800473133352277,pre-1930,0.131,0,0,Bronx,100,11.62221678492782
29918,3.5751506887855933,12.013846196850686,pre-1930,0.55,0,0,Unknown,100,10.60451813069614
29920,3.9180050771056933,10.913086461543935,pre-1930,0.256,0,1,Manhattan,100,4.37238112588814
29921,3.8416005411316,11.36231185566055,pre-1930,0.259,0,1,Manhattan,100,3.8364063335580925
29923,4.539030383483547,10.718631102405325,pre-1930,0.196,0,0,Bronx,100,10.621818986501438
29924,4.940927881671436,10.457372665762566,pre-1930,0.09300000000000001,0,0,Bronx,100,10.919540229885056
29925,3.728100167267218,10.3922515994996,pre-1930,0.473,0,0,Manhattan,100,1.5334600993682144
29926,2.772588722239781,11.041320554357519,pre-1930,0.89,0,0,Manhattan,100,11.057692307692307
29927,3.5524868292083815,11.728173931964463,pre-1930,0.35100000000000003,0,0,Manhattan,100,8.466581194513655
29937,4.222444564849416,11.668038538690743,pre-1930,0.364,0,1,Manhattan,100,2.7402187037052896
29938,4.00369019395397,11.960363904555816,1980-99,0.386,0,0,Manhattan,100,6.328709326855462
29939,4.551769409260976,10.313940202155331,pre-1930,0.366,0,0,Manhattan,100,7.296849087893864
29951,2.3702437414678603,11.09078204380925,2010+,0.19,0,0,Brooklyn,0,12.659386248551035
29955,4.115779842942166,10.183313849022326,pre-1930,0.19899999999999998,0,1,Manhattan,100,3.779575175750246
29956,4.198704577546343,10.905093223262087,pre-1930,0.2,0,0,Manhattan,100,8.814941325546801
29957,3.4436180975461075,10.515668682606062,pre-1930,0.981,0,0,Manhattan,100,1.6265011249966115
29958,4.382026634673881,10.84805471136194,pre-1930,0.22699999999999998,0,0,Manhattan,100,4.8605980479838236
29963,3.4688560301359703,11.039186869413498,2010+,0.8170000000000001,0,0,Manhattan,85,7.06634332792651
29970,2.617395832834079,10.194289752324153,2000-09,1.0,0,0,Unknown,100,7.850467289719626
29972,4.204692619390966,10.596734728096406,2000-09,0.516,0,0,Queens,100,7.24927507249275
29976,4.912654885736052,10.485535560577354,pre-1930,0.091,0,1,Manhattan,100,11.17505727216852
29979,3.044522437723423,10.646662226695721,2010+,0.6509999999999999,0,0,Queens,100,7.134024541044421
29980,4.658710952916121,11.050143695207472,1930-59,0.132,0,1,Bronx,100,9.689768557495274
29981,4.1059436980654525,12.736494993042722,2000-09,0.523,0,0,Manhattan,100,3.8537345924160857
29982,4.2612704335380815,10.24220726169782,2000-09,0.34700000000000003,0,0,Manhattan,100,7.839503973203151
29983,3.9646154555473165,11.968633649513409,2000-09,0.29100000000000004,0,0,Bronx,100,6.022988797240838
29984,4.213607983048918,11.224923341307521,pre-1930,0.191,0,1,Manhattan,100,6.935552710200598
29985,4.933034048072704,10.394732724323175,pre-1930,0.091,0,1,Manhattan,100,13.461008963808242
29993,3.871201010907891,10.46310334047155,1980-99,0.29,0,0,Queens,100,9.714285714285714
30006,4.981549713201159,10.65622352450773,1930-59,0.14800000000000002,0,0,Bronx,95,9.960900697192386
30007,4.896346147694128,10.640173035110557,pre-1930,0.13,0,0,Bronx,100,11.728099569171851
30014,3.784189633918261,11.241707118549112,pre-1930,0.7,0,0,Brooklyn,100,6.16433864515706
30017,3.3638415951183864,10.145138775406078,2010+,0.502,0,0,Brooklyn,100,8.245965366945459
30022,4.51085950651685,11.013105720380771,pre-1930,0.212,0,0,Brooklyn,100,9.890544639324807
30033,4.557029810660157,10.797246335903196,1930-59,0.28600000000000003,0,0,Manhattan,100,15.750930736816267
30034,4.490881039585964,11.096288179858814,pre-1930,0.35100000000000003,0,1,Manhattan,100,12.286503048872978
30035,4.298645025734831,11.383135635389227,pre-1930,0.13,0,0,Manhattan,100,7.286969986792367
30089,3.407841924380824,10.732017535802774,2010+,0.6609999999999999,0,0,Bronx,0,11.790650450883206
30096,4.268297869345539,11.08367982819666,pre-1930,0.146,0,0,Brooklyn,100,7.680491551459293
30102,4.630837932736669,10.351373376528244,pre-1930,0.133,0,0,Bronx,100,10.223642172523961
30111,4.310799125385514,12.330089543561106,1960-79,0.46399999999999997,0,0,Manhattan,100,9.7611822956004
30122,4.309455941839047,10.710655143391888,1930-59,0.162,0,0,Brooklyn,100,11.37605674644777
30123,4.632785353021065,11.57874129500136,1930-59,0.126,0,0,Unknown,100,11.048378790857935
30124,4.312140507209715,11.657025808943985,1930-59,0.129,0,0,Queens,100,9.004329004329003
30126,5.161924741642482,10.308952660644293,pre-1930,0.449,0,0,Manhattan,100,5.999999999999999
30127,3.7864597824528,10.23034226006238,pre-1930,0.643,0,0,Brooklyn,100,8.654262224145391
30130,3.624340932976365,10.234695959482242,pre-1930,0.33299999999999996,0,0,Manhattan,90,3.5902775284529493
30132,4.74493212836325,10.280724639187738,pre-1930,0.408,0,0,Manhattan,100,5.486027773015601
30139,3.8649313978942956,10.315530976004416,1930-59,0.256,0,0,Manhattan,100,7.616398436982581
30225,4.484131857611035,11.443060784997243,1980-99,0.424,0,0,Manhattan,95,5.790760519881611
30242,4.826712455935327,10.407288561365155,pre-1930,0.213,0,0,Brooklyn,100,13.595166163141993
30243,4.2710950739666,11.189408939509232,pre-1930,0.131,0,0,Brooklyn,100,10.088446655610834
30245,4.51085950651685,10.839580911706463,pre-1930,0.146,0,0,Brooklyn,100,13.333333333333332
30246,4.387014176184921,10.880873383770094,1960-79,0.14400000000000002,0,0,Brooklyn,100,10.72436500470367
30247,4.565389315976247,10.51867319162636,pre-1930,0.102,0,0,Brooklyn,100,10.81081081081081
30252,4.7086288943563215,11.54353226156313,1960-79,0.162,0,0,Manhattan,100,15.808666640803818
30254,3.933784497209659,11.060085690402891,1930-59,0.94,0,0,Manhattan,100,13.683117863546286
30259,2.617395832834079,10.37467797726143,2010+,1.0,0,0,Unknown,100,4.994069542418377
30303,5.807241183024431,10.491274217438248,pre-1930,0.034,0,0,Brooklyn,100,11.11111111111111
30305,5.473949935191195,10.58050535116619,pre-1930,0.05,0,0,Brooklyn,100,10.670731707317074
30319,3.966511190712216,12.782213988337187,1960-79,0.215,1,0,Manhattan,100,5.676836259807999
30328,4.197201947661808,10.470362642153141,pre-1930,0.253,0,0,Manhattan,100,13.898737767692527
30332,3.131136910560194,11.088155205804059,2010+,1.0,0,0,Brooklyn,100,6.422804012723269
30354,3.8691155044168695,10.98930162564094,2010+,0.667,0,0,Unknown,100,11.985752148150649
30355,4.490881039585964,10.160065879936575,1980-99,0.299,0,0,Manhattan,100,7.736943907156673
30357,4.502029427068578,10.212441760263449,pre-1930,0.401,0,0,Manhattan,100,4.405286343612335
30358,3.6609942506244004,10.534546540782651,2010+,1.0,0,0,Brooklyn,100,11.704618003830602
30362,4.722953221644475,10.177324218165856,2000-09,0.257,0,0,Manhattan,100,14.82889733840304
30368,3.8416005411316,10.785248949513049,2010+,0.746,0,0,Brooklyn,100,6.831873796658592
30375,3.9721769282478934,11.656176963928486,2010+,0.8170000000000001,0,0,Queens,100,6.15240637077347
30377,2.766319109226186,10.770588040219511,pre-1930,1.0,0,0,Brooklyn,100,8.403361344537815
30378,3.0301337002713233,10.44668355633257,2000-09,0.799,0,0,Brooklyn,100,4.937554458321232
30381,4.1666652238017265,11.10354269282796,2010+,0.231,0,0,Queens,100,12.197692979550041
30385,4.312140507209715,10.89642446116701,1930-59,0.17300000000000001,0,1,Manhattan,100,11.114610155048812
30404,4.301358731606427,11.685415517184227,pre-1930,0.156,0,1,Manhattan,100,7.826569942605153
30410,4.014579593753238,11.614877177253893,2000-09,0.505,0,0,Brooklyn,100,6.5021267372869875
30433,3.6988297849671046,11.84841865104926,2010+,0.442,0,0,Manhattan,100,6.363369869086177
30441,4.115779842942166,11.628038272070732,pre-1930,0.12,0,0,Brooklyn,100,8.467023172905526
30446,4.133565275375382,10.415832022271388,pre-1930,0.12,0,0,Brooklyn,100,6.290438533429188
30447,4.328098292648326,10.199546937117361,pre-1930,0.258,0,0,Manhattan,100,3.718716299133539
30452,4.188138441508461,11.565100370624338,pre-1930,0.188,0,0,Bronx,100,5.600060746421656
30453,4.328098292648326,11.415797634238878,pre-1930,0.179,0,0,Bronx,100,7.052807899144847
30458,5.302807271820889,13.079038252665955,1930-59,1.0,0,0,Manhattan,100,14.494569757727653
30459,4.767289035464526,11.104295353518907,1980-99,0.129,0,0,Bronx,100,10.081858673407968
30460,4.785823685681349,11.104295353518907,1980-99,0.136,0,0,Bronx,95,10.081858673407968
30508,4.659658371272161,10.453572350254236,1930-59,0.131,0,0,Manhattan,100,14.13407176647052
30512,4.5736795188967205,10.568106649481535,pre-1930,0.18100000000000002,0,0,Bronx,100,11.318327974276528
30513,4.378269585796169,11.052476048529304,1930-59,0.193,0,0,Bronx,100,9.667194928684628
30514,4.237000862623624,11.71379886715871,1930-59,0.268,0,0,Manhattan,100,12.59744615409785
30523,4.537961436294641,10.547260648478273,1930-59,0.14400000000000002,0,1,Queens,100,12.607359546135056
30525,4.309455941839047,11.153346307884107,1930-59,0.23199999999999998,0,1,Bronx,100,9.599266444116509
30535,4.463606621666305,10.576610581265145,pre-1930,0.525,0,0,Manhattan,100,3.825847425204683
30556,4.364371699435161,10.993731591533722,pre-1930,0.162,0,0,Queens,100,10.084033613445378
30600,4.09933210373314,10.620497733360601,pre-1930,0.203,0,1,Manhattan,100,7.079041156080652
30792,3.520460802488973,11.96183313092123,1960-79,0.49700000000000005,0,0,Queens,100,12.766500702157538
30793,4.508659285607248,11.16981524560883,1960-79,0.139,0,0,Queens,100,10.2880658436214
30805,3.152736022363656,11.510161649147497,2010+,1.0,0,0,Queens,100,8.72407845654005
30806,4.290459441148391,10.490134679522582,pre-1930,0.198,0,0,Manhattan,100,10.011401874356906
30809,4.461299815568389,11.37285847607311,1980-99,0.247,0,0,Queens,100,16.680087426665132
30810,4.30406509320417,11.097410021008562,2000-09,0.218,0,0,Bronx,100,12.121212121212121
30835,4.641502115235482,10.261161996807944,pre-1930,0.166,0,0,Bronx,90,18.531468531468533
30836,4.7535901911063645,10.326301298978905,pre-1930,0.172,0,0,Bronx,90,13.759213759213758
30837,3.713572066704308,11.375730225792383,pre-1930,0.48,0,0,Bronx,90,16.746960311998166
30838,2.617395832834079,10.491274217438248,pre-1930,1.0,0,0,Brooklyn,90,9.722222222222221
30839,2.617395832834079,10.368290179989799,pre-1930,1.0,0,0,Brooklyn,90,10.994534145881762
30840,2.72785282839839,10.491274217438248,pre-1930,1.0,0,0,Brooklyn,90,9.722222222222221
30843,4.380775852772229,11.585859891645889,2000-09,0.299,0,0,Bronx,100,9.76144878493204
30979,4.812184355372417,10.566330152831219,1930-59,0.129,0,0,Queens,90,13.915373911250837
30981,4.636668853047462,11.614127345479195,1930-59,0.3,0,0,Manhattan,100,11.56800723000452
30987,4.393213824064446,10.203592144986466,pre-1930,0.149,0,0,Bronx,100,10.37037037037037
30988,4.005513348515485,11.063586836168076,1960-79,0.215,0,0,Bronx,100,7.836376459525115
30989,4.592084946439436,10.323019917855728,pre-1930,0.122,0,0,Bronx,100,10.18898931799507
30992,4.486386649998124,11.300833123468033,1930-59,0.145,0,0,Bronx,100,9.024712878141651
30993,3.7977338590260183,13.015977892200192,1960-79,0.48200000000000004,1,1,Manhattan,95,12.701901281090185
31000,4.257030144499196,11.218554404367652,1960-79,0.14,0,0,Bronx,100,8.322147651006711
31019,4.552823705615882,11.036791080994169,1930-59,0.107,0,1,Bronx,100,10.624939631024825
31020,4.212127597878484,11.269375103878357,1930-59,0.145,0,1,Queens,100,8.420085731781997
31021,4.175924549214524,11.06074603663697,1930-59,0.161,0,1,Queens,100,10.216270589714572
31022,4.460144413937834,10.506162829931998,pre-1930,0.14800000000000002,0,1,Bronx,100,10.125889436234264
31032,3.828641396489095,11.146719530814181,pre-1930,0.205,0,1,Unknown,100,8.941963770624207
31054,4.634728988229636,10.435027152899224,pre-1930,0.168,0,1,Bronx,100,12.929387911022303
31055,4.26689632742025,10.710409747354918,1930-59,0.168,0,0,Bronx,100,9.817045961624276
31056,4.718498871295094,10.940224437486151,1930-59,0.125,0,1,Bronx,100,9.929078014184398
31057,3.6838669122903918,11.966234257731335,2010+,0.42200000000000004,0,0,Bronx,100,14.045033078912748
31058,4.403054001865957,11.746288617811697,2000-09,0.24100000000000002,0,0,Bronx,95,10.769376959868234
31090,4.4343818650078095,10.907056292517344,2000-09,0.28,0,0,Bronx,95,10.997067448680353
31127,4.387014176184921,11.47683185732199,pre-1930,0.175,0,1,Manhattan,100,5.805816183712612
31131,3.261935314328648,12.938632828446954,2010+,1.0,0,0,Brooklyn,95,10.598923283983849
31211,4.850466541943434,10.721327177053391,pre-1930,0.295,0,0,Manhattan,100,9.26906779661017
31212,4.070734696582967,12.062202275110472,pre-1930,0.28300000000000003,0,0,Manhattan,100,2.5981524249422634
31229,3.9589065913269965,10.797818933055856,1960-79,0.34600000000000003,0,0,Manhattan,95,3.066606697469027
31233,2.8903717578961645,10.60589175435875,1930-59,0.7979999999999999,0,0,Bronx,50,10.650946200336866
31234,4.210645017918261,10.136581434703507,pre-1930,0.201,0,1,Bronx,90,10.693069306930694
31239,4.574710978503383,10.354563171896345,pre-1930,0.13699999999999998,0,0,Bronx,90,12.101910828025478
31247,4.235554730773624,10.530201084004045,2010+,0.3,0,0,Manhattan,90,10.419728018381468
31248,4.324132656254979,10.88164448808605,2010+,0.23800000000000002,0,0,Bronx,90,9.776089940027447
31249,4.554928969551344,10.194962423226606,pre-1930,0.14,0,0,Bronx,90,7.471607890017932
31250,4.571613402459248,10.18986877925486,2000-09,0.17800000000000002,0,0,Bronx,90,10.138179633523581
31252,4.22683374526818,12.657743629027259,1930-59,0.618,0,1,Manhattan,95,2.3552852282239556
31262,4.229749199228304,10.536964343355363,1960-79,0.231,0,1,Manhattan,100,8.491892896000849
31264,4.04305126783455,11.568360171858329,1930-59,0.18600000000000003,0,0,Brooklyn,100,7.852412488174077
31273,4.182050142641207,10.632990770056727,2000-09,0.243,0,0,Bronx,100,10.125117523685542
31274,4.580877493419047,10.50320278830352,1930-59,0.141,0,0,Manhattan,95,11.52832674571805
31276,4.662495252607361,10.138559674715612,pre-1930,0.135,0,0,Queens,100,15.810276679841897
31277,4.272490747605575,11.234255990107805,pre-1930,0.161,0,1,Manhattan,95,7.928223153054348
31282,4.389498649512583,10.388472154542294,1930-59,0.777,0,0,Manhattan,100,6.1570667733891575
31288,4.848900370910689,10.30955248071626,1930-59,0.109,0,1,Manhattan,100,6.66266906522753
31296,4.471638793363569,11.338643503845981,1930-59,0.175,0,0,Bronx,100,8.689855486512869
31299,3.758871825933971,10.744235437161638,1930-59,0.174,0,0,Queens,100,4.313877744704715
31301,4.09933210373314,11.86710429621008,1930-59,0.17,0,0,Manhattan,100,1.4034989228145769
31302,4.755312844417811,10.731733646517688,1930-59,0.318,0,1,Manhattan,100,6.77062857642074
31306,3.4995332823830174,10.847879714521158,1930-59,0.757,0,0,Staten Is,100,3.8891589693728728
31311,2.70805020110221,10.499573020252942,1930-59,0.746,0,0,Bronx,100,5.509641873278237
31317,4.333361462692601,10.847393451443256,1930-59,0.545,0,0,Brooklyn,100,3.891050583657588
31321,3.299533727885655,11.234388118431024,1930-59,0.996,0,0,Manhattan,65,2.642391893141672
31324,4.5880240271531205,11.173191916046644,1930-59,0.109,0,0,Queens,95,2.8091465812686107
31339,4.355425952876702,10.801003129083949,2010+,0.276,0,0,Bronx,100,10.189525168127165
31358,4.399375273008495,11.267344568537084,1930-59,0.11699999999999999,0,0,Brooklyn,100,8.437200383509108
31362,4.298645025734831,10.786511014294137,1930-59,0.318,0,0,Brooklyn,100,4.962368703994707
31369,4.041295341132285,10.218225297011335,2010+,0.529,0,0,Brooklyn,100,5.474852178991167
31370,3.4657359027997265,10.152844510666242,2010+,1.0,0,0,Manhattan,100,11.2998753117207
31379,3.8607297110405954,10.71523965313516,2010+,0.53,0,0,Brooklyn,100,3.774674156804405
31517,3.8543938925915096,10.667023296818002,2010+,0.54,0,0,Bronx,100,9.320315958711
31519,4.294560608892605,11.879857623361609,1930-59,0.511,0,0,Manhattan,100,5.1964248596965295
31520,4.2017030805426,11.982041200154669,1930-59,0.14800000000000002,0,0,Brooklyn,100,8.069661824869572
31521,4.051784947803305,11.551386274084942,2000-09,0.38,0,0,Brooklyn,100,8.467970862482078
31522,4.875960390769654,11.748479684360909,1960-79,0.141,0,0,Bronx,100,8.691461034599916
31523,3.8501476017100584,11.667061858981159,2010+,0.33899999999999997,0,0,Brooklyn,100,8.828697552822183
31525,4.192680462942962,12.009668391405585,1930-59,0.166,0,1,Queens,100,7.9106221400058425
31526,4.3476939555933765,11.56403674279377,1930-59,0.19699999999999998,0,1,Manhattan,100,9.12166014214587
31527,4.310799125385514,11.56812362543499,pre-1930,0.159,0,1,Brooklyn,100,9.65223562810504
31528,4.523960130562548,11.582917836790264,1960-79,0.154,0,0,Queens,100,12.307692307692308
31529,4.242764567340374,11.88756016268579,1930-59,0.126,0,0,Staten Is,100,12.031956877466552
31531,3.7612001156935624,11.769023986760127,1960-79,0.442,0,1,Brooklyn,100,10.604700126946776
31532,3.742420221041966,11.815109375620835,1930-59,0.271,1,0,Manhattan,100,8.352983789297832
31533,4.165113633110308,11.922648163331035,pre-1930,0.191,0,0,Bronx,100,9.360063728093468
31534,4.018183201256536,12.016696261862515,pre-1930,0.142,0,0,Brooklyn,100,8.701169219613885
31790,4.403054001865957,10.85232291588601,pre-1930,0.132,0,0,Brooklyn,100,11.228559259689472
31792,2.6026896854443837,10.35028652413727,pre-1930,0.879,0,0,Manhattan,100,7.6760698522356545
31793,2.667228206581955,10.584055950889214,1930-59,0.83,0,0,Manhattan,100,8.354430379746836
31794,3.8649313978942956,10.599281228036979,2000-09,0.622,0,0,Manhattan,100,6.233481274622251
31795,3.8958936234982624,11.320541451037188,1930-59,0.20199999999999999,0,0,Manhattan,100,10.545582370695401
31796,3.711130063048756,10.445986246756984,2000-09,1.0,0,0,Brooklyn,100,5.81293960355752
31798,4.210645017918261,10.775471056848307,pre-1930,0.413,0,0,Manhattan,100,3.55403173541279
31799,3.487375077903208,10.820078239419281,1930-59,0.515,0,0,Manhattan,100,12.196341097670699
31800,4.33990170837321,10.664246651506094,1930-59,0.237,0,0,Brooklyn,100,12.150100471984672
31801,4.464758032271346,11.033598508263609,1960-79,0.163,0,0,Brooklyn,100,12.112403100775193
31802,4.02535169073515,11.157349916474796,pre-1930,0.275,0,0,Manhattan,100,3.424804144013014
31806,4.4520190064939165,12.175768065265318,1980-99,0.29,0,0,Manhattan,100,7.988455393495851
31807,4.096009841541162,10.338511462885837,1930-59,0.341,0,0,Brooklyn,100,9.70873786407767
31808,3.8110970868381857,10.484445398482496,2010+,0.675,0,0,Brooklyn,100,7.831072577261922
31809,4.570578741218473,10.267262233590083,pre-1930,0.114,0,1,Manhattan,100,10.078192875760209
31810,3.751854253275325,10.274361215874674,2000-09,0.423,0,0,Brooklyn,100,11.387163561076605
31811,4.308110951723713,10.736396675471232,1930-59,0.135,0,1,Queens,100,10.43478260869565
31812,4.502029427068578,11.247513561164176,2000-09,0.335,0,0,Brooklyn,100,8.214998239643235
31814,4.2710950739666,11.649726506462374,1960-79,0.158,0,0,Brooklyn,100,9.680795395081109
31815,2.9444389791664403,10.151869908713964,1980-99,0.8490000000000001,0,0,Manhattan,100,3.510277311907641
31817,3.591817741270805,10.35035048934022,2010+,0.606,0,0,Manhattan,100,7.675578866572854
31818,4.799914262780603,10.72220955600414,pre-1930,0.281,0,1,Manhattan,100,4.409948844593403
31819,4.364371699435161,10.839306364217828,pre-1930,0.217,0,1,Manhattan,100,7.256894049346879
31821,4.554928969551344,10.142740645583405,1980-99,0.22399999999999998,0,0,Manhattan,100,6.297724946862945
31822,4.5685062016165,10.3307793818704,1930-59,0.324,0,0,Manhattan,100,13.045463440088708
31823,4.406719247264253,12.823930387048405,1960-79,0.18899999999999997,0,0,Brooklyn,100,8.78729884902558
31824,4.463606621666305,10.56553098804474,pre-1930,0.19899999999999998,0,0,Brooklyn,100,9.026434558349452
31825,4.316153890523174,11.069758489678053,1930-59,0.24,0,0,Manhattan,100,7.4766355140186915
31826,4.775756486563625,10.516779507846609,pre-1930,0.34600000000000003,0,0,Manhattan,100,3.7909558624424586
31827,4.26549281841793,11.079060882340366,1930-59,0.115,0,0,Brooklyn,100,8.487654320987655
31828,4.385769620952716,11.27720313144916,1930-59,0.16,0,0,Brooklyn,100,10.632911392405063
31829,4.633757642840004,11.35201700267959,pre-1930,0.233,0,0,Manhattan,100,11.15848573475692
31830,4.359269647551265,11.44646509826996,2000-09,0.218,0,0,Bronx,100,8.656620711766593
31831,4.191168746857641,11.498867107719189,1930-59,0.133,0,0,Brooklyn,100,12.06847592389761
31832,4.363098624788363,11.505276284438613,1930-59,0.198,0,0,Manhattan,100,12.092142122977085
31834,4.3694478524670215,10.401410290946595,1980-99,0.289,0,0,Manhattan,100,8.81298243481432
31835,4.180522258463153,10.203999469426009,pre-1930,0.21,0,0,Manhattan,100,4.812854022435304
31836,4.089332020398556,11.116499381512734,1930-59,0.195,0,0,Brooklyn,100,9.662266619098585
31837,4.415219602029645,11.257194153750275,1930-59,0.161,0,0,Queens,100,11.622651255892038
31838,4.351567427189173,11.33634340570348,1930-59,0.138,0,0,Brooklyn,100,8.709866011239306
31840,4.774068722449905,10.479201636203978,pre-1930,0.134,0,1,Manhattan,100,17.150247413405307
31841,4.092676505121403,10.836851700599572,pre-1930,0.166,0,0,Manhattan,100,4.718743241383378
31842,3.914021008090819,10.52570248222807,1930-59,0.575,0,0,Manhattan,100,3.4889026059418695
31843,4.499809670330265,10.521345294054358,pre-1930,0.14400000000000002,0,1,Manhattan,100,10.781961777945497
31844,4.480740107609915,10.930227828966443,1930-59,0.57,0,0,Brooklyn,100,9.670660291194325
31845,4.461299815568389,10.368824057681683,pre-1930,0.12300000000000001,0,0,Brooklyn,100,12.24451351605915
31846,3.927896354584436,10.55791989196796,2000-09,0.38799999999999996,0,0,Manhattan,100,9.095397728749253
31847,4.3294166844015844,10.610167747378657,1930-59,0.166,0,0,Manhattan,100,12.085337279565914
31848,4.223909766576744,10.613418101130419,pre-1930,0.163,0,1,Manhattan,100,8.850210192492073
31849,4.365643155423357,10.673595774232203,1930-59,0.11699999999999999,0,0,Brooklyn,100,8.333333333333334
31850,4.097672352314776,10.767052385387204,1960-79,0.22399999999999998,0,0,Bronx,100,10.963062911114859
31851,3.3978584803966405,10.765300979067026,1960-79,0.971,0,0,Manhattan,100,7.1807218737460135
31852,4.61512051684126,10.86915875050772,pre-1930,0.36,0,0,Manhattan,100,3.2361843482895813
31853,3.949318790171843,10.905680713410986,1930-59,0.237,0,1,Queens,100,11.929888960264293
31854,3.091042453358316,10.915542906394663,pre-1930,0.963,0,0,Manhattan,100,11.994547932757838
31855,4.02535169073515,11.257826742414467,1930-59,0.204,0,0,Brooklyn,100,7.614475246502503
31856,4.416428061391214,11.335245121065762,1930-59,0.14400000000000002,0,0,Queens,100,8.599992833339305
31858,4.087655574071304,10.854141063037792,pre-1930,0.294,0,0,Manhattan,100,11.981139367705032
31859,4.411585436915426,10.91188333326566,pre-1930,0.16399999999999998,0,1,Manhattan,100,12.220925142273458
31860,4.128745988939433,11.27677265906238,1930-59,0.23800000000000002,0,1,Manhattan,100,8.864574627054681
31862,4.607168188650764,11.036356329882327,pre-1930,0.209,0,1,Manhattan,100,2.737916928379314
31863,4.314817884980432,11.06858958247307,pre-1930,0.17800000000000002,0,0,Brooklyn,100,9.356725146198832
31864,4.060443010546419,11.25462094856243,1980-99,0.431,0,0,Brooklyn,100,7.250504945880159
31870,4.294560608892605,10.13547190851582,1930-59,0.484,0,0,Brooklyn,100,0.7929585282689715
31875,4.797442073635214,10.798636360656856,pre-1930,0.10400000000000001,0,1,Bronx,100,15.116231564325693
31879,4.162003210695915,11.162772066593137,1930-59,0.142,0,0,Brooklyn,95,7.5222118141304035
31880,4.216562194946349,11.162772066593137,1930-59,0.142,0,0,Brooklyn,95,7.5222118141304035
31881,4.0943445622221,12.193569809806394,1930-59,0.24600000000000002,0,0,Manhattan,100,4.354099688631243
31882,4.45898767581001,11.097410021008562,1930-59,0.214,0,0,Brooklyn,95,9.84848484848485
31883,2.6026896854443837,10.422281345951296,pre-1930,1.0,0,0,Brooklyn,95,13.690476190476192
31884,3.086486636822455,10.422281345951296,pre-1930,0.6940000000000001,0,0,Brooklyn,95,13.690476190476192
31885,4.596129441335942,10.673595774232203,1930-59,0.17300000000000001,0,0,Brooklyn,95,11.11111111111111
31886,4.520701029361642,10.645424897265505,pre-1930,0.187,0,0,Brooklyn,95,10.952380952380953
31887,4.604169685654508,10.76766360014283,1930-59,0.11599999999999999,0,0,Brooklyn,95,9.90286761762289
31895,4.380775852772229,10.691944912900398,pre-1930,0.142,0,0,Brooklyn,95,12.272727272727272
31897,4.572646994282532,10.268130666124037,1930-59,0.109,0,0,Brooklyn,95,11.11111111111111
31899,4.354141431184346,10.165851817003619,1930-59,0.151,0,0,Brooklyn,95,13.461538461538462
31900,4.302712827954156,10.815770263012745,1930-59,0.185,0,0,Brooklyn,95,9.638554216867469
31902,4.715816706075155,10.152688638169627,1930-59,0.111,0,0,Staten Is,95,11.691348402182387
31904,4.4796069630127455,10.961277846683982,1930-59,0.107,0,0,Brooklyn,95,8.159722222222223
31905,4.258445572902527,11.912875392390283,1960-79,0.155,0,0,Brooklyn,95,9.38495056142115
31906,4.455509411433685,11.225243392518447,1960-79,0.161,0,0,Brooklyn,95,11.066666666666666
31907,4.2626798770413155,10.82774645405946,1930-59,0.129,0,0,Brooklyn,100,9.325396825396826
31908,4.500920164614292,11.67419361256635,1960-79,0.14300000000000002,0,0,Brooklyn,95,9.617021276595745
31909,3.6082115510464816,11.568606120796785,2010+,0.631,0,0,Brooklyn,100,11.63384597922933
31910,4.6549122778829055,10.874834490158362,1930-59,0.126,0,0,Brooklyn,95,10.410751466969526
31911,4.83150862819882,10.354563171896345,pre-1930,0.15,0,0,Brooklyn,95,11.464968152866241
31912,4.679349584162343,10.848948661710063,pre-1930,0.11599999999999999,0,0,Brooklyn,95,11.460761460761463
31922,2.3702437414678603,10.206735348092,1930-59,1.0,0,0,Brooklyn,95,12.922281705741185
31924,4.470495282661489,11.328521741971949,1930-59,0.152,0,0,Brooklyn,95,10.341510341510341
31926,4.68213122712422,10.3797217315325,pre-1930,0.09300000000000001,0,0,Brooklyn,95,11.801242236024844
31927,4.821087692210561,10.373491181781864,1930-59,0.096,0,0,Brooklyn,95,10.937500000000002
31944,2.8390784635086144,10.697746234464486,pre-1930,1.0,0,0,Manhattan,100,10.16811279826464
31952,2.928523523860541,10.212294906602857,2010+,1.0,0,0,Manhattan,95,6.9760610956087525
31957,4.174387269895637,10.819798284210286,pre-1930,0.11,0,0,Brooklyn,90,8.599828003439931
31960,4.783316371371566,10.268130666124037,1930-59,0.107,0,0,Brooklyn,100,10.76388888888889
31965,4.437934266612178,10.422281345951296,1930-59,0.149,0,0,Brooklyn,100,4.761904761904762
31983,4.667205576907544,10.73726586283582,pre-1930,0.124,0,0,Bronx,100,13.900955690703736
31984,4.687671407499835,10.307618437631156,pre-1930,0.13699999999999998,0,0,Brooklyn,100,12.683578104138853
31985,3.7232808808312687,10.769368809865203,2010+,0.828,0,0,Manhattan,95,1.8930629758949982
31989,4.350277936359301,10.3402252039484,pre-1930,0.379,0,0,Bronx,100,13.892029851710658
32050,4.32280727501391,11.047455542925034,pre-1930,0.17,0,0,Brooklyn,100,7.6452599388379205
32055,2.91235066461494,11.036565678085516,pre-1930,0.732,0,0,Bronx,100,10.627334793250032
32136,4.4331949212482815,11.089301477871125,pre-1930,0.16399999999999998,0,0,Manhattan,100,3.971466540394397
32138,4.749270529961848,10.654195843620604,pre-1930,0.124,0,0,Bronx,100,11.999055935803636
32150,4.821893169499378,12.9633113723493,1960-79,0.354,1,0,Manhattan,100,9.871598870745364
32167,4.5612182984589085,11.03746698504153,1930-59,0.08800000000000001,0,0,Brooklyn,0,9.652509652509652
32177,4.316153890523174,11.162658517326827,1930-59,0.11,0,0,Brooklyn,10,9.084457061745919
32178,4.321480134805848,10.15603455421958,pre-1930,0.138,0,0,Manhattan,100,5.049328050959372
32182,4.355425952876702,12.991336274997252,1960-79,0.484,0,0,Unknown,100,9.781188653821161
32187,4.460144413937834,11.088583301092376,pre-1930,0.11900000000000001,0,0,Brooklyn,100,10.700091715071844
32189,4.410371107683024,10.642444269127367,pre-1930,0.18100000000000002,0,0,Brooklyn,100,10.029850746268657
32190,4.291828366755733,10.526480473172866,pre-1930,0.166,0,0,Brooklyn,100,11.263073209975866
32191,4.235554730773624,10.972928463903958,pre-1930,0.196,0,0,Brooklyn,100,9.438009438009438
32192,4.254193263163997,10.541650424763313,pre-1930,0.263,0,0,Unknown,100,10.829371368198627
32203,3.9415818076696905,10.266323478588333,2010+,1.0,0,0,Brooklyn,100,11.826909698065952
32204,4.418840607796598,10.373491181781864,pre-1930,0.147,0,0,Queens,100,13.75
32205,4.189654742026425,11.816224948317085,1930-59,0.131,0,0,Queens,100,7.162265934195759
32210,4.400603020246817,10.731209331392293,pre-1930,0.128,0,0,Brooklyn,100,8.522354792185658
32215,4.128745988939433,10.265314203614462,pre-1930,0.18600000000000003,0,0,Queens,100,9.40144155437167
32224,3.2228678461377385,10.704232743694092,2010+,0.6729999999999999,0,0,Bronx,100,8.755387931034482
32226,3.983413001514819,11.926596809625492,pre-1930,0.20199999999999999,0,0,Brooklyn,100,11.99978841016689
32228,4.241326752570746,11.533414131397544,pre-1930,0.18,0,0,Brooklyn,100,11.999608112079946
32242,2.4336133554004498,10.83580910148281,pre-1930,1.0,0,0,Brooklyn,90,11.415525114155251
32243,2.3513752571634776,10.772686676876432,1930-59,1.0,0,0,Brooklyn,85,11.11111111111111
32246,2.72785282839839,11.242873727454583,1930-59,1.0,0,0,Brooklyn,85,11.790290041135012
32247,2.4069451083182885,10.474749545105949,2000-09,1.0,0,0,Brooklyn,85,7.342558599265745
32248,4.364371699435161,12.554572262364106,1960-79,0.14800000000000002,0,0,Unknown,95,7.727920730588451
32249,2.791165107812717,10.184522582266116,pre-1930,0.8340000000000001,0,0,Manhattan,90,18.12004530011325
32253,2.975529566236472,10.647850524480344,pre-1930,0.821,0,0,Manhattan,90,22.801767136953114
32254,4.623991940228679,10.737787012851957,pre-1930,0.551,0,0,Manhattan,90,6.946856547412295
32255,2.8735646395797834,10.184522582266116,pre-1930,0.884,0,0,Manhattan,85,15.477538693846734
32258,4.667205576907544,10.894329015674579,2010+,0.133,0,0,Manhattan,85,13.365509560051978
32259,2.9391619220655967,10.184522582266116,pre-1930,0.8809999999999999,0,0,Manhattan,85,17.74254435636089
32261,3.0155349008501706,10.647850524480344,pre-1930,0.8540000000000001,0,0,Manhattan,85,22.801767136953114
32262,3.3105430133940246,10.95546235835288,2000-09,0.43,0,0,Manhattan,85,6.111829008486711
32278,3.246490991901174,10.252205926758403,pre-1930,0.7609999999999999,0,0,Bronx,100,10.583877227024166
32279,3.7376696182833684,10.555786696570062,2010+,0.72,0,0,Bronx,100,14.5837131175291
32280,3.686376323895818,10.76635641041421,2010+,0.725,0,0,Bronx,100,0.0
32282,4.293195420967266,12.142706769908354,1960-79,0.249,0,0,Manhattan,100,9.588749200937567
32285,4.334672938290411,11.661345470088502,1960-79,0.345,1,0,Manhattan,100,14.137931034482758
32286,4.816241156068032,10.938449814127782,1930-59,0.204,0,0,Manhattan,100,11.367673179396093
32287,4.575741375297279,10.448714603019452,1930-59,0.11800000000000001,0,0,Brooklyn,100,10.144927536231885
32311,4.554928969551344,10.918718232265187,1930-59,0.13,0,0,Brooklyn,100,9.601449275362318
32312,4.308110951723713,10.898589464834572,1960-79,0.155,0,0,Brooklyn,100,11.090573012939
32313,4.73707525686803,10.998192216373221,pre-1930,0.111,0,0,Brooklyn,100,11.71234481143125
32314,4.401829261970061,11.507732002258875,1960-79,0.163,0,0,Brooklyn,100,1.407289760961782
32315,4.388257184424518,10.724016002423166,1960-79,0.156,0,0,Brooklyn,100,9.464277853589822
32317,4.439115601658009,10.827865494592903,1960-79,0.096,0,0,Manhattan,90,19.44212990517002
32325,4.074141854904581,10.168080101762877,pre-1930,0.5479999999999999,0,1,Manhattan,100,3.4538337554685703
32327,4.11251186617755,10.570932235743701,2010+,0.37200000000000005,0,0,Bronx,100,12.825445684237527
32328,4.75960653929251,10.491274217438248,2010+,0.306,0,0,Bronx,100,14.722222222222221
32329,3.8628327612373745,11.166582674313592,2010+,0.667,0,0,Bronx,100,10.179987840570078
32330,4.4953553199808844,10.275051108968611,2010+,0.297,0,0,Bronx,100,14.137931034482758
32331,4.138361447638875,10.669025159683924,2010+,0.348,0,0,Bronx,100,11.627095784015069
32332,3.7864597824528,10.674752512360026,2010+,0.6990000000000001,0,0,Bronx,100,12.947976878612717
32333,4.22829253473184,10.353065235262614,2010+,0.36200000000000004,0,0,Bronx,100,14.0337447772143
32334,4.28771595520264,10.803791168782833,2010+,0.28,0,0,Bronx,100,11.177271526408845
32335,4.210645017918261,10.220558509881696,2010+,0.302,0,0,Bronx,100,14.201441992571555
32336,3.9815490680767565,11.858463624498045,2010+,0.317,0,0,Bronx,100,8.352503981596177
32337,3.66612246699132,10.733086856231573,2010+,0.33299999999999996,0,0,Bronx,100,9.596928982725528
32339,4.197201947661808,10.350318507250188,2010+,0.36,0,0,Bronx,100,14.072344644513386
32341,3.353406717825807,10.767937471740897,2010+,0.43799999999999994,0,0,Bronx,0,14.74491300501327
32342,4.3054155323020415,10.138362026726037,2010+,0.32799999999999996,0,0,Bronx,100,13.441391579363511
32345,3.7999735016195233,11.49837004696103,2010+,0.354,0,0,Bronx,100,10.653949571305361
32346,3.624340932976365,10.983681255680219,2010+,0.428,0,0,Bronx,100,12.223071046600458
32349,3.970291913552122,10.872370734529454,2010+,0.342,0,0,Bronx,100,10.246679316888047
32350,3.8897773964808264,10.749012413516956,2010+,0.503,0,0,Bronx,100,13.738622703074016
32351,4.001863709427935,11.478965290886633,2010+,0.503,0,0,Bronx,100,12.414520851222314
32372,4.500920164614292,10.427801794482674,1930-59,0.193,0,0,Bronx,100,12.431184514295863
32376,4.530446639792155,10.275051108968611,pre-1930,0.141,0,0,Bronx,100,11.03448275862069
32378,4.583946549536464,10.682330661929695,pre-1930,0.27699999999999997,0,0,Bronx,100,8.03139126643567
32381,4.330733340286331,10.532096211958502,pre-1930,0.16399999999999998,0,0,Bronx,100,9.333333333333334
32385,4.3294166844015844,10.236381967809457,pre-1930,0.163,0,0,Bronx,100,8.243727598566307
32386,4.412798293340635,10.283361310977384,pre-1930,0.18899999999999997,0,0,Bronx,100,10.601190069078722
32388,4.283586561860629,10.709092503552526,1930-59,0.187,0,0,Queens,100,7.1490806729072185
32389,4.269697449699962,10.709092503552526,1930-59,0.166,0,0,Queens,100,7.1490806729072185
32390,4.293195420967266,10.709092503552526,1930-59,0.177,0,0,Queens,100,7.1490806729072185
32391,4.3267781604434035,10.709092503552526,1930-59,0.157,0,0,Queens,100,7.1490806729072185
32392,4.22683374526818,10.709092503552526,1930-59,0.161,0,0,Queens,100,7.1490806729072185
32393,4.252771798816619,10.709092503552526,1930-59,0.16899999999999998,0,0,Queens,100,7.1490806729072185
32394,4.276666119016055,10.709092503552526,1930-59,0.165,0,0,Queens,100,7.1490806729072185
32395,4.160444363926624,10.709092503552526,1930-59,0.168,0,0,Queens,100,7.1490806729072185
32396,4.321480134805848,10.709092503552526,1930-59,0.177,0,0,Queens,100,7.1490806729072185
32397,4.2710950739666,10.709092503552526,1930-59,0.14800000000000002,0,0,Queens,100,7.1490806729072185
32398,4.275276264727001,10.709092503552526,1930-59,0.192,0,0,Queens,100,7.1490806729072185
32399,4.225372824628505,10.709092503552526,1930-59,0.153,0,0,Queens,100,7.1490806729072185
32400,4.275276264727001,10.709092503552526,1930-59,0.17600000000000002,0,0,Queens,100,7.1490806729072185
32401,4.279440045898781,10.709092503552526,1930-59,0.172,0,0,Queens,100,7.1490806729072185
32402,4.177459468932607,10.709092503552526,1930-59,0.14300000000000002,0,0,Queens,100,7.1490806729072185
32403,4.26549281841793,10.709092503552526,1930-59,0.171,0,0,Queens,100,7.1490806729072185
32404,4.104294893075269,10.709092503552526,1930-59,0.20600000000000002,0,0,Queens,100,7.1490806729072185
32405,4.222444564849416,10.709092503552526,1930-59,0.16699999999999998,0,0,Queens,100,7.1490806729072185
32406,4.291828366755733,10.709092503552526,1930-59,0.17,0,0,Queens,100,7.1490806729072185
32407,4.178992036282385,10.709092503552526,1930-59,0.17300000000000001,0,0,Queens,100,7.1490806729072185
32408,4.269697449699962,10.709092503552526,1930-59,0.154,0,0,Queens,100,7.1490806729072185
32409,4.259859000699674,10.709092503552526,1930-59,0.163,0,0,Queens,100,7.1490806729072185
32410,4.2626798770413155,10.709092503552526,1930-59,0.158,0,0,Queens,100,7.1490806729072185
32411,4.469350462845557,10.924282433490902,1930-59,0.26,0,0,Queens,100,5.764934784175254
32412,4.276666119016055,10.709092503552526,1930-59,0.16699999999999998,0,0,Queens,100,7.1490806729072185
32413,4.223909766576744,10.709092503552526,1930-59,0.172,0,0,Queens,100,7.1490806729072185
32414,4.209160236650682,10.709092503552526,1930-59,0.187,0,0,Queens,100,7.1490806729072185
32415,4.188138441508461,10.709092503552526,1930-59,0.2,0,0,Queens,100,7.1490806729072185
32416,4.225372824628505,10.709092503552526,1930-59,0.16899999999999998,0,0,Queens,100,7.1490806729072185
32417,4.330733340286331,10.709092503552526,1930-59,0.14800000000000002,0,0,Queens,100,7.1490806729072185
32418,4.175924549214524,10.709092503552526,1930-59,0.19699999999999998,0,0,Queens,100,7.1490806729072185
32439,4.3254562831854875,11.551193801680078,1960-79,0.163,0,0,Queens,100,10.779492016438725
32446,4.468204330914934,10.613000087182337,2010+,0.292,0,0,Bronx,100,14.018691588785046
32449,3.5890591188317256,11.026255724415309,2010+,0.937,0,0,Queens,100,15.618136561081556
32450,3.835141961092188,10.833168237529042,pre-1930,0.972,0,0,Bronx,100,11.051032087461024
32452,3.9982007016691985,10.49573646899098,2010+,0.5720000000000001,0,0,Bronx,100,16.869002516523327
32453,5.248601774302104,10.288749953326773,1930-59,0.172,0,1,Brooklyn,100,10.884353741496598
32456,2.856470206220483,11.631596994687728,2010+,0.777,0,0,Bronx,100,7.992895204262878
32457,3.7495040759303713,11.433286842310011,2010+,0.415,0,0,Bronx,100,8.87974443662353
32458,4.241326752570746,10.594657780211852,2010+,0.304,0,0,Bronx,100,14.027704716815713
32459,4.251348311031766,10.709092503552526,1930-59,0.174,0,0,Queens,100,7.1490806729072185
32461,4.04305126783455,11.544172162303397,2010+,0.35100000000000003,0,0,Bronx,20,11.243142652218584
32463,4.980176086611547,10.364071959865372,2010+,0.22899999999999998,0,0,Bronx,100,19.558359621451103
32464,4.856706811803519,10.332669187261608,pre-1930,0.205,0,0,Brooklyn,100,8.463541666666666
32495,4.454347296253507,11.151223621603087,pre-1930,0.215,0,0,Manhattan,100,3.015118666456087
32496,4.143134726391533,11.736308987489044,pre-1930,0.26899999999999996,0,0,Manhattan,100,2.5593857474206194
32497,4.21803603456465,10.775847295304315,pre-1930,0.19399999999999998,0,0,Manhattan,100,7.314371695471359
32499,4.030694535145645,11.646844282536016,pre-1930,0.196,0,0,Manhattan,100,6.822356336919444
32501,4.168214410788556,11.31019709839861,pre-1930,0.504,0,0,Manhattan,100,3.306797305572566
32502,4.0163830207523885,11.030314698685258,pre-1930,0.624,0,0,Manhattan,100,2.9165383929873454
32503,4.449685283147696,10.994470814039747,pre-1930,0.157,0,1,Manhattan,100,10.748354158269516
32504,2.379546134130174,10.88363532339163,pre-1930,0.885,0,0,Manhattan,100,6.566973750867779
32508,4.238444906195857,10.7758263968811,pre-1930,0.345,0,0,Manhattan,100,7.3145245559038665
32509,3.6375861597263857,12.137456488791596,1960-79,0.977,0,0,Manhattan,100,13.066505298896308
32510,4.194189897191817,10.324071131775993,1980-99,0.31,0,0,Manhattan,100,11.16327937748301
32512,3.258096538021482,10.503833902240531,pre-1930,0.929,0,0,Manhattan,100,4.388972706075984
32513,4.11251186617755,10.40710727605179,pre-1930,0.447,0,0,Manhattan,100,2.4173566205354446
32514,3.3877743613300146,11.223468484968208,1960-79,0.634,0,0,Manhattan,100,4.407816527976278
32515,4.382026634673881,10.345670243579455,pre-1930,0.252,0,1,Manhattan,100,3.8557933294775397
32517,4.428433007488037,10.738264495226737,pre-1930,0.175,0,1,Manhattan,100,8.028468515384281
32518,4.065602093356446,12.015952760663145,pre-1930,0.183,0,0,Manhattan,100,7.437776649009505
32519,4.050044303325521,11.984197040032816,pre-1930,0.253,0,0,Manhattan,100,3.245881787482132
32521,4.483002552013883,11.647517544867064,1980-99,0.301,0,0,Manhattan,100,12.936271381995859
32522,2.760009940032921,10.839992591660524,2010+,1.0,0,0,Bronx,100,9.799886321318672
32548,3.765840495250065,11.127336510866854,1960-79,0.998,0,0,Brooklyn,100,12.000588192044702
32549,3.109060958860994,12.039539788640571,2010+,0.946,0,0,Brooklyn,100,11.999834631671577
32550,2.8791984572980396,10.805375054099539,pre-1930,1.0,0,0,Brooklyn,100,11.999594197017348
32551,3.8372994592322094,10.583549493547418,pre-1930,0.956,0,0,Brooklyn,100,12.001013171225939
32552,4.034240638152395,10.794460476425993,pre-1930,1.0,0,0,Brooklyn,100,11.999999999999998
32557,4.848116364598481,12.425565541302936,2010+,0.209,0,0,Manhattan,95,15.89793206444283
32558,4.8346933442663405,11.445855743045126,1980-99,0.293,0,0,Manhattan,95,9.624330307016137
32563,4.565389315976247,10.50813133450467,pre-1930,0.557,0,0,Brooklyn,0,6.555227794165847
32567,4.835487941050301,10.420613288850598,2000-09,0.29100000000000004,0,0,Brooklyn,100,8.049129501550203
32568,2.4159137783010487,11.159644754099512,1960-79,0.997,0,0,Unknown,100,11.674592101141833
32575,3.0633909220278057,12.921088944173647,2010+,0.6659999999999999,0,0,Manhattan,95,8.071538288442536
32579,4.286341384539473,12.68600494697869,2010+,0.43200000000000005,0,0,Brooklyn,100,13.304743605214222
32580,4.732683506287051,10.753894859294657,1930-59,0.264,0,1,Manhattan,100,13.030846791421004
32582,4.477336814478207,10.627066940216276,1960-79,0.23800000000000002,0,0,Brooklyn,100,14.30788631293045
32590,4.796616650559047,10.474438850135297,pre-1930,0.125,0,1,Manhattan,100,16.102149778242325
32611,3.3178157727231046,11.21626991771934,2010+,0.951,0,0,Brooklyn,100,9.282927485537469
32613,3.3214324131932926,10.867177004780158,2010+,1.0,0,0,Bronx,100,8.96484635779274
32614,4.007333185232471,10.663218037239226,pre-1930,0.748,0,0,Unknown,100,12.396500912195352
32615,3.66612246699132,10.499077029501269,1930-59,1.0,0,0,Bronx,100,12.678463149771236
32616,3.4307561839036995,11.750973392200743,2010+,0.8240000000000001,0,0,Brooklyn,100,4.965438968449759
32617,3.6686767467964168,10.745959501206636,pre-1930,0.665,0,0,Brooklyn,100,9.904827526807631
32618,4.364371699435161,10.401197541154744,1930-59,0.156,0,0,Bronx,100,10.030700021277243
32619,4.400603020246817,11.660517541243085,pre-1930,0.212,0,0,Bronx,100,10.698509110988406
32621,2.8390784635086144,10.203592144986466,pre-1930,0.813,0,0,Brooklyn,100,14.444444444444445
32622,4.1059436980654525,10.293398993717526,pre-1930,0.158,0,0,Brooklyn,100,10.833869384162236
32623,3.4307561839036995,10.945423664010681,2010+,0.526,0,0,Brooklyn,90,5.820721769499418
32626,3.407841924380824,10.689988454829281,2010+,0.856,0,0,Queens,100,13.66306872523569
32628,4.464758032271346,11.272126978417297,1960-79,0.201,0,0,Queens,100,9.287531806615776
32638,4.439115601658009,11.633513451958821,1960-79,0.191,0,0,Queens,100,9.927669834066089
32639,4.56746831880408,11.260919368970917,1930-59,0.18600000000000003,0,0,Queens,100,13.252019968092224
32640,4.437934266612178,11.317931957072364,1930-59,0.17,0,0,Queens,100,11.545379417626757
32641,4.269697449699962,12.586736051764614,1930-59,0.204,0,0,Queens,90,13.121431329467523
32642,4.26549281841793,11.877568578558138,1930-59,0.182,0,0,Queens,100,4.652777777777778
32644,4.2017030805426,12.673024748602177,1930-59,0.213,0,0,Queens,90,12.820311887783088
32645,4.359269647551265,10.953329676834809,1930-59,0.19699999999999998,0,0,Queens,100,10.674786504269916
32790,4.130354999745133,11.944116797649274,2000-09,0.423,0,0,Brooklyn,100,9.356178001286475
32800,3.6402142821326553,10.759900883354868,2010+,0.643,0,0,Unknown,100,9.767698645262668
32802,4.517431271680085,10.400589435082308,1930-59,0.341,0,0,Bronx,100,10.949238115514463
32803,3.8044377947482086,13.249080606258678,1960-79,0.33799999999999997,0,0,Manhattan,100,3.4710720502935435
32804,4.640537329825382,10.301995180076794,1960-79,0.121,0,0,Manhattan,80,20.47529538131042
32806,4.237000862623624,10.759327397501066,1960-79,0.168,0,0,Manhattan,90,11.473006565109314
32808,4.651099117876491,10.465785454671082,1960-79,0.18899999999999997,0,0,Manhattan,90,15.387245683022739
32811,2.928523523860541,10.795198665435892,1960-79,0.62,0,0,Queens,100,12.708563932275652
32816,4.215086179918229,11.238475461287166,1930-59,0.149,0,0,Queens,100,7.894840721588443
32817,4.254193263163997,11.371407982535963,pre-1930,0.17300000000000001,0,0,Brooklyn,100,9.676973411363532
32820,3.490428515390098,10.18701098983905,pre-1930,0.833,0,0,Bronx,100,9.41406838379274
32821,4.194189897191817,10.803160978586845,1930-59,0.146,0,0,Brooklyn,100,8.54075158613958
32822,4.282206299391671,10.239959789157341,pre-1930,0.166,0,0,Bronx,100,7.857142857142858
32823,4.429625613473161,11.49272275765271,1960-79,0.228,0,0,Bronx,100,13.877551020408164
32824,5.100475998096045,10.778956289890028,pre-1930,0.187,0,0,Bronx,100,9.375
32825,3.9454577815143836,12.190959007720126,2000-09,0.669,0,0,Queens,100,10.20304568527919
32826,3.1986731175506815,10.491274217438248,pre-1930,0.6,0,0,Queens,100,10.555555555555555
32832,3.563882963939251,13.043828698749902,2000-09,0.515,0,0,Queens,100,4.045561240494553
32834,2.7212954278522306,10.621327345686446,1930-59,0.695,0,0,Queens,100,14.634146341463415
32835,4.370712874773608,12.385013494164651,1960-79,0.24,0,0,Queens,100,9.783017684685815
32836,4.6491870714048655,10.343354087361625,pre-1930,0.136,0,0,Bronx,100,22.22222222222222
32837,2.8273136219290276,11.269043348506619,1930-59,0.7959999999999999,0,0,Bronx,100,10.720028586742897
32841,3.1441522786722644,10.639334962628102,pre-1930,0.7659999999999999,0,0,Bronx,100,12.696131273206372
32843,2.884800712846709,11.542484267211773,pre-1930,0.669,0,0,Queens,100,9.320388349514563
32861,2.9014215940827497,11.55214617812351,1930-59,0.685,0,0,Queens,100,12.115384615384617
32862,3.190476350346503,10.351373376528244,pre-1930,0.695,0,0,Queens,100,12.140575079872203
32891,4.628886712605407,10.949033045267543,1980-99,0.209,0,0,Manhattan,100,9.490500711787554
32894,4.7561730595246186,10.146904208689893,pre-1930,0.48700000000000004,0,0,Manhattan,100,40.0
32897,3.0204248861443626,11.443146570362313,1980-99,0.851,0,0,Manhattan,100,10.72271070126528
32898,2.5877640352277083,11.280021939683829,2010+,0.446,0,0,Bronx,100,14.011082640142384
32899,4.046553898385752,10.611646490716511,2010+,0.632,0,0,Bronx,100,13.545129910109592
32918,4.808111029984782,10.911536709649823,1930-59,0.16399999999999998,0,0,Queens,100,14.049812973268862
32931,4.5031374604229395,11.016002746373228,pre-1930,0.16,0,0,Bronx,100,7.396449704142012
32932,4.829113417472866,10.505067539570582,pre-1930,0.14300000000000002,0,0,Bronx,100,13.15068493150685
32933,4.186619838331271,10.936778791749008,pre-1930,0.195,0,0,Manhattan,100,8.717930470056578
32934,4.275276264727001,10.745270232235221,pre-1930,0.221,0,0,Brooklyn,100,10.127127774186599
32936,4.09933210373314,11.558281166691026,1980-99,0.268,0,0,Brooklyn,100,12.90137614678899
32937,4.995860008514102,10.21189094780116,pre-1930,0.228,0,0,Bronx,100,14.325068870523415
32938,4.377014092850337,10.739175419878183,pre-1930,0.204,0,0,Bronx,100,10.405827263267431
32939,4.354141431184346,11.265681313291823,pre-1930,0.22,0,0,Bronx,100,10.884179524937576
32940,4.08260930600368,11.135931188837759,1930-59,0.198,0,0,Manhattan,100,9.7679029624446
32942,4.822697998516666,10.645424897265505,pre-1930,0.17,0,0,Bronx,100,14.047619047619047
32951,4.084294226368599,12.107500150156337,1980-99,0.39799999999999996,0,0,Manhattan,100,9.159833577963427
32952,3.720862499966987,10.375520371582963,pre-1930,0.625,0,0,Brooklyn,100,8.732262591610791
32953,4.036008985209137,10.838128877622877,2000-09,0.401,0,0,Bronx,100,9.032714134233986
33000,4.422448549172797,10.308952660644293,1930-59,0.16,0,0,Brooklyn,100,13.0
33351,4.832305758571839,11.027865049090265,pre-1930,0.11599999999999999,0,0,Brooklyn,100,13.156612415943865
33352,4.178992036282385,12.162517753378074,1930-59,0.188,0,0,Brooklyn,100,7.833879964068604
33356,4.516338972281476,11.571194373094205,1930-59,0.10800000000000001,0,0,Brooklyn,100,11.79245283018868
33358,4.180522258463153,10.76415986064727,1960-79,0.21,0,0,Bronx,100,9.303309017866582
33360,4.646312129319266,11.03488966402723,pre-1930,0.091,0,0,Brooklyn,100,9.516129032258064
33362,4.783316371371566,10.962180217202993,1960-79,0.129,0,0,Brooklyn,100,11.447998334836605
33364,4.417635062141249,11.751942365440728,1930-59,0.129,0,0,Manhattan,100,7.874015748031496
33367,4.6443908991413725,11.141861783579396,1960-79,0.18100000000000002,0,0,Bronx,100,13.333333333333332
33368,4.797442073635214,11.164261206783653,pre-1930,0.115,0,0,Brooklyn,100,12.045973102050649
33369,4.590056548178043,10.614965689780798,1930-59,0.09699999999999999,0,0,Brooklyn,100,10.063819342169857
33370,4.693181063310805,10.935104972379959,1930-59,0.11,0,0,Brooklyn,100,12.65326489877388
33371,5.090062427727577,11.02679245379461,1960-79,0.359,0,0,Brooklyn,100,10.40650406504065
33373,4.478472532942134,10.981897133886719,pre-1930,0.149,0,0,Brooklyn,100,10.714285714285715
33374,4.177459468932607,11.83934736573794,1930-59,0.16399999999999998,0,0,Brooklyn,100,7.4314574314574315
33375,4.398146016553765,11.636805432064936,1930-59,0.14400000000000002,0,0,Brooklyn,100,8.48146446619783
33376,4.8307108619020225,10.855917331026156,pre-1930,0.115,0,0,Brooklyn,100,11.381172839506172
33380,4.168214410788556,11.07970882053122,pre-1930,0.185,0,0,Bronx,100,8.01949353813886
33381,4.393213824064446,10.971846798033217,pre-1930,0.182,0,0,Bronx,100,9.27643784786642
33383,4.384523514872469,10.643041105910228,pre-1930,0.141,0,0,Bronx,100,12.649164677804297
33384,4.22829253473184,11.48019564034731,1930-59,0.14,0,0,Staten Is,100,10.642694771647035
33385,4.430816798843313,10.159678957896539,pre-1930,0.179,0,0,Brooklyn,100,13.157894736842104
33395,4.469350462845557,11.512925464970229,2010+,0.74,0,0,Brooklyn,100,11.100000000000001
33434,3.5553480614894135,11.284379848742024,1960-79,0.708,0,0,Unknown,100,7.540625117822267
33445,4.713127327493184,10.558413520275876,pre-1930,0.145,0,0,Bronx,100,12.000000000000002
33446,3.591817741270805,10.461158593533623,pre-1930,0.31,1,0,Manhattan,100,1.1450818733539447
33447,4.26689632742025,10.385419752647138,pre-1930,0.209,0,0,Manhattan,100,12.969367588932807
33448,3.4242626545931514,10.445666483960114,2000-09,0.711,0,0,Brooklyn,100,9.594417793283908
33461,3.4468078929142076,11.546708342937798,2010+,1.0,0,0,Brooklyn,100,7.927607409412583
33486,3.7932394694381792,10.940986558345775,pre-1930,0.293,0,0,Manhattan,95,12.047552397994435
33487,3.2386784521643803,11.00640721779054,2010+,1.0,0,0,Brooklyn,60,10.952720755405831
33490,4.197201947661808,10.823710542937889,pre-1930,0.348,0,0,Manhattan,100,4.980377313385262
33491,4.3476939555933765,11.421906066583059,1930-59,0.163,0,0,Bronx,100,7.995618838992333
33492,4.198704577546343,10.754108456920264,pre-1930,0.267,0,0,Manhattan,100,2.5628977830934176
33493,4.152613470346076,11.399095854221022,1960-79,0.151,0,0,Queens,100,9.30065776941092
33494,3.299533727885655,12.213182311850167,1930-59,0.523,0,0,Queens,100,9.978801253059421
33515,4.712229258281499,11.881609016096935,1960-79,0.215,0,0,Brooklyn,100,10.858814660091435
33525,2.388762789235098,10.882753083571671,pre-1930,0.895,0,0,Manhattan,50,9.95305164319249
33526,2.4765384001174837,10.836045256874154,pre-1930,0.88,0,0,Manhattan,35,11.609602518693428
33582,2.9496883350525844,10.63344870621879,2010+,1.0,0,0,Brooklyn,100,6.506024096385542
33583,3.7013019741124933,11.190651947748828,2010+,0.746,0,0,Bronx,100,14.35472739820566
33584,3.332204510175204,10.254320464991228,2010+,1.0,0,0,Brooklyn,100,12.673825030804437
33587,3.9435216724875173,11.097410021008562,2010+,0.511,0,0,Manhattan,100,4.545454545454546
33588,3.4307561839036995,11.100662302361064,2000-09,0.49200000000000005,0,0,Manhattan,100,5.436834554104054
33590,4.467056883858457,11.075938729539109,pre-1930,0.35200000000000004,0,0,Manhattan,90,15.480355428960648
33591,4.220977213155467,10.973717513311941,1930-59,0.23800000000000002,0,0,Manhattan,90,16.460623103170384
33592,4.514150787600923,11.625208961400443,pre-1930,0.23399999999999999,0,0,Manhattan,90,16.713888615786132
33593,4.1059436980654525,12.209118003716133,pre-1930,0.32,1,0,Manhattan,100,7.3276506654703155
33595,2.760009940032921,12.883428293586755,2010+,1.0,0,0,Manhattan,40,11.987819156636604
33596,3.7612001156935624,11.902193438175821,2010+,0.341,0,0,Manhattan,100,8.333897960566434
33597,4.05871738457895,11.35640030162027,2010+,0.428,0,0,Manhattan,100,7.952193285074435
33641,4.387014176184921,10.858998997563564,2000-09,0.264,0,0,Unknown,100,10.384615384615385
33647,4.646312129319266,10.464616480811362,2010+,0.5539999999999999,0,0,Bronx,100,9.129033178329959
33789,4.220977213155467,10.39674983992153,pre-1930,0.14,0,0,Brooklyn,100,12.212621744573015
33846,2.70805020110221,10.645424897265505,1930-59,0.7509999999999999,0,0,Bronx,100,10.952380952380953
33852,4.991112627607392,10.395130356885344,pre-1930,0.275,0,0,Queens,100,11.926605504587156
33853,3.40452517175483,11.411855730729558,2010+,1.0,0,0,Brooklyn,100,7.301935012778387
33858,3.703768066607687,11.177033060214024,1980-99,0.4,0,0,Brooklyn,100,13.572128165663916
33866,3.996364153861897,11.130199843831553,1930-59,0.19899999999999998,0,0,Queens,100,7.038123167155425
33891,4.485259889315534,11.039829058014245,pre-1930,0.266,0,1,Manhattan,90,12.518657614714236
33941,3.9646154555473165,13.274696406304562,2010+,0.917,0,0,Brooklyn,100,9.51442104576196
33969,4.238444906195857,11.96686322652917,1980-99,0.43700000000000006,0,0,Queens,100,7.748491584630041
33974,4.162003210695915,10.443250426196716,2010+,0.375,0,0,Queens,100,7.286080671485195
34000,4.241326752570746,11.326692267676115,pre-1930,0.18899999999999997,0,1,Manhattan,100,4.336931380107941
34007,4.3067641501733345,12.47579057463799,1930-59,0.18899999999999997,0,0,Queens,100,6.414196755485475
34008,4.297285406218791,11.96374627479919,1960-79,0.22899999999999998,0,0,Queens,100,9.5565749235474
34009,4.500920164614292,11.359937442328421,1960-79,0.19899999999999998,0,0,Queens,100,9.905143682848953
34010,4.380775852772229,11.850796722505148,1930-59,0.205,0,0,Queens,100,12.83916802191218
34011,4.33204826486764,11.4314984662745,1930-59,0.192,0,0,Queens,100,19.527012367107833
34013,4.628886712605407,11.096136483130621,1960-79,0.161,0,0,Unknown,100,12.28836701256144
34015,4.564348191467836,11.502875129116727,pre-1930,0.22,0,0,Unknown,100,8.88888888888889
34016,4.5736795188967205,10.219210285143431,pre-1930,0.163,0,0,Queens,100,12.762078395624432
34017,4.557029810660157,11.33671320834045,pre-1930,0.179,0,0,Queens,100,8.8259147941415
34018,4.35799005684564,12.324921779368555,1960-79,0.19899999999999998,0,0,Queens,100,8.790623335109217
34022,4.350277936359301,11.915372690514975,1960-79,0.204,0,0,Queens,100,13.908577847915051
34043,5.413875707182309,12.3627430054386,1960-79,0.054000000000000006,0,0,Brooklyn,100,5.172664392404306
34044,3.8918202981106265,12.281180118016978,1960-79,0.204,0,0,Queens,100,5.565862708719852
34062,3.8628327612373745,12.746150228349647,2000-09,0.978,0,0,Brooklyn,100,11.974547531087207
34077,4.763881877142913,10.272980000185475,pre-1930,0.115,0,0,Queens,100,13.130615065653076
34126,4.328098292648326,11.343678067663546,1960-79,0.161,0,0,Queens,100,10.659718109676657
34145,4.598145571051127,11.014818613612013,pre-1930,0.172,0,0,Manhattan,95,12.67114270668773
34155,4.6549122778829055,10.13816433966401,pre-1930,0.18600000000000003,0,0,Bronx,100,9.094503756425464
34156,4.738826570800765,10.44581184336149,2000-09,0.203,0,0,Bronx,100,10.465116279069768
34158,3.4111477125153233,10.760219344553063,pre-1930,0.613,0,0,Bronx,100,10.613683160330298
34159,2.917770732084279,10.680516217076775,1930-59,0.8079999999999999,0,0,Bronx,100,9.655172413793103
34162,5.2699178920263385,10.558413520275876,1930-59,0.121,0,0,Bronx,100,9.870129870129869
34163,4.471638793363569,10.524762720858279,2000-09,0.382,0,0,Bronx,100,17.460914414656422
34164,4.51852237926242,10.84556298338401,1980-99,0.247,0,0,Bronx,100,10.135266830390208
34165,4.525044141508807,10.332538970450434,2000-09,0.284,0,0,Bronx,100,17.58041411642141
34166,4.442651256490317,11.165719830979276,1980-99,0.213,0,0,Bronx,100,10.754818441683412
34167,4.247065649239764,10.975054045382041,1980-99,0.252,0,0,Bronx,100,7.876847206287779
34168,4.540098189244376,10.203592144986466,pre-1930,0.187,0,0,Bronx,100,10.37037037037037
34169,4.382026634673881,10.505067539570582,1930-59,0.22399999999999998,0,0,Bronx,100,10.684931506849315
34170,3.6189933266497696,11.065559655746993,2000-09,0.524,0,0,Bronx,100,8.446606497630258
34178,4.554928969551344,11.018629143155449,1930-59,0.188,0,0,Bronx,100,10.0
34193,4.5591262474866845,11.889243219513565,1980-99,0.27,0,0,Manhattan,100,9.060271396311371
34200,4.1728476237100445,11.388597306652839,2010+,0.72,0,0,Brooklyn,100,8.49290559286143
34202,4.768139014266231,10.348654027495844,1980-99,0.233,0,0,Manhattan,100,8.970046452026269
34208,3.104586678466073,10.786965794663733,2010+,1.0,0,0,Unknown,100,9.506882155995536
34209,2.509599262378372,10.96711149228176,1980-99,1.0,0,0,Brooklyn,100,6.904050951896025
34212,4.177459468932607,12.265727385398426,1960-79,0.5529999999999999,0,0,Manhattan,100,10.69271858837273
34298,3.3141860046725258,10.203592144986466,pre-1930,0.7909999999999999,0,0,Bronx,100,11.11111111111111
34367,4.426043520090656,10.484165678200952,1930-59,0.276,0,0,Brooklyn,100,11.190376276402294
34389,4.560172820057356,10.558932865912062,pre-1930,0.12,0,0,Brooklyn,100,11.941848390446522
34494,3.828641396489095,11.02864439642635,2010+,0.516,0,0,Queens,95,12.010257409030414
34495,4.363098624788363,11.115428526511241,1930-59,0.134,0,0,Queens,95,8.928571428571429
34507,4.570578741218473,10.338511462885837,pre-1930,0.096,0,0,Queens,100,11.326860841423947
34508,4.382026634673881,10.491274217438248,pre-1930,0.131,0,0,Queens,100,11.666666666666668
34511,4.4331949212482815,10.758136895861702,pre-1930,0.28300000000000003,0,0,Bronx,100,10.63580864053094
34523,3.9357395320454622,11.475420878428954,2010+,0.5479999999999999,0,0,Queens,100,8.92866412649633
34814,4.954417614098027,10.373491181781864,1980-99,0.132,0,0,Brooklyn,100,23.4375
34815,4.403054001865957,11.515920973950028,1980-99,0.187,0,0,Brooklyn,100,12.163509471585245
34816,4.39197696552705,11.515920973950028,1980-99,0.195,0,0,Brooklyn,100,12.163509471585245
34817,4.390738575275903,11.515920973950028,1980-99,0.18,0,0,Brooklyn,100,12.163509471585245
34818,2.9652730660692823,11.547326891687561,1980-99,0.425,0,0,Bronx,100,11.980676328502415
34858,2.653241964607215,10.564886034781493,pre-1930,0.828,0,0,Brooklyn,100,10.064516129032258
34859,4.213607983048918,11.199310010491944,1960-79,0.16,0,0,Brooklyn,100,8.75752599890531
34869,2.451005098112319,11.089912286142134,2010+,0.622,0,0,Queens,100,11.907124429450288
34870,4.028916756899646,11.062881313464096,2010+,0.24,0,0,Bronx,100,10.97867001254705
34925,4.298645025734831,10.838364485885963,2000-09,0.259,0,0,Brooklyn,100,9.423220385566767
34926,4.155753190350744,10.206181382608348,pre-1930,0.146,0,0,Brooklyn,100,8.865903213889915
34941,4.237000862623624,10.702345187518187,pre-1930,0.185,0,0,Brooklyn,100,7.872244714349977
34942,4.258445572902527,10.143881457256866,pre-1930,0.304,0,0,Brooklyn,100,7.076862590918026
34943,3.7796338173824005,10.668885624799978,2010+,0.595,0,0,Brooklyn,100,14.88475940181873
34944,4.189654742026425,12.478036836739902,2000-09,0.4,1,0,Manhattan,100,8.190226583570787
34945,3.261935314328648,11.56095343398081,1960-79,0.8740000000000001,0,0,Brooklyn,100,9.721692718261533
34984,3.258096538021482,11.89864354423659,2010+,1.0,0,0,Brooklyn,100,9.519470717428112
35023,3.0252910757955354,10.363440845928363,pre-1930,0.662,0,0,Brooklyn,100,9.46969696969697
35024,5.005287687769661,10.469028608490927,pre-1930,0.146,0,0,Brooklyn,100,11.077027948193594
35029,4.464758032271346,12.021662910007807,pre-1930,0.239,0,0,Manhattan,90,5.8922913196928794
35032,4.673762977453703,11.093401999611023,pre-1930,0.248,0,0,Manhattan,100,8.062553243276135
35034,4.446174454497633,11.349712176814208,1960-79,0.293,0,0,Manhattan,100,10.83104743292403
35035,4.341204640153626,10.491274217438248,pre-1930,0.17300000000000001,0,0,Brooklyn,100,10.555555555555555
35038,4.464758032271346,10.195261242891162,2000-09,0.282,0,0,Brooklyn,100,8.9632506722438
35042,4.551769409260976,10.34032212039035,pre-1930,0.134,0,0,Brooklyn,100,7.752939656286341
35045,4.802380355275797,10.627406391762827,pre-1930,0.19699999999999998,0,0,Bronx,100,11.393939393939394
35046,3.109060958860994,13.068968929771108,1960-79,0.809,0,0,Queens,100,7.869148507498898
35049,4.516338972281476,12.061006410233544,2010+,0.61,0,0,Queens,100,0.0
35050,3.910021002757473,10.621327345686446,2000-09,0.158,0,0,Manhattan,100,10.0
35055,4.085976312551584,10.949085768881583,1980-99,0.295,0,0,Manhattan,100,9.314259604231838
35056,3.0252910757955354,12.990939476743431,pre-1930,0.7390000000000001,0,0,Queens,100,14.073166781852228
35058,4.572646994282532,10.87804719253426,1930-59,0.138,0,0,Bronx,100,23.39622641509434
35059,3.6216707044204863,11.454914923466722,pre-1930,0.365,0,0,Brooklyn,100,5.086685600440846
35062,4.585987366571318,11.71831229469518,1930-59,0.244,0,0,Bronx,100,7.41042345276873
35064,3.529297384289471,10.471864846140123,2010+,1.0,0,0,Manhattan,100,12.461765039084625
35293,4.771531723203316,10.379317923304855,pre-1930,0.258,0,0,Manhattan,100,12.42737751266039
35603,4.490881039585964,10.895071268445715,1930-59,0.19,0,0,Queens,100,12.057132257466147
35604,4.443827035579329,11.326595886778735,1930-59,0.163,0,0,Bronx,95,8.795180722891567
35605,4.289088639014612,10.81540875189234,1930-59,0.158,0,0,Manhattan,100,9.642039291310113
35606,4.297285406218791,11.660146475719875,1930-59,0.161,0,0,Queens,90,10.443548735122258
35607,4.198704577546343,10.924228385766748,1930-59,0.159,0,0,Manhattan,100,8.82803351049455
35608,4.333361462692601,11.388178235512212,pre-1930,0.153,0,0,Queens,100,8.04332064527823
35631,4.662495252607361,10.92818415825407,pre-1930,0.158,0,0,Unknown,95,12.920592193808885
35667,4.248495242049359,10.138401559449253,pre-1930,0.439,0,0,Manhattan,100,8.301707779886147
35702,4.178992036282385,10.257659366256743,pre-1930,0.33399999999999996,0,0,Manhattan,100,3.8596491228070176
35714,4.404277243608702,11.662207167685983,1960-79,0.17800000000000002,0,0,Queens,100,8.18260120585702
35715,4.244200317766478,11.827736204810263,1930-59,0.192,0,0,Brooklyn,100,14.89051094890511
35719,3.784189633918261,10.731471523318284,pre-1930,0.322,0,0,Manhattan,100,12.889413204002272
35722,4.289088639014612,11.611865412825132,pre-1930,0.107,0,0,Queens,100,7.971014492753623
35730,4.087655574071304,11.970748966712971,2010+,0.6509999999999999,0,0,Brooklyn,100,9.869482421566085
35741,4.742320024135325,11.102307101621264,1930-59,0.087,0,0,Queens,100,9.800373921958869
35742,4.550714000192032,11.396234332970018,1930-59,0.11199999999999999,0,0,Queens,100,9.889196053311755
35782,3.742420221041966,10.726148691628156,2000-09,0.516,0,0,Bronx,100,7.0281786035887635
35783,4.411585436915426,10.439980923050696,1960-79,0.177,0,0,Queens,100,14.035087719298245
35784,2.990719731730447,12.202982877108093,2010+,1.0,0,0,Brooklyn,100,8.024756373411975
35787,2.4595888418037104,10.781827164981712,pre-1930,1.0,0,0,Brooklyn,100,7.893971498608169
35812,2.6026896854443837,11.680683148203704,2010+,0.977,0,0,Brooklyn,100,11.75326597049
35817,4.036008985209137,11.463546127272155,pre-1930,0.255,0,1,Manhattan,95,8.930259923094702
35820,3.374168709274236,10.535264520896195,2010+,1.0,0,0,Brooklyn,85,7.443047396262527
35841,4.35799005684564,11.160527077798756,2000-09,0.295,0,0,Manhattan,100,17.21194879089616
35843,3.910021002757473,10.64951177269684,2010+,0.5539999999999999,0,0,Brooklyn,100,11.856207910461917
35845,3.6189933266497696,11.665294558715056,2010+,0.758,0,0,Brooklyn,100,9.96058698769524
35846,4.33204826486764,12.073032560765604,1980-99,0.336,0,0,Manhattan,90,9.481055024388015
35908,3.535145354171894,10.541174875891706,2010+,1.0,0,0,Unknown,100,10.834522488240578
35931,4.859812404361672,10.649701454032765,1930-59,0.08199999999999999,0,0,Brooklyn,100,11.14272166903746
35938,4.498697941477575,11.13371272800613,1960-79,0.14,0,0,Queens,100,11.25073056691993
35940,4.1956970564823886,11.119882876860622,1930-59,0.17,0,0,Brooklyn,100,9.481481481481481
35943,4.365643155423357,10.691944912900398,pre-1930,0.146,0,0,Brooklyn,100,10.227272727272728
35946,4.22829253473184,11.13750447821044,pre-1930,0.175,0,0,Queens,100,11.790393013100438
35949,4.602165676967792,11.05089000537367,1960-79,0.127,0,0,Brooklyn,100,12.063492063492063
36002,4.454347296253507,11.128732492137603,pre-1930,0.159,0,0,Brooklyn,100,9.544787077826726
36005,4.310799125385514,10.82774645405946,1930-59,0.10800000000000001,0,0,Brooklyn,100,9.325396825396826
36006,4.33729074083249,11.733152768163414,1960-79,0.156,0,0,Brooklyn,100,10.911775089059342
36007,4.464758032271346,10.789525241239263,1960-79,0.18600000000000003,0,0,Brooklyn,100,11.131725417439704
36009,4.6443908991413725,10.341742483467284,1930-59,0.09699999999999999,0,0,Brooklyn,100,14.838709677419354
36010,4.520701029361642,10.491274217438248,pre-1930,0.10800000000000001,0,0,Brooklyn,100,13.055555555555555
36012,4.3254562831854875,11.164785423481334,1960-79,0.17,0,0,Brooklyn,100,10.056657223796034
36013,4.574710978503383,11.359774285476053,pre-1930,0.11699999999999999,0,0,Brooklyn,100,11.188811188811188
36014,4.259859000699674,11.152242499633957,1930-59,0.16699999999999998,0,0,Brooklyn,100,7.601835915088928
36015,4.441474093317302,10.662422473634077,pre-1930,0.115,0,0,Brooklyn,100,12.640449438202246
36016,4.636668853047462,10.337864004138712,pre-1930,0.111,0,0,Brooklyn,100,11.6580310880829
36017,4.457829598089382,10.308952660644293,pre-1930,0.128,0,0,Brooklyn,100,12.333333333333332
36018,4.642465970731788,10.268130666124037,pre-1930,0.145,0,0,Brooklyn,100,10.416666666666666
36019,4.456670177669648,11.06788758174224,1930-59,0.107,0,0,Brooklyn,100,9.363295880149813
36020,3.86702563949741,10.822973175306803,1930-59,0.306,0,0,Brooklyn,100,9.370015948963317
36097,2.5572273113676265,11.349300041180426,1980-99,1.0,0,0,Brooklyn,90,15.075495253574541
36098,4.3528552573736015,11.80053003441873,1930-59,0.162,0,0,Queens,90,8.625668489307921
36099,4.26549281841793,11.862539539538377,1930-59,0.15,0,0,Queens,90,7.613569071990526
36100,4.361823927356363,11.849111946481624,1930-59,0.133,0,0,Queens,90,7.716490425835953
36101,4.547541073151455,11.48452599044853,1930-59,0.151,0,0,Queens,90,10.59670781893004
36102,4.416428061391214,10.714417768752456,1930-59,0.12300000000000001,0,0,Brooklyn,100,9.555555555555555
36103,4.450852825603734,11.48452599044853,1930-59,0.158,0,0,Queens,90,10.699588477366255
36105,4.505349850705881,10.812955059062158,1930-59,0.138,0,0,Brooklyn,100,8.860249697946033
36106,4.380775852772229,11.425732253267851,1930-59,0.136,0,0,Brooklyn,100,10.365521003818875
36107,4.484131857611035,10.961277846683982,1930-59,0.126,0,0,Brooklyn,100,8.333333333333334
36109,3.0106208860477417,11.041320554357519,1930-59,0.718,0,0,Brooklyn,100,9.294871794871794
36114,4.403054001865957,11.398647529267592,1930-59,0.13699999999999998,0,0,Brooklyn,100,9.416934787726595
36116,4.244200317766478,11.272126978417297,1930-59,0.147,0,0,Brooklyn,100,8.396946564885496
36117,4.721173861744398,10.210972252284089,1930-59,0.133,0,0,Brooklyn,100,11.76470588235294
36120,4.583946549536464,10.828995673459891,1960-79,0.195,0,0,Brooklyn,100,9.908249608624141
36123,4.533674184283021,10.929529148369403,1930-59,0.122,0,0,Brooklyn,100,8.422939068100359
36124,4.470495282661489,11.302204433654575,1930-59,0.141,0,0,Queens,100,9.62962962962963
36125,4.384523514872469,10.86283777387073,1930-59,0.13,0,0,Queens,100,9.578544061302681
36127,4.492001487882454,11.09265631579205,1930-59,0.142,0,0,Queens,100,10.199887344527836
36131,4.279440045898781,12.0163396920602,1980-99,0.212,0,0,Manhattan,95,12.935515849029231
36167,2.322387720290225,10.766272016887141,2010+,1.0,0,0,Brooklyn,100,12.659563245068046
36168,4.532599493153256,11.01541085526391,pre-1930,0.14800000000000002,0,0,Manhattan,100,6.085125978554043
36210,3.634951112088381,11.119882876860622,2010+,0.253,0,1,Bronx,100,8.592592592592593
36216,4.122283930911342,11.146200185177994,1980-99,0.289,0,0,Manhattan,100,11.976911976911977
36220,4.460144413937834,11.172559658233004,pre-1930,0.19899999999999998,0,1,Manhattan,100,11.946423802898062
36226,2.917770732084279,10.239959789157341,pre-1930,0.752,0,0,Brooklyn,100,11.428571428571429
36248,3.4372078191851885,10.488993841578681,2010+,0.98,0,0,Manhattan,100,9.466005902333093
36249,4.005513348515485,10.691626680451641,2000-09,0.743,0,0,Manhattan,100,11.36725321693266
36255,4.519612297626445,10.720532369752311,pre-1930,0.23199999999999998,0,1,Queens,100,13.252054068380598
36275,4.286341384539473,11.242493745924975,1930-59,0.21100000000000002,0,1,Manhattan,100,19.657951641438963
36280,4.213607983048918,10.401227936753463,1960-79,0.16,0,0,Bronx,100,28.87537993920973
36281,2.509599262378372,11.283185203126706,2010+,0.782,0,0,Bronx,100,11.198630998817222
36282,4.410371107683024,11.255190468886399,1960-79,0.166,0,1,Queens,100,10.99896480331263
36283,4.297285406218791,12.01833243430936,1930-59,0.162,0,0,Queens,100,9.471182268981577
36285,4.291828366755733,11.690217729381589,1930-59,0.17600000000000002,0,0,Queens,100,8.207842677431783
36286,4.635699391022914,11.461168905397194,1930-59,0.18,0,0,Queens,100,10.320569526938792
36290,4.200204952921578,11.207418807605896,pre-1930,0.23199999999999998,0,0,Manhattan,100,7.872412623006447
36296,4.534747721691546,12.21723016822605,1960-79,0.129,0,0,Queens,100,9.345147445659698
36301,3.9982007016691985,12.0637080692397,1930-59,0.192,0,0,Queens,100,7.494480027210727
36307,4.373238128640803,12.650181377230542,pre-1930,0.42200000000000004,0,0,Manhattan,100,11.673401321275094
36308,4.411585436915426,13.030513404174398,1960-79,0.223,0,0,Manhattan,100,7.322618340308821
36309,4.091005660956586,11.715286549101908,pre-1930,0.22699999999999998,0,0,Manhattan,100,9.229839335451569
36310,3.9259259105971376,11.757493856493232,2010+,0.536,0,0,Manhattan,100,7.83042433069448
36311,4.32280727501391,11.93687206662366,pre-1930,0.32299999999999995,0,0,Manhattan,100,11.780258903912355
36314,4.4331949212482815,11.761089380036578,1930-59,0.192,0,0,Manhattan,100,11.859527023336739
36315,3.407841924380824,11.811688417082784,pre-1930,0.35100000000000003,0,0,Manhattan,100,6.37892285212025
36318,4.454347296253507,12.425974949673428,1960-79,0.313,1,0,Manhattan,100,4.81558322732362
36319,4.278054044290903,12.911595431407953,pre-1930,0.45899999999999996,0,0,Manhattan,100,7.160829767322418
36324,4.454347296253507,12.048236850666175,1930-59,0.287,0,1,Manhattan,100,12.880712888909706
36329,4.30406509320417,10.682307714834224,1930-59,0.191,0,0,Manhattan,100,12.621047317453762
36330,3.529297384289471,10.53876724439254,2010+,0.975,0,0,Brooklyn,95,10.065958517655162
36340,4.300002799195291,10.811746112713019,1930-59,0.217,0,0,Unknown,100,7.056451612903225
36343,3.414442608412176,10.785600832608697,pre-1930,1.0,0,0,Brooklyn,10,8.278145695364238
36346,3.4965075614664802,10.26283891167827,1960-79,0.434,0,0,Unknown,100,10.471935213627477
36347,4.902307417210627,13.31692966061472,1930-59,0.223,0,0,Bronx,100,14.438780886149306
36360,4.4343818650078095,12.07790399054634,1930-59,0.124,0,0,Queens,100,10.571725748972666
36365,4.321480134805848,10.794911656680155,2010+,0.165,0,0,Queens,90,33.83088657426392
36550,4.203198967134183,11.228704064147427,1930-59,0.16,0,0,Bronx,100,7.839489768801489
36551,3.9889840465642745,10.90014094089474,1930-59,0.35100000000000003,0,1,Bronx,100,10.150597962498155
36552,4.3294166844015844,11.451050061252142,1930-59,0.115,0,0,Bronx,100,21.48936170212766
36553,4.517431271680085,10.645424897265505,1930-59,0.127,0,1,Queens,100,11.190476190476192
36600,3.100092288878234,10.893623364868153,2010+,1.0,0,0,Brooklyn,100,11.145786892554614
36609,4.04305126783455,12.392477520886764,2010+,0.963,0,0,Queens,90,12.24157820916085
36818,3.751854253275325,10.419300717813158,2000-09,0.7490000000000001,0,0,Queens,90,9.55223880597015
36825,4.21803603456465,10.66788505462424,2010+,0.26899999999999996,0,0,Bronx,90,11.174745076127952
36827,4.110873864173311,11.28667709870254,2010+,0.34299999999999997,0,0,Bronx,90,7.523322299127295
36828,3.077312260546414,10.981131534768041,2010+,1.0,0,0,Brooklyn,80,15.147647008765212
36829,3.6000482404073204,11.690510823663743,pre-1930,1.0,0,0,Brooklyn,80,10.801034889854563
36835,3.9180050771056933,12.580088365364748,2010+,0.35,0,0,Bronx,80,6.226093178128181
36843,4.155753190350744,11.037177367816934,1930-59,0.252,0,0,Brooklyn,100,9.494383830581572
36847,4.333361462692601,11.172545603517998,pre-1930,0.174,0,1,Queens,100,11.946591707659874
36859,4.478472532942134,11.58375664573082,pre-1930,0.13699999999999998,0,0,Bronx,100,11.645239426122602
36860,4.625952725170619,10.36567949988784,pre-1930,0.142,0,0,Bronx,100,12.598028408554061
36862,4.476199804691132,11.021902468500418,1930-59,0.168,0,0,Brooklyn,100,8.986928104575163
36863,4.241326752570746,11.010398644018933,1930-59,0.152,0,0,Brooklyn,100,9.586776859504132
36865,4.925077405734609,10.49543222758691,pre-1930,0.13699999999999998,0,0,Manhattan,100,12.171507607192254
36866,4.590056548178043,11.241274209590975,pre-1930,0.141,0,0,Manhattan,100,10.75946045242219
36867,4.417635062141249,10.878688496289003,pre-1930,0.138,0,0,Manhattan,100,9.239355884904024
36869,4.783316371371566,10.298902324790792,1930-59,0.087,0,0,Brooklyn,100,11.784511784511784
36870,4.562262684976814,10.596634733096073,1930-59,0.10099999999999999,0,0,Brooklyn,100,10.5
36871,4.478472532942134,11.061829945412004,1930-59,0.146,0,0,Queens,100,11.932237451525287
36872,4.428433007488037,10.868568448579715,1930-59,0.107,0,0,Brooklyn,100,10.095238095238095
36873,4.554928969551344,11.093934290680341,1960-79,0.298,0,1,Brooklyn,100,11.25115932553861
36874,4.598145571051127,10.747207591575448,pre-1930,0.125,0,0,Brooklyn,100,11.397849462365592
36875,4.509760001183433,10.32068358351999,1930-59,0.175,0,0,Brooklyn,100,8.89503854516703
36876,4.661550519424199,10.479538961219825,1930-59,0.122,0,0,Brooklyn,100,9.836987071388421
36877,4.484131857611035,11.018629143155449,1930-59,0.128,0,0,Brooklyn,100,11.311475409836065
36878,4.417635062141249,10.727662995502477,1930-59,0.094,0,0,Brooklyn,100,10.526315789473683
36881,4.51085950651685,10.308952660644293,pre-1930,0.10300000000000001,0,0,Brooklyn,100,10.333333333333334
36883,4.5736795188967205,10.307084249584264,pre-1930,0.139,0,0,Brooklyn,100,10.352658295484906
36884,3.475067230228611,11.843674210764698,2000-09,0.746,0,0,Bronx,100,7.255695002191076
36885,3.5467396869528134,11.027848806226972,2000-09,1.0,0,0,Brooklyn,100,13.31925607081946
36888,2.302585092994046,10.444211726647982,2010+,0.9570000000000001,0,0,Manhattan,90,8.152569515213278
36964,5.32544603393629,10.14013945387513,pre-1930,0.105,0,0,Manhattan,100,10.655090765588003
36990,4.039536325727106,10.689806263983868,pre-1930,0.22,0,1,Manhattan,100,8.199334942832415
36996,2.5726122302071057,11.67037355948816,2010+,0.953,0,0,Manhattan,80,4.186173666404675
36997,2.5726122302071057,11.67037355948816,2010+,0.953,0,0,Manhattan,80,4.186173666404675
37040,4.289088639014612,10.263118124300494,1930-59,0.281,0,1,Manhattan,95,12.56281407035176
37132,3.4965075614664802,10.899679443604768,pre-1930,1.0,0,0,Brooklyn,100,11.817057183478278
37166,3.1986731175506815,10.366938509842946,2010+,0.489,0,0,Queens,100,6.605643106539587
37179,3.044522437723423,10.46310334047155,pre-1930,0.72,0,0,Manhattan,100,13.714285714285714
37180,4.335982696172475,10.465956409453957,pre-1930,0.19,0,0,Brooklyn,100,9.116809116809117
37187,4.248495242049359,10.953154665021064,pre-1930,0.11900000000000001,0,0,Bronx,100,7.526166555816151
37205,2.9444389791664403,10.923795898779666,2010+,1.0,0,0,Brooklyn,100,7.209675384365819
37218,4.632785353021065,11.13575622601691,pre-1930,0.139,0,0,Manhattan,100,8.165645960921552
37225,4.334672938290411,10.874266469694353,1930-59,0.079,0,0,Unknown,100,8.143939393939394
37228,4.175924549214524,10.184862275413241,pre-1930,0.361,0,0,Manhattan,100,5.283218234650364
37237,4.368181227851829,10.40486871747412,pre-1930,0.342,0,0,Brooklyn,100,6.965475469412477
37458,4.553876891600541,10.241886503279616,pre-1930,0.11800000000000001,0,0,Brooklyn,90,11.05011763028445
37460,4.194189897191817,10.474043280509886,1980-99,0.46399999999999997,0,0,Brooklyn,90,2.2608449908153174
37575,3.66612246699132,10.40456582484724,2010+,0.544,0,0,Brooklyn,100,11.511663132384125
37606,3.8155121050473024,13.600951305896857,2010+,0.586,0,0,Brooklyn,95,10.658113736945358
37646,3.6402142821326553,10.660548058839726,pre-1930,0.669,0,0,Manhattan,100,1.4071294559099436
37704,4.693181063310805,10.46310334047155,pre-1930,0.11800000000000001,0,0,Brooklyn,100,14.0
37784,3.2068032436339315,10.421239136372852,2010+,1.0,0,0,Brooklyn,100,12.000595858781468
37811,2.5877640352277083,11.279895705746931,2010+,0.446,0,0,Unknown,100,14.012851425902314
37814,3.6454498961866,10.354435775246705,2010+,1.0,0,0,Bronx,85,13.696012230857434
37821,4.6210435351443815,10.474467099121865,1930-59,0.127,0,0,Brooklyn,100,9.887005649717514
37822,4.448516375942715,10.839580911706463,1930-59,0.11199999999999999,0,0,Brooklyn,100,9.411764705882353
37823,4.37449836825309,11.195690990256423,1930-59,0.163,0,0,Brooklyn,100,8.926609536365634
37824,4.557029810660157,10.961277846683982,1930-59,0.098,0,0,Brooklyn,100,8.159722222222223
37825,4.32280727501391,11.184421397998193,1930-59,0.121,0,0,Brooklyn,100,9.166666666666666
37826,4.48863636973214,10.649416918535042,1930-59,0.16699999999999998,0,0,Brooklyn,100,12.568772528931893
37827,2.6741486494265287,10.183918398273716,2010+,1.0,0,0,Unknown,100,6.421394575810229
37830,4.415219602029645,10.961277846683982,1930-59,0.12,0,0,Brooklyn,100,8.333333333333334
37831,4.3294166844015844,10.82774645405946,1930-59,0.131,0,0,Brooklyn,100,9.523809523809524
37832,4.530446639792155,10.422281345951296,1930-59,0.114,0,0,Brooklyn,100,10.714285714285715
37833,4.624972813284271,10.392834144624995,1930-59,0.10800000000000001,0,0,Brooklyn,100,11.03448275862069
38834,4.141546163706395,10.64958290741417,2010+,1.0,0,0,Bronx,0,16.123295791345583
38836,2.517696472610991,11.303327259839381,1930-59,1.0,0,0,Queens,100,9.988778039486503
38838,4.154184562578117,11.057156046952317,pre-1930,0.187,0,0,Manhattan,100,11.830399394283551
38843,3.104586678466073,10.953679608601686,2000-09,1.0,0,0,Brooklyn,100,9.446504793226506
38861,4.351567427189173,10.351373376528244,pre-1930,0.149,0,0,Brooklyn,100,11.501597444089457
38868,3.173878458937465,12.886142185296787,2010+,0.5920000000000001,0,0,Queens,100,21.276434069649927
38908,3.912023005428146,11.020398069485614,2010+,0.315,0,0,Brooklyn,100,8.18223473194999
38963,2.424802725718295,11.601961457708187,1960-79,1.0,0,0,Brooklyn,100,8.96516393442623
38964,4.308110951723713,10.998844548483564,2010+,0.184,0,0,Manhattan,100,7.190034278070395
38965,4.364371699435161,11.49399745508471,1960-79,0.21,0,0,Manhattan,100,8.968152866242038
38967,2.5257286443082556,11.148952526764623,1930-59,1.0,0,0,Brooklyn,100,8.634211624526916
39002,3.0492730404820207,10.25061708363133,pre-1930,0.45899999999999996,0,0,Brooklyn,100,3.8869257950530036
39006,4.604169685654508,10.58139418367979,pre-1930,0.258,0,0,Manhattan,90,7.869018911029318
39011,4.570578741218473,10.203592144986466,1980-99,0.318,0,0,Bronx,100,16.666666666666668
39038,2.379546134130174,10.601696898688338,1980-99,0.9640000000000001,0,0,Manhattan,90,6.71591672263264
39064,2.6602595372658615,10.1633486867855,1960-79,1.0,0,0,Queens,100,14.266435319066897
39065,2.8213788864092133,10.707616917521953,1930-59,1.0,0,0,Queens,100,15.437968452847075
39080,3.58351893845611,10.71944953261348,pre-1930,0.9179999999999999,0,0,Bronx,100,15.91969398810445
39087,4.460144413937834,11.092884645409676,2010+,1.0,0,0,Brooklyn,100,13.089403671121122
