,fitted,resid,cooks
1,3.5845289371821107,-0.01781711704238198,4.1074951155715384e-07
3,4.099321141482522,0.6447410433721874,0.0007314814742183451
6,4.223276010114037,0.05200025461296409,3.4833384883506395e-06
8,4.431104687819418,-0.16280681847387868,1.9750848021818324e-05
9,4.104486850753689,-0.015154830355132987,2.485368442903794e-07
14,4.483480712609885,-0.17402477077083844,0.00012998601040923777
15,4.225216309600078,0.09626382520576993,3.504775364207888e-05
1125,4.175147865541526,0.11119351899794694,5.111627395848237e-05
1128,4.3114199379749865,0.3358514240317403,0.0001744371902797976
1129,4.433845883832686,0.30410541338922403,0.00041888676415205846
1130,4.223256380221442,0.09156150475898972,3.4179777032318066e-05
1131,4.216894277263182,0.3348751319977943,0.0001674050824155629
1179,4.26120167908282,-0.032909144350980135,3.435701183639452e-06
1182,4.568206369461256,-0.344296602884512,0.00010256578959779934
1183,4.349894780080386,-0.2243746003898357,1.7779219059214162e-05
1189,4.27921938841595,-0.23792404728366545,4.2770663680862036e-05
1190,4.338883548744954,-0.11059101401311455,5.972308377464683e-06
1192,4.277090494026349,-0.06941724649724534,2.4581028322820843e-06
1193,4.346671856931758,-0.015938516645427114,2.0195543464730612e-07
1208,3.9769656874607553,0.03580722106753376,1.869693742755834e-06
1220,4.460520684841837,0.1516251148826795,1.1387836787368363e-05
1221,4.31975218449258,0.18005748583768533,1.6791517376237835e-05
1223,4.416427537333519,0.07333179714324523,2.6837758794560424e-06
1224,3.1891124063812,0.3804202901001701,0.00020659269158189827
1236,3.7833690804420974,0.8838364964654466,0.000813986687646183
1237,3.961872367602072,0.2635004570264332,7.019511352634262e-05
1241,4.204508349384528,0.10629077600098569,3.2579490009819103e-06
1242,4.407213529775702,-0.3078814260425622,3.370022910925809e-05
1243,4.485909605342469,-0.16708904657237955,9.275423224118855e-06
1244,4.040952532806412,0.00034280832587274546,1.2298553613186811e-10
1245,4.141344458914613,-0.08090144836819402,2.3714919950737896e-06
1254,4.3554197329030275,-0.019437036730552748,1.8780633040161224e-07
1255,4.362936140593201,-0.033519456191616115,5.439022716460236e-07
1256,4.368128080838511,-0.10404074402931585,5.245344973767869e-06
1257,4.339654874508648,-0.10699869648903526,1.0200798325928785e-05
1258,4.325781695852438,-0.11365409797395376,9.387034455364767e-06
1259,4.285422838416558,-0.15667684947712512,2.5620386835534053e-05
1260,4.477313716447786,0.12685596920672193,8.63462702441961e-06
1261,4.312331536475338,-0.246729443118892,5.425427588648632e-05
1267,4.512605935505535,0.0475668845518209,2.4665090851857893e-06
1269,4.5136261540762606,0.1450847988398607,1.4327431121684727e-05
1279,4.3418622119132815,-0.36405146594713234,0.001430343742400123
1280,3.9562862717887697,-0.23059284455211726,2.0953475167104744e-05
1281,3.847478342164825,0.2780418375257252,0.0002605380375264897
1305,4.313405568669154,-0.018844959776548542,2.0139793403365827e-07
1306,4.137568887658507,-0.3132847965383676,0.00010190413101466023
1313,4.335087162463478,0.33305782268600215,8.008758962888847e-05
1318,4.237815111825451,-0.11877793701297801,9.412329985713697e-06
1327,3.730503947996425,0.5735611452077451,0.00036496912432577264
1339,4.4055569344880325,-0.33653018025022163,0.00011745392149694359
1344,4.553455744236082,-0.23997565209731064,3.181027412953217e-05
1345,4.279483905154881,-0.10049186887249562,4.1083922035213125e-06
1349,3.8827337142127876,0.24601227472664533,7.711438762247819e-05
1353,4.342286833116421,0.06076716874953636,3.026488538084103e-06
1355,4.403730776659683,0.01991753270501828,2.0006698357789287e-07
1356,4.228865982502255,-0.3555838053905398,6.861296954120515e-05
1359,4.475130292647503,-0.06719227618911994,1.5054584087366594e-06
1365,4.420230812299507,0.22799886314903173,2.0177427405790234e-05
1366,4.4139165224670665,0.12511386101648014,6.5003837106542136e-06
1367,4.463798539783478,-0.05586052332509528,1.3576187395853098e-06
1368,4.364582750515088,0.1473750537508245,2.012648864384544e-05
1369,4.393687195842295,-0.2316839851463799,6.895036044976241e-05
1370,4.458419839138442,0.004034044648054014,8.315106622412103e-09
1376,4.306740829763831,0.017391826491147455,1.510522054733872e-07
1379,4.479737885224164,-0.16759737801444885,9.596252915624239e-06
1385,3.591851487475632,-0.6265784214063497,0.00047262387443304125
1390,4.353735762437371,-0.12982599586062715,9.417010819099063e-06
1391,4.343326760906053,-0.40563600872932914,0.00011818858940448968
1392,3.99327005778166,-0.46104441371310045,0.0001415388902576342
1393,4.3427928749265075,-0.13810025553554173,1.6010928503704967e-05
1394,4.384402465720831,-0.11610459637529225,1.2160723407662448e-05
1400,4.332065202163641,-0.14696627667307638,2.694431696606556e-05
1403,4.433296945866657,-0.10916428961167846,6.442126113846648e-06
1411,3.816240950573314,0.5039102803824802,0.001081415231530426
1413,4.103454112230078,0.167640961736522,9.47002772111725e-05
1414,4.244474642550942,-0.05481990052451646,1.2504898065366004e-05
1415,4.290791262302632,0.1785592005429253,0.00011759600235278756
1416,4.104438521443881,0.49269949284694636,0.0008165082099683416
1457,3.5767302752580385,0.6159501876849238,0.0005296941563224809
1463,3.935741598367719,-0.22216953166341114,5.73541552707201e-05
1464,4.329620961487297,-0.3424904835723459,6.535983204614327e-05
1467,4.554218211178643,0.13345319632119157,8.375273936899208e-06
1469,4.458408219223647,0.009796111691287024,3.8914029771726814e-08
1479,4.122903016323343,0.5812071175196527,0.0002490500027571841
1481,4.254400559015953,0.02087570571104802,2.0316744785301378e-07
1483,4.291081146944982,-0.20847184094130178,1.590837206122415e-05
1484,4.109062998662767,-0.30908949704324407,4.119209632431239e-05
1486,4.5403673002831,-0.5644309691113016,0.00022560369530539448
1488,4.025837874879783,-0.23034868570758826,4.9699359798030806e-05
1489,4.2840545106204235,-0.20144520461674364,1.4569278308163574e-05
1492,4.329373704382475,-0.39754807165814965,0.0002849639300869206
1493,4.26541933303544,-0.06671475548909633,2.196016924113272e-06
1500,4.480292183141244,-0.17487665083920234,1.0098222468577557e-05
1501,4.328841815282731,-0.057746741316131,1.5779543813604322e-06
1502,4.4387579210745045,-0.11727778626865693,1.0758874288960101e-05
1504,4.391959040333291,-0.10424308513065128,3.923912528064699e-05
1506,4.415466290433467,0.02246797617871099,9.799614283961999e-07
1508,4.370945823718344,-0.22781109732681148,1.7305918128013566e-05
1509,4.329796171029782,0.02819388581585791,2.76866847561037e-07
1510,4.233845034184643,0.04836126520702777,1.5887129226445658e-06
1514,4.388579632702528,-0.01786675792891934,1.2233893002675023e-07
1517,4.364528745351133,-0.21191527500505636,1.8717340354946223e-05
1527,4.368621743268086,-0.11584994445146712,1.2257921594959565e-05
1528,4.29565574097669,-0.040043031158466746,1.0044161133602537e-06
1539,4.4664862416173525,-0.07080328049598528,2.8164303429504074e-06
1540,4.44658746841799,-0.1014841878487065,3.6176495392736472e-06
1542,4.432035610800158,-0.20083186586086033,2.2027156143987088e-05
1544,4.345566403575931,0.09236786303624722,7.63913049625064e-06
1545,4.5367240236607,-0.16601114888709123,1.5514083749445026e-05
1546,4.347612011299968,-0.34757812854910863,5.525074588898469e-05
1556,4.412047703810575,-0.07084306365694903,2.4849718952347646e-06
1564,4.469217742593385,0.38281252132623234,6.119422719458508e-05
1566,4.465564987032425,-0.19168051097824712,1.5113203726327613e-05
1569,4.376883204736691,0.07630062425351891,2.8116476670694983e-06
1570,4.398678116796162,-0.1559135494557884,2.195406287316602e-05
1572,4.351893415629053,0.021344713011749228,2.1993257868451003e-07
1573,4.456432919485653,-0.07066329853293762,1.628845652400869e-06
1574,4.398187085302065,0.04328700801523677,8.98637995542939e-07
1576,4.4230215112913145,0.05771859631860021,1.613456511202318e-06
1599,4.506182263083209,0.05920705289303729,2.226064368136181e-06
1602,4.431369851328052,-0.3971292131756563,9.089556076019612e-05
1607,4.3937856568907785,-0.13110577984946303,8.074360971934204e-06
1608,4.486399823427094,-0.06755921563049583,4.3028464458967855e-06
1611,4.369503407855064,0.012523226818816902,7.462396003833292e-08
1612,4.342962730417899,0.08785406842541477,4.37307295835674e-06
1613,4.333163971662822,-0.08752996189449558,6.276909075597317e-06
1616,4.319515642286501,-0.0400755963877204,6.229765159445347e-07
1629,4.368688216934797,-0.026182340423198447,3.374396395548734e-07
1630,4.380393610300426,-0.24843218450701876,2.545285457654587e-05
1632,4.482037816999236,0.1642743123200301,2.4941806247040238e-05
1633,4.417723650528597,-0.011004403264343487,4.922164212666416e-08
1635,4.369381380086791,0.02011726942579184,2.0604169711050204e-07
1637,4.3937986318013005,-0.00927511692883165,5.074084729543365e-08
1638,4.466747971418157,0.07228241206538932,2.061336518962487e-06
1639,3.302424671096433,-0.7529795001708615,0.0005604527306055619
1640,3.341641569915797,-0.6402803569643836,0.0003818306977268208
1647,4.584654468678112,-0.1061819357359779,3.6572456483412324e-05
1653,4.2779757619337495,-0.24020155120004283,3.420459862063784e-05
1654,4.301452388657139,-0.09080737073887768,1.0173797448441415e-05
1655,4.479931016788359,-0.07932799654154188,3.4565394132616485e-06
1656,4.393719972158072,-0.289425079082803,5.059446245102385e-05
1657,4.367639725639798,-0.070354319421007,3.874484202266392e-06
1659,4.446039910306639,-0.17076364557963775,6.424322364406922e-05
1660,4.517201828915833,-0.17209854834654958,1.6480963649161222e-05
1661,4.528767007997068,-0.25906955829710654,3.76031813813741e-05
1663,4.287724536907315,0.024415970302400503,3.356642160285138e-07
1665,4.236817226450994,-0.22766751029212529,3.89200512948054e-05
1666,4.370469963586411,-0.21002559965978662,2.7101126499954968e-05
1669,4.264981278009256,0.6140255736085631,0.0003450226351041485
1671,4.33247268599312,0.2826478308481395,4.2961429100097405e-05
1673,4.5356471886208904,0.3959448981349123,0.00018712993107513885
1674,4.439472120755808,-0.11269396031240486,7.739059552853527e-06
1675,4.4604060389723275,-0.1283577741046873,1.1958479103233814e-05
1677,4.408805638451828,-0.09398775347139665,2.7770186095954704e-06
1679,4.410196525660128,0.06486497498094312,2.0376687794783207e-06
1680,4.369357497799619,-0.06124654607590596,1.8783424696612275e-06
1681,4.463769775141005,-0.05705052787675147,1.3330995746958235e-06
1682,4.390965852280655,-0.1568593476833957,1.2420981235448857e-05
1683,4.394343094701298,-0.07685498116498746,5.166896083710174e-06
1684,4.350403625954419,-0.20093976451123918,2.1046484176200335e-05
1686,4.4748244072924015,0.2045251768699412,2.0402131423477717e-05
1689,4.452806070241336,0.15834618742430262,2.1543611051252932e-05
1690,4.353471139944449,-0.12956137336770457,1.4350812994422734e-05
1694,4.028770184503316,-0.2088624679829758,2.4786436152509026e-05
1696,4.2914853067201095,0.16053369977380694,1.2521312582876915e-05
1697,4.371941425753082,0.03964401116234395,7.291769634091684e-07
1699,4.310034507408148,-0.018206140652415215,1.979720792730722e-07
1700,4.40274480375363,-0.1657439411300059,1.3379054564170284e-05
1703,4.435416880789698,-0.0787080541001064,3.4999324408271337e-06
1704,4.498537552109445,-0.07129857461401556,2.0012459131707877e-06
1705,4.365277754903905,0.07383784675410432,2.604627021440633e-06
1706,4.345810096175859,-0.12190032959911434,1.3890974850032181e-05
1709,4.378347625381988,0.14344095166705273,1.1193253905267418e-05
1710,4.440530456538697,-0.08896302934952427,1.0175375960488256e-05
1711,3.30516364751656,-0.4837847611073469,0.0003560804337370107
1712,4.394790286170939,0.04668380714636289,3.2539671822140624e-06
1713,4.08030620994086,0.23851434882922984,7.990972516181459e-05
1715,4.368879311414891,-0.031588570582401054,9.768737751257515e-07
1717,4.0776352387894,0.39056909212553403,0.00019370119691898528
1719,4.245886552709506,0.6762817600644189,0.0014075709510316472
1720,4.231572032618848,0.12385392025785436,2.2998652129706907e-05
1721,4.291192460577704,-0.06874789572828721,6.64273597117927e-06
1722,4.293792548963195,0.08698330380903396,1.1045007342620422e-05
1725,4.244529638211344,-0.19622901449065022,4.795579559837066e-05
1726,4.318657500869183,-0.0011693873328733062,9.357227702367092e-10
1728,4.440085338967711,-0.24589544177589406,5.8411091044508514e-05
1729,4.101522411365893,0.017514763446579984,4.3002260435471766e-07
1733,4.277620061959302,0.3032574314597447,0.00011935729740039096
1734,4.279811821939571,-0.1478503961461639,1.0371890789118871e-05
1735,4.549683005399441,-0.011721569104799379,4.910268110280782e-08
1736,4.256445475780389,-0.3090553265149514,4.264808929115279e-05
1742,4.065352264106782,0.26932067418362937,5.526600472921157e-05
1745,4.281507901690154,-0.02589519187193101,5.213659445023522e-07
1746,4.307911772332513,-0.009266746597682562,4.6838017214873645e-08
1747,4.1591778874767344,0.08070898003602434,6.22753524123758e-06
1748,4.304210400066592,0.09761886190346925,5.1228521867852365e-06
1750,3.6608365905067526,-0.43003219477327814,0.00021869820124168851
1751,4.000788272244034,0.352066985129567,0.00012653912447258987
1752,4.45160428632923,0.10332468322211419,0.00011453758750173329
1755,4.321411046577957,-0.05171359687799537,1.8758956548031365e-06
1756,4.4053060272077325,0.12514061258442233,0.00016824166512725104
1758,4.384247563254855,-0.4965172503957538,0.0007674146024622832
1762,4.227592024777351,0.06833191084311885,4.1474644023696155e-06
1765,4.046555759028346,0.15364919389323273,9.01479607259458e-05
1769,4.3170683163754635,-0.09023457110728383,1.1603170727084375e-05
1771,4.364630849060036,-0.15695760153093197,7.987237162628013e-06
1774,4.401881988031189,-0.13920211098987334,9.332447615540556e-06
1784,4.5676785356601854,0.02845090567575692,2.8645670767550476e-07
1789,4.564718870514688,0.24502348120217743,2.3821227331009815e-05
1792,4.424434647688775,0.03339495040060658,4.5417093282680457e-07
1793,4.39722846215544,0.14925272748397145,8.706141143979682e-06
1794,4.514520661306312,0.15924231614739082,9.224253691295136e-06
1795,4.499165742708243,0.2317556485854091,2.2482151963611e-05
1796,4.418893827163248,-0.1298051881486355,5.978496359053033e-06
1797,4.552024142452284,0.027828235551517366,3.993820434648618e-07
1798,4.1639238162763235,-0.4576957238277739,8.993645430191571e-05
1800,4.285786360416963,-0.18811400810218704,1.6191354062381916e-05
1803,4.536351520882751,0.21723867022361354,2.600204482386612e-05
1808,3.720308277688101,-0.2993082687297659,5.6963723434136486e-05
1828,4.368962941043466,-0.183864015552901,1.444567116598081e-05
1830,4.3484883291403955,-0.5307760031834907,9.094471938194e-05
1831,4.723576275888941,0.23926835437096639,7.970212901026007e-05
1832,4.381692869296813,0.2957979782709037,4.202310255862696e-05
1834,4.4474724025413,-0.07929117468947133,2.350917363011334e-06
1835,4.51214908423949,-0.004591727118398836,8.021062244233496e-09
1836,4.38316296020158,-0.1106722125960049,3.87775953474525e-06
1837,4.349492264118008,0.030031240337755172,5.042196864043328e-07
1838,4.4273859097198285,0.03506797406666795,4.834299579094503e-07
1839,4.50509809627687,0.19810582998258663,1.6361088266021094e-05
1840,4.2417974169045,0.343170061766072,5.777919385065253e-05
1841,4.4866343710476375,0.13243872010944546,6.236348045923133e-05
1843,3.3439824911761415,0.7799208732875038,0.00042629928756067394
1845,4.571609906866948,0.29438489740304163,0.00011094214958895399
1846,4.472289620732472,0.14776917774937015,1.5582002357505027e-05
1848,4.336596288662382,0.17645860841790384,1.2303297203965601e-05
1850,4.466190450532368,0.17916152508855543,2.890632348617493e-05
1851,4.403735641932515,-0.14246520839443377,1.9126181758722056e-05
1852,4.387175882756558,-0.08176035045451613,3.93365156059494e-06
1855,4.4082354576875655,-0.04768785469080772,9.110846481427898e-07
1857,4.543886195525531,0.2796159847795474,3.197299578879634e-05
1858,4.502350673563053,0.18899720866609027,1.4272166247586101e-05
1859,4.407994185380401,0.2861022098020918,3.361206943611794e-05
1861,4.560336367811674,0.19066426638795697,1.6359535081210338e-05
1863,4.379494595128513,-0.15998688995240595,1.098706199717112e-05
1865,4.368569244135489,-0.21910538269230884,2.1277145559033647e-05
1866,4.445985694050412,0.031351120427794754,3.993564676769753e-07
1867,4.416724764029705,-0.12080082840923456,6.194693104541683e-06
1868,4.490813925669542,-0.12263269781771324,6.557408004349523e-06
1869,4.349444882737159,-0.25843922178057266,2.972499180392141e-05
1870,4.4641109919230315,-0.03687201442760202,6.589539613010128e-07
1871,4.423070215705882,-0.013914913643747084,6.716086075540087e-08
1874,4.363566743542611,0.06247677654804473,1.6368889623588645e-06
1875,4.37229185030522,0.10844825730469498,5.116101512749124e-06
1877,4.422180201713852,0.2590246705502368,2.7275693478756525e-05
1878,4.46797064211587,0.3103121615808666,8.076812624465406e-05
1882,4.486527261681597,0.4643580280088848,8.720697689719692e-05
1883,4.3919514728467135,0.14279624884483244,8.445059814940754e-06
1884,4.447484423837769,0.19786755178315474,1.5899528780670988e-05
1885,4.356418189360318,0.07914921224159333,2.6564543410568026e-06
1887,4.431719132698574,0.008576410099283116,5.7000787829484334e-08
1888,4.607879473464739,0.11684994758099165,1.2294703557528627e-05
1891,4.410999887628803,0.28492466162775276,3.321977769323158e-05
1893,4.5241670533236755,0.26498996877743153,2.999380665913992e-05
1896,4.301674583697377,0.027742100704207573,3.0602884565418307e-07
1897,4.264306210517441,0.054514348252648226,2.180497925162243e-06
1898,4.34034592105024,0.07245237229039514,2.7017645316577277e-06
1900,4.324058059483784,0.2085414336694722,4.076672752668329e-05
1901,4.384993025026864,-0.028284198337272137,5.249353759849636e-07
1903,4.329211747208718,0.31325422352307,5.3595864281889496e-05
1905,4.393894774978304,0.11366258214278702,4.6222536802144916e-05
1907,4.364289992209365,0.246862265456274,3.3143443446112896e-05
1908,4.229299545831311,-0.07511498325319366,3.034222399159821e-06
1909,4.340096926067376,0.232550068215156,3.18286639079301e-05
1910,4.3331383507375065,0.34249029889914606,6.34111233881487e-05
1911,4.423501014104857,0.1491459801776749,1.236803791145628e-05
1912,4.381815705269204,0.13233508233171865,9.578184763744176e-06
1914,4.351800585408269,0.12780637760447622,8.905967738452628e-06
1915,4.36022737069327,0.11597243399786183,7.324202475985546e-06
1916,4.432556306753429,-0.21304860157732186,3.617957876554206e-05
1919,4.243700101143784,0.08307805929961987,5.228925242146329e-06
1924,4.357180500910979,0.21028781789310091,0.00015540279824258877
1925,4.321435238504069,0.38629153580911435,0.0005236307253100509
1927,4.294882392408634,0.17789860553371195,3.0198698550805397e-05
1929,4.36119824862395,-0.03706559236897089,7.165047952537951e-07
1930,4.350072318972495,-0.41628782176283563,7.794764136047787e-05
1931,4.319158318846138,-0.38733268612181204,6.681167758223692e-05
1932,4.55317031663894,-0.1599564925744934,2.4886035247503272e-05
1933,4.460801314788679,-0.06635216011623957,2.269612667017901e-06
1934,4.468030771961108,0.19446448064625255,1.939991734568764e-05
1936,4.3800385305927625,0.3795680086997475,0.00012476952476685562
1937,3.156436366175883,0.5019838804533445,0.0004471818572455693
1938,4.372893444603626,-0.21870888202550898,2.2572885224959866e-05
1939,4.355249175725992,0.04902806788270997,1.2234122676669473e-06
1940,4.345528786971816,-0.0004255064025331379,8.623175148362519e-11
1941,4.503659124948649,0.01377214673143623,1.0177578292723733e-07
1942,4.272153932911475,0.14427412847973908,1.1247192963682428e-05
1943,4.283852465304879,-0.08065349817069567,3.4905672194590434e-06
1944,4.492375198328578,-0.1446812427352011,0.00011368971517932566
1945,4.463140330244201,0.28786030395542994,7.655976441693791e-05
1946,4.390775337595675,-0.10718877573504582,1.0249089008619897e-05
1947,4.3947169451086605,0.11504305607477239,9.25176097776025e-06
1948,4.221655821640685,0.43230452851683765,0.00010256958202918822
1949,4.357247135294336,-0.11880222909847848,5.429991710758536e-06
1951,4.392478971945074,-0.17444293738042393,1.2567392083843381e-05
1953,4.443454990061977,-0.07400713759495581,2.1139302978077936e-06
1956,4.423437530568635,0.043619353289821916,7.436108917162085e-07
1957,4.387959683354635,-0.19830494132820942,1.525878182119439e-05
1963,4.487814127909089,-0.025360244122592412,2.5968306829063227e-07
1965,4.474637175808775,0.16975372333259742,9.357682748651828e-06
1966,4.413236736958344,0.004398325182905616,1.651434752408787e-08
1970,4.446875031715944,0.15328261244860286,1.2963853774601747e-05
1973,4.340773183946657,0.27335674341290694,2.9779388542045957e-05
1980,4.4451384104407525,0.3067261546981426,0.00012499152257746548
1981,4.369555770138573,0.09058864379926046,4.060464452371447e-06
1986,4.073263315735535,0.19082402107365937,1.1212328016265932e-05
1995,3.81235807633376,-0.5018150629397353,0.000262579347436612
1997,4.367078117542957,-0.08763807164417603,7.660056515794426e-06
2000,4.397251285403369,0.442200196309388,0.0007223641779373503
2001,4.307195149925803,0.49764523119085524,0.00021239684862061993
2004,4.415631796560647,0.3456870719173759,0.00013071549940878722
2006,4.139046134450002,0.1982446063824881,0.0001263450519649067
2008,3.9961897750381565,-0.03728318371116002,9.778508699823022e-07
2009,4.332107126913807,-0.35242547301184635,0.0001021886030944067
2012,4.572633053729187,-0.5910839856524306,0.001169330535088442
2015,4.186716903029539,0.2500346313335893,5.068997032834863e-05
2016,3.864123663860809,0.27264161424524325,8.093622006881088e-05
2017,4.051393242754357,-0.018924084250343753,1.3292520515987222e-06
2018,4.260295663344505,0.019144382554276085,1.7892671861791332e-07
2019,4.32541709059645,0.3015145871731537,0.00015757004273433457
2021,4.4813111498263,-0.20742667377212154,3.330724183666316e-05
2023,4.386540905259973,0.13958607338766527,1.1592160407281718e-05
2024,4.415518541563559,-0.11551574236826756,1.5330957955244796e-05
2028,4.5661027722803835,0.2172135990911821,6.563426847004836e-05
2033,4.3167979308550954,0.20390309850654642,3.7298312218393515e-05
2034,4.423261355596728,0.24582215613501557,3.8121792581186225e-05
2043,4.493996145248371,0.45121134352543013,0.00019383739226625784
2046,3.8882246121404385,-0.40084953423723046,0.0001502010215188182
2047,4.508545738661663,-0.15697831147249008,1.558105782063525e-05
2048,4.467848362149094,0.08075147235060331,5.964735083750073e-06
2049,4.393215597831571,0.00738742241524637,2.7847855831553436e-08
2052,4.418046019327822,0.09500887775246358,3.1676725899375877e-06
2056,4.487826529336607,0.35950521380145606,6.460471589086556e-05
2057,4.294025994925841,-0.1351429115661693,1.6376416264361627e-05
2058,4.436026218404621,-0.1496848338651473,2.005181276373816e-05
2059,4.398937837986273,-0.198732885064695,2.415779111706742e-05
2061,4.289132944031401,-0.2443288273694364,5.465978438159255e-05
2062,4.373039716515215,0.145482662747205,1.721677328501881e-05
2067,4.412188708064162,-0.02517453187924179,2.2580760177603717e-07
2069,4.538244116698,0.027145199278246324,4.088067638374319e-07
2070,4.26734012640053,-0.2857910583237735,4.61097788578622e-05
2071,3.8402485240025435,-0.7446709154788365,0.0003220353056172578
2073,4.304491554768981,-0.32107855325416157,5.586719118370994e-05
2075,4.397301905691244,-0.10274129679863897,4.857664685298389e-06
2076,4.474856150670061,-0.2135857171319797,4.311107595781371e-05
2077,4.51860256332902,-0.01546510290608083,2.2112643246551758e-07
2078,4.574822680997387,0.0724486810093401,1.860083190824745e-06
2080,4.462962771958236,0.09091411964230467,3.376141065633207e-06
2081,4.350176729544137,0.09599772495349601,4.778313481533132e-06
2082,4.27270420793834,-0.12009073759226396,9.388838144904604e-06
2083,4.238852329384136,-0.1870673815808308,2.03999009383027e-05
2085,4.341193989476947,-0.014415829033543659,1.5828666799905562e-07
2089,4.477945566468508,0.2547379398185434,2.737566747561538e-05
2090,4.394070755734907,-0.13704061123571076,7.335564646403204e-06
2091,4.3850870825194175,-0.34379174138713253,6.410822003421148e-05
2092,4.448437745419963,0.040198624312176356,7.747757719180477e-07
2093,4.383831101757642,0.011851859363725126,6.194058599189323e-08
2097,4.451670806819122,-0.0364512047894765,1.2483991808799177e-06
2098,3.725492529298465,0.1074872687892281,4.6729028057026564e-05
2099,4.517239738175457,0.18233112323411937,1.7075546660753064e-05
2100,3.890325887206083,0.15096945392620187,2.74535962045003e-05
2102,4.339669105847988,0.07312918749264696,4.870327277789901e-06
2104,3.8797779451882266,-0.12323984260047549,1.47251208823356e-05
2106,4.1579865235913696,0.07901433903225463,2.2659033187332688e-05
2107,4.513533416741616,0.4768991700371199,0.0002661785488787042
2109,3.7237589637435864,0.23323740732729092,0.0002266782815908525
2111,4.262274623985019,-0.179665317981339,0.00010103248676178053
2112,4.157065026109425,-0.5988638956376051,0.0011058687073251785
2118,4.043561406018872,-0.622561397060537,0.00015291783700447978
2120,4.133616088306834,0.4338522304972461,0.000692459499796519
2121,4.015607512576118,-0.4376596191694633,0.0001421190516246116
2123,4.19541361112212,0.6926773302160418,0.0006534517388555572
2129,4.164864634804392,-0.30624240610336084,0.00011456007675585211
2130,4.135384245741769,-0.1519712442269503,1.674764063775532e-05
2131,4.304090454789968,-0.12051475883992424,6.754341858024431e-06
2132,4.204057932521718,0.12404036012660757,1.1717646599842921e-05
2133,3.8795859413080795,0.4949124269450107,0.00014670351037301548
2135,4.366130389459313,-0.17951055112804148,4.0223310586228364e-05
2137,4.387100387584934,-0.045895747431307754,1.3050107248055757e-06
2138,4.270711326638717,-0.17636676441661692,1.830549915232688e-05
2144,4.201916304299245,0.19622971225452002,2.5700561138683643e-05
2145,4.173990396428411,0.11783797032732224,4.3950142889955033e-05
2147,4.179175382788886,0.1449572734660931,6.7482303809052e-05
2151,4.128907113277137,0.26554204139530224,4.260268916162228e-05
2153,4.206316304109592,0.14910964876711041,2.1991175727258337e-05
2160,3.982422880498333,0.4614041550809955,0.000643188312074557
2161,4.2885329181252745,-0.18094312915315314,2.275901278523782e-05
2162,4.131764872327171,-0.0324327685940311,3.394441818841454e-06
2163,4.1847563115542465,-0.27473530879677366,0.00024886722669625866
2164,4.280848195624379,-0.019577762086297135,2.491111791606692e-07
2165,4.023136587022603,0.17256046945978554,2.946015650743599e-05
2166,4.032625087532249,0.3393512112881307,0.0003607015736264316
2167,4.070713703877788,0.07717162527234311,4.5536956431890405e-06
2169,4.124807572089327,0.1993250841656522,3.203903558081858e-05
2170,4.213248809384089,-0.11225970444331956,3.961196347600225e-05
2172,4.429545110597212,0.1105530786471638,3.8854206506459805e-05
2173,4.066640431390409,0.18613136742620995,2.9127429947064e-05
2174,4.225421163098909,0.03160898140028667,5.83623743670005e-07
2176,4.318899444280228,-0.09498967770348354,2.8617484928838144e-05
2177,4.250892641134723,-0.2563684141948337,0.00019916317055881458
2179,4.141345962109092,0.0898577828302054,4.753540454056076e-06
2180,4.329341668599825,-0.3293077858489655,0.00034534429260635975
2182,4.164312414831016,0.04484782181966551,1.7055494822184125e-06
2184,4.288582417066841,-0.12346878395653338,9.553746954694125e-06
2185,3.674298974963083,-0.4047300357793642,9.752664417926589e-05
2186,3.913153679831729,0.343876464667467,0.00012426940183560528
2187,4.222225903179144,0.15854994959308488,7.89893744586901e-05
2189,4.5050024897323375,-0.4190261771807533,0.0005356849077948474
2191,4.3413839038181035,-0.10582917304447914,3.4902683286350906e-05
2193,4.543201312301056,-0.02032636903979501,1.4537173031959007e-07
2195,3.951245142750473,0.2943888670178536,9.096923070275126e-05
2197,3.7694406791650215,0.3495964956474511,0.00038757880710451475
2199,3.2853623618663357,-0.11567678118890656,1.2844832107861337e-05
2203,4.413529369987983,0.08850005708059516,2.6055619571982217e-05
2204,4.108985244825562,0.09271783571703818,4.760114792829757e-06
2206,3.854270333522651,0.31239489027907563,0.00014504902873547208
2207,4.1215101156428835,0.15376614908411756,2.3499641774072833e-05
2209,4.033138971742353,0.09721602800278006,7.91965233107126e-06
2210,4.239094206113578,-0.5858419296427932,0.0010319787484868407
2211,4.11133133347524,-0.02367575940393607,1.7226372719173545e-06
2213,4.18800988865067,-0.09700422769408323,5.283608886479382e-06
2214,4.286257131211645,0.2591630503706721,2.7630843780006408e-05
2215,4.11582170519469,-0.465163463900951,0.0008693056729977656
2216,4.3353839661801885,-0.1811994036020712,2.6084405087835342e-05
2219,3.9206739245020192,0.20322943996162612,0.00013471047055190692
2221,4.338103783178902,0.005701638674781684,1.014531266995968e-07
2222,4.326898523532424,-0.1571373220255694,1.736996916909279e-05
2225,4.197624087545778,0.44291324227960427,9.040455203772105e-05
2228,4.239719813505242,-0.08396662315449799,4.498674220658204e-06
2229,4.19721069681797,-0.09456733178117371,7.2389007469509124e-06
2230,4.070378471688887,0.09473516142142113,5.279701246778341e-06
2233,4.536749451966361,0.3050726353607329,0.00012024574136923769
2234,4.21228294143329,0.05741450826667194,1.0611926501185363e-05
2237,4.3165131076248215,-0.15139947451451352,1.8069020255302924e-05
2238,3.9588726077467697,-1.0465219431318298,0.0013982578450913792
2240,4.589816083498422,0.3674184338707178,0.0006316452347413752
2242,4.313067146392333,0.21414149812604677,3.683341954865845e-05
2243,4.34532848114557,0.05894876246313174,2.5447446887983873e-06
2245,4.279211067608178,0.25338842554507846,0.00014478196792773974
2247,4.530506584675616,-0.18151980407993484,3.171294622598945e-05
2248,4.286546736570221,0.1828037262753357,4.323024084734319e-05
2251,4.379652424129522,-0.2349316545823541,5.232934333677293e-05
2252,4.474075313653432,-0.41363230310701304,0.0005446989445186747
2257,4.240626867842462,0.07952436311333244,2.8890381551459533e-06
2258,4.278402058340756,-0.4919422758879559,0.00023280714242112033
2259,4.336599644234379,0.276538711402889,4.136454405700612e-05
2260,4.200547904799054,-0.06858647900564652,1.489779679366566e-05
2261,4.167325917519216,0.2858579114709938,0.00025944724338400506
2263,4.395695785129608,-0.2105968596390433,4.426001978886724e-05
2264,4.228716956198836,-0.5078544562318492,0.00018034263294986974
2265,4.1552981666769355,-0.08969607332048923,6.434062262602136e-06
2266,4.253486725155522,-0.2756759791893728,4.803721109312889e-05
2267,4.173264645235353,-0.23168283756566233,0.0001636919252858824
2269,4.083383056427708,-0.333878980497337,8.70678208425069e-05
2270,4.285543409508257,-0.07193542645933881,2.202925887636464e-05
2271,4.320735582087078,-0.33360510417212685,6.763226671436531e-05
2273,3.3569567629238812,-0.13808093805568067,1.4075532738111446e-05
2274,4.34964356743789,-0.21768214164448274,2.3632597313780546e-05
2280,4.307709651211541,-0.12718739274838775,1.0242738341439506e-05
2281,4.261707548213389,0.005188779206861227,1.545144031602889e-08
2285,4.334272704934117,-0.19431763145996417,0.00012117863116416222
2287,4.220479138296056,-0.15831347443818977,7.991218931899222e-05
2290,4.28400891323463,-0.35022441602497123,9.928849597565538e-05
2292,4.300948899055472,0.11184939428516305,6.1099520415697795e-06
2296,4.4419523980416695,0.1409721789991023,8.164112163274606e-06
2299,4.436168913380418,-0.15534478421569897,1.0332244274915108e-05
2310,4.363397048517834,-0.25088518234028445,1.978933434953605e-05
2314,4.452067673631044,-0.10308089303536239,1.3388799438745708e-05
2318,4.0716774994950224,-0.13398674731829852,1.2756575242412277e-05
2319,4.057748566265151,-0.009447942544457355,6.321134134040937e-08
2322,4.145420400026642,-0.15828992211169046,1.8882182678579108e-05
2323,4.184739451999186,0.05802511534118793,4.42526128972368e-06
2325,4.297642438808235,0.1717080240373221,1.55530457473086e-05
2327,4.435025885527905,-0.10692759287957898,4.284145486587167e-06
2328,4.169635275830515,0.6319237241629665,0.00131066625879725
2329,3.916236438465992,0.4288668421032913,0.0006014896846223575
2331,4.374215050323277,-0.11718490582408059,5.865337932407792e-06
2332,4.253454177554584,0.1938919232399403,2.935673907884323e-05
2335,4.396288212782713,-0.028106984930884593,3.121124714051397e-07
2338,4.424814727634421,-0.11805057746108627,7.1734000013315364e-06
2339,4.293645625820053,0.03577105858153118,5.45077454024338e-07
2340,4.45222449326462,-0.21089774069387435,1.7924386642318083e-05
2341,4.393216749243495,-0.22345554773663956,2.1510841211057124e-05
2348,4.442098942981097,-0.008904021732815792,3.390038155866912e-08
2351,4.104457305755337,-0.00016241268006744747,8.767384359378671e-11
2352,3.7757446868764437,0.16777698561107357,3.762107379716022e-05
2354,4.382488894054663,-0.21272769254780766,2.0304970886258366e-05
2361,4.397302484244364,0.055881344745845496,1.4034443089825887e-06
2362,4.355530510381647,-0.11133019261516885,4.954431971184751e-06
2363,4.291746857627739,-0.013692813336835918,7.927564088031907e-08
2377,3.9092434489977115,-0.2664079333851821,7.182034941392065e-05
2380,4.105599457636699,0.0085477318815812,4.1739730525832503e-08
2389,4.524474184712297,-0.4955574278126509,0.00016315904095897014
2392,4.1860446926283075,-0.17146509887506944,2.242976009064723e-05
2393,4.171318258910835,0.31281359870019987,0.00012562353442560137
2395,3.90129300511728,0.3753731138987755,0.0004329240370782018
2397,3.9032241737325912,0.5382499195847106,0.0008995249604740383
2399,4.216636160984908,-0.3166857367910314,0.0001293245802321141
2400,3.740409231479918,0.21275571727940346,4.549736469164997e-05
2402,4.256618587451829,0.24096638785632507,5.9603240399893085e-05
2403,4.454982718278316,0.033653651453823485,4.368596221788731e-06
2405,4.232233516214224,-0.07335043285455267,6.846948878903145e-06
2406,4.131146774942666,-0.09161044921556005,1.0366442634700339e-05
2410,3.723558085360692,0.5032756599074877,0.000335681443823585
2411,3.694477208386771,0.4534081207633598,0.0002351802554774008
2412,3.681621185269396,0.48968441808883245,0.00035198882880503265
2413,4.435868404430346,0.3373553665539948,0.00017518107111207343
2416,4.309913955053395,-0.13398940583887153,1.6316798449269044e-05
2417,4.2662404164879035,-0.039406671219723854,8.318494869662281e-07
2418,4.252535511029315,-0.12701533133876453,8.977427119054828e-06
2426,4.379805845721636,0.06402118985769256,3.7660297444327452e-06
2427,4.316725818072706,-0.2190534657579306,6.414410481243056e-05
2428,3.936491664970385,0.5397081397207466,0.00030389070888082705
2433,4.595043154273436,-0.10080452899262671,1.2333443660634767e-05
2435,4.457882462171349,-0.18539171456577375,0.00010864066091769755
2443,4.505567970744664,-0.01580863626790041,3.0926179629072506e-07
2444,3.1368348896633322,0.8759380188649568,0.0019870850971544026
2446,4.153539354695507,-0.11929871654311164,1.9522217947731843e-05
2448,4.469792739628199,0.3743943468303925,0.0006643438198905225
2449,3.824590034045872,0.26975452817622836,7.526058584043769e-05
2451,4.2992207147605415,0.04068099361266864,8.874933526309782e-07
2453,4.224076920033866,0.18872137330676875,1.675683304202456e-05
2462,4.428457619688833,-0.019302317626697985,1.8404227540791192e-07
2471,4.332935891946562,-0.31475269069002554,5.693366310814979e-05
2474,4.491203991576454,0.15702568387208427,3.107544393064475e-05
2475,4.385382129583703,-0.2518168542083208,5.649413570462129e-05
2476,4.164122811838391,0.1679254530292491,2.762881793449081e-05
2477,4.265402277927212,-0.15781248895509048,2.1414158701729938e-05
2479,4.419465016826516,-0.010309714764381361,3.531881316572897e-08
2480,4.388336297271875,0.061348985875820716,1.3531186092755085e-05
2481,4.415784493356378,-0.31479538841560917,3.331763634750601e-05
2483,4.323215475424042,-0.053518025724080154,1.5568119284164365e-06
2485,4.22039944331741,0.48098960041122396,8.443250767000537e-05
2488,4.209869871992276,-0.20253668675980485,5.0147247217400745e-05
2490,4.425524216355391,-0.14193765449476192,2.5336924924654562e-05
2491,4.264239337923553,0.1302098167488861,9.278143992670013e-06
2492,4.235193953310187,-0.186893329589493,1.950243897721014e-05
2493,4.414722857847834,-0.08794469740443045,6.867377701630597e-06
2494,4.441785225620091,-0.02174052375868829,6.041576373153303e-07
2495,4.430859436012429,0.06672553929572533,4.060294072153122e-06
2496,4.35098979897262,0.22062360348662846,2.7279055795714617e-05
2497,4.5234437768321465,0.13905147577521415,1.6676921164575612e-05
2501,4.402724106599914,-0.15280131255936968,9.210903919987866e-06
2510,3.8504357261508324,-0.5545988601465033,0.00020235500450944667
2512,3.437700007142825,-0.6404186723126721,0.0005750588121606911
2513,4.61155069207485,0.21596272505668157,2.8824723811315318e-05
2516,4.3803553837438765,0.028799918318258122,7.897426105253204e-07
2542,3.9637482521856438,-0.12644879295343436,2.0913473912926247e-05
2543,4.156754110608954,-0.12251347245655886,8.154181550625389e-06
2546,4.245916301606786,-0.26064283443904745,0.00022625882000754707
2547,4.406139167864978,-0.6151544908138886,0.0002589686569531964
2550,4.313105808580057,-0.2967227878276688,3.565787478202242e-05
2551,4.270878130017816,-0.17820162489641245,1.9796081850346225e-05
2555,4.034285304271528,0.15536943775489753,1.0638062624600804e-05
2559,3.1980609876433643,-0.5590036580281059,0.0003922932335721201
2565,4.341955616713743,0.12739484613181418,6.569769620043258e-06
2566,4.321703216722794,0.02080265978880469,2.9686438557973587e-07
2574,4.420264805948426,-0.1992875927929587,2.326502614571555e-05
2576,3.2946602843038217,-0.6772644514697426,0.00047390433000034685
2579,4.30427025182356,-0.17070497644817806,3.387741707497597e-05
2580,4.12899642344776,-0.39610008391704987,0.00010480003480236799
2586,3.762203837287188,0.45730386788891897,0.00032491527238164166
2588,4.09501768032217,0.32622966750499316,9.759029884683926e-05
2590,4.327217322837815,-0.2530754679332343,3.0219911500371024e-05
2592,3.8784875288026517,0.2614675446715009,4.5372486010993744e-05
2595,4.302815605573046,-0.16445415793417073,2.4563670814207583e-05
2599,4.362979498671174,-0.16427492112483044,1.4062029833624476e-05
2600,4.284007950631689,-0.07633470310258517,2.0377632032021586e-05
2601,4.361250959313976,0.09076804717994058,8.974001801422817e-06
2603,4.351756869297689,-0.21021070559129384,2.5023947995301492e-05
2604,4.265056645934755,-0.27237573748915445,0.00028008632537855545
2607,4.339184707615033,-0.08215456311583669,4.42563660545106e-06
2608,4.325987968198099,-0.2846926270658141,4.881168106524148e-05
2609,4.336866803343437,-0.1748635926475215,1.8243197040776746e-05
2611,4.2741976121751515,-0.08000771498333492,2.139491383403529e-05
2612,4.320425013806329,-0.042370969515425294,1.8592712668095995e-06
2613,4.222107984789854,-0.015923940812218262,1.8936801470729253e-07
2617,4.410477648270183,-0.11047484907489125,8.02117995609654e-06
2622,3.857841819550024,-0.23350088657365875,7.555853748830584e-05
2623,4.243448607822697,-0.012244862883399321,5.585011215299282e-08
2627,4.279305174310638,-0.08662471136767547,7.816699539849525e-06
2628,4.450350951154518,0.26993204193407827,7.213675269678378e-05
2630,3.6785004981555915,0.38710159520085474,0.0001867805574795736
2631,4.466398014236628,-0.05724271217449317,1.6942638971826496e-06
2633,3.7350703340930633,-0.0740760834686629,3.0695845380199843e-06
2634,4.451450092304489,-0.014698557941360768,1.414229187182511e-07
2639,4.5607538245951655,-0.1712551750825826,2.542335112758207e-05
2642,4.489976940066688,0.03398319049586007,6.33006324622937e-07
2648,4.321127293085038,-0.11494324910740161,6.762650898497501e-06
2659,4.415672026614534,0.1115366179038455,4.305995535508316e-06
2665,4.3890866181655745,-0.21316206895105072,5.104015861618665e-05
2666,4.366383100436503,-0.1557380825182415,2.4701036769733315e-05
2667,4.089770708850921,-0.2206552044340513,5.9918633294384535e-05
2674,4.019566895183352,-0.10754388975520568,6.695527120256375e-06
2676,4.091573499956899,-0.14805182746938206,7.973814652901504e-05
2696,4.40320024327734,-0.08838235829690788,5.299602723525031e-06
2697,4.442196284764286,-0.01854797539958497,1.6936598310243635e-07
2698,4.424202885732844,-0.07521610513716226,2.6509206314965433e-06
2700,4.167614966799175,-0.4395147995319575,0.0001089208559344725
2701,4.441637643094513,0.08773082947729627,3.4969766175133904e-06
2710,4.4215535757699636,0.20341923751430713,4.6337975541914096e-05
2736,4.295083084855477,-0.10846324652420591,3.952639225006749e-06
2739,4.309110477315043,-0.44627771607766853,0.00017234738279379256
2740,4.419617308746083,-0.1415632644551792,2.303369212514899e-05
2742,4.301749125981511,-0.21241710558295424,4.277260217915923e-05
2743,4.396003164279738,-0.3304010709232914,0.00034346006417507413
2747,4.5155841668407914,0.45907846679664654,0.00016163717863547817
2749,4.189813106685336,-0.38983960506581283,0.0017279743410621212
2750,3.8470053706570795,-0.2718546818714862,0.0002277573612817944
2754,3.4691239506160056,-0.5787521927198411,0.00027681693267448055
2755,4.338463575246884,-0.07437623843768915,2.480010545307621e-06
2757,4.146079993377125,-0.24815591232848044,7.516487270585803e-05
2758,4.361307664318961,-0.025324968146485993,2.8188947901739314e-07
2759,4.274834643314099,-0.4204407507225896,0.00023428747034720434
2760,4.420805909094462,-0.25104470758760655,6.284984374783178e-05
2761,4.473906135101747,-0.13923319681133606,7.821606876574173e-06
2762,4.42589524246703,-0.010675640437384892,4.54240996495564e-08
2764,4.427976280193184,-0.24135644186191296,2.8015927862222096e-05
2765,4.321872219116995,-0.017807125912824517,1.4569575052359413e-07
2766,4.418446611222152,0.019487655390025616,1.594125044599065e-07
2767,4.323295204383107,0.1275576212206273,7.710806313629714e-06
2768,4.286300532391454,-0.20200630602285496,1.579532910650047e-05
2771,4.443954199855073,0.09186590799822536,4.10217761593678e-06
2777,4.074909032067596,0.12229291559421274,5.462067343823701e-05
2778,4.290100723873406,-0.1422153947232756,9.626794971852453e-06
2782,4.372655000516197,-0.2519931299767224,3.66237567990705e-05
2783,4.474569734570559,-0.9570718972122427,0.002922761522944027
2786,3.1909915334472476,0.08991968234040604,1.4550697068799814e-05
2787,4.2973253118038235,0.3118368954538058,7.972231936639466e-05
2791,3.9064443587863846,0.2109654763667117,4.670209439998164e-05
2793,4.164649162028652,-0.27079012722817675,2.892218369383953e-05
2796,4.2418325742277725,-0.3582090433213243,7.54270724212054e-05
2797,4.3650854245050015,-0.11373711347323567,4.0619834736744245e-06
2798,4.467301071180391,-0.3613573731149389,7.148087319505527e-05
2799,4.409510182158858,0.2735465424863044,6.0885279473846826e-05
2802,3.9520183032394836,-0.22151717443472752,0.0001917063760675199
2803,4.413367284403797,-0.2056940368746938,4.6318873363349556e-05
2817,4.2828660393361035,0.2572321499082726,3.869480073464743e-05
2820,4.4267165194132385,-0.2631568881696644,3.5921176770151885e-05
2822,4.3673781471057875,-0.44145223650864995,0.0001089064970828362
2823,4.33333317267546,-0.3878753911610766,0.00012750818298521373
2824,4.180946147358404,-0.20126449345644337,2.5342726371222586e-05
2825,3.160387089731623,0.43966115067569733,0.00033208138289453934
2827,4.505128041764339,-0.2354305920643771,3.068520773042516e-05
2833,4.445103888971287,0.03789866304259615,4.673152752769729e-06
2837,4.355388343064824,0.08961309077044621,1.0538676104572633e-05
2838,4.511932544032534,-0.30277230738185246,3.216730222210247e-05
2840,4.3491319816036835,-0.4737729605471288,9.06512581447907e-05
2841,4.3825515526737835,0.22760617482534684,3.0837453983482713e-05
2842,4.34769311729431,-0.2769584207113427,3.368243045416002e-05
2843,4.0254221950179305,0.6275853203843207,0.0006035581256033883
2845,4.3241340871514735,0.03385596969416671,6.236171842758106e-07
2846,4.275451493107237,0.14459320875416548,1.2381056973774787e-05
2847,4.320026238367478,-0.047535490761903,1.2462674571728886e-06
2848,4.311841408052377,-0.018645987085110782,1.9468733448519042e-07
2849,4.4413832392345745,0.20684643621396415,1.7739676490522943e-05
2851,4.340700991516114,0.08054635631104912,3.678085064895073e-06
2852,4.4669755265166335,-0.012628230263126206,1.002758534898922e-07
2853,4.217462111877465,0.1392467148121268,1.1794535069043112e-05
2854,4.40681997722241,0.14705691437813062,1.2115346946056379e-05
2855,4.280391523132307,-0.027619724315687932,4.791065074671473e-07
2859,4.355521214735375,0.2955779031411163,0.00011371858073596092
2860,4.367652072774745,0.2484580532516807,6.874018490951357e-05
2862,4.392152068402102,0.010901933463855151,1.0645446522609855e-07
2863,4.394429414047985,0.1986681907058374,2.9589585041877923e-05
2864,4.334936475177364,0.2157775250146683,4.5830634036702345e-05
2867,4.341062904692912,-0.05609798286216172,2.7760224372345817e-06
2868,4.303588498697043,-0.04231806515896164,8.227430999905247e-07
2872,4.396447098544287,-0.028265870692457895,1.6868804386339164e-06
2873,4.302052222132069,0.18095032988181448,4.4761945144244926e-05
2874,3.8925096993615034,0.015505284669103947,1.3675011908212732e-07
2876,4.3210584156309455,-0.17633764608377778,1.555657000046739e-05
2877,4.294588071969632,-0.20861175941804788,2.2108231234807248e-05
2878,4.401681485774559,-0.05011405858538609,2.1817678407968677e-06
2879,4.395044859839522,0.05464042330817431,2.0473925179426998e-06
2880,4.379469039103593,-0.05269087866018918,1.9065210831711955e-06
2883,4.395823849904337,0.18812269963212724,3.181436624250234e-05
2884,4.325625631141216,-0.5975254638739984,0.0001250192647710252
2888,4.041468540133829,0.10957136576481652,2.3177570309970478e-05
2889,4.28372117387992,-0.12171796318400485,2.135798330423133e-05
2893,4.193517225665693,-0.19715307180379638,2.333018675861298e-05
2897,4.282130445280396,-0.2028995208683435,6.319183038782415e-05
2901,4.324843622572325,-0.2713210548704792,3.557916756127304e-05
2902,4.298612175257466,-0.22447032035288483,2.8048532301654635e-05
2903,4.249303328301164,0.06417676383760718,1.8958903962650517e-06
2904,4.2891569061300885,-0.056500728110475684,3.1324643014665276e-06
2905,4.32579196066731,-0.0163360188282633,1.5580956630307784e-07
2906,4.363186728696283,-0.19962709745270857,1.6922402408717295e-05
2907,4.368086518263421,-0.151524323317072,8.885843136801867e-06
2908,4.3548660291114105,0.0005599237652917921,1.939098018607335e-10
2909,4.433887687490679,-0.44675720957572773,0.00017467923515435908
2911,4.276894154242141,-0.276860271491282,4.10658005810964e-05
2913,4.2601986086259895,-0.18775888179193867,1.9964427119268065e-05
2916,4.294268051656774,-0.32209112340888035,6.189416729624474e-05
2917,4.37944701288602,0.06320424360429655,1.6674009339379393e-06
2918,4.36580679839556,-0.18070787290499535,1.3718272389886527e-05
2920,4.307440844267456,-0.03774339456749409,8.364577686988784e-07
2921,4.346599631265889,0.12160469964904497,2.137022411759936e-05
2922,4.253775072891754,-0.33975406480093495,4.962137997532357e-05
2923,4.32334793581569,-0.22070457077889394,2.4045719890661003e-05
2924,4.129401923431543,-0.46584027730189703,0.00017027112954574313
2925,4.2355220903327355,0.01724970848388363,1.6554332041759927e-07
2926,4.309881252102428,-0.25462407858837377,2.7632771549500053e-05
2927,4.313295556769095,-0.23068625076541505,2.857496755100438e-05
2928,4.211099500122916,-0.004915456145280217,1.3067610661705353e-08
2930,4.31008378728165,-0.10389974330401408,5.83319511678985e-06
2931,4.304571567157881,-0.12864701794335698,9.06414340218729e-06
2932,4.403240795151211,-0.12935631909703282,5.912193851719414e-05
2933,4.3364458795682586,-0.037800853833427794,6.359685238835776e-07
2934,4.354828902209316,-0.18198127849927115,1.776864557610158e-05
2938,4.412521117013245,-0.4179968900733555,0.00015465032773024647
2956,4.423099250703426,-0.09632109026002222,3.902209656732961e-06
2962,4.306342962203333,-0.3843696259220186,0.00011562419272667892
2963,4.361896376294061,0.06295025556274947,2.9135533100600735e-06
2966,4.057223283700387,0.12787564179017785,7.42656145607261e-06
2967,4.29558948952106,0.18854236808997538,2.506153981562331e-05
2972,4.3755512964440655,-0.22293782609798907,2.810139789747612e-05
2974,4.490368013875726,-0.128544086519363,5.7426183991260125e-06
2975,4.602917987698143,-0.14508838960876158,2.011782616423367e-05
2976,4.534408676878761,-0.13872571575739379,1.752920948934624e-05
2978,4.252460954629824,0.15303803622919965,2.368598474578309e-05
2980,4.448695634062002,-0.2016299848222376,3.354141667770077e-05
2981,4.270567977434929,0.02399263145767616,3.8001218884770557e-07
2982,4.413944394376375,0.178140552063061,2.078863663683056e-05
2985,4.384522216076312,0.09281459840189488,4.725583582084671e-06
2986,4.519233047837135,0.37186767756393113,0.00011476881033727811
2987,3.625633523829655,-0.5529402091395355,0.00018827010588599524
2988,4.502314743650279,-0.3156949053190079,0.00011116232191244747
2990,3.9797898585820994,-0.10029004485951365,5.275241734811281e-06
3001,4.63312356315092,-0.23374829014242504,2.2803807409310548e-05
3003,4.347899123493915,-0.02774789253812049,4.271355129700234e-07
3006,4.120053454036342,-0.40892339098758645,0.00014932266955975016
3007,4.4806184719301525,0.3102010609445678,7.874810163707679e-05
3008,4.456619942409398,0.14554573455839392,1.7673661758920883e-05
3012,4.40919461311471,0.02637278848720115,2.235662696586766e-07
3013,4.425882253085512,-0.04260639901119845,2.3465553371910565e-06
3014,3.218707785222079,-0.5868189450854331,0.0004077264836163088
3015,4.263340785486692,0.009149962118883082,4.680966153091895e-08
3016,4.70249999170341,-0.24931616271319967,0.00012077174174823298
3017,3.3135137769732275,0.05722439720421946,5.5331162623954055e-06
3018,4.365910562975637,-0.01821660738226072,1.2660501585131921e-07
3021,4.287695038930727,-0.07260885901249825,2.733210514951217e-06
3022,3.128040002286221,-0.3743792899319587,0.00015874468091530862
3023,3.8031542664962092,-0.09202420344745343,1.2215031273050026e-05
3025,4.54471116863201,-0.20480946025879998,4.561138609120276e-05
3027,4.154259144418461,0.17515753998312356,4.233094105124586e-05
3028,4.3156729476490066,0.2974654079882617,8.80096012480858e-05
3041,4.140088752858277,-0.3312065063496439,5.006100968053224e-05
3043,4.314258374144319,0.11536723932884207,7.304912586965046e-06
3045,4.355793896106797,0.09389138704089905,4.8875939457615605e-06
3050,4.344110656462744,-0.03734650628940983,8.983574727505073e-07
3058,4.300006992327375,-0.2818237910708383,3.909975378246467e-05
3059,4.292893180277082,-0.1935610765439426,2.4296996911335803e-05
3062,4.4077133458957505,-0.1678264783829917,3.615934990233853e-05
3065,4.398684572417043,-0.3194536480049903,8.159249457491442e-05
3067,4.224187545480589,0.4354708257915716,9.091193034812029e-05
3070,3.3555869931568725,-0.46521523526070796,0.0002578149775571357
3071,4.33884044395512,-0.1552647480050764,2.5089008788324225e-05
3072,3.4562235420296292,-0.5438728774146893,0.00029517208954794817
3074,4.514426767101558,-0.02018814182074813,3.5349841727402983e-07
3078,4.2876426668154375,-0.029197093912910255,1.2532242844829065e-06
3083,4.260879251838207,0.08552020519252324,1.3728503728955537e-05
3084,3.882567651395488,0.5338604099957256,0.0003555426499111749
3097,4.384068594972563,-0.3712956864442738,6.444299435209185e-05
3104,4.5712023463607645,0.6935582366584292,0.0004437319667482141
3105,2.869860213763296,-0.33616339980586396,0.00018661503474363104
3107,2.9678820112490314,0.007647554987440408,1.0697272549104822e-07
3108,4.4041286694345425,-0.13723234201429246,1.703060045878754e-05
3109,4.387427316589841,-0.34087341820408934,4.3422394599408655e-05
3110,4.369191986821458,-0.03320929064898337,4.328982518387232e-07
3111,4.261548235203682,0.037096790531149004,6.440409840565855e-07
3112,4.364042314333696,0.19403626412054464,2.4953947393185322e-05
3114,4.354076966279174,-0.1287041416506689,6.600245976713323e-06
3117,4.356806933774881,-0.18241966387924435,1.7307544536947376e-05
3121,4.212283149294828,-0.42582336684202815,8.349925773238542e-05
3122,4.36512945217754,-0.15894540819990421,1.1721278652666364e-05
3123,4.40751177941868,-0.15189906960045718,9.967824989787986e-06
3125,4.351335501921679,-0.40009178334025153,4.905532344120479e-05
3126,4.53743803114486,0.06271961301968698,1.7281752850335423e-06
3127,4.3922519184108895,-0.08414096668717619,3.3716172645345646e-06
3128,2.966075059074236,-0.23170754965465257,7.746497274268228e-05
3129,4.149075035732336,-0.35358584656014136,0.00023132377535443993
3137,4.495709712548221,-0.09756369599445591,8.463812150283375e-06
3139,2.9436623632312773,0.5189436465595216,0.0003765974321597678
3140,4.295796999440325,0.35051512987894107,5.9032753339498266e-05
3141,3.102093746430137,0.10470949720379474,1.9554290493503807e-05
3144,4.312342293606405,0.15241573866494118,1.4362982719226813e-05
3145,4.270689453791742,0.3040215247116409,0.000181634926382964
3148,4.355901553165141,-0.03309427815123023,1.1218294539222696e-06
3149,4.408176030418532,-0.15682771938676598,1.886198014846993e-05
3152,4.422211052051914,-0.0719331156926124,4.625522844111166e-06
3159,4.448599056823331,-1.3898919841079511,0.0015062191363257775
3177,3.688133215298836,0.41781048276661625,9.010016632802413e-05
3178,4.3302654824752524,-0.11962046455699138,9.19671260124146e-06
3180,4.48071652307083,-0.39306094899952626,5.523288990259832e-05
3182,4.257986278603627,-0.3805547179451003,0.00010921180134781643
3186,4.416157638032623,-0.08017494186014851,2.936945029222748e-06
3187,4.515428112261272,-0.23184155040064347,2.5971245981318643e-05
3190,4.271659854163422,0.0471607046066671,1.926832027667673e-06
3192,4.355980295657443,-0.06963891111796983,4.467653624044058e-06
3194,4.084992605292179,0.3809155133624049,0.00013532287016560846
3196,3.4293595417911336,0.6782302471809878,0.0012473368754014635
3198,4.41694378800565,0.22648511009953154,4.574799946005326e-05
3200,4.417811974543074,-0.08707863425674311,9.335806799950935e-06
3201,4.48832322879467,0.21759686029356473,3.424435708228379e-05
3202,4.449490335751871,0.050319334578394326,2.1293809115347986e-06
3203,4.383967818215608,0.09109368242546267,6.904493300226255e-06
3207,4.224933480843433,0.04755726676214245,1.1600803570346819e-06
3208,3.498104631552655,-0.4070621781943391,0.00012580985487120218
3216,4.084483814718018,0.1739617581845092,0.00011397145727764549
3232,4.4559964393413045,0.012207891573629226,6.388004296004433e-08
3233,4.462248780024397,0.11965277902434046,1.1853107285852623e-05
3241,4.437331993996927,0.1618201196656015,1.2753840401493335e-05
3247,4.48903562099595,-0.16490296474097121,2.394776230432724e-05
3248,4.277427614447591,-0.48644293739650113,7.149587990837699e-05
3249,4.361119901004403,-0.05435575083106858,1.0844132188649334e-05
3253,4.004357637586343,-0.5965157132055197,0.00030807897553680204
3254,4.412416235741658,-0.09626234521848342,3.3696011205285644e-06
3255,4.482009451287608,-0.1970445294568579,1.2658461478037407e-05
3256,4.574625884129863,0.06010310409977304,3.040808796404394e-06
3257,4.480259091637759,0.13188670808675784,9.970697114812202e-06
3261,4.539986124451696,-0.06492462381062492,2.539385133752717e-06
3262,4.444007084435902,-0.2498171872440853,5.294566878235758e-05
3264,4.557992646151864,-0.5543024521978941,0.0009744576257031628
3265,4.312225293230901,-0.039734545625325524,9.001959049858606e-07
3267,4.520685049184954,0.049893692033518455,2.021328471063242e-06
3268,4.354683845838742,-0.38628050697448835,0.0005264445710561075
3269,3.185391846800332,-0.7258030049966218,0.0006212566381623808
3271,4.411193628340668,-0.2648893271878565,3.912987115215187e-05
3272,4.197268247752831,0.1215523110172585,2.118680252008898e-05
3273,4.162040596068949,0.02000954657225762,2.4759569179365294e-07
3275,3.526528620672815,0.2508194814287297,0.00010335978770479375
3277,3.692896306600577,0.29793787925185855,0.00011368074917034136
3279,4.082189176723353,-0.12137600712577479,1.439613743687326e-05
3288,4.422822698385154,-0.33014619326375083,8.657881158457965e-05
3289,4.333289093612881,-0.25405816920082813,3.164110165950482e-05
3291,4.333927073655398,-0.11589103909074794,5.872158399168005e-06
3293,4.3522539759162155,-0.04011346870650012,2.7187323616722425e-06
3295,4.257503686535544,0.09792226634115853,1.020376648514834e-05
3308,4.354475371242456,0.013705856609372624,9.197271573145444e-08
3317,4.303597691535949,-0.022773562371230405,3.137723064525357e-07
3318,4.500161197934575,-0.20970175678618386,1.988831477881686e-05
3320,4.268936354264882,-0.19479449936030147,2.418853434258379e-05
3322,4.490490082688668,-0.1337812559990761,1.44965201833131e-05
3326,4.376492090898144,-0.11381221385682849,1.2507442852764858e-05
3328,4.360961317599598,-0.3109170142740769,8.188408755254474e-05
3330,4.56993187310407,-0.1121022750146885,8.513182583555725e-06
3334,4.403411111148084,-0.02891274289499357,9.156831257032401e-07
3335,3.450913385897361,-0.5944431796768779,0.0004998069383976898
3337,4.24547560660046,-0.35774529374135877,7.304633515556462e-05
3338,4.348651292248956,-0.5331391872016535,0.00024750200345315153
3340,3.233616888060155,-0.42421419269765703,0.00027899831744942653
3344,4.239320470484081,-0.045130573292264664,1.0959825756142342e-06
3345,4.335451765374887,0.02764685941347622,7.11120782869027e-07
3346,4.4072850522471,0.07005176223110698,1.8701903929413609e-06
3349,4.351742338545182,-0.14406909101607823,2.6456855573863898e-05
3350,4.293916303333304,-0.2543799776061979,5.9888440003107056e-05
3354,4.289750258599564,-0.08207701107046006,6.064263276265505e-06
3355,4.382231529092306,0.20782501908573714,5.514543748229594e-05
3356,3.416522060343764,-0.5429574207639805,0.0002706446397679966
3357,3.880506041605503,-0.5029185255824813,0.00016192857998522764
3358,4.456838131432808,0.08964305820660368,1.0493452512976156e-05
3360,4.077129349581383,-0.5685734495987282,0.0003025610004767207
3361,4.4620497821753045,0.2609034394691703,5.76035419513477e-05
3369,3.944109287001957,0.33671484216276193,0.00014156936307407067
3370,4.355148264176694,-0.05108317097252346,1.2425325060243384e-06
3372,4.376323591167949,-0.005610716394340187,1.3140766724820479e-08
3375,4.356496788272683,-0.08679933857272104,3.2268291762342094e-06
3376,4.4140105917501,0.17299562361032006,1.1815436476746744e-05
3380,4.2318584627115525,-0.12756356963628335,8.083485279700962e-06
3391,4.329442174388094,-0.021331222664381144,4.311350657270574e-07
3392,4.358453146311096,0.1166083543299754,1.4871436831745546e-05
3396,4.229050257310648,-0.2144706635574103,1.791679999852019e-05
3397,4.468342049317256,-0.1142006181329096,1.0487032683381398e-05
3398,4.420136110283009,-0.4612295189560123,0.0003207538003445192
3399,4.453254345197815,-0.022437546354501237,3.53745942511536e-07
3400,4.415679535372749,0.1297406462095685,9.938564092996008e-06
3401,4.557611654733668,1.2547262264768788,0.000921711599929532
3402,4.47988411961334,-0.061043511816741614,1.2535425461087833e-06
3403,4.350786887559056,0.03373662731341298,6.148959569282054e-07
3407,4.319686831038388,-0.18612155566300626,1.8945563779643652e-05
3408,4.364322628979138,0.046048478703886175,1.1788064384568965e-06
3409,4.358513126733796,0.07468179451448531,3.1662666524103064e-06
3410,4.22492233299433,0.2558177746155845,4.2627462021506906e-05
3411,4.19421433039644,-0.07031096593279429,2.122145852713094e-06
3412,4.525785458848218,0.0025036828039155523,3.1988955073606377e-09
3413,4.455006993457471,-0.13618643468738156,1.4900163829063732e-05
3416,4.390334357765196,-0.045231077195913016,1.663889087799801e-06
3421,4.362570680813384,-0.16687362433099562,1.2564501942521891e-05
3422,4.354537147123078,-0.19878395677233396,1.5887628069471267e-05
3423,4.391227928676607,0.050246164640694424,1.0426893971724876e-06
3424,4.219400716372743,0.472864176466282,0.00013850698066910058
3425,4.3356366039720315,-0.07014378555410161,2.0158406535191743e-06
3427,4.372656763607921,0.09898202975564807,3.823778906727272e-06
3428,4.334796518649063,-0.128612474671427,9.068317779007844e-06
3430,4.35366446712906,-0.14748042315142396,1.2210156227461028e-05
3432,4.321630021347214,0.1327172749062937,1.0319719688279714e-05
3434,4.396730038649572,0.08174249429256175,4.743936318171222e-06
3439,4.271048281889463,-0.20031358530649612,1.576024857606268e-05
3443,4.2432623046950475,-0.17766021133860121,1.2210895611093743e-05
3445,4.532414887596952,-0.21226365664115754,3.021557257998166e-05
3446,4.310376729619813,-0.21270437730503744,0.0001759504559636514
3448,4.4429820788344045,-0.16770581410740348,9.215577848595473e-06
3449,4.00909733497864,-0.5848346803854887,0.00014309307910794465
3453,4.28017084236692,0.09054203240668812,4.381923066308019e-06
3468,4.222925892265226,0.1578499605070025,4.410944155396618e-05
3469,4.327732155990725,-0.031808220370255214,9.843222074175021e-07
3474,4.193660323531437,-0.32872892563714107,7.072416947437459e-05
3475,4.381548667019779,-0.013367439167950579,7.518711997730426e-08
3477,4.159195241783902,-0.26330161828563936,4.542355475481312e-05
3478,4.303872221979686,-0.18158829106834418,0.0003709884064874842
3479,4.778373579086595,-0.018767039794084894,1.2188225932976736e-06
3480,4.374357814110103,-0.38908434694236416,0.00010495239372991252
3481,4.415670558969759,0.11261858268237468,0.00014152804652314585
3483,4.336842917051211,0.2264630648381818,2.957101763114703e-05
3484,4.399758976603677,0.0045182670050243345,1.1269442641523974e-08
3485,4.422700256813638,0.0489385365499313,1.2421075303015536e-06
3488,4.363353304948225,-0.026062564115735043,3.192158866825217e-07
3490,4.412294657659068,0.040889171331142116,8.977127740772433e-07
3492,4.535584979547339,0.010896210092072423,1.5651070157999855e-07
3493,3.629470461263717,-0.4682237492321524,0.0002783094252390506
3494,4.362837271678733,-0.1258364090551085,8.851076009118672e-06
3495,4.39021265158076,-0.06607999532578113,4.303546401747331e-06
3499,4.384356501060215,-0.18865944457782646,3.541249785136961e-05
3500,3.5997691203670383,-1.1661557649665886,0.001978472602206886
3501,4.351564524772001,0.12463527991913104,1.017871861709255e-05
3502,4.5264983379152195,0.035764347061594925,1.0445578961571797e-06
3504,4.451255281780158,0.010044533788231114,3.915278196765819e-08
3505,4.325645986919433,0.05638064775444818,1.7487039011114722e-06
3506,4.364557822368863,0.1776725638453538,2.1611192072317727e-05
3507,4.385153379117092,0.13118559316438372,1.3424004300689816e-05
3508,4.29237158915457,0.28748078884923167,7.798964594074822e-05
3510,3.3029258621002895,-0.6496838974930745,0.0003993712956355848
3511,4.21775582874366,-0.2569426591460817,0.00020712370577406276
3512,4.468634723176943,-0.016615716683026527,1.4756459400916836e-07
3514,4.526088722973242,-0.13659007346065888,7.472289400803039e-06
3516,4.566742010704403,-0.2151745835152301,1.896154013493248e-05
3517,4.556366955555333,0.04278515810719519,6.695343576569347e-07
3518,4.348000917416681,0.05871832984757219,1.932745989014298e-06
3519,4.354503262128874,0.06433734566772387,5.8611377870697265e-06
3521,4.410393019796904,0.02990252300095353,3.9346384405231037e-07
3523,4.4131016110189405,0.05395527283951651,4.189610017773063e-06
3524,4.344541426524718,-0.0931931154929524,5.562644591821979e-06
3528,4.265711431712271,-0.06101881232130513,1.5152167639968896e-06
3530,4.367199974398792,0.046809706128140505,1.1944370486198546e-06
3532,4.3049799956581225,0.025753344628208552,5.860198611430134e-07
3533,4.18829410027481,-0.015446476564765277,2.2332654790942854e-07
3534,4.239153069531514,-0.10398651278915771,7.152627852973787e-06
3538,4.2285699551388465,0.035517381670348236,7.097027545238412e-07
3539,4.321361527874708,-0.021358728679416572,1.5508813576934682e-07
3540,4.142650649547982,-0.023613474735509676,2.067683686408412e-07
3544,4.388281678601986,-0.006255043928105053,3.598136949852362e-08
3545,4.487056183389631,0.10604142136419092,5.096917477007931e-05
3546,4.4093797725820725,0.022626794396829908,7.058886425202149e-07
3547,3.8971952535806937,0.33980560904293045,0.00019745413387357505
3554,4.373289249436727,0.22485632161439995,5.079632574197343e-05
3557,4.341184614557616,0.2629850710968924,2.6196216927164973e-05
3558,4.190582495355477,0.29242005665840676,7.949632531188092e-05
3560,4.4470954808687475,-0.11111278469627273,9.130607553666873e-06
3562,4.471461752145967,-0.09822362350516478,4.1371488265106995e-06
3563,4.475877578752452,-0.04268265750417033,7.653617061761399e-07
3564,4.491675625101479,-0.04315924915876401,8.106152996299798e-07
3573,4.375825332706422,-0.0038490338860421858,6.662130001560398e-09
3575,4.054710675285788,0.11040295782451981,5.0991376999384544e-05
3576,4.190286936149263,-0.042401606999132646,2.5074469812863263e-06
3577,4.250695264968557,-0.09337590358506809,1.1503945508358282e-05
3578,4.315493693547452,-0.11979663706506383,7.2753631812772025e-06
3580,4.281913014654641,-0.11990980395872608,8.292861716072553e-06
3582,4.307338829812273,-0.02375226795164398,2.8807967707663776e-07
3583,4.431134484995265,0.002060436253016107,1.8046416410044915e-09
3585,4.29986225395444,0.23595785389885826,3.098456459310475e-05
3587,4.297462866264191,0.13810453533772016,1.3405358036108471e-05
3589,4.286090296468016,-0.026231295768342378,3.4835136704252376e-07
3590,4.307103428454971,-0.29977024322249957,8.983577474232509e-05
3592,3.9471886028259786,-0.5526802093146199,0.0004957692358467468
3593,4.385657715571372,-0.03023176269466976,1.1048062119838707e-06
3594,4.381588937710537,-0.09524755317106326,3.0397074358857185e-06
3595,4.346092003520706,-0.2960477001951851,3.9598163946104145e-05
3596,4.217097410574156,-0.17756108484705013,4.066393712114498e-05
3597,4.440145448610203,0.025762670044380265,2.6402066261388503e-07
3598,4.36133870030211,-0.11713838253563136,7.345199803102154e-06
3599,4.193742780881515,-0.5964305202930693,0.00021334106300571694
3602,4.24839998595083,0.07308014885501724,2.742908953215982e-06
3605,4.5480355219929685,-0.23723639660745466,2.964037861828038e-05
3606,4.529152843217316,-0.24971279731853535,2.1571252895990777e-05
3607,4.752180805361641,0.42566240771852204,0.00017221360584467835
3608,4.562774325839753,-0.3114260148079868,3.5094920117505306e-05
3609,4.466935509926655,-0.16693271073136362,1.3698101222873618e-05
3610,4.576412372697325,-0.34811983796548507,4.4841024720289895e-05
3611,4.173956682214005,0.2412629198156404,3.095271530867097e-05
3612,4.2519466416049205,-0.2854354508927046,5.939539088914246e-05
3614,4.260993769285275,-0.06529671280288607,2.7071001678727867e-06
3617,4.492065447513827,0.07644075410267259,6.949023704044997e-06
3619,4.19967375206577,-0.3775754541656111,0.00018134681897862123
3620,4.139868089107557,0.015885101243187094,3.1402215972954556e-07
3621,4.502516025650835,-0.31134727879319435,8.739157888229575e-05
3623,3.0631808918149477,0.050334417395426545,5.8698880557413096e-06
3625,4.341478666862243,-0.11610584223373799,5.4978209338060795e-06
3627,4.430877740888209,0.2632186542942838,8.38226067616079e-05
3628,4.20201578248976,-0.26627625044429815,4.161914427154137e-05
3629,4.527675401436758,0.1854519260564258,4.3289011297317857e-05
3632,4.396872728275421,-0.06745604387383697,1.6304038377245763e-05
3634,4.451328929655615,0.22336731898108653,5.5043929964517965e-05
3636,4.426015111719018,0.1670824930348047,3.30859609324094e-05
3637,4.510692680632128,0.15274641347993878,2.6206643997438712e-05
3638,4.427924175239086,0.09711996626972041,1.0312155436159424e-05
3639,4.397151760651676,0.21101393431621407,5.0729481840880416e-05
3645,4.360214839688095,-0.09894440615001354,1.1713304422990044e-05
3648,4.2567964699430645,-0.03581925678759745,9.006503880946678e-07
3649,4.418996422401634,0.2020471127427479,2.1059922417443503e-05
3654,4.2540252349738905,-0.00410244093334633,9.266473360885228e-09
3656,3.288809920390319,-0.31839545482061826,0.00016482210980825127
3657,4.188538447829618,0.14482301486298255,1.1483539517249925e-05
3658,4.366076975913914,0.10784492346422336,8.005151450070401e-06
3662,4.200305746351727,-0.054001445198915476,1.9478187001004707e-06
3663,4.276055486093419,-0.18839991202211515,0.0001116123504662463
3664,4.171154168415834,0.0773410736335256,1.953159417374423e-05
3665,4.3086721259581875,-0.28332043522303785,0.00024943352825651494
3674,4.403373793692166,-0.20167071314956608,4.476192383752115e-05
3676,4.256694873461437,0.03239376555317541,7.514364851459839e-07
3678,4.364903282511645,-0.23454828276651174,5.822502301398704e-05
3679,4.2644481085353245,-0.1276828304292721,1.836412161699525e-05
3680,4.375034363031941,-0.199109813817417,4.199275384734606e-05
3681,4.350805308553829,-0.15210073100748556,2.432562777202813e-05
3685,4.38122513494028,-0.28189303120714015,8.731633146973799e-05
3691,4.4125281717459846,-0.09237694079019043,4.039560828780913e-06
3693,4.3812955559879665,0.19650343320399255,5.8612801361019535e-05
3701,4.30059333461981,-0.09440929064217407,7.053669982999213e-06
3703,4.3329588947683355,0.06764412547848142,2.3147094107960188e-06
3704,4.209376873442,-0.013679816959611735,1.0925084001143965e-07
3710,4.396430609756533,-0.11699056385775197,6.406250543189024e-06
3711,4.362760105624103,-0.21487477647397224,2.2205896134646986e-05
3713,4.3818913791554905,0.44482107677983684,0.00033088970784370304
3714,3.9424036901583785,0.13682723425367405,3.88648200659675e-05
3717,4.324264948408015,0.13472272740199553,1.001149038982885e-05
3718,4.402747286757613,0.09483768855054109,1.144045172445064e-05
3728,4.184309215057394,0.12514672678165262,4.983893726949515e-05
3729,4.248428527428555,0.3355180221079097,0.0003681892795776731
3733,4.380810693547876,-0.288134188426473,7.046047347597903e-05
3735,4.41095110513178,0.01748190235625735,1.2116187429670225e-07
3737,4.399567890191619,-0.4124374122766681,6.387377726737324e-05
3739,4.370540131307647,-0.22265480215751587,2.292576642122852e-05
3740,4.3907993606096865,-0.20874921796847978,1.8298964219608352e-05
3744,4.300398982638159,-0.39842631306351395,7.765263463486435e-05
3752,4.377072871356109,0.10139966158602487,4.452841801609534e-06
3756,4.312888261053944,-0.19547842590084752,5.737677314305579e-05
3757,4.475213799715967,-0.2795167432335788,7.76466104475664e-05
3758,4.551221128265997,-0.29702786510199974,0.00010175158320864426
3761,4.464107929706941,-0.18190163031527007,1.073013555288888e-05
3772,4.129067618587426,0.44357937569510586,7.839086711263987e-05
3773,4.372732789779806,-0.041999449493475005,1.6233989686592032e-06
3774,4.525281293149604,0.08785706248766445,3.6984831143176778e-06
3776,4.447322998162231,-0.017697384689070006,1.1952163772162878e-07
3779,4.326332556665489,-0.1412336311749236,9.524139355410028e-06
3783,4.449566568979441,-0.09029692142817591,1.1210928782424958e-05
3786,4.191208364540583,-0.022993953752027174,2.454803950336895e-07
3788,4.439883685095704,-0.22479750517747465,7.184262479401517e-05
3789,2.988439038117199,-0.04927711605160212,5.116296169973884e-06
3790,4.283815574123176,-0.023956573423502547,3.7601600237846025e-07
3792,4.389091291796876,-0.0877325601904495,6.628629970755132e-06
3797,4.55630166299589,-0.19831160615024945,4.236598013544655e-05
3799,3.725124253442061,0.7245610297056349,0.0006393309748087295
3801,3.368874271351492,-0.40360120528220955,0.00015784570567601712
3802,4.399069868762707,0.006429122096316853,2.2199871811434762e-08
3803,4.361435601923901,0.006745625927927712,1.9325498359214893e-08
3804,4.290670558130001,-0.19799405300859796,1.6486723771506423e-05
3805,4.439146010364765,0.1529389360746709,9.329092371992325e-06
3806,4.44925821034059,-0.1546976014479844,2.5583711653044825e-05
3807,4.518764297307569,-0.04484239792943168,2.0314802092761095e-06
3811,4.348793403190408,-0.10315939342208136,1.1020209341036525e-05
3813,4.471455375591175,-0.1380939128985741,2.487875636789305e-05
3817,4.168341435515164,0.1491466780211459,3.2564415910359804e-05
3818,4.3641693291183135,0.2897910210392096,0.00011619941753432919
3819,4.465629773435736,0.018502084175299416,4.395885065857645e-07
3833,4.610757824140513,-0.8426051891320685,0.0006630188481748835
3835,4.3876921015749994,-0.014453972934196813,2.7676965585172305e-07
3838,4.3098069525263565,0.08587600859501077,7.4635909079501e-06
3839,4.495898927160603,0.23414024087335772,7.378617713253373e-05
3841,4.641379980590768,-0.06358099139880924,2.8840512096427747e-06
3844,4.358014175503706,0.15504072157658033,1.0054178027850653e-05
3847,4.39198776055211,0.023231841477535653,2.4760113920898973e-07
3848,4.318813933610296,-0.04911648391033463,9.808157719925758e-07
3851,4.187033707395004,-0.1778839912361354,3.122772855951385e-05
3853,4.422425122763169,-0.012054015080145142,1.8830945326142091e-07
3856,4.383565049625656,0.2589009211061315,6.67812370043946e-05
3861,4.180528445390265,-0.14275423465655823,1.9194935135495087e-05
3865,4.262815157003442,-0.08076501436223538,2.716184920803269e-06
3867,4.216033735833917,-0.5221667402089412,0.00019575032515070325
3869,4.369152730904978,-0.2517428957518817,0.00022301637814905608
3870,4.2700109694875135,-0.41986336777745503,0.00011951353165691758
3874,4.433693749444419,-0.0064547719489898014,2.0129856117232976e-08
3879,4.382068154533385,-0.1364341447650581,7.879654718827154e-06
3881,4.399321502522182,-0.08316761199900746,2.7588530699449007e-06
3884,4.371276373495657,-0.2869821471270573,3.70579508764086e-05
3890,4.351170239369679,-0.004770782338948898,8.937077050245755e-09
3892,3.1262360544945826,-0.391868545074999,0.0002118996794954233
3895,4.300117543807319,-0.12265807487471214,1.0006804655804966e-05
3900,4.3528876841088024,0.09093935147052612,7.952265576803787e-06
3902,4.383393020191892,0.1652068143078056,1.4921679598011162e-05
3909,4.197372782031545,0.23700908297626455,6.75249409576851e-05
3913,4.294318117206043,0.09642045806986044,9.932908065857074e-06
3920,4.277923940390147,-0.6944050019340366,0.00018426408545413965
3921,4.481706494486838,0.2022748719255434,1.6262585407634723e-05
3922,4.315422082667476,0.0020660308688338347,1.8097116323025625e-09
3923,4.420168565825028,-0.23506964033446298,2.3276172977648425e-05
3924,4.372299872252655,-0.2663561741872025,5.3730476066580175e-05
3925,4.430935214225866,0.18813787693121675,2.6599609532038653e-05
3926,4.301061122343135,-0.24927617453983064,5.544302792125744e-05
3928,4.368759298927679,-0.07283536330720874,4.803289424834786e-06
3929,4.397381028507153,-0.15031537926738903,2.8887011987081293e-05
3930,4.370563413792648,-0.315306240278594,9.51011435574312e-05
3931,4.379365823059513,0.09227297030405612,4.673546667125771e-06
3932,4.296124307589853,0.0038784916054384055,9.159543039414227e-09
3933,4.369645778856995,-0.1679426983143948,1.9932941378212675e-05
3951,4.133529149116799,-0.35161482903567354,7.261976010985905e-05
3968,4.311824565681467,-0.02273592666685431,5.494541371476856e-07
3969,4.330861679914269,0.08556638147694429,7.766261683026337e-06
3971,4.23637252623952,-0.04671778421309458,2.345187898105434e-06
3975,4.309086484721641,-0.20809737978087206,2.4886881512743987e-05
3976,4.246673043763747,-0.058534602255285506,4.6687535043046794e-06
3977,4.497444354997244,-0.24325109183324667,0.0001890424345829189
3982,4.393408598900167,0.5805627108244975,0.00032259012329047075
3988,4.5788336684684054,0.3182595842287217,4.319325921405837e-05
3993,4.412917022865998,0.021464842141811324,2.262346785776815e-07
3994,4.432000766758173,-0.1039024741098471,6.9317469546381384e-06
4009,4.390103937050792,0.6813128293053223,0.0001864529974183875
4011,4.087459176174975,0.33738745568183504,5.5447247042453944e-05
4012,3.414086219739643,-0.5405215801598597,0.000244997700612912
4016,4.402328136921884,0.018919210905278483,1.7985170202013775e-07
4017,4.3436070896478105,-0.3676707584760117,6.581542884873317e-05
4018,4.454339260134696,0.05101059057118462,1.3020761298076113e-06
4020,3.9966138301466736,0.5708544886574063,0.00024262837486628436
4021,4.333351827913972,0.4159187020478754,0.0006724500086219587
4025,4.189090327455418,0.04646440331820667,1.239678680533476e-06
4026,4.489278169513897,-0.04662691302358013,1.0314495354696702e-06
4028,4.373364416527893,-0.06525346480417937,1.7165855210442398e-06
4042,4.2584284100628915,-0.16909638966433516,2.7292631581313923e-05
4055,4.335500068083475,0.009603212485807866,8.604966866836612e-08
4056,4.515418988333061,0.09573326933257764,0.00010379549017292268
4057,4.460073245722312,-0.21157800367295287,3.672660573754394e-05
4058,4.421073909413645,-0.14301986512274123,8.151971493498092e-06
4059,4.241342083500724,0.22111180028577238,2.2206352847392567e-05
4060,4.427890061959186,-0.03097481479155384,4.818272761116471e-07
4061,4.462018982930435,-0.050433546015009156,2.045734104239392e-06
4062,3.375196670195917,-0.40478220462621595,0.0001523398677143829
4064,4.461937703467545,-0.007590407214038031,7.601061531592448e-08
4065,4.295612512469017,0.41391768884331714,0.0001373608662351275
4067,4.373209287307399,-0.3842252407431248,4.9168008885252323e-05
4068,4.030136589547563,-0.19499462845537519,5.01495375867835e-05
4071,4.179710589908247,0.08437674690094799,5.790223413745668e-06
4073,4.523243339738984,0.2994546587776812,0.00028958808266871076
4074,3.505637360270105,0.6263240655233022,0.00044942801070787993
4076,4.43578951540214,0.5122609035024945,0.0002633881385132134
4077,4.6953589743385855,0.9539673145215568,0.001623189927474991
4083,4.104664946304195,0.3309024552977169,0.0012388671647267948
4084,4.279202007696806,0.6954606259406324,0.000540095417456419
4090,4.407119435374712,0.3944395646187697,0.0001289773478563443
4092,4.298301491662882,0.6390460066635413,0.0006702068803484275
4097,4.086687997165422,0.029091845776743952,7.644156637092152e-07
4101,4.2769535800159035,-0.06186740009767444,4.612944037271749e-06
4102,4.377696316377073,0.5746034007062191,0.0006026751425856527
4105,4.465180170069334,0.40695904677299666,0.00018166179133258676
4113,4.501417217752947,0.22597060095939359,4.6332440735676704e-05
4114,4.267706431707226,0.46585696904926444,0.00026781926598028996
4116,4.241456131178753,0.39132922184231234,0.0001834605260681378
4117,4.6238539042484454,0.7770200506246834,0.0005512491378540221
4118,4.472385238487064,0.2125199155198807,4.394495760187015e-05
4119,4.339650558228686,0.632243907551139,0.0007464797065412167
4120,4.680777582679343,0.4742466140422179,0.00022933736970832277
4123,4.475180046830233,0.022404928477921082,1.5909887753177675e-06
4124,4.354160962623892,0.2815384283990223,6.470627123775024e-05
4128,4.589308501900143,0.18729079971547957,4.9305358618817425e-05
4132,4.382439653218747,0.40254895934518053,0.00015086971637198504
4136,3.153764582039888,0.07307941247748939,1.7950147945451912e-05
4141,4.354230476969085,0.6807721735754653,0.0009516228503808221
4142,4.287722189135827,0.27766712684042005,8.934182403159606e-05
4145,4.501479770729461,0.308262580987404,8.216992438686319e-05
4148,4.500293142560568,0.21552356351458712,0.0001544187615048756
4150,4.373123681446721,0.5149672598914412,0.0006149055872591127
4151,4.345985530848178,0.5732652014462261,0.00045527843914209377
4153,4.0180419197805595,-0.494626905394155,0.0002832324109416569
4156,4.465841029696078,0.07851701689525648,9.562303801682537e-06
4158,4.519792852409583,0.36149276965882393,0.00011006797710291392
4159,4.366131357086395,0.6544542678630281,0.0006086174459999044
4161,4.5726134541957775,0.5248109699728696,0.00034340240744534225
4162,4.309443656250987,0.6199815824197259,0.0005864355918943168
4165,4.404041822664944,0.5581032622708779,0.00039956794313568525
4168,4.339655277551704,0.020892325445053928,7.111188930224346e-07
4169,4.456719794917931,0.8856144570468798,0.0010083600649022242
4173,4.400060489044002,0.5465694750763417,0.0005764213157666982
4178,4.419098708885089,0.3396505650313024,0.0001998125521136356
4180,4.3145350856140405,0.46794411534446123,0.00020445131076107825
4192,4.463724736306165,0.44745847881843037,0.0003772765180318991
4197,3.228725472406448,0.10704410393325192,2.449253083227649e-05
4198,4.386199801584599,0.7227713932325184,0.0011217254680124702
4199,4.934759714079079,-0.29133081597389765,0.0003441554987114575
4200,4.563130996755252,0.3655709145783179,0.00016800429666819056
4201,4.587001101504615,0.33370948506365306,0.00013907535325478882
4207,4.4186937251629645,0.5455485293635807,0.00047869727469645345
4210,4.192049243605797,-0.5677083106294316,0.0003270773287653802
4214,4.502222669140816,0.04319751244150094,2.136512152381339e-05
4228,4.425030857061521,0.5173255962814407,0.0005514451708428729
4229,4.292435249149704,0.5750992013058784,0.0010006967301165015
4250,4.621546430354245,-0.041694052350443656,5.981333162145711e-06
4251,4.216486890657104,0.05460818330949557,2.574010833068717e-06
4257,4.356088610659903,0.6924845227767449,0.0008437542520906634
4261,4.5488953293109775,0.9115408867134942,0.0006867263534012693
4262,4.394787677649662,0.6952747500779157,0.0007414996785286868
4266,4.490795918529362,0.12234243710790604,1.3674605720064111e-05
4270,4.282421360342535,0.6455567000727118,0.004671663031945154
4274,4.214650646003498,0.44311199010376434,0.002223313415247745
4279,4.496247434309267,0.22314389576884697,7.455480281995374e-05
4280,4.280650220754988,0.6695271043041533,0.001036060015036891
4287,3.073691080966808,0.27621300630779677,0.00014074177809097124
4288,4.613461173537533,-0.029514624001068412,3.5597850763240298e-06
4292,4.3153011692694285,0.48625783072405326,0.00266924087438397
4294,4.432978776697279,-0.10224543641094819,1.6730076894180047e-05
4295,4.367005937419643,0.2992593479282588,0.00010162219338998112
4296,4.414305428825916,0.4782967983587474,0.00020974287405646646
4301,4.464932962533518,-0.11465502617421652,1.730407011498233e-05
4303,4.321342736981737,0.055671355868599726,5.358654139302717e-06
4304,4.389652416493172,0.4394610009796933,0.00018146375477439344
4307,4.348974733782348,0.5710061920457772,0.0007833964226312811
4311,4.477363470458708,0.7105808386079584,0.0007052465562309482
4317,4.613615057404235,0.307824657887549,0.0003284023527639668
4318,4.539367422582662,0.14461394382971982,6.76448521893168e-05
4320,4.366535584061612,0.0912940140277696,7.417329484451398e-06
4321,4.643160283922142,0.4670186405103758,0.00025221919234270554
4322,4.43771322768858,0.47714511101390755,0.0002570031968115001
4325,4.3806726776107645,0.41924158516983834,0.00022899450157320262
4326,4.462331389995291,-0.07407420557077327,3.71410260792128e-06
4327,4.531939642984014,0.4350920136301095,0.00025876788945205706
4331,4.464559624132669,0.1049833842122716,9.168812531670732e-06
4332,4.453321362960475,0.15184882302761693,9.218205526480463e-06
4333,4.41043158800898,0.05202229577751627,1.0890614591213618e-06
4334,4.572177439895785,-0.2167514870190823,2.0518281715491635e-05
4335,4.355603139304741,-0.11571627179198263,6.061036824398397e-06
4336,4.379754562421129,-0.06761405521141395,1.878891421365443e-06
4339,4.462013236832114,-0.13788058057713481,1.613574039302525e-05
4340,4.508399232115197,-0.1737262938247861,2.6127769110062224e-05
4341,4.3520132903029305,-0.013416213556385337,1.2401360301882012e-07
4343,4.415302427541535,-0.014699407294718192,9.795566227370861e-08
4347,4.38810198548023,-0.014863856839427037,8.992214162848244e-08
4351,3.404185224637431,-0.49183456002249093,0.00022210505716898835
4352,4.46338165384885,-0.10028302906048658,4.194906536328529e-06
4353,4.338577489136684,-0.13687440859408362,7.516784459611686e-06
4355,3.3818669567984303,-0.5486536127422141,0.0004118973550636714
4356,4.479094143080427,-0.2435394123068031,3.090749090956664e-05
4359,4.391547883448799,0.1038074365320858,5.20601435511137e-06
4360,4.347431466808336,0.03334438596389244,9.282036451828054e-07
4364,4.290273369220069,-0.009449240055349861,3.521149755625352e-08
4372,4.379518671124074,-0.4958951402176255,0.00019922121136223798
4373,4.0194404771243155,-0.07205032785887822,4.708840190338972e-06
4389,4.33871544697467,-0.6010458286913019,0.00014964086998323656
4394,4.312291023909231,-0.0898464590598147,1.063226294623452e-05
4398,4.705408809309819,-0.6484200336314876,0.0003182944440107113
4401,4.5864187373898835,-0.0854985727755917,7.668100867540637e-06
4405,4.441913252596636,-0.24021017205403528,1.9928390393764356e-05
4408,4.545438204662064,0.11988590414577427,1.2847594308663642e-05
4410,4.141006031850626,0.7172547818196273,0.00047747227849535
4411,4.4411100794185,-0.523105002312807,0.0001497561617503792
4417,4.409907301361727,0.033919734217601416,1.0660518006497625e-06
4419,4.385616010699182,-0.13426769966741592,9.272440214881094e-06
4420,4.358021045467631,0.03147760404495159,8.97817393806396e-07
4421,4.48681947134269,0.2370222443629002,4.623691718901277e-05
4429,4.3714096985547295,0.04622536358651974,1.0082454418390362e-06
4430,4.067313488435471,-0.324893267393505,9.713215216283881e-05
4431,3.4978714501540584,-0.7700186217556686,0.0004575288572138229
4432,4.401242718343807,-0.184680523397458,1.574285221500451e-05
4433,4.408786286487903,0.2404007849169627,2.8077107629829876e-05
4434,4.486708828874597,0.15960330044466975,1.0806666159398754e-05
4435,4.296650009333408,0.1919863603987313,1.4464275616118875e-05
4440,4.3763004960337994,-0.10102423130679838,9.888271183525242e-06
4443,4.315463236529384,-0.1565801531697124,2.6565522791934184e-05
4444,4.484811173341051,-0.0006793157300162278,3.956722118780586e-10
4448,4.289585909454696,-0.1260262782111221,8.67354330762407e-06
4449,3.9713765272111154,0.6327931584433926,0.00013629264051173088
4455,4.3924244066583,0.1582895935337323,9.791673383510602e-06
4463,4.614516112795711,-0.9256366586817744,0.000958366116439956
4465,3.442507346640892,-0.45682540894040224,0.0001937181466473488
4467,4.360720165111766,0.05812044268483252,1.2205120482780732e-05
4471,4.2729378050341555,-0.23692881982501834,2.6539353514906453e-05
4472,3.7501297058312724,-0.07890518695605708,5.694957842538929e-06
4476,4.30025462073839,-0.35286447147295297,9.964693539933719e-05
4493,4.3951026840809115,0.07995881656015946,3.2733701127350335e-06
4499,4.345502784831315,-0.0016973629776311228,1.5313325648022495e-09
4501,4.418392325858578,0.025434709720750348,2.8454529836921825e-07
4506,4.419450196676752,-0.5995424801564111,0.00014580300036950915
4507,4.372773427344932,-0.05795554236450062,4.399217036472021e-06
4510,4.442043413971493,-0.11526525352808914,9.825513544159486e-06
4511,4.411847075104776,0.10885395425686628,5.860654148940108e-06
4513,4.419652740994523,-0.06038309344325743,1.4470847173951732e-05
4519,4.454249907820353,0.027622061823245225,3.1782393912432746e-07
4520,4.425120996664757,-0.04309436199087546,1.5529388049480714e-06
4527,4.4273199108217485,0.2621914236000942,2.7524705276775423e-05
4534,4.272224178660962,-0.07052109811836171,6.7228233523836325e-06
4542,4.343398753323444,-0.013982068921859714,1.7855287523522173e-07
4550,3.9227635223210284,-0.8593726002932227,0.0004806883572311582
4552,4.432389235166202,-0.009940685993404585,1.0053804606049679e-07
4554,4.44478421946965,-0.22969803955142076,1.7626501389067932e-05
4558,3.3424997452343046,-0.7775503877727679,0.0005985697333525348
4559,3.3329480088837955,-0.7302583234394118,0.0005535372789567469
4560,4.471825703829087,0.008914403780827307,4.4612232769104166e-08
4561,4.245266510674469,0.05879858252970127,2.0303161565475475e-06
4564,4.289929407536655,0.0807834672369534,8.253997874455306e-06
4575,4.459793875421052,-0.2838693262065286,9.342072762653218e-05
4576,4.338850077510836,-0.266410350676785,2.900318625965233e-05
4579,4.272420012910577,0.01666862610403541,1.1761363988710258e-07
4580,4.296616439598842,-0.06541269465954436,2.2321666655420978e-06
4586,3.195508626254525,-0.29408703217177523,0.0001110882509275192
4587,3.3010767483954493,-0.43317784635134293,0.00021748286718688864
4592,4.3526184544330695,0.0864971472249394,1.3018479354796287e-05
4595,3.795484520355835,0.24228969037787174,4.54128012499293e-05
4597,4.3908928723569565,-0.48892020278231163,8.370756289743475e-05
4598,4.32349099951551,-0.05799818109758004,4.223030003908529e-06
4599,4.494080225642679,0.09088725302789324,7.614341666515588e-06
4602,4.419989022925362,0.06414283468567294,3.5678465451313512e-06
4603,4.040749287363702,0.07828788744877091,6.291705669861888e-06
4605,4.228021596343668,-0.07855773490048801,3.326578958732439e-06
4608,4.3992822402361,-0.0035992791147325676,1.1464749811420196e-08
4611,4.4747391170313895,-0.004243834369900057,1.818139248054075e-08
4615,4.4351510979888,-0.1283869478154651,6.909517101372285e-06
4616,4.2029283552671455,-0.16163301413486053,0.00011508639612414485
4617,4.680153350161254,1.0881676456325184,0.0005017795467370606
4622,4.505018135943788,-0.007433160635634373,2.6666631928721517e-08
4625,4.404452063208819,0.1292221210742026,2.390446969468394e-05
4628,4.3768250061213205,-0.16617998820305946,1.1341368802052132e-05
4630,4.43969464499387,-0.13833591338744355,8.055913556459182e-06
4631,4.299192096701096,-0.42590991958938007,6.947569982576224e-05
4632,4.248648089142963,0.19046751251504546,1.961922695779673e-05
4638,4.235578122720773,-0.033875042178173054,8.777866773458314e-07
4639,4.289858756510578,-0.1675748255992362,1.5115099454162652e-05
4640,4.45392690312651,0.054732382480738195,1.2765807047151995e-06
4642,4.363147513024994,0.08302694147263967,3.481819660530437e-06
4644,4.39505221439713,0.2309005107734894,2.148983749510071e-05
4645,4.349277307366719,0.11663081128786512,6.013583815496241e-06
4646,4.419611971688923,0.10217660536011763,4.151004808266487e-06
4656,4.32304058806315,-0.1563753642614234,2.098663095773217e-05
4666,4.259656481695906,-0.14878261752259458,2.2182611069368597e-05
4667,4.30080100033486,0.04818578026082143,8.25879320317213e-06
4672,4.463957608805731,-0.07445895929314794,4.587541487205224e-06
4673,4.4822118003973,0.0428323411115068,7.587998014803569e-07
4674,4.485483868517838,-0.07389843160241227,4.404591778801939e-06
4677,4.383830427356552,0.08552003548900533,6.047592567355856e-06
4678,4.335112519668218,-0.10390877472892068,4.207660211184321e-06
4679,4.32059166663121,-0.07209642458185073,2.0090603083630845e-06
4680,4.468543738055591,-0.024716702476262675,4.973899878826139e-07
4681,4.339074877342885,0.021472725653873148,1.828870490466396e-07
4684,3.796487004887368,0.3386795518549883,4.689971510532264e-05
4685,4.356136383133471,-0.0629409621662047,1.567923758548044e-05
4686,4.346165806606444,-0.16564354814329096,1.0950978043770714e-05
4687,4.3865431337359775,-0.09334771276871123,3.50268913718251e-05
4692,4.299018370708011,0.08425748336630257,2.726540273281682e-06
4694,4.376302828470911,0.02797441513779031,4.367747927275569e-07
4696,4.382712034916075,-0.018340335480914405,1.687618509292939e-07
4697,4.4219619154869045,-0.034947739301983916,1.0602477520166643e-06
4700,4.339820634515243,-0.03710780656108614,1.146412890074023e-06
4702,4.4781061898755405,0.13105601738208872,6.319897185711884e-05
4704,4.450707492612886,-0.22095829338458195,2.6833672057991274e-05
4707,4.436751740169925,-0.007126126696763713,2.0891821256451734e-08
4708,4.367460190744301,0.11554236126958273,5.208990466070129e-06
4714,4.477719561824794,-0.14435809913219355,0.00023615234274349792
4717,4.361877530785523,-0.21399220163539212,4.367983493139605e-05
4719,4.418383403867632,0.18378227310016015,1.4020180501844612e-05
4721,4.3230771245278286,-0.01631297435449408,1.071981324160545e-07
4723,4.451608494930391,-0.07459440208005397,4.790466401733497e-06
4724,4.47595763695838,-0.049914116867723735,1.1778071217583205e-06
4725,4.486905591527706,-0.007298628514960548,2.2343727404688712e-08
4726,4.517966248201554,0.12642465093981858,6.637808681423796e-06
4727,4.320728817761033,0.029549118598268365,4.485257953238865e-07
4728,4.528543429578766,0.23704347781522994,2.5654183829080842e-05
4729,4.524526009733631,0.19307960558424941,3.1326710873098455e-05
4730,4.502101909858238,0.22705425591084438,2.2944841139692213e-05
4731,4.438797691387926,-0.0885197550286243,4.295913022019376e-06
4733,4.2460723154133575,-0.13683914069750625,1.180941575025079e-05
4734,4.106616736636954,0.9166056729647734,0.0007014444506589633
4735,4.286889330993488,-0.18259443791821894,1.7886962477920833e-05
4736,4.5162262207304975,0.3397026836047772,4.639487043058906e-05
4737,3.540045691720788,-0.6441337534490077,0.0005287897306426192
4738,4.413601121721191,0.2573568048049033,5.0135717625800784e-05
4741,4.42275300660794,0.11092117767508114,5.2064657526267446e-06
4742,4.321907983875409,0.23091572174047315,2.5264097527978377e-05
4743,4.3536691493758815,0.02082921887720879,2.1856834384631244e-07
4744,4.501509366019567,0.23029347090189045,3.8229886610363485e-05
4745,4.416338098779015,0.30750361692657524,7.924725843266104e-05
4746,4.4574323974039975,0.07624178687902372,4.167498375524177e-06
4747,4.470298842859786,-0.05507924083014082,2.2650129329773386e-06
4749,3.438958710592908,-0.3210088043146677,0.00012112560625001605
4751,3.5082415376337517,-0.3512411164836382,0.00018543582180600065
4752,4.31803832606543,-0.07815145855267147,3.424412417131488e-06
4753,4.371996698990978,-0.23363525135210317,2.792806108033286e-05
4756,4.4593620930106255,-0.09244909614679209,3.362527597708988e-06
4758,3.845040023403169,0.3817937218650105,9.394746736530783e-05
4762,4.0169918425145426,0.1052920883967996,1.0588452040368763e-05
4764,4.449199029619721,-0.44186584438724985,0.00015866732106767354
4765,4.416204784205737,-0.15634578350606354,9.891926975636434e-06
4767,4.3896012227764585,0.04833304383571946,1.7069359503048502e-06
4771,4.353788790718228,0.1990349148976538,0.00014696706805812223
4772,4.48519446662523,0.1820111102823141,3.1371578999531034e-05
4774,3.331931069997753,-0.5656119607715668,0.00023247733682142202
4780,3.9512303006884757,-0.26235084657453944,5.735771844712063e-05
4781,4.400035972877068,-0.3499916695515468,5.09264798799349e-05
4784,4.437284423970872,-0.11447714895696137,5.543414804915155e-06
4785,3.834058108800339,0.4591373121669271,0.003035295117292568
4791,4.463465177942182,-0.03742165785152629,7.275724276498359e-07
4793,4.2375090814699625,0.0746314257397529,3.01550335260616e-06
4794,4.285994939773517,-0.026135939073843595,4.432446307622297e-07
4795,4.248303293087142,-0.01564711506752925,1.4807732269795267e-07
4796,4.361623685742916,-0.14211598056680863,1.1196283409118142e-05
4797,4.22532791508548,-0.19463337993983565,0.0001187188658716353
4798,4.172825188103401,-0.09698409744586023,7.480683690259814e-06
4799,4.115122009288238,-0.044387312705270965,1.4350565663729613e-06
4800,4.339173100605143,-0.04324916498467246,3.2947467619297937e-06
4801,4.1829182506583376,-0.2051075046921884,2.281687460590388e-05
4802,3.9103737000408003,-0.14917358434723793,7.165498251444327e-05
4803,4.269947856487087,-0.10794464579117147,7.836891972532156e-06
4804,4.164131590064026,-0.009947027485909032,4.713494252525507e-08
4809,4.367607235140218,-0.08540093574854701,9.35250052555904e-06
4811,4.140895183965193,-0.04322283165041707,1.1768030292327576e-06
4813,4.315793515429207,-0.1694892142763953,2.6987516083161728e-05
4814,4.443504402197006,0.05296636686774381,4.114770565873485e-06
4815,4.2831717561497795,0.010023664817486733,8.625253091759831e-08
4816,4.41964872804407,-0.060379080492804604,1.742226414855493e-06
4818,4.380900348508122,-0.07683525530395219,5.499221810844124e-06
4819,4.152124387710721,-0.04618068964526856,1.6454695520701757e-06
4820,4.1168186084404015,-0.11130525992491691,1.0264905946905475e-05
4821,4.516252794831605,0.16495207743248397,2.2599299777664018e-05
4822,4.270435589038558,-0.11625102646044105,8.579594517715906e-06
4823,4.10984568252705,0.17097844663766892,9.109677056755913e-05
4825,4.199433147607117,0.1521342795820564,1.6888469722852457e-05
4826,4.350744447286774,-0.012147370540228408,1.191901860189841e-07
4828,4.22734083029201,0.05762409153873982,1.020159095385721e-05
4829,4.160557227867698,-0.28935621695980673,3.389242760397648e-05
4831,4.539629948681423,-0.16891707390781452,3.0490735235072004e-05
4832,4.393907784761175,0.22220234126525096,1.992025200797183e-05
4833,3.890323522572088,-0.3264405586328367,0.00012406280203570142
4834,4.506665146445616,0.027009037837404826,7.70893939928953e-07
4835,4.322335694957818,-0.030507328202085127,1.0178604313764189e-06
4837,3.505578320475145,-0.4145358671168289,0.00022674096112020972
4838,4.5178563441057165,-0.13582970943183525,1.950902087453999e-05
4839,3.948616831104236,-0.2109472128208676,4.625139589898953e-05
4840,4.570343203739268,0.2507444884712928,6.696201474617069e-05
4841,4.472463904329746,-0.17517849811095498,3.27563837643306e-05
4845,2.9990691289274207,0.3987893514692198,0.0003030980373210778
4846,4.424476394624131,-0.5265523135754866,0.0002785459998036042
4847,4.362112461183863,-0.5532302146752306,0.000302173506720411
4849,4.497006797892714,0.12796601539155628,2.472432643210739e-05
4853,4.12091183925144,0.165429545288033,1.7355058953314228e-05
4854,4.375986269207615,-0.01671662165634924,1.717176360960422e-07
4856,4.291015492588202,0.12420410944144322,1.8484294666897404e-05
4857,4.104812677312615,-0.20486225311873785,0.00013382673446823268
4858,4.323315755295023,-0.20103182438368083,0.0001280572857377565
4867,4.28065972251503,-0.07001470459676895,1.840756081121123e-06
4868,4.145438830047514,-0.023154899136171636,5.837519011768118e-07
4870,4.4176864004131895,-0.10554589320347407,4.43134848296963e-06
4872,4.3113677872664615,-0.16032788136781573,1.09156940991733e-05
4873,4.223079529073416,-0.2622663594758383,0.0007802305972627382
4874,4.269460406919766,-0.17178805460499014,1.5803400800704574e-05
4875,4.22252665395537,0.1878444537276538,3.619398474338207e-05
4876,4.208778883018866,0.15431974176949748,1.8718906798843052e-05
4879,4.0987639963352285,0.07099720517162655,1.5786308849860333e-05
4880,4.144157063126123,-0.07001520822154195,1.4722086884558871e-05
4881,3.6431149059175514,0.4034389924682005,9.644905182206058e-05
4882,4.0681663734638525,0.007674717193688174,1.8154793716657103e-07
4884,3.902962071509961,0.19968129352683484,0.00015690136742489287
4885,4.369876517140134,-0.1015786477945948,4.328219922490092e-06
4887,4.025616751753733,0.1579589441963103,1.3418585386872083e-05
4888,3.893505995233846,0.057737723347581316,1.1205955857648961e-05
4890,4.356067522621117,-0.13950532767476798,6.0246680097306954e-05
4891,4.273179653212101,-0.15903246369382096,7.768563940789034e-05
4896,3.224745911002244,-0.5785711136181213,0.0007074335134723077
4898,3.898379675191601,0.20921011378052023,2.6149854257038557e-05
4899,4.118861579073565,-0.12618067062796445,2.0172233432705195e-05
4900,4.3689834520687185,0.34234692974776326,7.054381786452427e-05
4902,3.6597437684487826,0.2681525861356535,9.331303375480726e-05
4908,4.374346181603976,0.08000111464953097,9.364324692567907e-06
4910,4.4932962199628905,0.2816167406122956,6.957219471177886e-05
4915,4.397966327572342,0.0736724657912271,1.3964876622488818e-05
4916,4.396051243724576,0.5348190819028176,0.00036032867898268
4917,4.2161823181602704,0.07015906637920288,9.80083423459884e-06
4918,4.3434662161443995,-0.27786412278795325,7.461410589346311e-05
4919,4.1950293409535195,-0.1696776502183699,2.8859516056725455e-05
4924,4.36503595370839,-0.2607410606331211,3.6594343562020523e-05
4925,4.500981640865441,0.012073256214844896,1.9125307729774409e-07
4931,4.163242950664395,0.0399560164697883,5.421985167577111e-06
4932,4.367027595575835,-0.13727839634753103,1.8036053020148e-05
4933,4.364901140617171,-0.161702173482988,9.40339101953944e-06
4940,3.8099681439563606,0.48459246493624475,0.0002691146642807959
4943,3.809949955970873,0.02086299403172953,1.6553710110376096e-06
4948,4.335416354307672,0.2014749909271254,6.827493829787289e-05
4949,3.733353463027815,0.22555312829918162,6.056043974062437e-05
4966,4.50388782606297,-0.11067400199852351,1.0179062465183205e-05
4968,4.485772246270412,0.07961706970583471,5.719866225138174e-06
4971,4.456830246842042,-0.022448381834232478,2.0699448337652122e-07
4975,4.364647675945314,0.4161550786859358,9.669177118246458e-05
4976,4.3733316865247955,0.12758847808949625,7.370566412387473e-06
4979,4.419156175535387,-0.08710791066774703,2.572198580530032e-06
4981,4.44158858775819,-0.014349610262760493,8.557719283606658e-08
4982,4.400756273845074,-0.02625790559198382,2.817683317523447e-07
4984,4.256018794945329,-0.24505584166227923,3.165555420908337e-05
4986,4.400787222278132,-0.06873895741049196,1.977716130539924e-06
4988,4.3876600086277735,-0.09583164187204041,3.724315314505358e-06
4990,4.254540328751768,-0.16019576652966716,1.3350088853099362e-05
4992,4.327906660238606,-0.049852615947702184,1.097604024932127e-06
4993,4.461438532561853,-0.0669893778894135,1.8914443318479668e-06
4994,4.448686980484968,-0.32316680079441795,9.114522925331735e-05
4995,4.478745000046218,0.03211450647063163,4.379554816222958e-07
4996,4.400066673945705,-0.030618821478683778,3.3292104652929404e-06
4998,4.502441069984139,-0.10675810886277137,6.008429044666869e-06
4999,4.396985124872143,0.17566186941038886,1.4943418230554798e-05
5000,4.401974732069272,-0.0818235011134778,2.975970200997398e-06
5001,4.3423494828229705,-0.05463352762033047,2.0825255892224333e-06
5002,4.335149934714264,-0.19360377100786863,1.5694156792714997e-05
5003,4.403582377010463,-0.1738331777821589,1.2519299751916536e-05
5006,4.342773596524181,0.02540763132764745,2.5373428177947376e-07
5007,4.33019929020814,0.050576562564089045,1.2700852140703675e-06
5008,3.3736823699600174,-0.6589876261391385,0.0005939454875696403
5009,4.408279473822677,-0.27151419571662494,6.370754942663596e-05
5013,4.492294531263012,-0.04144170565927752,1.4554435946535141e-06
5014,4.306703142334884,0.008114742645547679,7.238075685338974e-08
5017,4.353660727984429,0.011982427438928411,1.4791013898366696e-07
5018,4.2367328384781615,-0.2131684583171083,2.5774835497230097e-05
5020,4.315805795309202,-0.3323927937943827,5.352808334402334e-05
5021,4.244704769593366,-0.08738540820987772,3.085376515919136e-06
5026,4.322690669261388,-0.6824763871287329,0.000243421705396294
5028,3.896280053778086,0.4617100030675543,0.00020122142658235363
5029,4.239142582207674,-0.14147022989289848,1.2529344446155671e-05
5030,4.281425285761696,0.025338864411638795,3.646533528962812e-07
5031,4.464184836203492,-0.0859152504073224,9.496165506480676e-06
5032,4.306048584689589,-0.04055576627165891,8.258135170209197e-07
5033,4.387642975414727,-0.27513110923717754,3.0130400389304212e-05
5035,4.254169553760666,0.1598401267662668,9.942323535748555e-06
5037,3.3667059864163265,-0.39629152084662556,0.0001333115520835092
5038,4.398247704236413,0.03968656237576518,6.508518355390676e-07
5041,4.472035322603561,-0.13998705773592057,1.86011689930062e-05
5043,4.510551004730684,0.08759456632044316,4.21083787795736e-06
5045,4.553068377220398,0.06994172689602429,4.174460317648031e-06
5047,3.7429967713366845,0.3122604021773694,0.0003121280068850694
5049,4.432046791296965,0.07661249431028239,7.938458165421884e-06
5051,4.592926550023929,-0.01204905660488187,1.5431500882877742e-07
5054,4.50108254645205,0.06118013852476434,1.5127192139121787e-06
5059,4.511614457932497,-0.04455757407404004,1.7999916418136929e-06
5070,4.187529487737977,-0.10323526136937744,3.186580574688661e-05
5072,4.449993745732571,-0.21879000079327326,2.00270832959215e-05
5074,4.501335071806923,0.05779117567976133,1.3634861633517646e-06
5075,4.394745062484707,-0.08126497034593516,5.887965168580941e-06
5087,3.733495160322678,0.27927774820561124,4.3229319217245663e-05
5108,4.414270930486471,-0.17438406297371234,3.875677033562775e-05
5112,4.422282188578287,-0.12772157968568187,6.8383500338486744e-06
5114,4.4438059660130955,-0.10913302772268452,1.1752823161394625e-05
5123,4.483525862997241,-0.014175400151684059,1.639685496875951e-07
5133,4.245179885992149,-0.03157190294323087,1.7764388985776436e-06
5142,4.21116813155295,-0.25417176048207235,2.5255291689253766e-05
5154,4.381502683069378,-0.15759291649263396,2.415564258199896e-05
5156,4.548073304482982,-0.10542204799266575,3.9479175640936426e-06
5157,4.4125975490607505,-0.1886877824840063,1.3706894182563169e-05
5162,4.50016952125161,-0.3666042458762284,0.0001761720541039281
5167,4.432745224438739,-0.06203234966513094,4.81717399680765e-06
5168,4.246126754153255,0.09507788600037159,6.58247328274675e-06
5169,3.986516407958678,0.7679354807451682,0.00036456482123862685
5171,4.454086108561676,0.1845188535126523,1.3498712254365166e-05
5173,4.397168049186868,-0.19247542979590193,1.2615974023069713e-05
5175,4.402780016143864,-0.07997274112995356,6.289286010386802e-06
5177,4.563944578873834,0.04222510744734009,1.443301890036625e-06
5178,4.523185680631287,0.16999538267951753,3.493404636946653e-05
5179,4.538254187117078,0.1270699216907607,1.1266895162138888e-05
5180,4.471569820820253,0.1305958561475391,7.3648376887828775e-06
5181,4.412074541580718,0.04110928740949227,7.897179823327732e-07
5182,4.4103804217751845,0.15083787668372395,2.760407346630608e-05
5186,4.403971369877845,0.05963525178845952,1.4193854333055378e-06
5188,4.456089336403482,0.12581222264525493,1.0077350015982183e-05
5190,4.33359602027118,-0.2800734525693347,3.1073250163023636e-05
5193,4.542666624915295,-0.04285695458503014,1.045287041723828e-06
5214,4.345923074424896,-0.06925695540884025,2.6268234589268473e-06
5215,4.4831195685015235,-0.0800655666355663,5.523634191099755e-06
5216,4.428401721104299,-0.2648420898607249,2.8237267815823105e-05
5218,4.282162898496995,-0.09402445698853334,1.4130285321186162e-05
5221,4.113270640559284,-0.4862665901634351,0.0002747301545105147
5223,4.24144616405967,-0.053307722551208414,2.4714623742572397e-06
5227,3.8731248007596863,0.35078496581705787,0.00024532815151463575
5259,4.381638146494423,-0.044347405661933514,1.6668831965048146e-06
5260,4.1758537526761135,0.1782876785082328,0.0001565329695876366
5262,4.389870223584237,-0.14280457434447236,1.0712770839028015e-05
5263,4.348922511072144,0.09019309058586522,8.241606026877262e-06
5264,4.319098532985299,-0.30994881682642994,9.584415564804773e-05
5265,4.464339937700936,0.0874294715600401,1.004640160529086e-05
5270,4.438333960076837,0.0692233970442544,4.78210547070584e-06
5271,4.3749194173634045,-0.0968653730725011,4.613181938883118e-06
5281,4.388923047714435,0.03352550145836197,9.569928045080625e-07
5284,3.2869250169676554,-0.7611963726593998,0.0005375721689195052
5287,4.345866269501117,0.16058794354781636,5.5856438108615055e-05
5291,4.410177850063898,-0.1674132827235244,1.6528428364669174e-05
5294,4.413534811223691,0.11367383329468872,5.511622306407132e-06
5298,4.469605337715518,-0.018752512111784192,1.7219734015179628e-07
5299,4.5196449169230375,-0.06181531883365565,4.813677309917721e-06
5302,4.576251041597694,-0.2560998106419001,2.6610680603613474e-05
5304,3.286423004562652,-0.45320966050643596,0.00016125865490411518
5312,4.304685371261263,-0.47604397477216764,0.0001222266238189196
5317,4.3326272348808565,0.4523613776830713,0.0001466127383873074
5319,3.689081728153016,0.6689083286926243,0.0005382513507636513
5322,4.223725882715053,-0.02802882623266445,1.1009198794451037e-06
5323,3.8670992684178183,-0.20867902178859055,5.340793634082277e-05
5328,4.3798978096282575,-0.11300148220800743,4.993642166738814e-06
5332,4.486102875395409,0.44548921136039343,0.0001667882550062614
5333,3.699790539853211,0.6921864256738388,0.0005543867074008516
5334,4.4461472102223984,-0.0046731169050966415,1.0755787153947527e-08
5338,4.471344740271706,0.25160848137276837,5.200129056263684e-05
5339,4.470932007253886,0.06595933798091114,3.067020959315995e-06
5347,4.275099093769066,-0.4977509916675218,0.00035891465628750253
5351,4.362138985119023,-0.266129143577861,0.00031813464321634274
5352,4.376253621547597,-0.09958750253154136,5.7558975726992955e-06
5356,4.285489659559755,0.12730863378087953,8.881368112043858e-06
5357,4.3190669617966915,-0.23477273542809218,2.8390230482541402e-05
5368,4.436274671244901,0.3685657098717581,0.00011654416268021777
5370,4.3487073394359985,-0.32872719250276017,3.649545174049536e-05
5380,3.8878116769001383,0.04792785514532394,4.215643915332677e-06
5381,4.287915199485906,-0.009861155195002524,5.359879986413809e-08
5382,4.1799724798718865,-0.19842341179513,2.3914134069981915e-05
5385,3.9465412989499877,0.42543499987039235,9.106662580792904e-05
5386,3.362780143830157,-0.7237228142148986,0.0007281593435650075
5387,4.327383122593174,-0.13924468108471277,7.487421295027256e-06
5388,4.323234603936263,-0.1457751350036558,1.1964635680310088e-05
5389,4.31173355994377,0.18026792793868385,0.00013289159021315463
5394,4.463053205997448,0.007442076664041508,3.267629199896558e-08
5395,4.469531101729494,-0.23832735679019645,6.077376617611803e-05
5399,3.4372374256454004,0.2186021743903357,7.462442925791583e-05
5408,3.1155232332900553,0.4340941534903733,0.0003439614886385602
5409,4.648873040402737,0.14111558257789625,2.1263342169870908e-05
5410,4.407591180222604,-0.39301158646936596,0.0001587114778641769
5414,4.236614651232666,0.06880088106937521,2.180727857262953e-06
5415,4.083300933119654,0.24083172313532497,5.178019405051515e-05
5420,4.27439321696794,0.092519779895893,3.3387486651044588e-06
5421,4.468814495737794,-0.1121056690482023,5.901577115023175e-06
5425,4.457043264623931,-0.10934930903055484,4.347947795881981e-06
5428,4.214840065669153,0.33164112397025836,5.414823374708107e-05
5430,4.436755856756346,0.1724063505012836,1.1834767034232783e-05
5432,4.346429991913619,-0.019651831470215875,1.8250028482722969e-07
5435,4.402613272026886,0.037682270770971193,5.589625225237472e-07
5437,4.481081950835222,-0.08910498530817179,4.362092050398866e-06
5445,4.488328902517634,0.1703820503984872,2.7198471773104038e-05
5447,4.4712711942106775,0.03958831230617221,1.8368139148971496e-06
5450,4.227526314728751,-0.05467869101870626,1.6173035386774918e-06
5454,4.399854825112234,-0.11626826325160522,5.918225384807186e-06
5456,4.3453403902042185,-0.1185066449360388,6.8515626698483964e-06
5457,4.3957062932941895,0.03391932017897137,6.445965462085107e-07
5458,4.450766312677619,-0.268716170036412,6.111969429355998e-05
5459,4.314406412654282,-0.18084113727890028,1.3187916933582552e-05
5460,4.3486634334144165,-0.20077810426428577,1.778813408897635e-05
5464,4.3822531525340995,-0.08769254364149415,5.269851156775792e-06
5466,4.599099125025525,-0.24110906817988464,5.263886760102855e-05
5468,4.46676040497674,-0.04311209561203899,7.406211371810473e-07
5469,4.396922159387443,-0.08210427440701107,2.6506212507047787e-06
5470,4.384936343771627,-0.18923928728923833,1.5253878768696441e-05
5471,4.345930706831009,-0.0623441449703801,1.994447295826836e-06
5472,4.373419762474268,-0.09675364345821258,4.230258752483285e-06
5473,4.390870609566232,0.11004955504806002,5.426967136935734e-06
5475,4.483690614834665,0.023866742286426046,2.2556395699743801e-07
5477,4.380205288139264,-0.12459257832104065,6.603048640348363e-06
5478,4.405087893724699,-0.10916395810422852,7.300696009628647e-06
5479,4.311909224400258,-0.02832266253962956,4.0443655516369064e-07
5480,4.529120815409317,-0.0678209998409276,5.9025755624941795e-06
5481,4.384510833945207,-0.06037817769022791,2.532728792585537e-06
5482,4.39407789811534,-0.0021009325882896945,2.511453304828018e-09
5483,4.430215438153554,-0.024716447294530042,7.916327004875785e-07
5503,4.191111208796269,-0.2553716767508072,8.033947888616892e-05
5504,4.347284530504685,0.16247547067874812,0.00010231998505020065
5505,3.3172696204866727,-0.507866925124175,0.00038446106291765666
5506,4.344450268456424,-0.08600469555389711,5.696067432201777e-06
5507,4.592275446086455,-0.4507292823800597,0.00017580784625726044
5508,4.432204056411221,0.047402906601524464,2.1896383997387536e-06
5509,4.159851786988326,-0.09940877644190671,9.655421265840818e-06
5510,4.49995203580781,-0.24292189130861352,6.201002460337322e-05
5511,4.3951377633261375,-0.39327405389820225,0.00015900614985484528
5513,4.410681461000273,0.11544551764736521,2.1551867942529193e-05
5514,4.484659447580294,0.06605455261173798,4.038461439470741e-06
5515,4.354557276410002,-0.12772353114182255,1.5258790611843685e-05
5516,4.314778604831232,0.026426035322394625,6.449452529422888e-07
5518,4.385426326938814,-0.07462720155329983,4.97315809454861e-06
5520,4.335699011722219,-0.17837965033873004,5.422673371443682e-05
5521,3.3742191070575895,0.12228845440889069,2.3126165033473007e-05
5522,4.536311710357989,0.6307573695800937,0.000547210673512998
5523,4.371849982594457,0.03852112508856731,1.8212356693568005e-06
5524,4.224495882754723,0.19675146507244,4.494953499891892e-05
5526,4.253459706210801,0.06402840732550885,5.201367027243597e-06
5531,4.333716347909262,-0.07244591437118064,2.169524548350089e-06
5532,4.41555365895775,0.0831442825198252,3.1886200560358767e-06
5541,4.214924870632067,0.2218266637310613,0.00016696995649421813
5542,4.431400325777926,0.13814268256701379,1.0338358936172236e-05
5543,4.520130096284635,-0.06811108979071889,2.6152965982023057e-06
5546,4.364561988959429,0.11730998068416909,7.615900843850942e-06
5552,4.246549787289012,0.04664563367825458,2.173577985618758e-06
5553,4.124417173165288,-0.13728669525033643,1.9955875506689337e-05
5557,4.398576416872533,-0.22572879316248873,2.042398218177567e-05
5558,4.21143171651122,0.28392360346966417,7.465594815281453e-05
5560,3.9524793050665754,-0.21719347813848344,2.3779400330740384e-05
5561,3.7580667668091645,-0.10481449033837942,1.2125522682251759e-05
5562,4.034549120773389,0.2668096108330378,0.0002540091678892168
5563,4.443392818695748,0.32813890450756844,4.104375873541911e-05
5566,4.531427712000781,-0.08408161120625657,7.470361283700413e-06
5569,3.9305521034247177,0.050996964652038734,2.590843882943976e-06
5583,4.414462716967047,0.11490575560476213,5.660096450988505e-06
5584,4.467272951518193,-0.08025877533327197,4.4237900401869344e-06
5587,4.309743956933972,-0.0902362517578652,3.240226145309609e-06
5588,4.242641399536183,-0.12523156438308636,6.279996000293295e-06
5589,4.427261667519271,-0.18737480000651185,1.1007902914617315e-05
5590,4.477567104766474,0.162970225058908,8.85440385404531e-06
5595,4.580257620825517,0.15944345812018046,9.631600259182391e-06
5596,4.465250223612929,0.03566994100136256,4.5249647478588726e-07
5597,4.609537733011037,-0.08992543538459241,6.237779071426241e-06
5600,3.9483016202747083,0.33390467911696264,0.00013039055395526746
5603,4.331132429506168,-0.1339304818443594,1.3530627216893348e-05
5604,4.603253751349762,0.944654336527333,0.0007400810059161325
5608,4.073816308574749,0.05814511721865845,3.3033251090222796e-06
5609,4.391785050796832,-0.03507622410724043,6.047109129649064e-07
5615,4.38686661066886,-0.17178043075063076,1.178318465914574e-05
5616,4.350185868382987,-0.2760440134784057,3.526716582575e-05
5617,4.408189541271776,0.289559826009409,3.5852312899387385e-05
5618,4.400467526232832,0.1136832613680907,5.143043540181635e-06
5620,4.445392796105864,-0.11993651292037644,1.3178709014217593e-05
5622,4.497508679095897,0.49088100605303886,0.0026034672734163724
5624,4.146784770420979,0.4237939707974938,6.479704817813246e-05
5625,4.24764096734048,-0.10133666618766846,1.0743064105827577e-05
5627,4.346537317795068,-0.13886407026596448,8.670416150369036e-06
5630,4.405050181960327,0.042295918834197366,7.278370416814551e-07
5633,4.4166336872055005,-0.08590034691916948,2.9935450256907253e-06
5634,4.324547317418264,0.22405251708143314,1.946073470035984e-05
5635,4.369939471488193,-0.19709184777814848,1.9537852803672287e-05
5639,4.370475661821939,-0.21003129789531538,0.00016143066035259122
5640,4.417577881326724,0.01798952027518741,1.4161362327391375e-07
5641,4.35788102974751,0.05127427231462445,1.2656202836050661e-06
5642,4.435281988586943,-0.20990916395843762,1.7627929468390548e-05
5643,4.359357251199876,-0.45134226716926884,9.116161671776826e-05
5644,4.424463230375129,-0.0008149210104280158,2.7297451979596496e-10
5645,4.4226148172863,-0.2544004064977443,2.174439512490252e-05
5647,4.379486058882693,-0.0151143594475327,1.1104991105025854e-07
5648,4.447432200861113,-0.09457694348751122,3.958961370991581e-06
5649,4.381856512150455,-0.20746924225481855,1.7037220580219065e-05
5652,4.314956516521096,-0.01767111030230506,1.6381856776108775e-07
5654,4.485415596367706,0.04718389678555024,1.8922324523864557e-06
5655,4.453078988182191,0.02992356383169259,1.151003321954501e-06
5656,4.454140282141779,-0.09615022529613881,3.325929073188966e-05
5657,4.40177688640302,-0.04635093352631792,1.739200658292414e-06
5658,4.392576957305407,-0.041009530116234316,7.164276288653476e-07
5659,4.398081003898359,-0.1007955976795687,4.392754553699299e-06
5660,4.395407918373508,-0.13696234547098118,7.5868100015501006e-06
5661,4.426080155718816,-0.046556651263053084,8.924366751335436e-07
5662,4.380798858545143,-0.031812077949461504,4.1672873779030553e-07
5665,4.362947836649331,0.03396741051830077,6.494293927695902e-07
5666,4.361217189900895,0.02205866417341884,2.7376341268982615e-07
5674,4.346945758277273,-0.04966035205848218,9.90612557167257e-07
5676,4.319121683911478,-0.2466819570774268,2.4211538586237145e-05
5677,4.286009887605894,-0.18006618954044118,1.7532311716764957e-05
5680,4.4360761775111435,0.22641907509621717,5.8749809258161686e-05
5681,4.325096476979045,-0.02645145124421422,2.9774853462525236e-07
5687,4.41848107447955,0.25993957324813355,6.430734368526367e-05
5690,4.34316482789639,0.012261124980311955,7.130853805094122e-08
5694,4.2631118726580635,0.3330175686778789,3.3363869592335144e-05
5699,4.109274521259031,0.4004854799244022,0.00014075716416071912
5704,4.372663452496306,0.16529798379833505,3.174831473143859e-05
5718,4.50574384884658,-0.042137227180275794,1.4865643677052391e-06
5729,4.49058150670318,-0.23072250600350586,2.6546146453216023e-05
5737,4.4973852498998665,-0.1587881731533214,1.4336115918996291e-05
5741,4.5194973984572275,-0.12258215128959549,1.158756768409302e-05
5742,4.154475619673818,-0.16920215250607917,2.6833976358524396e-05
5745,4.27866270154091,-0.2989810476389496,8.9807293686445e-05
5746,3.712796007661924,-0.3986100029893982,0.00018075601538002008
5749,4.394409221088676,0.4936817202494863,0.00021314199670771986
5753,4.655364066156989,0.4548148582755287,0.00022771655897926702
5754,4.24879088800466,-0.08678767730874437,8.227801125856933e-06
5755,4.35921332770114,0.18620685388117764,1.304090167525837e-05
5756,4.442719828689618,0.3004716551958486,3.6185505157394654e-05
5757,4.291947385088984,-0.07981978721049998,7.497293903621e-06
5758,4.510494520795297,0.010206508566344752,7.130255629373925e-08
5759,3.269920694275487,0.5565444227910126,0.0004721731891054363
5760,4.186640427479721,-0.2826495937488387,3.889143991838912e-05
5761,4.351583714504219,-0.13502151955786967,2.040223665414059e-05
5762,4.450458620334281,-0.3314214455218085,0.000124592720736414
5763,4.319367792121105,0.3937595353720784,0.0001232641458005151
5764,3.9626688308224343,-0.09146781991454311,8.326359068121314e-06
5765,4.383964681953626,-0.236079352803495,0.00019932683500580096
5766,4.430090926866444,-0.06699230207808071,3.614574234675772e-06
5767,4.169573524861805,0.3565534537858328,0.00010165245471840125
5769,4.416440417412504,0.08669704301043524,4.141182465462502e-06
5772,4.448237941901058,-0.0342282613741256,5.125274656057034e-07
5778,4.11208690993933,-0.08673521920418015,6.5845555893008044e-06
5779,4.506450868345753,-0.13321273970495007,7.03355499858261e-06
5781,4.346279092977943,-0.07518401901134286,2.6176721515136016e-06
5782,4.268127088746727,-0.09836588723987205,4.441331945184157e-06
5783,3.986906233817654,-0.4344194046092724,0.0002004114573922716
5784,4.145296987517084,-0.17689364865283075,5.481771812693028e-05
5787,4.526529922963621,-0.174962495774448,1.2715923676455763e-05
5788,4.447573026288786,-0.09600559909961248,7.469235850150649e-06
5789,4.4240246158401675,-0.020970613974210295,4.0171823101157684e-07
5790,4.3997253801426375,0.17188802231661082,1.668818887982922e-05
5791,4.438221393587346,-0.09831968521413614,7.715171157164806e-06
5792,4.409618381768475,-0.11779001501274156,1.7339478767045948e-05
5793,4.30002743585846,0.20421683153967152,3.711672596352829e-05
5796,4.410882955551881,0.16073044690736715,3.751821233516098e-05
5797,4.340637683906622,-0.007276221214021383,4.6770210742379435e-08
5798,4.294810321593853,0.002475084624937729,3.2808560595597447e-09
5799,4.222397793362857,-0.20781819960961911,4.5928235603602476e-05
5801,4.333895307705936,-0.05445526180715543,1.2239063561617645e-06
5804,4.476375117970073,0.12579055899771951,1.0957279929031846e-05
5808,4.2902792697881456,0.2802994714303271,4.298736657496254e-05
5809,3.828846474505813,0.6243373544843971,0.0002946501493992739
5813,4.386347593853826,0.0031510556587566185,4.718581299853499e-09
5814,4.464747430355569,-0.1287647341830942,5.998592228734368e-05
5820,4.377615735692921,-0.10652066172632146,4.798041753752415e-06
5821,4.462166106219961,-0.055446858955707334,1.0836767155307534e-05
5822,4.4193076470386226,0.08824971008246862,6.5414388932653594e-06
5826,4.328026316604722,-0.13685756974708152,1.4808305863897841e-05
5830,4.395997354573473,-0.27533548403399877,6.691646851828112e-05
5831,4.431240538970503,-0.24158579694407756,4.728429750622545e-05
5833,4.256935812647406,0.11756255560568452,2.0444422821956944e-05
5835,4.306158660101171,-0.20021496203571854,3.700501270533806e-05
5836,4.296820427869555,0.01532007934016022,2.2034472559652662e-07
5837,4.317465670523941,0.011951013877643746,1.3081527552836374e-07
5838,4.279086208481958,0.20955016125018133,4.120210636657533e-05
5843,4.169633239617933,0.1611001006683983,4.10912544642987e-05
5845,4.489681094120843,0.11948111313678655,6.08739305099952e-06
5849,4.418100464090772,-0.33044489001946786,9.519217211277929e-05
5851,4.123685498073072,-0.43981858578267996,0.00012112938564827074
5852,4.29295181142282,-0.22051208458876914,2.1576173224992237e-05
5853,4.414757319993191,0.07500201448357302,2.166002940991286e-06
5854,4.365732495530746,-0.06166740232657553,1.5797578987370578e-06
5859,4.118766776035461,0.1523282979311391,1.4599169203028554e-05
5860,4.344604233715887,-0.22556705890341444,4.803028763480489e-05
5862,4.282299451902298,-0.260525582515033,4.020197990223101e-05
5864,3.6156029342588574,-0.0775463698795047,3.977589127428695e-06
5867,3.9727315341540606,0.34074855798471093,0.00043691735584276567
5869,4.371018464227881,-0.11967015319611551,5.788861236528195e-06
5870,4.456610916883724,-0.015136823566422208,9.783944263234447e-08
5871,4.473776906082712,0.08115206346863246,2.776728575255317e-06
5872,4.427922905644123,-0.2927563489017668,6.898586990022029e-05
5873,4.426252300123159,-0.036753650610576116,5.415094201661241e-07
5874,4.324665205985337,-0.10957902606710768,5.4495608007819795e-06
5877,4.4125653938195875,-0.018116239147148328,1.3097823357058407e-07
5878,4.369606574524509,-0.0026935776606755724,3.924170010282402e-09
5879,4.509976692970878,-0.15070704541961266,2.455770846509703e-05
5880,4.34999248350077,0.001574943688402719,9.702080288902096e-10
5881,4.367350159346463,0.04544813399417169,7.930801446860383e-07
5882,4.401501085115378,-0.1374137483061837,7.599101414974127e-06
5884,4.426411783300582,-0.1156126579150678,6.378436827840037e-06
5885,4.291768311665969,-0.15820303629058685,1.2310050972809294e-05
5888,4.39272960793467,-0.29339750420153,4.8252057875248435e-05
5895,4.306664229353803,-0.29389132082551406,4.25315018101914e-05
5897,4.371460698401608,-0.16676807901064183,1.3042090645808308e-05
5898,4.387502555225349,-0.0700144416890387,2.041479542666153e-06
5900,3.171408717924954,0.13180825537699725,4.249012004140209e-05
5901,3.7061611067097413,0.5133465984663657,0.00017933623064523562
5902,4.319246804900979,0.4213280180933152,0.00026630549780906143
5903,4.167599747011186,0.05777307761731887,3.350129762414568e-06
5905,4.397629680646491,-0.00937249622197367,9.587159826945085e-08
5910,4.418472395231691,-0.26271920488094747,4.772865375165623e-05
5912,4.377504776680106,-0.23120047552729428,1.6931738497208455e-05
5913,4.2654624209939795,0.07834300085970458,8.065909632692014e-06
5915,4.248086336528524,-0.10972488888964893,3.839479472176475e-06
5917,4.5145152836326625,0.0018236886488134374,4.6701193528302016e-09
5920,4.4671481184882476,0.16173859411715963,2.0201523753626195e-05
5923,4.4061635008107185,-0.29528963663740715,2.777204808586451e-05
5933,3.948625798188576,-0.2572494638760525,4.031645256985443e-05
5936,4.415587815130503,-0.0015781346035703692,1.2006376186901416e-09
5940,4.3492540220379885,0.01892720581384033,1.4944730024189594e-07
5941,4.374542770196253,-0.06374364481073957,6.036800796890493e-06
5947,4.375942806676165,-0.2359877332020126,3.928811673098605e-05
5948,4.448582442604029,-0.022538922513373194,6.354863826332408e-07
5957,4.392480650161984,0.10399011890276633,4.212957633326026e-06
5958,4.350235288343565,0.12937167466918087,6.8953331575963355e-06
5959,3.9986997338558123,0.203003346686788,0.0001801389714176375
5966,4.227899141517873,0.18732046051177242,0.00039397148711346535
5975,4.500911469877834,-0.09175616781569929,3.484514431767693e-06
5976,4.150229110655337,-0.2790280997474457,7.986213044957359e-05
5979,4.222629580490254,-0.6253173199018076,0.0004022070032625152
6009,4.210563382177791,-0.2945483554801078,3.4628853927800955e-05
6024,4.329449989797872,-0.06817955625979089,2.5648457180840304e-06
6026,4.316856456700289,0.07388211857561444,4.799022575142853e-06
6027,4.318677299607561,-0.08023239341170374,2.8340636555959005e-06
6029,4.396502814483599,0.08649973753028473,6.247836930681594e-06
6040,4.358803892897227,0.04425010896872994,8.146366424827115e-07
6041,4.305013844064127,0.2768877149846105,4.1413886231370704e-05
6042,4.4625939457873836,-0.09949532099902036,4.601442771178243e-06
6045,4.0732105464905475,-0.10480720762629403,1.7626832645629623e-05
6050,4.212862940857091,0.19141430275161042,3.864020288491277e-05
6054,4.6008075209631745,-0.16642565595536496,1.0325994283506506e-05
6055,4.413289637644532,0.0007200428824010174,5.079052863010745e-10
6056,4.040614039078556,0.019828971467863,5.724829698411306e-06
6057,3.9626057420770295,-0.011362023495602003,1.4065310464203325e-07
6058,4.468487285317305,-0.12989020857076028,6.591016366834938e-06
6062,4.288083981725971,-0.3009535038110198,4.033134038932893e-05
6065,4.3022836854158415,-0.03538735799559145,1.9930417001035298e-06
6068,4.509192055916413,-0.2621264066766491,0.00022443714805767118
6069,4.394962029039913,-0.32082017413533226,8.500470026912905e-05
6071,3.2044019732288183,0.0765092425588354,6.687638954283856e-06
6075,4.3308791597573535,0.03856869270966801,2.373648809005102e-06
6078,4.192641875030508,0.15892555215866544,4.093262615297377e-05
6079,4.36810856393719,0.16878278129760727,3.927385928282966e-05
6082,4.178771126949918,-0.02615765660384195,9.857437767035038e-07
6085,4.371588530783301,-0.22686776123613317,4.3955261583742496e-05
6086,4.476707438542541,0.10417005487650588,1.0442702064129572e-05
6087,4.349902562061737,-0.14371851808410074,1.7056015831090274e-05
6092,4.323097899847134,-0.21222403567382297,7.39496906800212e-05
6094,4.357068473339645,0.36677324236594533,0.00015247022527146572
6107,4.196737288615636,-0.18035426786324749,3.592290999547502e-05
6110,4.407905320317004,-0.277550320571871,3.435664362355021e-05
6116,4.152730848962402,-0.13095697957513686,1.7788259423492843e-05
6118,4.370249501128981,0.0029886275118213845,3.779050710896701e-09
6119,4.405241356643354,-0.2573560274932234,9.7088950211593e-05
6120,3.3005033085008617,-0.5596632845756608,0.00031560698508151187
6122,4.717851251378124,0.6249613550564641,0.000601718709388256
6124,4.373126792155442,0.16162092953610419,1.074254429644286e-05
6126,4.596991525106183,0.08606519953897962,1.2679072435926569e-05
6127,4.252701960500674,-0.2918887909030956,0.00012078383999796746
6128,4.273870988755219,-0.11811779840447478,1.9988745290735843e-05
6129,4.261157090706949,-0.29844097096328515,7.025761447568578e-05
6130,4.25492236562733,0.25703543863858247,2.9946273142357586e-05
6131,4.343640052353385,0.15838937471519277,4.0124956572248885e-05
6133,4.231974188700588,-0.4895539676586216,0.00020517132789144027
6134,4.203348941284732,-0.0016458607421316884,1.6254772463828593e-09
6136,4.339278315777014,0.14485354183402155,1.894010470381059e-05
6137,4.384621222888364,0.06856260610184606,2.3277152074956917e-06
6142,4.392584976414009,-0.1526981089012498,2.043320110448792e-05
6143,4.454782329306374,-0.054179309059557035,2.511324170177667e-06
6146,4.40066135619356,0.12221358706770058,1.1832405073240573e-05
6150,4.491583453660551,0.4114666297557674,0.00011819356401592898
6152,4.34960986809984,-0.24037669338398882,6.143644509493278e-05
6154,3.937334714417705,0.10396062671458006,4.2359300286241096e-05
6155,3.0539840536147485,-0.4890346961532117,0.0004882183163863811
6156,4.408680078202564,-0.07531861550996322,5.465655542018329e-06
6157,4.138005434746042,-0.248228038265216,5.5322890481208035e-05
6158,4.249828370014195,0.25662584303473857,2.5221096985081856e-05
6159,4.4000364771027005,0.04379055847662805,9.336527625865121e-07
6160,4.363065541760955,-0.03628738131755149,1.7289910814637294e-06
6161,4.27476218219174,0.2093696754192953,2.147050526046104e-05
6163,4.322248450266977,-0.2212593453262075,2.1858945301946935e-05
6164,4.068254743149544,-0.07557383470394363,2.1861501888724332e-05
6165,4.400710807070941,-0.09259985534722759,5.556231614512514e-06
6166,4.4233866376885365,-0.1936374384602324,3.1916325882774065e-05
6167,3.929597908435087,0.18127595573822441,4.219236433835601e-05
6168,4.334158816817764,-0.16131119310771957,1.3941432481492832e-05
6174,4.4345470038409465,-0.21063723726420225,3.8334707697654916e-05
6175,4.404926011303688,0.07013548933738267,2.7415649520674192e-06
6176,4.165422855443335,-0.12941387023419804,9.65516935217539e-06
6180,4.35108878275768,0.4330640587588519,0.000285570519518747
6182,4.462539136873122,-0.03769250501631216,5.678074603527545e-07
6184,4.380425388521461,-0.3199823779750419,3.992830047998367e-05
6185,4.419275132395757,0.11224851342403586,6.8043057422582604e-06
6202,4.012361966216381,0.8451221483857001,0.0006796398298813662
6203,4.427008962158196,0.19796385112607506,4.637403014612831e-05
6210,4.2495304190400445,0.202488587453872,8.845547249713704e-05
6213,4.3402697486083355,0.051707216918714494,3.860747730586608e-06
6219,4.406038873058152,0.18401767511989142,6.147045454278113e-05
6220,4.280341647651458,0.22057851696283404,9.386591422718233e-05
6223,4.552392472787115,0.8339357710836355,0.0008564445073428023
6226,4.347013836106665,0.16713695149425778,5.573203053318939e-05
6227,4.152402703321925,0.3215191960562125,0.00017292968295605458
6229,4.414563464517803,0.23174866480146328,9.488540584730427e-05
6232,2.910775164392351,0.7954529280561986,0.0012845958071416484
6234,4.204209005803095,-0.22639825983694628,2.9943694355598447e-05
6238,4.428862405516405,0.5170565738601596,0.00024431029268644737
6239,3.669629229586089,-0.427036878100572,9.372617254072546e-05
6246,3.479438042648437,0.20191314504470803,4.860276931754221e-05
6247,3.9929926711719563,-0.1407196701495841,1.955985898772566e-05
6248,4.086174736513167,-0.24887527728095726,3.3493244103366514e-05
6252,4.3320859070222175,-0.22944254198542158,3.880358844036639e-05
6253,4.2271013917530675,0.00410235318623009,1.3626418196942956e-08
6254,4.290011050171681,0.04597164600079395,1.5066257022354806e-06
6257,4.415029245012982,0.0451151689248519,2.1472074449701893e-06
6258,4.001109202625747,-0.4259585138401536,0.0002379999740586503
6260,4.466187842091144,-0.2191221928513798,3.806089097190481e-05
6261,4.542769127685007,-0.16953099904420466,4.336843513554311e-05
6262,4.417264156281365,0.18389800830918723,2.9724979667235574e-05
6265,4.345350152444458,-0.17868492864273122,1.9717116020102408e-05
6266,4.29120966305867,-0.17869779688111986,1.745099082852514e-05
6267,3.9264117136942396,-0.1911258867661476,3.774541751049675e-05
6268,4.352196549221815,-0.27805469431723395,6.0617165928423934e-05
6269,4.198490614602521,-0.3547464499276698,8.147291302116035e-05
6270,4.357017005600958,-0.10709421156041365,5.933383716431755e-06
6271,4.083080647680391,-0.059516267519337696,1.7219693674913106e-06
6272,4.3328145407833,-0.07154410724521831,3.3329380586580536e-06
6273,4.246746384568877,-0.33472337914073114,9.264271749447464e-05
6275,4.236506714890512,-0.1969703891634058,1.9756942080009562e-05
6276,4.432294383949045,-0.0590562553082421,1.5996685752111432e-06
6277,4.298251016470267,-0.16468574109488543,1.265403736255277e-05
6279,4.300220300740703,-0.15391599958789115,9.630817604227239e-06
6280,4.286116506556185,-0.10254081060614162,9.48915625411138e-06
6281,4.3442886845884185,-0.2583123720368343,5.080931309809825e-05
6282,4.248241316759518,-0.3482908925656414,8.795627227186144e-05
6283,4.332813657159308,-0.19445220952043307,2.712028514496939e-05
6284,4.3511028055841665,-0.35106892283330726,7.018188691196066e-05
6286,4.474876818441013,-0.10542896597399132,6.0916721540898025e-06
6287,4.501282450995636,0.042012331274367654,2.8865066416234773e-06
6288,4.4713565187015325,-0.16324556697781922,2.0799410622677603e-05
6289,4.442411503293602,-0.1769186848756723,2.782547471133506e-05
6290,4.405731648087394,-0.42045818091965526,8.595268986092764e-05
6291,3.7326259697765694,0.561934639116036,0.00018943715229622628
6292,4.2175609814449855,0.26544157056889794,3.880886799623544e-05
6294,4.227631615240488,-0.02592853469788725,2.5875968671985243e-07
6295,4.380437491255347,-0.1376729239149732,7.352921392161281e-06
6299,4.246827699418054,-0.26527863134129737,2.9722457415435272e-05
6300,4.467109011162014,-0.2344528331424014,4.556578152829578e-05
6301,4.255549348218942,0.005721085319139618,1.9528273792836453e-08
6304,4.176708770396163,-0.1785080687269649,2.195427368518822e-05
6305,4.267959160114764,0.004531587490810729,2.5679834557883764e-08
6307,4.202849836345256,-0.0597151099537232,3.5376353972004726e-06
6309,4.400004212108491,-0.11641765024786199,8.030919544753268e-06
6310,4.378120569688837,-0.34920381278919077,4.902528252710298e-05
6311,4.417161445664919,-0.32115160412375765,6.277213314097912e-05
6312,4.391157110124807,-0.0564841718343958,2.362444222897718e-06
6313,4.353823661301835,-0.2644916409032785,2.2559636399789846e-05
6314,4.39002686757833,-0.2840831695128774,4.8256140421137344e-05
6315,4.629376762830367,0.0024353541041461924,6.845535012783976e-09
6316,4.205530634677376,-0.6192377693385409,0.00017174702103896032
6318,4.416082743897664,0.03126335689686055,1.278577021033032e-06
6319,4.3272170801316525,-0.03950112492901248,1.7224496114634861e-06
6327,3.7260003224183254,0.1262726786040469,1.673836855585792e-05
6329,4.243637286630944,0.10405666896243204,5.094941077396934e-06
6330,4.338484646337237,-0.07862564563756358,4.281114453141114e-06
6335,4.170771158162221,0.064783572611403,3.40883081716744e-06
6338,4.35665412776964,-0.19309449652606592,0.00012082775730802204
6339,4.666308104178257,-0.06514593958770476,1.5205198798903252e-05
6340,4.6102752703134575,-0.7881769724132983,0.0020990530356034564
6341,3.829946900289639,0.21660699809611295,5.080575354311666e-05
6342,4.161990245968763,-0.337706154848624,9.576528992217553e-05
6344,4.3127938921501725,-0.2284996657815732,1.6585203957511986e-05
6345,4.370871459272811,-0.20111025776595604,1.8781369787171443e-05
6346,4.530594868771366,-0.20249657612303995,3.1472583645182e-05
6348,4.141147592903049,-0.4398456187905553,5.812792128608735e-05
6349,4.56685564584947,-0.1687096292957051,9.121231967325752e-05
6350,4.324293612357751,-0.021580784403594677,3.1923225735208657e-07
6353,4.191386865885942,0.14459583028653267,6.098209815082622e-06
6354,4.447440783067095,0.1241726193921533,2.026426344898925e-05
6355,4.191965125752995,0.11345040654904626,7.099154706505127e-06
6356,4.380866000957136,-0.024157174267544157,7.463102621811745e-07
6357,4.538542880982063,0.27282813558992647,9.278231586839881e-05
6358,4.262346852927531,-0.005316708428335204,2.4663009101873146e-08
6359,4.40878070212565,-0.0533547492489479,2.9036003554355424e-06
6360,4.364481206085026,-0.36444732333416674,0.0001326450161912201
6361,3.847000841743053,0.3040390641555928,8.576358904579054e-05
6363,4.423586116352624,-0.1894796117553641,3.9222511180599814e-05
6364,4.2873460577229165,0.14703580728489296,2.3037250009425227e-05
6365,4.291066205420804,-0.048301638080429754,2.393031099527737e-06
6366,4.26718507375115,-0.1678529700180098,2.603685572943192e-05
6367,3.9259749413461056,-0.2805250451595054,8.093762091917395e-05
6399,4.181882807621563,-0.7161469048218367,0.0021451811016365155
6402,4.406512691906388,-0.03833146405455956,1.3316472053972346e-06
6403,3.3449987650556823,0.4683082674333061,0.00027202557627120535
6404,4.408426484470889,0.43339560285620493,6.223566069312828e-05
6406,3.9212579668630227,-0.743204136515077,0.00027582508172586175
6407,4.368314213146559,-0.08059825794391884,9.162061813486322e-06
6408,4.382659754755675,-0.1749865072265715,2.7329264273580005e-05
6409,4.23331904822274,-0.3273141151201573,0.00014417086558896568
6410,4.219442292732607,0.28480197466552415,7.820262935281806e-05
6414,3.8300473899697054,0.6563392600284188,0.0007207616290587868
6415,3.920946688676207,0.27475036780618156,9.501201035716003e-05
6419,4.3280665191213465,-0.1801811899712158,3.892000686697793e-05
6430,4.341894240487238,0.27717885066984493,2.9534372014347583e-05
6439,4.433233369344708,0.19173944393956255,1.7989346321068174e-05
6440,4.4284695323303005,-0.0072221845031377185,2.5928716947741623e-08
6446,4.374175219285297,0.03619588839772714,1.6534730537148053e-06
6448,4.2311036136723965,-0.16550152031595022,3.0440289946636297e-05
6450,4.389586097225261,-0.04059931662957972,1.6815544689930383e-06
6453,4.460370504210554,-0.20902219317878856,4.656036446216761e-05
6454,4.366599931842473,-0.15892668431336965,2.7317763551712457e-05
6457,3.9011196045275036,0.28397932096306144,8.184858188796089e-05
6458,4.453356022295814,-0.12130775742817423,1.5234695138416744e-05
6460,4.3742070912256,-0.04479040682401525,9.868785415861625e-07
6463,4.243269401254654,0.11855452610170847,2.2986271413625668e-05
6465,4.243377482667367,0.23054441671076997,3.6320220053762665e-05
6470,3.331190199236115,-0.49797685517989887,0.000251813656043916
6473,4.358701248820369,-0.12749750388107106,7.911499504622153e-06
6474,4.393189818290163,-0.07837193330973147,3.2907264897188895e-06
6477,4.180508969576883,0.1489077148247011,2.790989667115158e-05
6478,4.398354494408561,-0.010097309984042901,4.934877135545676e-08
6479,4.2933531716036155,-0.10218442474597467,3.8685869884237335e-05
6481,3.830088437037037,0.42694170746215887,0.00024884656089464214
6483,3.9249839077401676,-0.2821483921276382,7.473497592041407e-05
6484,4.218998359334868,-0.13807681744490719,1.8672183982434085e-05
6486,4.17622127162445,0.13993261889872421,3.339435970849246e-05
6488,4.265583216382823,-0.14817338122972679,1.4183585280926225e-05
6490,4.36755762942586,-0.11620931839409376,1.1019663515361834e-05
6493,4.397124200067786,0.07793730057328485,4.621860516757542e-06
6495,4.412771180808075,0.003656880583138289,1.3012348399540628e-08
6496,4.321021627130874,-0.24858190029682348,5.825256945162426e-05
6497,4.418089986702169,0.07726533327871543,6.693881702377937e-06
6499,4.2585811380925795,0.008315189327670502,7.21632425750037e-08
6500,4.27153240868541,-0.0032345393398705014,1.119625074580333e-08
6501,4.335560014238306,-0.03149492103413554,1.052091205083399e-06
6502,4.440672254047568,-0.029086817132141896,1.0084610952856083e-06
6503,4.363848922184096,-0.13264517724479852,1.9347083386063194e-05
6505,4.343183137806799,0.07565746998979961,6.4552736066262886e-06
6509,4.465311978123252,-0.18172541626262362,3.57259511914969e-05
6511,4.466799984328529,-0.22259966656205066,5.4823534296486334e-05
6512,4.44011584055905,-0.0593399877868217,3.830128897323411e-06
6513,4.420627648580234,-0.052446420728404775,2.8892629641268524e-06
6514,4.578689109042077,0.12451481721737956,1.7076125991160874e-05
6515,4.472920275223375,-0.2330334077106162,6.206776836249926e-05
6516,4.440707653413869,-0.27404242961214287,8.480359299212457e-05
6517,4.454703809293963,-0.06644662486944508,4.6168190618614e-06
6519,4.434915796722658,-0.05915877506237166,3.6045504730185725e-06
6520,4.406304917885179,0.26839133075152244,0.00010234020090230682
6521,4.397492489224661,0.09450899865779228,1.2651887018103824e-05
6524,4.395031591211591,-0.1479659419718269,2.375011445574822e-05
6525,4.5384440362544245,0.07071817100320477,5.317033858663162e-06
6526,4.51909689809749,0.2524348251058264,6.786739949969639e-05
6530,4.411956881378166,0.1334633002041512,1.875569528187713e-05
6531,4.4524663039262125,-0.099611046552611,1.1096113933860349e-05
6532,4.418514604507837,0.17963096654329025,3.3350726481976726e-05
6533,4.46483881142705,0.033859130050524655,1.208213511851972e-06
6534,4.444950885206785,-0.11290262033914455,1.31567912952374e-05
6535,4.307965641017752,-0.15221245066700817,2.3950722191010894e-05
6536,4.399008910192935,-0.055203488339250484,3.178292905469744e-06
6538,4.4994223317538795,0.058656246700361514,3.6562508138223456e-06
6541,4.234199659429751,-0.04454491740332589,8.266455538362574e-06
6543,4.292579605101608,-0.3073061379338693,0.00010439786223292676
6544,4.098541754516515,-0.13203056380429912,1.59757469608787e-05
6545,4.444986847953306,0.016312967615083274,1.05831985335062e-07
6553,4.4671497419442785,-0.08262622707180967,9.98108491695886e-06
6554,4.369382212245977,-0.16170896471687346,1.3027719104781e-05
6565,4.079583654992237,0.04107821554723756,1.4868234538787348e-06
6566,4.163014781016484,-0.08717369035894329,6.987687575159805e-06
6571,4.186653028367214,-0.33225913577570454,0.0001013236888878075
6572,4.3018487596843435,-0.21587244713275933,4.2143499925886156e-05
6574,4.103846853909852,-0.04512946933090234,1.805699775424794e-06
6577,4.4822282255618076,0.23983571189778363,2.8156976736435543e-05
6578,4.464198811428049,0.22347259607178582,2.4294205526103685e-05
6579,4.4822282255618076,0.2548470313062223,3.17919728178244e-05
6584,4.392950570933831,-0.00842705606136196,9.053906091372855e-08
6587,4.321034249341468,-0.08258934314561106,6.582137257835e-06
6589,4.044236600968156,0.01964875376923647,2.0511390853239785e-07
6591,4.403638087762277,-0.21246934090463654,6.0569808768248854e-05
6596,4.225067516694892,-0.12407841175412315,6.382708093779547e-06
6599,4.378838628438922,0.12540563895920886,6.468693566684675e-06
6616,4.400473427077582,-0.37869955769031716,0.00018886901347961647
6626,4.5634863398297645,-0.25807080752772293,3.953099450502749e-05
6627,4.385320899029864,-0.005797394574100778,3.196271169568099e-08
6628,4.356293232335086,-0.0008672794583839405,6.728492567531736e-10
6629,4.3942043876181724,0.0051708853903225105,2.4032918416982774e-08
6631,4.386407719837678,-0.18770314229133422,3.207825273608287e-05
6634,4.553596033187205,0.43342939526991753,7.803456937664199e-05
6635,4.547046606964186,0.31121420670606703,4.586054282863952e-05
6637,4.509166317074678,-0.12215214088975745,1.6275007598590603e-05
6640,4.514274681349638,-0.07280058803233658,1.8755619008906373e-06
6641,4.374948120187302,-0.34603136328765594,0.00013594330947307287
6646,4.358992525182126,-0.08093848089122258,2.582191398882437e-06
6656,4.303785296823871,-0.307421142961974,0.00012438939446018888
6658,4.331162774670385,-0.05588650994338362,6.081508031769871e-06
6664,4.393641371166605,-0.20854244567603963,0.0004663863595468306
6666,3.0403769303821333,-0.598029895012929,0.0043359855167216825
6674,4.3352347706128675,-0.12162678756394918,9.012304774409663e-06
6680,3.1063176439157743,-0.28493875750656095,0.00016845841754151812
6681,4.128274790784203,0.34450620715814306,0.000261769842722823
6682,4.41523156979895,-0.11658654406411895,1.782406144058493e-05
6688,4.09819020938645,0.14887543985331408,2.0278589138941456e-05
6689,3.9666736432366587,-0.007767051909662204,7.651196245847252e-08
6693,4.292084925540767,-0.1176976556451299,9.80864543503929e-06
6699,4.5068459995688785,-0.23017988055282324,2.538894262961311e-05
6700,4.518253009613932,-0.10303340758428714,4.347027261739574e-06
6708,4.477921788156598,-0.012013669502014324,8.248785363466131e-08
6709,4.292268794589877,0.4724659610695525,0.00023427406073107013
6719,4.382523894408656,-0.10031759501698545,8.866739100047821e-06
6720,4.451178739242386,0.46587820789430356,0.00021793879241862197
6728,4.290234712751492,-0.16633134828784701,1.0978809683172145e-05
6729,4.29927211334544,-0.053638103577113405,1.1202241202989064e-06
6730,4.469754225127658,-0.013084047458010062,5.7919203705101604e-08
6731,4.400875932245524,-0.005192971124157175,1.2685547658692365e-08
6733,3.7204034787878273,0.2074928757966088,4.941664835303128e-05
6736,4.4679223006986435,0.3401887292861385,6.339811780782725e-05
6739,3.522170775710663,-0.1583291805922764,3.210228038847266e-05
6742,4.2124567316605175,0.0274301358522413,5.287727047882605e-07
6744,3.8724370971477544,0.21856856380883194,2.7699838888578645e-05
6745,3.96952196149535,0.3181939937072902,4.0278115743488134e-05
6747,3.607155827190851,0.6298450354327731,0.0004397955533770015
6750,4.321382938322066,0.05185519031873653,1.5185370849383099e-06
6753,4.286600342175122,0.09542629249875922,4.9653678464041e-06
6756,4.232381442048365,0.2959076996037684,0.0002445247090627366
6757,4.311812920952556,-0.07192605343979697,2.8924874845578e-06
6760,4.419672425149631,-0.133331040610158,7.207555180268103e-06
6762,4.536495220316495,-0.20971705987309175,2.5817717192765012e-05
6767,4.458866034955582,0.3109707725877433,5.6957142541443015e-05
6768,4.099641417218395,0.024261947245250326,1.2844637096107583e-06
6769,4.253215282159231,-0.20491465843853707,6.668541594797882e-05
6770,4.376064131079587,-0.06258403894081521,4.4927366335050624e-06
6774,4.463156750395939,0.06944274275731743,5.220479704420121e-05
6776,4.440527445853535,0.060392718760756914,4.123527027741757e-05
6778,4.521272941045987,0.4274869493321818,0.0019757001120933103
6780,4.41622125221194,0.06791060539909477,5.475955536191575e-06
6783,4.332704315209345,-0.027288782907303855,4.469644845341718e-07
6785,4.4494413704154425,0.22338746404646326,2.9539840154526698e-05
6786,4.32464080221865,-0.2504989473140693,2.7697927303321795e-05
6791,4.02623280754938,-0.4454955120551465,0.0002021643464847964
6792,4.454785387215634,0.05166882583329979,2.741194531871075e-06
6795,4.528493484513254,0.6419905105248978,0.00038238580957894886
6799,4.393337818858486,-0.039196387674139466,1.6954805494476014e-05
6800,4.324088966522251,-0.015978014798538,1.3366837818669596e-07
6801,4.5064561920290895,-0.05327236303887961,2.862578279673912e-06
6802,4.3321558341732445,-0.09949965615363165,3.847457323324166e-06
6804,4.442228162742841,-0.058952308668526854,1.123107167052646e-05
6806,3.752009431901611,0.02533867019993341,4.222991209213235e-07
6814,4.333406883176533,0.006494825196677212,2.1525321551272407e-08
6818,4.325023692173403,-0.17555983073022308,1.906856513591959e-05
6819,3.7104232318700796,0.017676935397138216,2.9015003866346383e-07
6822,3.7164915726456624,0.8405382380144943,0.00109863197521405
6823,4.10565934704867,-0.23445833614077882,6.756950947268027e-05
6824,4.414195250545813,-0.14310017657921303,1.0958440418372205e-05
6825,4.323187624665386,0.14272049398919773,7.951808703351402e-06
6827,4.349485222230628,-0.21431866548827205,2.1330641129126877e-05
6829,4.6585156447065525,0.35478276680918697,6.398959248838192e-05
6830,4.521573694720149,0.13713725819597222,7.060073460159929e-06
6831,3.270327806279544,-0.6100682690136825,0.00040605811202350397
6832,4.491788094361297,-0.03048827879290794,3.3052617938877324e-07
6834,4.387383515887203,-0.3910193620253062,7.810243747284157e-05
6835,4.517300949414792,0.21977430745323812,4.582500520394959e-05
6836,4.355969892888063,0.18626049332615402,1.8747648474653277e-05
6841,4.413772306533976,0.031229127301294568,4.706729760621193e-07
6842,4.395661887985642,0.0771191099567039,2.8698863893605577e-06
6849,4.249740337899235,0.1171726589645985,2.016962209507918e-05
6850,4.22962678240546,0.7587629027434755,0.0009222407539051789
6853,4.398019893543823,0.06558672812248201,3.5803866761459146e-06
6855,4.068298401929113,-0.1325588698836504,2.9985416881226274e-05
6856,4.3527096143514346,-0.27347868993938196,0.00011006338147138232
6857,4.322126355920704,-0.21289318120485312,6.549443649368276e-05
6858,4.522100461089089,-0.19532230064568523,3.874456203800591e-05
6859,4.462865131315728,-0.1601523033615715,3.638363643561541e-05
6861,4.325526253461357,-0.05164177740717868,4.181666885443577e-06
6863,4.521624951572418,0.20841421646154235,3.106070739393798e-05
6864,4.3596180121037795,-0.07741171271210856,3.241922234297881e-06
6867,4.339267806671432,0.005835473897850996,2.312131320715658e-08
6878,3.973071223025126,-0.06908038929424398,7.0481418692495525e-06
6879,4.382233473655426,-0.09314483464081391,1.0208200608394723e-05
6880,3.698273241549591,0.48986519995887035,0.00039548897788483495
6882,4.15455691404841,-0.09929974053435586,7.581298437414234e-06
6883,3.6734423164693153,-0.15298151398034232,3.522037784537364e-05
6885,4.2493128788748935,0.06148624651062029,2.339756607801966e-06
6887,4.387893990952949,-0.09606562419721598,4.035956385686174e-06
6891,4.207599971447243,0.2944294556213354,7.02423501017644e-05
6899,4.165747247144998,-0.2841834492015609,7.709489335861072e-05
6900,4.382197861303987,-0.36042399191672203,6.932859250232781e-05
6906,4.487564611310582,0.08094159030591808,5.520196728989483e-06
6911,4.372935811200881,-0.1273018014325542,5.600597526309602e-06
6916,3.662638785799598,0.17250317529259007,3.247605025551441e-05
6917,4.486531403918396,0.06312607213943622,3.3643715058283226e-06
6918,4.4052143747601935,-0.10792896854140288,5.248061517536253e-06
6919,4.476065303327315,-0.11296667853895137,1.8296347806616582e-05
6921,4.414579957989504,-0.39639675673296804,0.00021498386932446983
6924,4.332230273882598,0.015463681710778054,1.3014055962188184e-07
6933,4.457467918660268,-0.035019369487470975,1.3276951308038997e-05
6937,4.244195780710001,-0.1448636769768612,3.303070583088519e-05
6939,4.6953887316490865,0.9148153960475485,0.0005057168731966899
6941,4.472350718096512,0.16625424397781696,1.1443478196838984e-05
6942,4.401132144465024,0.24133382626676347,2.293231761361946e-05
6943,4.46216465081842,0.13295519931616973,7.770979085239472e-06
6944,4.438396532706693,0.27831502801430563,3.9987032999865415e-05
6945,4.268791470811963,-0.08826921234881002,3.626589575419827e-06
6946,4.372425046357701,-0.12107673532593477,6.218279664361795e-06
6947,4.3175627223822675,0.07812023873909979,2.3773830436658745e-06
6948,4.406560902725523,-0.22603864426236964,2.1062409334719182e-05
6949,4.467933069711028,0.06895827552376854,1.965986958861978e-06
6950,4.456934808248263,0.05831067021184122,2.8137073466388793e-06
6951,4.470021449762958,0.017490692756901183,1.2788184645173882e-07
6952,4.2778961519638585,-0.14433087658847654,9.343839597833013e-06
6953,4.462447348862418,-0.15568319868908365,1.025430144970146e-05
6954,4.17481146051509,-0.30569595609822064,9.963745653892782e-05
6955,4.411347039825497,-0.17724053522823713,1.4232017260213079e-05
6956,4.415467329271324,-0.3430276024372727,0.00010197216372536594
6957,4.3686909062467025,-0.29795620966373537,4.1758042957166106e-05
6958,4.508796661496759,-0.35933280005357915,6.0178649768415754e-05
6961,4.378685717986559,-0.08140031176776841,2.701443081752149e-06
6962,4.378783929942338,-0.04411099165192667,9.036304781272652e-07
6963,4.383338605392937,0.09172289524813415,3.5271695045902394e-06
6966,4.4631539451884015,0.15985615892802052,1.0321555683282486e-05
6967,4.344248440339288,-0.18849524998854417,1.5007950347757561e-05
6969,4.332018011204027,0.06981125076603423,1.943050888944177e-06
6970,4.51154242639552,-0.07479089203239209,4.58767230501021e-06
6971,4.45238613615538,-0.25368155860903663,5.278316089790712e-05
6972,4.4461021229959306,-0.02967406160471686,7.235091094895756e-07
6973,4.499035501702146,-0.014903644091110557,9.641493684479425e-08
6974,4.473946408366792,-0.06357530068376782,1.7912533194204012e-06
6976,4.451461950807945,-0.06693843593547655,1.7909035911510377e-06
6978,4.44482363393815,0.1889340089018532,2.466459145796682e-05
6979,4.493861300090418,0.30687566944164857,9.160150994553595e-05
6983,4.282724205421016,-0.08401962787467276,6.972717825395848e-06
6984,4.249607166117793,-0.12086117717836053,1.386477361913173e-05
6985,4.33794729339337,-0.2027807366510137,4.259017891621126e-05
6986,3.9275285452448325,0.5186459092528009,0.0008276226186621048
6987,4.523822946858516,0.07230649447742632,3.0295835121812084e-06
6990,4.396378023073186,-0.013102168998872621,1.6990210099805106e-07
6991,4.472746234516664,-0.43850559636426834,0.0001993231962024703
6992,4.392583765469653,-0.3235570112318422,0.00010271056755772118
6993,4.483770656406145,-0.38942609418404484,0.00022289830993509643
6999,4.449839898516454,-0.10733402200485553,5.519232828095775e-06
7000,4.470472776021177,0.08235092959470514,2.75725976831908e-06
7008,4.280607769633469,-0.11394254583174224,1.1763424465782907e-05
7009,4.342167080998451,0.12143954066785323,1.3344443692166498e-05
7010,4.364264218697618,0.15207475358385825,2.7560243298479173e-05
7012,4.5372931014775855,0.007064945113748777,3.0299074663195156e-08
7015,4.225984005283537,0.21901742855173367,6.40845895913816e-05
7017,4.144627096344852,-0.32252879844469273,4.684831410217823e-05
7018,4.1792412016163825,0.18130640138037535,0.0001155485103372869
7021,4.583622355471938,-0.605811609505789,0.0012470535836272985
7029,4.348513528429154,0.015858171006006394,1.3858996107676055e-07
7034,4.39970402514929,0.003349976716667591,4.93212307076371e-09
7036,4.431988767034994,0.0211950619552157,1.8447070507165303e-07
7038,4.464972430288123,0.23550793550429372,2.719229047442668e-05
7039,4.4057154292333305,-0.14303555219201503,9.650546172936185e-06
7041,4.390646110312751,0.8935723318557836,0.0004073902850823113
7046,4.433907645004599,0.07475164060264916,4.814425849593247e-06
7052,4.338477301105223,0.3656328327377727,5.5032280835825214e-05
7054,4.372067664972776,0.02238148969966325,2.435392894611204e-07
7056,4.367214209160919,0.1191724408372048,6.8008808776981495e-06
7059,4.3637090661775595,-0.3563758809450883,7.004765727935848e-05
7060,4.440934924558396,0.3039972038048546,4.8909731254908116e-05
7063,4.430133357279235,-0.07214330043359496,2.072479566818167e-06
7064,4.49948881933218,0.3548824522894103,5.088106879219883e-05
7067,4.516899793626354,0.08926989269482011,9.77878830757691e-06
7072,4.374598114133104,-0.046499821484777826,8.730537579521146e-07
7073,4.473798700786009,-0.18745731624653583,1.4958780328124621e-05
7074,4.414051853023952,-0.1277104684844783,7.101515534102734e-06
7075,4.420988666378473,-0.13190002736386042,7.326285622257786e-06
7077,4.412222210691398,-0.17089545812065232,1.4673872474516919e-05
7078,4.407030270446088,-0.12482397105441745,7.80968965590873e-06
7079,4.291548501502814,0.10536674566481796,4.439689840875237e-06
7081,4.405570020075541,-0.26402385636914616,9.765923760856254e-05
7083,4.230028591367941,-0.18347469298218932,3.3146512813922976e-05
7086,4.323011744283838,-0.20397456947136572,2.6646177137277155e-05
7088,4.496138629106074,0.28382484725517987,7.827420498403722e-05
7089,4.403910143324333,0.2102197840352309,2.6013316948211156e-05
7090,4.399874747915566,0.162387937061248,1.4561987327991435e-05
7092,4.311569146711206,-0.0170085378186009,1.5822542373197162e-07
7093,4.187393856674742,-0.3329999640832324,9.903500364435602e-05
7095,4.1633788161610275,-0.06404671242788762,3.0462493974445514e-06
7096,4.207786096614137,0.31182620101230807,0.00011002683394755968
7098,4.0763257317052926,0.3181234229671466,0.000315993913300022
7099,3.9753490628039163,-0.006945723939662862,5.1804407847220134e-08
7100,4.3701371840001455,-0.14476435937164034,9.956612711081337e-06
7103,4.428064389891021,0.21247293993436145,2.1787361222361776e-05
7104,4.445270185555376,0.03320234738675776,9.67195782270738e-07
7105,4.41696423567612,0.09937473660535634,7.733441610967628e-06
7106,4.421980634544119,0.048514648117370385,2.0522514328270474e-06
7107,4.355834659448175,-0.005556723088873561,2.3957094747231814e-08
7108,4.384594615801197,0.15122549205210145,1.782641259267249e-05
7109,4.450462125800686,0.025737678890445537,5.816544360904576e-07
7111,3.1236028170870553,-0.255703915042949,0.00012811979139678634
7112,3.8965506626688944,0.03134569191554171,4.149791575700328e-06
7117,4.454186971139538,-0.042601534224111504,8.267508043186853e-07
7118,4.320691535028106,-0.0523936656825672,9.776230866879299e-06
7119,4.3514230059112275,0.07222530345347344,1.865375822293815e-05
7120,4.146561019218882,-0.18956464814800444,3.7954064213676554e-05
7122,4.3153924642521275,-0.20780267528000618,1.9273620043053427e-05
7130,4.516209732051383,-0.05375584826488655,1.7057225046042296e-06
7131,4.253628665432767,-0.3782696443762119,6.30226751131835e-05
7132,4.500649901307999,-0.02901110794442996,6.82098834795433e-07
7138,4.315150134796199,0.006330000009648451,2.2986611364958132e-08
7141,4.388862026724303,0.25070958598112014,3.518476370738722e-05
7142,4.3750168527368105,0.1435055265256091,1.1501156310667921e-05
7143,4.32229987332419,-0.049809125718614844,2.2968626616939232e-06
7145,4.3537589913826595,0.09358710941186477,5.528003875085628e-06
7146,4.299881728783592,0.029534955617992686,5.164085022418097e-07
7149,4.32195475450943,-0.06918295569281074,2.9440324429756556e-06
7150,4.271990790040719,-0.017797526876721648,2.691124756557507e-07
7151,4.2141953827516545,-0.0005873997027361355,2.507155117575509e-10
7152,4.320022213363523,-0.15026101185666807,1.233620215378776e-05
7153,4.36225462797413,-0.06769401908152428,2.6884273298674857e-06
7154,4.254318704522797,0.05648042086271676,2.516021180026006e-06
7155,4.228335542679282,0.005770961917977324,2.2771823751674944e-08
7157,4.391612434936904,-0.036186482060201364,7.211988460893146e-07
7160,4.342350697162445,0.10966830933147165,7.317102967046173e-06
7161,4.335911858318109,-0.100357127544485,5.438356219259774e-06
7162,4.285017265855878,-0.18734491354110183,2.278736828733298e-05
7163,4.439353656141804,-0.05607780206748991,2.8221931840764114e-06
7166,4.304727884784611,-0.04911517496638762,1.3656861221776535e-06
7167,4.18884406599613,0.5801442052213561,0.00037156953239609735
7168,4.439544621280671,0.06580522942520961,4.309916531143794e-06
7173,4.422807918314527,-0.09602975787112378,1.0620427060775515e-05
7176,3.8104288171996057,0.3037183723186745,5.517067672274923e-05
7178,4.433803922753782,-0.021005629413147098,1.9320165867563966e-07
7180,4.073659129856259,0.04212071308590648,1.2059246828534614e-06
7182,4.471355161945572,0.06016848387422158,3.518098465054316e-06
7185,4.316900882502376,-0.24105979184483495,2.3312727436500715e-05
7193,4.365055910669996,-0.25582273595414495,6.077391250456729e-05
7197,4.451593390499231,0.3122884866436815,4.076144705150107e-05
7198,4.511797739598386,0.18868262619403087,1.4054001481125745e-05
7201,3.8135201029343935,0.18100412400549626,4.809082167433217e-05
7208,4.002962552334176,0.2441030969055884,3.7552051044790996e-05
7212,4.261417536861268,-0.13428315181617645,5.244983931548811e-06
7215,4.415306216011138,0.206721087043376,3.627536084756671e-05
7218,4.442098880061625,-0.18082844652354346,0.00010724706962369959
7219,4.4448316604172105,-0.1906383972532133,0.00011450292308686611
7220,4.356471179097828,0.0838243637000291,4.118890029539173e-06
7221,4.525654583622771,0.11295037845155775,1.7994350326652715e-05
7236,3.889703701168021,0.37859416817751823,0.00012825900501392776
7240,4.398621585843101,-0.08916564400405402,3.038027382015427e-06
7243,4.417642255515949,-0.036866402743719995,1.0811503188326e-06
7247,4.397238432129267,-0.18956518460016358,1.4268320767357549e-05
7252,4.472596968807617,-0.08062000328056662,5.621953609553965e-06
7254,4.428412251651772,-0.13112684543298148,1.4265084924585095e-05
7255,4.2778942878245605,-0.06576668994607626,2.704611302752257e-06
7260,4.448893349950708,-0.33148351479761207,0.0001063760740863346
7261,4.390417144977307,-0.1812569083266249,2.9603195488431613e-05
7262,4.366445457138396,0.24371227036073417,3.2194780923871295e-05
7263,3.962263282241962,0.05411973851042662,1.5638916209824418e-06
7264,4.397325818454354,0.08567673355952898,2.481980913885447e-06
7271,4.430963283748986,-0.16266541440344717,2.4688026413631378e-05
7272,4.435118962542454,-0.17103162573325914,1.2101041277087076e-05
7273,4.4376020458665995,-0.010363068371169959,4.355733742904811e-08
7276,4.355799538768059,-0.2731902327643789,3.098117274773335e-05
7277,4.32120090164096,-0.2746470032552084,3.314346338730003e-05
7278,4.305210030986375,-0.1510254684082577,1.1567542079378955e-05
7279,4.326113865576615,-0.2502727749190745,2.624612046753253e-05
7280,4.275088008728881,-0.2623151002005919,5.968204646889496e-05
7282,4.305626698196103,-0.21128213597400247,1.8761935522222642e-05
7283,4.303615171128557,-0.3639769986674377,5.571165056410452e-05
7284,4.2610189131080505,-0.1036995517245618,6.809024433374403e-06
7285,4.275698945821636,0.024303853373655038,2.3384166606584965e-07
7286,4.306066562051776,-0.11036950556938763,1.1051000980878081e-05
7287,4.359464870461429,-0.0581061388550026,1.6927246513120294e-06
7288,4.420474119336633,-0.15077666963667102,1.1651586457734752e-05
7289,4.258351481657836,-0.2223424964486984,2.1729526604082943e-05
7291,4.389928191959605,-0.1852355725686392,1.651843772854721e-05
7292,4.316612310495207,-0.2770759847681017,3.1062666998520314e-05
7293,4.317876955227717,-0.24543722839366655,2.5862387291332116e-05
7294,4.360736917962779,-0.1940716941610523,1.50633098957055e-05
7296,4.215278005572393,-0.38229820748469967,9.461880060608132e-05
7297,4.319711325037219,-0.23037930463866285,2.660253958615466e-05
7298,4.379611709193655,-0.16748411131517038,2.2973844104130504e-05
7299,4.25229588381272,-0.10916115742118748,5.020134707314416e-06
7301,4.361242411845539,-0.26689784962343843,2.7729827192169865e-05
7302,4.347971823030718,-0.3261979536434527,4.1534098987257714e-05
7303,4.431157945814172,-0.1217020039751251,6.042191148721519e-06
7306,4.34147935626055,-0.16555480704602576,2.271998174318361e-05
7312,4.531930465405186,0.0499710936435509,1.0801261327216875e-06
7316,4.380140315777628,0.030230791905395904,5.230166928284381e-07
7328,4.427378078050336,-0.23772333602391083,4.1773254041332534e-05
7330,4.477603560193074,-0.21211074177514444,3.362263683221037e-05
7331,4.4256474313019,-0.22544247838032128,3.756084088715379e-05
7332,4.42470072909185,-0.14803461007579433,1.7990768357714634e-05
7334,4.392392647455028,-0.028020948019867653,3.2143799314697623e-07
7336,4.091616683008995,-0.2695183851088361,2.9523399331744255e-05
7338,4.272222567596754,0.16334483400515776,1.615424065587502e-05
7342,4.302810706571735,0.10877473034369078,1.1705568856682109e-05
7345,4.11947447801536,0.28846353844302275,3.488136461206169e-05
7351,4.393384670830134,-0.15927816623287416,8.722793488804152e-06
7357,4.3703368328893335,-0.17463977640694495,1.0424608699856262e-05
7358,4.051173475743222,-0.41095919361056676,0.0001535423676254041
7361,4.040622288466716,0.29142597640092394,8.650310597152226e-05
7362,3.173373011887465,0.2573831720162345,7.764110000789198e-05
7376,4.295847091072459,0.018970793907972627,2.88198777495419e-07
7378,4.397311826767153,-0.7260873078919374,0.0007557340435947382
7379,3.8764561174778156,0.06900166403656804,4.472338853755825e-06
7382,4.32238458212713,0.47505749150808363,0.00012033700747444779
7387,3.647082757777153,0.3437514280752825,8.319056647327068e-05
7388,3.7819969323102822,-0.12357668568105451,1.581046767869833e-05
7389,4.256890855098334,0.22158167784380023,2.6930758080067532e-05
7391,4.082297295870077,0.09362725334444644,1.128770530902213e-05
7392,4.365441203741877,0.19053873805544264,3.320440962280462e-05
7394,4.371961412108642,-0.03991314724100192,1.144914898488204e-06
7396,4.434020390159278,-0.13537536442444686,1.3579251042876454e-05
7397,4.228808148965718,-0.2814179997002806,4.820955064084934e-05
7404,4.366085310599223,-0.08664526470044187,4.100189436114013e-06
7405,4.34316780199245,-0.004570725245904406,1.2541192274301386e-08
7408,4.379231232399772,-0.002217139549435032,4.829870379610155e-09
7410,4.311621648148517,0.07290186672395205,1.9014217447887697e-05
7411,4.531869977800698,0.46399003071340417,0.0003494357354316629
7412,4.497690532016198,0.4790432104043765,0.00022467524549183137
7415,3.4068901739543933,0.19588658110613144,3.805838152369494e-05
7416,4.32539736035805,-0.17751203120791903,3.668342383138447e-05
7420,4.4766057971095785,0.06987539252983321,1.6634877281432854e-06
7423,4.326746313325945,0.22079475982551067,5.7209028965025115e-05
7427,4.367075752897795,0.20660376599892594,2.6435077933589954e-05
7428,3.6517236186188753,-0.6411027325711336,0.00031709763564575334
7430,4.41451804832634,-0.09303791352049284,7.030587087117505e-06
7432,4.31299863983342,0.29715908766571,5.414922496486871e-05
7433,4.360615263523085,0.21203173075944637,3.418003138247986e-05
7434,4.178490338638062,0.05995456755779571,2.085065054018881e-06
7436,4.405403075316656,0.05126710235299203,2.332936003560603e-06
7437,4.34816332004552,0.11313649552286886,5.2574041717522515e-06
7441,4.43253386679386,-0.1257697166205256,1.604141431196405e-05
7443,3.0665311895057465,-0.05591030345800485,5.388624521889616e-06
7444,4.230464890249507,-0.08100102880632676,7.725707902594431e-06
7445,4.270435095828916,-0.017663297012297186,5.027057664608974e-07
7499,4.205705284466147,0.18130889171877396,3.354064012745188e-05
7504,4.2918390390844445,-0.14870431269291196,1.2317089159600105e-05
7506,4.472066273405482,-0.03177073060762492,4.226017768186815e-07
7507,4.43531044392928,0.11328939057041687,1.9272003306178022e-05
7509,4.472022116425463,0.0871041310612215,5.42011438298034e-06
7511,4.439991256835573,-0.08328243014598158,3.8137732603426627e-06
7513,4.248062848935619,0.0800354437127071,6.350395303083483e-06
7515,4.250871115217148,-0.13020924467767347,1.3966844108397353e-05
7520,4.436774582866049,0.12861473311019722,8.028263575184692e-06
7537,4.4212497706536436,-0.09844249563973317,4.599787462975462e-06
7539,4.358530709302312,0.013445589518068068,1.3344679205703542e-07
7540,4.4431924534275336,0.03528007951460044,8.659445853310771e-07
7544,4.583158259843212,0.31169200125933383,5.80263624495053e-05
7556,4.3963048976903725,0.03332071578278839,9.93032227975556e-07
7559,4.35197375156461,-0.4500010819899649,0.00026862547508994675
7566,3.8818902640561475,-0.6315157721285756,0.0043770552768970265
7568,4.602571447987335,0.6455047021239544,0.0005757577217180051
7569,3.8124470030242636,0.5795299625027863,0.00015532980664886652
7573,4.016082655824374,-0.3049525927756185,4.001143257663333e-05
7574,4.274497290154498,-0.20889519679805169,2.322951640461155e-05
7578,3.7584029345637013,-0.03996467820822058,1.234855802659671e-06
7583,4.303020363660396,-0.00030753570623964777,8.539177658345385e-11
7617,4.512580931671956,0.09158875398255173,5.406906922605866e-06
7618,4.284286483917215,0.21995778348091655,4.4081060621169136e-05
7622,4.225966790839571,0.13713183394879191,1.656122450643055e-05
7632,4.51790585348639,-0.20576534627667442,1.758917753517592e-05
7633,3.32134720643521,-0.6610876691693486,0.0006393950979300216
7634,4.3840761556106145,0.11906130481232502,6.790890102305057e-06
7636,4.347733205502571,-0.1810679817008447,2.612211127555473e-05
7638,4.395165412873477,0.21896451448608634,2.666550348722299e-05
7639,4.531036577791319,0.23964804667434603,5.5015195699411104e-05
7640,4.5795764175995055,-0.10793762423593645,5.3263799610413615e-06
7642,4.130780845151433,-0.28918030401983286,0.0009409053886365795
7643,4.299869925976522,-0.27451823524137264,7.320170250271421e-05
7645,4.341930767120742,-0.07083569315414184,1.876375777375382e-06
7646,4.4267185611095,-0.027343288101005392,6.406098183649939e-07
7649,4.524144445239933,-0.18947150694952164,0.0004138535220587142
7653,4.331844928775094,0.42432813074952414,9.80386728305204e-05
7654,4.97626352096621,-0.05263960385958377,8.218744848328784e-06
7656,4.409581900952335,-0.16394789118400865,2.497894089067899e-05
7657,4.3616580885790235,0.1953717220811333,2.304181667890435e-05
7659,4.473352317573893,0.13081736808061528,7.021443694443751e-06
7660,4.427033475900056,-0.015448038984629875,2.1133859591038593e-07
7662,4.361038860113754,-0.3321221032141084,4.4338306113479686e-05
7669,4.293364302732323,-0.7154164093256687,0.0008512645160347515
7672,3.7834728527578165,0.11445122829082788,1.6389203579983236e-05
7683,3.2692469534521957,-0.792708553334712,0.0004966195165042163
7684,4.375064052447286,-0.040391114156874686,1.5730488812907034e-06
7685,4.328825763174455,-0.17936190173127553,3.1751027757219464e-05
7691,4.437381211295228,-0.24319131410341122,4.864914165142398e-05
7692,4.41160788107098,-0.13633161634397872,1.0732364828934093e-05
7693,4.164062679419006,0.09013058374499128,7.017771152799977e-06
7699,4.1539779958854535,0.07431453884638639,2.1296084245915573e-05
7707,4.167368524816279,-0.20085733410406315,2.406096073957018e-05
7710,3.6473351925971524,0.7284218290631337,0.0002985106910765766
7712,4.268374209264494,-0.28496120774967526,3.8181395983894735e-05
7713,4.333651292236504,-0.319071698483266,5.403160658760335e-05
7714,4.2867879904238295,-0.14842654278495448,1.0164769793649605e-05
7715,4.326350522036207,-0.2073133472237343,1.8868411663538185e-05
7721,4.3575654199319676,-0.1573604670103892,1.164311117589049e-05
7722,4.226690148527801,-0.46781832259383016,9.114338510376954e-05
7725,4.410286498858455,0.35103236961956785,0.00012816909554553052
7728,4.383331335476876,0.04031697388782529,1.6704222157783694e-06
7729,4.157382268204027,-0.4760310805108823,0.0002377639858669948
7735,4.416457507561316,0.04599637622518049,2.0609736241524806e-06
7740,4.421674997834033,-0.04591797617374649,8.694955710279707e-07
7742,4.48958029665165,-0.2671357318022336,5.595041419283219e-05
7745,4.456544692995809,-0.22679549376750519,2.796807142936377e-05
7746,4.472902532968528,0.045619846293891264,2.678066150188896e-06
7747,4.405175408513545,-0.21400666165590376,5.6995217880632446e-05
7749,4.334975860367463,-0.06527841066750106,4.645454232282187e-06
7750,4.204757788290008,0.11539344266578588,2.4871828013060534e-05
7753,4.271902776226006,-0.061257758307744936,2.137281069026037e-06
7754,4.400997544636854,-0.08350943110054398,6.3630329275631435e-06
7755,4.4840959901305455,0.23618700295805084,7.02128479442995e-05
7757,4.423225455028863,0.168859491410573,9.02498795168322e-06
7758,4.491114731068583,-0.12040185629497469,2.248802980424426e-05
7767,4.470780133615266,-0.06528114275624208,3.904725644978117e-06
7768,4.132275123705695,-0.17146195410811726,5.1204092322614864e-05
7776,4.40036615493128,-0.10172112919644949,1.0032128275417931e-05
7777,4.415190401952609,-0.10573446011356236,1.8378453026769746e-05
7778,4.3974197879751316,0.21770072886612812,1.4440291855238801e-05
7781,4.413108296998368,-0.017425335877001125,1.334169339612438e-07
7783,4.463529396759847,-0.3172250956070348,5.183464294504471e-05
7788,4.522223254891641,0.07893890969891171,2.339381942096485e-06
7789,3.9863058076495337,0.15841496189763404,3.500965759740777e-05
7790,4.199618155111868,0.000586797809710049,3.1829127655114763e-10
7797,4.475781274697783,0.0632491087857634,2.61034253541471e-06
7798,4.346061407628819,0.18114723688956058,2.8999617823805738e-05
7799,4.547344719424736,-0.25688527827634466,8.329809925097773e-05
7800,4.504981057443399,-0.24795091294420324,8.956442532133986e-05
7803,4.3656551075657415,-0.11004239774751845,1.019048008053687e-05
7804,4.417233548080972,-0.31956119576619635,8.453239676370586e-05
7805,3.7695496490628044,0.0009097920435547913,7.813835434876521e-10
7807,4.445660012675066,-0.21445626773576798,3.2516763050755894e-05
7808,4.521862863198238,0.012884858493308116,2.086480416380978e-07
7809,3.673562788813494,-0.6434290885421707,0.0002967092026923401
7812,4.400432269629778,-0.13775239258846295,7.581288114189043e-06
7813,4.386918139854554,-0.3723385461013162,0.00011606671715715464
7814,3.8376489050549263,-0.10475256552421586,5.038309408358602e-06
7815,3.316279470301076,-0.974473664153749,0.0007181321450759504
7816,3.185719849443065,-0.7521064940426152,0.00062213779798519
7817,4.236449510657613,-0.2511760434898749,6.883741198808861e-05
7818,4.483689997675207,0.1481221192593054,1.5303362664963072e-05
7819,4.278737160346004,0.09701986131428253,6.169201430319153e-06
7822,4.357905862130974,0.017851159529311822,2.1066449282828707e-07
7823,4.102065395419573,-0.1167919282518346,1.2610875566267468e-05
7824,4.347801426053257,0.06256968162976673,2.0234321026269545e-06
7827,4.349701109006828,0.07274744016596912,2.032078537581021e-06
7829,4.371523086769899,0.10353841387117235,5.100764307374001e-06
7830,4.406457025553018,0.2224296870523892,2.4151954546779526e-05
7832,4.324871724772664,-0.1009619581959198,4.100978638387895e-06
7833,4.403328304197972,0.1734424072684213,1.4416752352433861e-05
7835,4.37084323931761,0.09045657625077919,3.953758760058367e-06
7836,4.384594554189929,0.02820373915070551,3.9235270276992706e-07
7838,4.251369017150278,-0.043695769621174385,1.032136987645352e-06
7840,4.286811611335762,0.10640221272868455,1.0340676502617948e-05
7841,4.349443709090164,0.08256285788873807,3.3651134886879483e-06
7842,4.251508507844785,-0.06640958235422012,2.233028607583432e-06
7843,4.335913953279756,0.08292665451684211,3.303404869177978e-06
7844,4.3309063275289565,-0.16424110372723,1.2812099586496646e-05
7845,4.147780534590388,0.05242441833119038,1.5595921444627184e-06
7846,4.197884497602095,-0.39344670285388617,0.00018273896121124281
7851,4.414719829930018,0.14335874852422315,1.1597856967190025e-05
7856,4.495168693814821,-0.1333447664584586,1.4808037714350754e-05
7863,4.127639172595962,-0.1802490233305245,0.00011857726869211279
7867,4.412096650499072,-0.317752088276972,3.296442308484373e-05
7872,4.411132434041655,-0.25068807011503136,3.3905466827584145e-05
7877,4.370250635666491,0.11613601433163279,7.813183461648355e-06
7885,4.369745762773316,-0.5324463035411062,0.00023355485592136722
7894,4.382892156346863,-0.16338445117075562,1.04495787271866e-05
7897,4.311504338004954,-0.2951213172525655,3.447655228984156e-05
7901,4.2783724004169255,-0.11636918972101018,4.869931425797223e-05
7903,3.2148754267530366,-0.527027932968346,0.00041462837987578453
7904,4.4568905027892995,0.10118807566494148,6.555531888146836e-06
7905,4.43093080156275,0.06665417374540361,2.828132359828101e-06
7906,4.353299761771857,0.7514328557035146,0.00039233251465834373
7907,4.343863246856532,0.13119825378453864,1.0045206331749485e-05
7908,4.471652351762291,0.14148600387497723,1.6112895964121224e-05
7909,4.485497525749784,0.2427748573722912,4.754891409536e-05
7910,4.369266446363146,-0.10517910955395138,7.872480645534385e-06
7912,4.295817799118074,0.008247294086095813,3.93679549515215e-08
7913,4.459704290259198,0.13035225791884475,1.1565384391826315e-05
7915,4.394295516981808,0.0001536376906310366,1.5755625476326492e-11
7916,4.483529217572494,0.2013759364344505,3.0070239485434967e-05
7917,3.498340039058588,0.7328637058807095,0.00047673567606312513
7919,4.433804437383365,0.0715454133225153,3.2649405012879325e-06
7920,4.395093637603628,0.04047376399828373,1.000793562053993e-06
7921,4.393657543126038,0.069949078540267,3.2759067754582994e-06
7922,4.3634451567784085,0.01482442901776082,1.467459966782019e-07
7923,4.389112834344899,0.13158819501674301,9.880291407883554e-06
7924,4.333125443875971,0.002857252296503354,3.23039200388841e-09
7925,4.432788586368017,0.0879124429936251,7.014377359999402e-06
7927,4.390241959878217,0.02980274198318522,8.384648077630397e-07
7929,4.293600158586298,0.019879933552473084,2.2049007165704574e-07
7935,4.234772662056332,-0.06965902894602394,9.188956064974994e-06
7936,4.175209628157881,-0.24534670460140395,4.0407287182611894e-05
7937,4.439316975156316,-0.07749304779995381,4.5201247426819855e-06
7938,4.4548927958922455,-0.026459788404208595,5.284177045047112e-07
7939,4.41515443393258,-0.17670952773672255,2.706413550804157e-05
7940,4.41954310022251,-0.10072254145242088,4.804452374282545e-06
7942,4.42521325554795,-0.06084155611278952,1.9839277588736195e-06
7944,4.3201274020994935,0.061899232574387675,2.515193262563646e-06
7945,4.351601270556082,0.1302706990875162,9.660674811908925e-06
7947,4.379087259511608,0.17268214974936846,1.5917263286284617e-05
7948,4.427400075286485,0.12331392490554727,7.961669451595584e-06
7950,3.766502687953025,-0.33898799797349577,6.711239735204496e-05
7951,4.473796079618989,0.057727566200804326,1.3344640010064174e-06
7952,4.2518065384311505,0.13146931564316322,1.2744787654691587e-05
7954,4.517331354354542,0.07879808698140067,3.4907214723756763e-06
7955,4.5129109165582655,0.032509265024051714,6.466638457805378e-07
7956,3.328893149761307,-0.44409243691459777,0.00014077814148236243
7957,4.475304413139837,-0.004809130478347967,9.318413174780675e-09
7958,4.46637755710308,-0.22793265090722237,1.9141418426262143e-05
7959,4.436698930365058,-0.13534019875863113,6.610892687091593e-06
7961,4.303469785448216,-0.5826072854812288,0.00019502581226164202
7962,4.596900702658987,0.13402068863466532,9.613122016463854e-06
7963,4.594325979904508,0.2631581346975729,4.1353748183103656e-05
7964,4.585959684030961,-0.09957303403283646,4.425559064253868e-06
7971,4.42257352176247,0.04103309990383419,5.232134653337929e-07
7974,4.427491436528196,-0.43112728266629885,0.0003241398753504552
7983,4.480487711730889,-0.13668228987720532,1.8794242252477952e-05
7986,4.414083217609319,0.12814716860489828,1.1659140414851057e-05
7988,4.259230762543258,0.1438232393226988,1.364745338435474e-05
7990,4.4667025424927305,0.01630000952115296,2.450912312913086e-07
7991,4.309924840345225,-0.07437010957160073,3.193957614229945e-06
7992,4.3599949441994,-0.035862287944421034,7.223257210825524e-07
7993,4.367274264215649,-0.11592595318388277,6.921549686675213e-06
7995,4.160874842412695,0.33448047756818955,0.00010725016195554741
7997,3.5185073976138246,2.2435439851663523,0.004208912242769361
7998,4.4327863062900095,-0.053262801834246254,1.2494213914455e-06
8004,4.351532696497236,0.014110458926121616,1.8013353972749128e-07
8007,4.274557486277746,0.1574490807011566,2.3288813918689765e-05
8009,4.279891654680452,0.3863736306674497,7.41878176380223e-05
8011,4.442582233697704,0.025622097217230078,8.36731917892282e-07
8016,4.401400579631218,-0.34268319505226863,8.711171722250548e-05
8018,4.437039799538328,-0.09713809116511829,7.545606109289079e-06
8022,3.6148450063839674,1.1125428123283734,0.001849044508529051
8023,4.447642091795634,0.14545551295818804,1.766419943326951e-05
8024,4.474977156444672,-0.18726120124203227,4.389318794293109e-05
8025,4.678772947133632,0.2728198063288403,4.536449776126669e-05
8042,3.432537391722137,-0.11472161899903233,1.3131795923473664e-05
8044,4.410108888993732,-0.033094796143394944,9.392958835477624e-07
8050,4.322762570666328,0.1579775369435863,1.3432024438985233e-05
8060,4.4420994987365745,0.19940261649890711,1.9257255947013687e-05
8061,4.444910439004038,0.03128936568709406,3.959511999580261e-07
8071,4.4405220272654,0.5181179717124751,0.00024158143881971173
8074,4.152770233103805,-1.0940631603884254,0.002247496406986509
8077,4.323893692956385,-0.20974650343810453,1.5155955380523342e-05
8079,4.400004397854154,-0.0719061052058283,4.572054723285749e-06
8086,4.433114337826203,0.09409430669217667,3.85168464943788e-06
8101,4.365848482557537,-0.08779443826663336,3.0554939335907455e-06
8104,3.366817159749868,-0.0562741463558436,6.2630528408649285e-06
8105,4.430786641493734,0.08117116277217828,5.9041413822569495e-06
8110,4.430398269411557,-0.08529498884227404,9.183280064161466e-06
8111,4.425811930160293,0.43554966118820815,0.00018346443495092284
8113,4.000393008544018,-0.11061561206319137,6.010091442430661e-06
8114,4.386810232016069,0.2709524040911928,4.366638887133167e-05
8115,4.292455935252335,-0.1588906598769526,9.056075698239493e-05
8116,4.2195703057655,0.05152476820109975,1.545280113059238e-06
8117,4.413176991345886,0.04696742259194764,2.061305742757917e-06
8119,4.313464253280236,0.14320592438941215,1.2004832137733547e-05
8120,4.180527434979824,0.09891261091895664,5.849908931663103e-06
8122,4.224595588945083,-0.1555688347072719,1.364926815204575e-05
8123,4.296110412828682,0.127537896536019,1.5051727351439088e-05
8124,4.3321649240305105,-0.21965305785296074,4.4509349258019834e-05
8128,4.168919193105191,0.059373341626648646,2.0842456304389486e-06
8129,4.4207953414296925,-0.10865483421997713,1.113060207244492e-05
8130,4.502056365215228,-0.1262993435549422,2.041729159707761e-05
8131,4.4310157040891625,-0.041517054576579504,1.7272410899499864e-06
8137,4.3330073177539035,-0.30053815924989014,4.920411058978713e-05
8144,2.9679587873292963,0.2978006234377548,0.00017504678067813468
8146,4.393430968023156,0.1996666367306661,4.5020151299375615e-05
8148,3.039819886683058,0.5818508177374282,0.0005655417270006878
8150,4.362049773089014,-0.19228857158215895,0.00012477454008812263
8152,4.374490396989653,-0.31923322347559946,0.00033583796067651546
8160,3.5817586265919457,0.5502027992014615,0.00047331940337386864
8162,3.09312240698758,0.2637747157779957,0.00010735835531565321
8164,4.1735567630651325,-0.06761306499968,1.4349937344552204e-05
8165,4.249396056431999,0.21421056523430604,3.228296769643944e-05
8169,4.374717184530032,-0.19114148857998803,0.00011954994170590706
8171,3.942043766076092,0.684887911693512,0.0002449109792311849
8172,4.186819353365664,-0.0232597221220896,6.290519257914804e-07
8173,4.2653465468749525,0.6869531702083398,0.0003590856487291111
8176,4.2320599941159225,-0.17507121843759066,0.00012473964377264645
8177,3.866736453806581,0.36881827696704317,0.0001834511848352913
8181,4.3680364937794876,-0.11242378396126451,6.997744079706598e-06
8184,4.321284928062561,-0.2022477532500888,3.911301726851111e-05
8186,4.25656906710654,-0.15227417403127053,8.077372839808375e-06
8187,4.38994714735068,0.014330096258021285,1.8523866015551916e-07
8188,4.280645210005602,-0.1583612790942599,1.0709101079480276e-05
8189,4.407085644812614,-0.35182847129856043,9.266914075014905e-05
8201,4.355643703821126,0.14860056357700469,1.0557138543732177e-05
8203,4.382778290083421,0.12146597731470976,1.2183414966230316e-05
8206,4.281266061451698,0.24377808005710833,0.0001954561014659564
8208,4.215277021971908,-0.13098279560330894,1.6943272506613402e-05
8211,3.9977614124439116,0.17969805648869563,1.2323503160526526e-05
8219,3.073500443200768,0.16909190828474863,3.6869143589135586e-05
8225,4.443637530353041,-0.26158738771183465,3.787861240849115e-05
8228,4.363225254674336,0.17793960133784292,0.00010169921189218785
8231,3.986447852134814,0.13096198301828244,6.537849909452291e-05
8235,3.653499955790176,-0.7196430859542722,0.0005701097438098387
8236,4.242343309022314,0.3271996993226258,0.00015099699903659987
8237,4.416206000998257,0.1491833149779893,3.2767357196110255e-05
8238,4.212528891382564,-0.19614587063017552,2.3375140791192292e-05
8243,4.399611544862428,-0.007634579335378255,4.186397417834524e-08
8244,3.8115494123951743,0.3009624537823754,3.9294410722301005e-05
8245,4.452997033709187,0.04792313090510447,1.658911307228712e-06
8246,4.348835692800422,-0.11039078660456436,4.466928292188239e-06
8248,4.2070030313114595,-0.28305145501803963,8.12218031806922e-05
8250,4.432865515734013,-0.28656121458120154,2.9369187157202218e-05
8255,4.3800837881024846,-0.02337496141289286,2.351128838836097e-07
8257,4.499772226960688,-0.13032437449366618,9.350013255795721e-06
8260,4.441341644970906,-0.23515760099327032,2.2294093518547497e-05
8261,4.350405235487327,-0.24776187045053089,4.530497714990808e-05
8264,4.428170494744288,0.09903814977409198,9.153522436435318e-06
8265,4.4383304356992905,-0.18413717253529338,1.7235967484319204e-05
8266,4.05124909755578,0.25146373039837666,0.00020586542352546967
8268,4.500705452717482,-0.14399662602789043,6.608520106379104e-05
8270,4.340842943922294,-0.22180576910982186,2.2553270424371334e-05
8274,3.9714506391261417,0.569714216886037,0.0004826166792024305
8275,4.474918359366887,0.45667372738891565,0.00024632044977626903
8276,4.423672531583898,-0.035415347159379884,1.0751014084840888e-06
8279,4.228947266090198,0.0008019331381063921,8.355159184611398e-10
8284,4.033190004433298,-0.3418136701207741,5.368773425566139e-05
8285,4.251244448238658,-0.3779622711269428,8.177606045787557e-05
8286,4.397320189085681,-0.1516861793173545,8.804311568311463e-05
8287,3.7008824833509144,0.88306406618555,0.0007122371783749575
8290,4.301657296994965,-0.14277421363529363,1.3121155773425963e-05
8291,4.371570439090798,-0.030365798937171284,7.071460397518712e-06
8293,3.770053438013865,0.35060843252560936,0.0002068730051838282
8296,4.340255444302188,-0.1892155384035421,1.6620288289370048e-05
8298,4.299989028719984,0.013491063418787697,1.067117675114441e-07
8299,4.3500329472008294,0.19962452885700266,2.5226290736832126e-05
8300,4.347897917965605,-0.22399455350196007,0.00018312521037081402
8305,4.320830954007014,-0.09985374085154675,5.591318278874337e-06
8306,4.360635829221055,-0.06063303002576337,2.0848831897783234e-06
8310,4.274531373625103,-0.19360983173514246,4.981262577016885e-05
8311,4.409465161726714,-0.14819472818863222,1.2215485144329223e-05
8315,3.994230586610646,0.43420242087739114,0.00014130762552843384
8317,4.16810303949485,-0.2600880554642431,0.0002593595419179148
8318,3.7311034627216872,-0.010240962754700433,9.982602918873762e-08
8320,4.256047322044672,-0.2077466983239784,3.5836282503676174e-05
8321,4.355724982992843,-0.15103236360187733,1.3003368644925378e-05
8322,4.262408931717468,-0.22111359058518332,3.3710906000679794e-05
8324,4.484495009473344,0.12466719778428548,1.2925795988003593e-05
8326,4.200294718506009,-0.26455518646054665,0.00032015218255274346
8327,3.9639212667246926,-0.15948347197648394,1.6116603497689572e-05
8332,4.197083527417027,0.09884040820344353,1.621540300382947e-05
8333,4.181387904346545,-0.013173493557989246,2.3819712194158468e-07
8343,4.366974394742493,-0.06155886244045128,3.389607932837614e-06
8345,4.292148058140031,-0.2650122456113797,3.537352287050322e-05
8346,4.366349623423894,0.13900022728198635,1.0766748213068345e-05
8351,4.389929706767563,-0.031939649921922886,1.4552442680777165e-06
8353,3.6614208737877707,-0.018585358175241318,6.133326628949043e-07
8356,3.9241900882359437,0.691920037790482,0.0014843664303682395
8363,3.9459162519318376,-0.2670871336714029,7.13702687214567e-05
8365,4.408523403757819,0.08011296597432072,5.12712261228649e-06
8366,4.2399193843198075,-0.17431729096336124,2.286218749303591e-05
8373,4.371072019826393,-0.03117031145318272,5.387621756827811e-07
8376,4.407757815222112,0.19440786174568014,2.0828155806452746e-05
8383,3.5511949247122083,0.9519425357107312,0.000901360416296889
8385,4.244918996850672,-0.17247927001662156,1.9952090018563643e-05
8395,4.486292281761913,-0.15424401689427292,7.85608138960831e-06
8400,4.255035075598685,0.03130630894078834,1.0204653534266825e-06
8404,3.956916076499018,-0.08989043700160781,8.39926924011361e-06
8409,3.8328764754663402,0.6156399004763746,0.0005848007273703804
8410,4.339529620710889,0.03370850792991398,6.138099920107922e-07
8411,3.844733690000597,0.12744323824729653,8.138266662001354e-06
8414,3.0390870893703124,-0.038367274305282084,2.8569237622152117e-06
8415,4.5841729781275005,0.18989574432240452,5.167882350102843e-05
8416,4.389326105551201,0.08573539508986983,2.812685232161095e-06
8428,4.357918303312594,-0.061994367692124186,3.4975267275591235e-06
8433,3.3649703642111626,-0.7549005714691561,0.0005128762887434588
8434,3.928110269838002,-0.43768175444790414,0.002187528016498739
8435,4.395408313534331,-0.08999278123228915,5.615324387856476e-06
8436,3.2619668839821805,-0.9494314601349667,0.0007035710124020091
8438,4.432527947557595,0.0018539174502141265,1.3619021879192324e-09
8439,4.283612493614163,-0.006946374598107319,4.723974808696702e-08
8442,4.354011566603512,0.0014143862731899048,2.0909155962988084e-09
8443,4.379135819670291,0.1350149679306316,6.38385816281084e-06
8444,4.402531985607364,-0.17132824066806673,2.3703979833209866e-05
8449,4.37600591231495,0.018443242357489176,1.2818752162641114e-07
8453,4.559246073395768,0.050911654103362736,9.340090225649305e-07
8455,4.603586745600586,-0.1597597100212571,2.8951059087102576e-05
8456,4.635657648546446,-0.3329448205922896,0.00012095482116186414
8457,3.8527476678645263,-0.3623191524744285,0.0001804356796425753
8460,3.971139449685783,-0.5211519038541956,0.00019088798043672689
8461,3.5520371716277235,0.46434584912466503,0.000140622361290696
8463,4.395874770912162,0.31094906880242945,0.00013105444473706442
8473,4.431473563698647,-0.12067443831313351,1.3117477838875247e-05
8474,4.453869420780713,-0.013573877982855365,1.497392116307743e-07
8477,4.372447846975632,0.028155173271184886,3.40638389166918e-07
8478,4.0580234179706025,-0.02910666107095672,1.9160145980388083e-06
8479,4.474771857828446,0.06958618876288813,2.1062729214110405e-06
8493,3.68467940021015,-0.469811596739488,0.0003832922767559924
8494,4.28152420691056,-0.18884770178915655,1.6406123574146252e-05
8497,4.480830157404267,0.013408467876542929,1.2297845453842484e-07
8507,4.385269279505611,-0.4613177032121909,0.0002712741454053991
8508,4.493701301379172,-0.18156079416945659,3.018950321814938e-05
8509,4.37776382749692,0.05543109375136179,2.7535207673371107e-06
8510,3.5530334000304715,-0.6033450649778871,0.00036152527437619073
8513,3.805254283675319,-0.0795608564386665,7.583212887632315e-06
8514,4.43216569900554,-0.11601180848236581,1.7162970404843747e-05
8517,4.288521174559071,-0.011855055543015247,7.757691626649762e-08
8524,3.3636153231452846,-0.21516196257362985,4.564792522285052e-05
8526,4.382963857578601,0.09209764306246981,7.561711296858254e-06
8531,4.087138973742508,0.26956985294708335,0.00011359330907448615
8537,3.882321459746601,-0.20097027205345608,3.958433951604223e-05
8538,4.258022089897728,-0.19413673516033558,2.7886512781605735e-05
8540,4.034631511051363,0.2974167538162771,0.00010808268977759149
8542,4.113342135207634,-0.1506260154639696,2.1744621968407997e-05
8548,4.525946182656081,0.13843586296385624,1.611424730155296e-05
8549,4.361244284602388,0.11153671333995785,7.643301853251217e-06
8550,4.53782007017263,0.11327904770386077,1.0453752979675513e-05
8551,4.494553901461716,0.3020627490973311,7.362541195757019e-05
8554,4.16474390815603,-0.24673883105033667,9.003804395613827e-05
8558,3.9489563432026773,0.8881188997681968,0.0005307943578938657
8560,4.485123180574625,-0.03660680463191035,2.026209567282782e-06
8562,4.329168642610379,-0.011680529074069135,9.474005303770878e-08
8563,4.439910662763845,-0.13314651259051047,1.3901077851116381e-05
8566,4.304345070782545,-0.20833522924138315,1.667328751748395e-05
8567,4.4301956352531775,-0.20336188998499782,1.7300992216291514e-05
8574,4.41230076017243,0.210709343943992,2.6733227408936445e-05
8576,4.4169080626471136,0.06383204496280115,2.9186749589244396e-06
8577,4.403736100153671,-0.11054067918640431,8.188112304914446e-06
8579,4.39047437275017,-0.04019643639086823,6.511459233883044e-07
8580,4.468749471741874,0.05086282588457092,1.1057231973251974e-06
8581,4.275799729352486,-0.013119852311170632,9.654069367773949e-08
8584,4.375002239136689,-0.12793658989692513,6.42185029966026e-06
8585,4.280313320948772,-0.141951873309897,8.545140597432524e-06
8590,4.555675652985908,0.15295324137041355,2.9394974544401697e-05
8592,2.914362861646932,0.920779099445256,0.0014531607540230825
8595,4.265679334652868,-0.2822663331380486,3.0812464783666926e-05
8596,4.439803284495136,0.015706126938548337,9.90260293828979e-08
8597,4.417987161111131,0.05707433952994023,2.2390548535873414e-06
8598,4.5439902980660705,0.3810871076685389,0.00010007898903766115
8599,4.143679137718727,-0.15469509115445224,1.75386384895951e-05
8600,4.501300131400162,-0.23862025435884693,2.3100084724475657e-05
8609,4.547871421396371,-0.12662407356920813,2.3314463188611304e-05
8612,3.063460879834655,-0.36883369906458574,0.00034361980649507887
8613,4.363651718370226,-0.11515647632086701,2.729096527500803e-05
8614,4.557161187768601,0.16668052793698873,3.385169689348321e-05
8615,3.5976478339259086,0.3745290943219848,0.0006001531429204395
8617,4.5139080401227165,0.08825763684507582,3.611053566924643e-06
8618,4.439828609158361,-0.09472532858907812,1.0067137805309265e-05
8619,4.072939789292707,0.12876329124989372,1.968455741862036e-05
8621,4.510281234283442,-0.0027238771623512292,6.415547818570858e-09
8629,4.585273495920213,-0.11363470255664421,5.9347327665075776e-05
8630,3.977762173902928,0.08440348995493796,4.602509293542999e-06
8632,4.425705825422717,-0.05879282855888324,3.145503276021377e-06
8638,4.420672995515105,-0.3953213047799551,6.926870735711971e-05
8643,4.234838795212237,0.025020205487436442,3.7857100006542706e-07
8647,4.361316699771719,-0.23903276886037705,3.116821485626275e-05
8651,4.367905950408908,-0.049085391638818976,1.0393362094661467e-06
8654,4.353524864339392,-0.057600928718922084,1.3617148951388024e-06
8655,4.558762367522605,0.2558580426476933,2.731928587946242e-05
8661,4.327865195926995,-0.13367529873517814,1.934093904846428e-05
8665,4.3267141861096885,0.06526277941736147,1.8848321066504389e-06
8668,4.261766433408523,-0.051121415490261946,2.2271197363189315e-06
8670,4.270832222628418,-0.18317664855711424,1.2431069889746102e-05
8675,4.366877436963226,-0.5124835443717166,0.00029156391122592176
8678,4.314234964495786,0.034751816099895194,1.4502448166852408e-06
8679,3.8600541500944137,-0.29900806749036235,0.00010947463480794912
8680,4.373427022139144,-0.027027565108413754,6.637545065724261e-07
8681,4.315770653223123,0.11027286686753257,1.0468054092349297e-05
8683,4.345281248945855,0.08315175854218193,3.969563313647646e-06
8699,4.305047658058489,-0.6363709112620719,0.00032285021646673436
8700,4.275609236370939,-0.024260925339173234,5.502285278369696e-07
8701,4.368382874906429,-0.018104938547127247,1.9519463162886869e-07
8710,4.308766994759935,-0.04749656122185364,3.2176592880036044e-06
8714,4.489754101783221,-0.10273992559830081,7.475558379721099e-06
8716,4.463205534397549,0.058583042651491724,2.370212225180119e-06
8720,4.4146137576671824,0.0762672819187813,3.042002487293265e-06
8723,4.489091564918795,-0.05708499793989219,2.6766441733255033e-06
8724,4.389201607459875,-0.15075670126401786,1.8166847100187876e-05
8725,3.3048667695867344,-0.7476394582191079,0.0005443217097821772
8727,4.505121882933461,0.019922258575345353,2.214778095867048e-07
8728,4.506168057398675,-0.2662811898859161,3.901982593551012e-05
8729,2.8765891432570085,-0.0793078084268557,1.6155041322849402e-05
8731,4.447953306274764,0.029383508203443043,2.739072354810751e-07
8732,4.475643654249749,0.1235084594127791,4.954041837388528e-06
8733,4.239172967729419,-0.2409722660602207,2.241442161801414e-05
8734,4.353773146597842,0.04682987364897517,8.511740257536983e-07
8735,4.273063665191566,-0.07285871226998797,2.70917575608084e-06
8736,4.408813071162862,-0.34149718132868045,3.854307416406002e-05
8738,3.94844253350141,-0.29002228687218246,3.4873320479910984e-05
8741,4.261067938902753,0.23651703640540145,2.9891979936419992e-05
8742,4.313987996935007,-0.15198478623909129,1.7873280372183444e-05
8744,3.522729187931216,-0.552314722361515,0.00042495449614522724
8745,3.0961752277600034,-0.7074124385249054,0.0010190387201368838
8746,4.2526641833539855,-0.17174264146402507,3.0798017109882805e-05
8749,4.39575507431852,-0.022516945677717004,6.385451708983119e-07
8750,4.308248487344081,-0.29909877118521244,0.00011470985955068669
8751,4.1992712775131285,-0.1901215613542595,3.468287190603529e-05
8753,4.362924796252253,-0.09182972228565323,1.0670280817429109e-05
8754,4.44572604120338,-0.2029614738630059,2.4523073581005982e-05
8755,4.360166621989922,0.12396523562111295,1.3875177355894458e-05
8757,4.336533441880718,0.20994774775869374,4.044766576762202e-05
8760,4.452738678544808,0.09055610372519585,8.304847612708075e-06
8761,4.370468159709049,0.20424281879433348,5.2687788104424595e-05
8762,4.024788720556112,-0.21590647404747898,4.871238959786757e-05
8763,4.268729541483314,-0.021663892243549476,2.5265166863694976e-07
8764,4.347170813709517,0.03109877208665246,9.418816560348553e-07
8765,4.352600759662998,0.11330735899158562,1.265961977454007e-05
8768,4.40780752783661,0.11506741542465093,1.2079850293572229e-05
8769,4.350335352964983,-0.11478062219135854,1.2992936610707296e-05
8770,4.352421437105093,0.02584814869107621,8.896032132381271e-07
8771,4.355642356944298,-0.1157554894315389,1.6951635250313877e-05
8772,4.354470053219117,-0.23706021806602084,7.18512997680838e-05
8773,4.343870584825859,-0.13322556690759768,1.56206279205441e-05
8774,4.3659143564807925,0.04567108043463364,1.8318580050919001e-06
8776,4.325138210922435,0.14535707173905443,1.940295916353628e-05
8777,4.114147661060066,0.14571133963960747,3.136129445360014e-05
8780,4.309893055821305,0.19213637124727345,2.259917687519601e-05
8781,4.41109868351669,-0.4560161886280971,0.00015340685566842828
8782,4.010327582322586,-0.4928297449642698,0.00013161883051613325
8784,4.58601832161189,-0.23961886458115966,7.447778028458746e-05
8785,4.393931989508754,-0.3491278728467897,5.886138421486866e-05
8787,4.413997379359972,-0.27404230588581946,5.649215761459949e-05
8788,4.411035273030925,-0.40370208779845385,0.00012583544737051957
8789,4.451140165613461,-0.4133659548797546,0.00012940799354748815
8790,4.423336399303781,-0.3223472943630119,7.708430496379498e-05
8791,3.8740258815399224,-0.11515405560595138,1.7874431902308665e-05
8792,4.1065578234705615,0.20692226866820995,4.6238043454088404e-05
8795,4.37756763818791,-0.09398107632728081,3.151506787004578e-05
8796,4.326145097532377,-0.06628609683270348,3.535931327781637e-06
8797,4.3951080493398145,0.08336448360231952,3.850456008131139e-06
8798,4.225603613619484,0.16389503589309928,1.4703761207879083e-05
8800,4.422796613232397,-0.0003480640596000839,9.909881323107272e-11
8801,4.425187152462786,-0.06081545302762503,1.2207384225006158e-06
8825,3.5054849260850447,0.9312666082780834,0.0037041254905375654
8833,3.888484252066453,-0.15798312326169706,2.820765057117726e-05
8836,4.402654937717382,-0.08250370676158791,8.217315547194928e-06
8837,4.3352025823444365,0.16571758226985533,3.825428479102255e-05
8845,4.340025913495509,-0.16563864359987246,1.5811183410017166e-05
8846,3.9359636475698427,-0.17476353187628035,1.791414639539964e-05
8852,4.470000446546369,-0.1933343275303141,1.6547153704729828e-05
8853,4.318024563822097,0.23268943636993544,5.114807829370051e-05
8858,4.1836163452359925,-0.16184247584872757,8.101705310892744e-05
8859,3.8598517328684294,0.5083294949833994,0.0003284533716161682
8861,3.9098115381606062,0.5398737449870898,0.0002914654133293311
8865,4.2252564950370655,-0.1342508340804791,1.1823780798661967e-05
8867,4.428283741889979,-0.038785092377396246,1.3319317128962536e-06
8872,4.3263888405261,-0.041423918695350004,1.2633081164888247e-06
8873,4.27436116841401,0.03911892372476178,5.903019764829705e-07
8874,4.378037010893494,-0.03683237073986767,7.949782358571377e-07
8881,4.274461937410335,-0.22267698960702997,3.0340747457787146e-05
8883,4.1912513544220245,-0.06573117473147416,4.858787765995923e-05
8888,4.314804693210638,-0.0026641860009224416,3.8447143870143395e-09
8894,4.440168957281977,-0.2384658767393768,4.7545785151457874e-05
8902,3.5424297037442427,0.4721498900089953,0.0002552324081741622
8903,4.33192734555447,-0.23259524182132996,0.00018990404193192697
8904,4.397597119335648,-0.1112557347961749,3.823505804726018e-06
8905,4.0335757004681545,0.41494067547456037,9.3464338426842e-05
8906,4.317091509956557,-0.10052931501020801,5.510020639249594e-06
8907,3.891041817173234,0.0544159643411497,4.509496579484429e-06
8908,4.382551389327468,-0.20816411943183155,2.4446451269153585e-05
8909,3.5163780762910957,0.4329407138807473,0.0002456297804607811
8910,4.408934415287174,-0.14766398174909234,7.917074388961808e-05
8912,2.919648251677569,-0.5127031433592806,0.0011821408196373221
8917,3.9832591160543904,0.2288684818240938,7.320784927867753e-05
8922,3.9768226326789984,0.2500111125891813,0.0001891077800112106
8923,4.428315577474045,-0.07932879687836358,5.562014965857988e-06
8924,4.565020443553511,-0.29252969594793576,0.00011344266580667722
8926,4.457343458681874,0.018856346009258118,2.0412758355172649e-07
8928,4.10246883129596,0.4946691829948673,0.00023365840412490114
8931,3.850702776014741,0.6435358492660685,0.0005429301283626629
8933,4.096818979788762,0.17984713922729334,7.249824014836592e-05
8935,3.5047329429758065,0.3390112216990451,8.532722495872723e-05
8937,4.413194138514624,-0.07329243014141351,2.338924463523516e-06
8940,4.179256998533271,0.30825514398658793,4.362308046897077e-05
8946,4.51159832391077,-0.29209061873466347,7.667555716583148e-05
8949,4.377876750043115,-0.0353708735315168,5.99030356597518e-07
8957,3.64345288579057,0.6359871601082108,0.00044538300639377574
8959,3.455212729847125,0.6357929311094614,0.0006715687854137712
8961,4.466668109423899,-0.3140546390778223,0.00014187846681496368
8964,4.241319872822286,-0.31736829652886644,4.744896187713751e-05
8965,4.381473889411402,0.017901383597092924,2.873608226648198e-07
8968,4.346478896281277,0.028019471971813203,5.137352425768296e-07
8972,4.4711127587378225,0.15777395386758464,0.00027832587969288614
8973,4.455551280414519,-0.321986005039137,0.00012777898805440408
8974,4.386189454098409,-0.22418624340249416,2.8998472464843757e-05
8976,4.484340470428021,-0.2202531336188267,3.439581138532106e-05
8977,4.2695319233160784,-0.22123129959538446,5.0620144302439755e-05
8978,4.418230677949236,-0.2830641212068796,4.731965714825495e-05
8979,4.292910918083841,-0.16739073839329066,1.5498223827597298e-05
8990,4.424798901374915,-0.020521657766213508,1.4006618397029372e-07
8991,3.7240047205639275,-0.43560283304711644,9.261708198720592e-05
8993,4.311610021667958,-0.3603663030865305,0.00012606034998135902
8995,4.226341197164421,-0.14711027275236876,2.4738935141783273e-05
9008,4.169812696414301,-0.015628133836183444,2.103406511302345e-07
9009,4.3792730930892745,0.03956751470732378,1.2554336965906728e-06
9010,4.367403024912514,-0.2548911587349645,5.975532887632533e-05
9011,4.149215887582216,0.2074929391073761,0.00014495533849763893
9012,4.092865130342368,-0.11692879917056898,1.4858910603019252e-05
9028,4.21304445821022,-0.17174911707793505,3.358685620027853e-05
9029,4.247504599764413,-0.13663073559110206,2.0893552322826223e-05
9031,4.460561191003524,-0.24991617308526326,0.0007163813696872791
9033,4.470398955542214,-0.2975513318321692,0.00012149788352694375
9042,4.359469339671534,-0.0897718899715727,5.3388782495175575e-06
9044,4.5280155283680745,-0.5080353814348362,0.000253398097497547
9046,4.247524987084931,0.30001608606652397,0.00010883806334519639
9064,4.25565271255155,0.0920412430418267,8.165570958855838e-06
9066,4.459460191129433,0.09546877842191126,8.98428210607912e-06
9072,4.474609852199635,0.000451648441435637,8.03489493014343e-11
9076,4.253145319395933,-0.020489141376319964,2.8048113008873936e-07
9077,4.302981026101859,0.2034731869470745,1.977480882796017e-05
9078,4.3644064576165675,0.06997540739124197,5.161514723861441e-06
9081,4.2166812738999475,-0.04537567054171898,7.77667351769285e-07
9083,4.348370835922001,0.2785608418476029,7.913372216923109e-05
9088,3.7957905566248438,-0.12456603774962849,8.24381024057141e-06
9090,3.7169057765718896,0.07633369286628966,5.187065553354421e-06
9099,4.394630902188026,-0.33246523833016006,0.00013571524217072424
9105,4.3836390837269485,-0.25489309478751565,0.0002746251514188189
9107,4.128355129479495,0.3792022276415965,0.00013850062925156362
9109,4.508328359301668,0.06741301599561123,6.839481585898686e-06
9111,4.323551416509452,-0.18518996887057693,1.3605447562872135e-05
9117,4.38409818820412,0.2477139287303931,5.703115697343719e-05
9121,3.109363219564752,0.19752348262616248,4.7371496855237215e-05
9123,4.48201437831695,-0.29996423567574304,9.772114192118713e-05
9124,4.219179238421742,-0.2952276621283225,5.1153665175060855e-05
9125,4.387402548188186,-0.048805471441641046,3.061515388958739e-06
9126,4.062074099841799,0.03725800389134104,1.576901931700604e-06
9128,4.0424603499173655,0.271019742221406,8.995357400380863e-05
9130,3.35697113307777,-0.7395753002436907,0.0007651328038455813
9132,4.116789869534476,0.14306913116519748,6.29035464222455e-05
9136,4.503430703324146,-0.18062342831023592,4.879989724089501e-05
9144,4.337431839314713,0.019276987374878374,3.111131316514017e-07
9145,4.401259810591915,-0.2345945867901884,4.033475851647617e-05
9146,3.929924274222707,-0.13219041519668862,1.8791390930103393e-05
9148,4.336263757761171,-0.15268806181112726,3.136520142758191e-05
9149,4.4611576461547475,0.03642732915340652,4.918298058444299e-07
9154,4.127877189776079,-0.2483773760534933,9.055097334414104e-05
9160,4.453596919322699,-0.19515134642017173,1.5936151401966405e-05
9161,4.406659903334632,-0.39388699480634326,7.887614234831474e-05
9165,4.116723545512824,0.16410058365189517,2.8844155927049295e-05
9168,4.391296276890422,0.06769139891958798,2.9675121195385465e-06
9174,4.461481427073419,0.1446882592477552,6.776955708697574e-06
9175,4.468333448419808,0.20542952903389455,1.6274448718094057e-05
9177,3.3136236895850955,-0.4177117513133153,0.00016685351051201416
9178,4.5806459974287135,1.1191284558299488,0.0006386474561061022
9189,4.347804184677997,-0.3775122711258754,7.924712206778293e-05
9191,4.195111045310197,-0.02226342160015271,2.8042529145739985e-07
9196,4.415096946787323,-0.004725839104299467,2.205215416666916e-08
9198,3.7637346543452543,0.2758016713818514,9.116027983647375e-05
9199,4.544435848666301,-0.010761664383279523,4.721831310585229e-08
9202,3.4187666907368945,-0.27893407320914676,0.00010202337184581026
9203,3.708080275814419,0.5796356793882209,0.000333386027728431
9206,3.025948036754255,-0.5163487743758828,0.0002885337044113872
9207,4.068423712727632,1.0017375606826509,0.0014418158601748347
9208,3.900338092838738,0.26166511785717717,6.916462039365327e-05
9209,3.7297901005833047,0.012630120458661409,1.923315491250626e-07
9211,4.20922701204465,-0.13678728521059913,6.97674819771833e-06
9212,4.427118469721289,-0.20761076454518168,3.300630673115066e-05
9213,4.387796462274087,0.18485053200844437,4.689747596409725e-05
9214,4.57299483592859,-0.07429689445101495,2.4028675027981557e-06
9215,4.5586168152042905,0.07222111753237836,2.213936795571739e-06
9216,4.511015328832272,0.22078750808918546,7.411073145779049e-05
9217,4.489256913875029,-0.11980906140800762,9.718914240743267e-06
9221,4.5302884265680206,-0.007413483306759616,4.555471053117186e-08
9224,4.322587039061752,0.009461225805888596,9.702462228197932e-07
9226,4.695327237340373,-0.20894058734224874,0.00014978490117463516
9236,4.52382682216844,0.037391476290468795,6.652172975693693e-07
9237,4.4926666897219665,-0.08716769886294262,4.440899732791366e-06
9238,4.474720077308734,0.028417383114205386,5.968617096316897e-07
9240,4.429429052612613,0.18470087474695074,3.150829083387784e-05
9245,4.554590266100253,-0.07271829645665484,3.345434577333772e-06
9246,4.324603095132191,0.0686107289322555,4.202567907436958e-06
9253,4.521398801250501,-0.0429262683083671,1.0118537895059935e-06
9254,4.445785984405,0.48796826535529814,0.0001829532452187772
9257,4.532458073993165,-0.26556174657291454,0.0002522106487446388
9259,4.451321365333206,-0.2128764591373491,3.910188053600986e-05
9262,4.179983564740324,0.03952414043578312,1.1658262489046471e-06
9263,3.767526588000563,0.6157492660737507,0.0003583586650635706
9264,4.393770050512063,-0.2101943545620193,4.23299743115831e-05
9268,4.260658764877426,-0.033825019609246,1.1209413009689217e-06
9270,4.257491710841125,0.3625670876407163,0.00010594252771424472
9271,4.480766600712524,0.044277540796282544,1.0730191412962807e-06
9276,4.194564835816975,-0.25687408364025144,4.7950881370495894e-05
9279,4.303248786360225,-0.03355133666026333,1.1002895630553424e-06
9281,4.508434965667687,-0.06578370917737075,3.346016425215206e-06
9282,4.397980881465729,-0.03999082462008907,1.5254026659690244e-06
9283,3.104580582504272,0.7065165043339139,0.0009480039427213311
9286,4.082887084670234,-0.05397032777058808,3.965007839429592e-06
9295,4.4871848999781045,0.47705735454844067,0.00020879804584360057
9300,4.414255983159402,-0.11154315520524527,1.667244056491717e-05
9301,4.348180807008445,-0.41439630979878617,0.00011892592127669953
9303,4.401896064511044,-0.033714836659215486,4.465498982927298e-07
9312,4.338259253531601,-0.3093424966319551,5.3322200164876484e-05
9313,3.9890785695683078,-0.45393321539641374,0.00019564057207577772
9316,4.544741522768414,0.16117856631982086,1.257222961134405e-05
9317,4.39163920226408,-0.27422936711098345,8.014926625191637e-05
9319,4.272983609791793,-0.06233859187353197,5.423533684173133e-06
9321,4.478066176800981,0.03389162746493124,5.481085490783265e-07
9322,4.46801238064339,0.013859589000208672,1.1136819946915661e-07
9323,4.489397981232251,-0.11868510645864294,8.094278594138275e-06
9325,4.430205907639942,-0.13428197201947167,1.762725014015729e-05
9326,4.685710650351927,0.9052763301589293,0.0005237565663402837
9327,4.515644050531109,0.009400090977697673,3.733706824821367e-08
9332,4.249727490420055,0.18938811123795407,3.0445719947368155e-05
9334,4.25921195933798,-0.0035992495197572083,1.3515967308391391e-08
9337,4.32527741909458,-0.19011086235222407,1.5731730303091122e-05
9338,4.513521118777991,0.1308697803633816,1.0417290313432794e-05
9345,4.407864270075066,0.1417932059827658,3.30949426732855e-05
9347,4.315362400193012,0.0603946214672737,5.148586029160552e-06
9349,4.409328449942879,-0.13127440565197546,7.131535151186567e-06
9350,4.472958421567151,0.38607848837799086,0.0001381502497357665
9352,3.996611853064335,-0.5658556691606353,0.0003092700034013953
9353,4.1820941539813505,-0.23470400471591324,5.7233074896755667e-05
9354,3.0867324160403817,0.3111260643562588,0.00016403937863379792
9356,3.950298994200233,0.3442616146923725,0.000118843728945855
9358,4.414852382900365,0.07265975961949334,4.813419411830989e-06
9360,4.2334395423582505,0.23591092048730644,5.322566724108147e-05
9364,3.6557254354409032,0.1284641984773578,1.6119369911308818e-05
9366,4.409279823659826,-0.052570996970234596,3.919808911034005e-06
9367,4.519076352887606,0.060776025116195065,3.93037802260866e-06
9368,3.5369056421079748,-0.4014114261788251,0.0002806777648741737
9370,4.611927004656011,-0.17992043767710886,3.538854977919114e-05
9376,4.213498706229928,-0.008806086838962557,4.1319738777726076e-08
9377,4.339964581042831,0.025678574380526342,3.138899649849276e-07
9378,4.422533654015649,-0.056890498592292005,2.900199070340409e-06
9379,3.329492896936913,-0.44469218409020383,0.0002758045348948636
9380,4.505018505950605,0.18173166702990962,2.7374830346998888e-05
9381,4.290391435980718,-0.5291913202871554,0.00030839081704411733
9382,4.410858388965118,-0.33332094505939835,7.107924275202526e-05
9383,4.536787750313836,-0.017175452687391513,1.6999907649012587e-07
9384,4.411953156381909,-0.05268350883064343,1.2301575376175911e-06
9385,4.29502974742803,-0.30419556157559446,9.27546977311013e-05
9386,4.388734116225207,-0.10376919439445675,4.330420234601833e-06
9388,4.052644781055278,0.7264787120562515,0.00027587053218948785
9391,4.436072268669075,0.07368773251435812,1.996814509951829e-06
9392,4.530167138581473,0.1228403768207782,1.1033325518150047e-05
9394,3.4412605076210325,-0.4863502285872965,0.0001782654101806425
9395,4.460275343651829,-0.2103525496112848,3.1397366760181935e-05
9397,3.740299841466481,-0.3457914479551225,8.215355939547506e-05
9398,3.5993136209072447,-0.2778812077139521,6.394175581623962e-05
9399,3.638884573583003,-0.5033903576538532,0.00017518743801482885
9400,3.337083291395543,-0.22802233253454895,4.760428977068458e-05
9401,3.337511012899833,-0.5586917409094156,0.00027931870456901486
9407,4.5856632792003875,-0.034949279008355205,2.207680542562999e-06
9409,4.552197152949441,0.2460696630005632,3.7588561554461006e-05
9414,4.420419600850131,0.18674858780063275,3.0018778153687617e-05
9415,3.9669417297064404,-0.15805948319780772,1.097215789706498e-05
9417,3.703497021566314,0.4647173892222418,0.00023266604299258562
9420,4.388836318244935,-0.14750956567418871,7.0887112968723185e-06
9423,4.449625955785218,-0.03682766244458335,1.1797618074958562e-06
9424,4.493991778247719,-0.1527871380940926,9.756003551751821e-06
9425,4.409220784399372,-0.266086058007839,2.7034584540401806e-05
9426,4.526872690967173,0.11269892173825014,8.003502857334255e-06
9428,4.3933347288611335,0.027912618966029257,3.968123670413303e-07
9430,4.222213766379559,-0.7136578663969044,0.0003746829182769039
9432,4.4829194139640345,0.1430333112065849,2.017516316885166e-05
9433,4.208248948381822,-0.05878508693864237,1.4983067829101955e-05
9446,4.406481842581897,-0.18697413740579005,4.102955392786564e-05
9447,4.294974367546523,0.5468477197805708,0.00044324379621035965
9448,4.557351321522425,-0.005581912261448885,1.3437519533098977e-08
9449,4.423520411934871,-0.3665316362565392,5.134423241945173e-05
9452,4.320082783227423,-0.26309400754909085,2.887801515159503e-05
9453,4.515608039551055,0.11230163340652588,6.127599437405583e-06
9459,4.179958256298603,0.4161711850373395,0.00021315445713606616
9461,4.211705137264053,0.44034863462288865,0.00023200731840715126
9465,3.8430581580486374,-0.24300991764131696,2.846361491178415e-05
9467,4.26746636640317,-0.03335986180591011,1.9696365745573126e-06
9470,4.59706103394033,0.3119106063794259,7.935038360006921e-05
9487,4.489343227077981,0.6674105751482688,0.00020311831337168512
9489,3.8442579298902713,0.11464866143672525,1.808321332857815e-05
9490,4.6032277911574955,-0.14424011534748526,2.671677605024215e-05
9491,4.380923911799969,-0.07146796996092242,2.128399326380641e-06
9497,4.248434100668006,0.03515246119262283,6.349343410396764e-07
9498,4.544312278562179,0.09429268351214937,3.853815305340213e-06
9500,4.457846428717477,0.1261001208189878,7.14569708515839e-06
9502,4.344807437507563,-0.10348068493681684,9.362057618832502e-06
9503,4.447027539278732,0.10579616633715005,8.00828666938696e-06
9504,4.509607877278803,-0.02434798796326909,4.0986036532527287e-07
9505,4.510280286703726,-0.10356103943947303,4.5043431236813966e-06
9506,4.264786604458675,-0.1991845111022288,6.16211058321384e-05
9507,4.38456389784226,-0.3808737038882901,0.00010763901880939861
9510,3.9175179580401904,-0.04215893698363571,1.9844846856705456e-06
9511,4.051971660075865,0.26418223044730915,4.048690901767196e-05
9515,4.527231684066618,0.11233992863880538,1.615970634202438e-05
9521,4.337979530485065,0.04779009046765115,1.726228446652836e-06
9522,4.48867386318779,0.16908877291947189,2.9434817041443474e-05
9529,4.376813797164,-0.0959896679992811,0.00010502626050102198
9530,4.504356950088389,-0.7956748686782729,0.0009356563218187996
9531,4.3966794930868955,-0.3242397662528447,5.9406345580148394e-05
9534,4.236442206718407,-0.03773762917206369,1.3785470489596231e-06
9537,4.48680658834386,-0.2614337637153552,2.781448647635401e-05
9538,4.430072985130655,-0.010028283269252647,9.778081740976131e-08
9540,4.464914824313084,0.05033065414702076,9.987163276834619e-07
9547,4.411466042000082,0.07040592764351583,2.6912099448563023e-06
9550,4.590637200297413,0.23927525836858443,6.675811561741293e-05
9552,4.345675198704628,0.17393709892181697,3.170099697049613e-05
9554,4.481246591760035,-0.11560343633667802,6.680829918414257e-06
9555,4.546994302093671,0.2312885016030659,3.882465134335339e-05
9557,3.934295264864586,0.3423708541514694,0.0002112689731004659
9560,4.25055372419289,-0.5200525953881336,0.00011391270926841943
9563,4.445190439834045,-0.10528873146083484,8.930463095298602e-06
9566,4.42313306422122,-0.2184404448302546,2.032502004331112e-05
9568,4.3273534380263525,-0.04514713863468156,9.922842833235863e-07
9569,4.205744482918251,-0.34923418742036416,4.705487939764033e-05
9570,4.3810081908250655,0.23213016481220272,2.7237858339797398e-05
9571,4.375214520260908,-0.0262277396652264,2.6763364094193276e-07
9574,4.605704233163039,0.22260950413926217,2.337120719240014e-05
9576,4.377432572961753,-0.04801588856016892,2.1687189771415487e-06
9583,4.363067083435194,-0.046913192912019674,2.4076600857157676e-06
9584,4.317960032142779,0.0715386173698036,5.0963014247363985e-06
9585,4.093526033395695,-0.2497818687208433,5.668352639842641e-05
9586,4.348572778571412,-0.0021733215406811723,2.29257339062373e-09
9589,4.348694682826101,0.05558256078260104,1.7063512377266671e-06
9590,3.7237858073825807,0.14532969703428877,2.2131809001183e-05
9599,4.287402494776327,-0.3693974176706334,0.00018029355312457665
9600,4.477858094015882,0.020839847461693317,1.5093429643976384e-07
9602,4.446184609204864,-0.0058890664070068155,1.1700978955870354e-08
9604,4.565872634081366,-0.031124912389819848,1.1290680713103415e-06
9607,4.416688091879161,-0.16819284982980154,1.0821810321423729e-05
9612,4.461319869230124,0.03626510607803013,5.538833085605344e-07
9613,4.402942985314702,-0.21784405982413713,2.4711969980539456e-05
9614,4.4710573170774355,-0.11178766952617014,4.939871495687037e-06
9615,4.43995317712173,-0.055429662249260936,1.262819585492247e-06
9617,4.485823935186773,0.060657254452638476,1.8099671927449638e-06
9618,4.502927801175348,0.3638371225012058,5.711482746313155e-05
9619,4.563577373845894,0.0970275190302976,6.646278060328246e-06
9620,4.4102181509327085,-0.2576046805866321,4.916472441416941e-05
9621,4.2607604619427635,0.2555785103387125,4.637299904095924e-05
9622,4.496536476642029,0.0499447129973829,1.8128932328555207e-06
9624,4.314193049296411,0.14131636213727372,1.3781578211474281e-05
9625,4.431462645253223,-0.10072930496689203,6.874697300042908e-06
9626,4.4493931074343305,-0.0402378053721959,1.1056940049329908e-06
9629,4.442351749614443,0.24715958480739975,4.310007451856152e-05
9630,4.4650249580469525,0.07079514980634549,1.9837513670240365e-06
9631,4.402468231458617,0.04955077503529903,1.7579783241744624e-06
9632,4.395524960380142,0.003850312628353336,1.050509881370354e-08
9633,4.389539625827627,0.12241817843828517,1.0977463091013367e-05
9634,4.33823599748949,0.1537654903929635,1.0343745677939964e-05
9638,4.371973311568616,-0.15246560639250895,7.4284661014334715e-06
9643,4.391742845653211,-0.22818321440963718,1.688405854898444e-05
9644,4.455518845961401,-0.15010331365935947,9.453182482087503e-06
9645,3.813427554168863,-0.4741055762247952,0.00012003628735815557
9646,3.564910633250327,-0.8436152053980965,0.0005238565391586635
9647,4.537283120765522,0.31083324383295885,3.715455453839131e-05
9648,4.417294358871404,-0.19338459229465954,2.6563785722661175e-05
9650,4.33722050609659,-0.17990114471310115,2.960228601509376e-05
9651,4.535798283377915,0.23149075208661163,2.3131992819264578e-05
9652,4.478317519471613,0.13680299736964674,7.6229011277698046e-06
9653,4.486970753213796,0.11819943277429612,5.718311057251436e-06
9655,4.427884167596663,0.5058700821636348,0.00014680062899466827
9657,4.392269970839497,-0.3492187030049472,8.654701729090342e-05
9658,4.573624531087877,0.27056255537071383,3.2698508877606894e-05
9659,4.408512409735595,-0.2511930483521061,4.4325251696045204e-05
9660,4.345690713281619,-0.29564640995609803,6.048851152422653e-05
9661,4.479777346248841,-0.20450108152183955,2.418279105386814e-05
9662,4.367217116912011,-0.29307526200742995,2.7645434222473814e-05
9666,4.3668867008888475,-0.12988583826522326,9.422709103606426e-06
9668,4.293591128878547,-0.18764743081309465,2.0365560853759023e-05
9669,4.412342316682827,-0.20466906915372363,2.893843580258013e-05
9671,4.504121153824595,-0.025648620882461337,4.480484399774397e-07
9672,4.348078117952756,-0.27563839111870525,4.827861139644342e-05
9673,4.271032087107825,1.1543583620036877,0.00049306010937872
9674,4.421219900327796,0.11781048315575049,7.488240077861618e-06
9679,4.601157246692921,-0.15850599020260425,1.686800519471166e-05
9680,4.403767096453522,0.10158275425235885,5.126903531851934e-06
9681,4.4246823096380865,0.06507702483867739,2.07237751509982e-06
9682,3.4094856656473773,-0.6306663936569601,0.0003316548719614316
9683,4.423788810721655,-0.015850794263272405,1.3252392577211703e-07
9684,4.044912561501063,-0.566754138702779,0.00013439501359716605
9689,3.535240766295907,-0.30443637056243267,0.0002419381548759721
9709,4.51580101682517,-0.277356110629313,6.443625451487478e-05
9714,4.482117001772522,-0.1999107023808513,1.7732743380328278e-05
9719,4.035268139026749,-0.23529463740722534,3.625925920005952e-05
9720,4.3509402726459,-0.005836992076616809,1.9300565028431272e-08
9723,4.273869394109358,-0.15645955895626162,2.9068554119380226e-05
9724,4.436111285340562,0.19764635749944137,4.336568044176125e-05
9728,4.268599280087438,-0.17759361913085137,3.748320338720646e-05
9731,4.471063910729756,0.3164278320522902,9.041237575083404e-05
9733,4.52002227143547,-0.002590999755384793,2.661744919090899e-09
9735,4.447387397513766,-0.030959336122552195,9.72142919083213e-07
9736,4.593214186571111,0.4187535527589228,0.0006437792321302304
9739,4.534964589282248,0.20996753908100185,1.767708533884551e-05
9740,4.377749905543631,0.17507380007225137,1.2127364876454503e-05
9753,4.235693929787367,0.06023000583310356,4.2929346712983836e-06
9756,4.551914597474176,0.3301294622490927,4.654115446872733e-05
9758,4.538473663608373,0.2850285166967055,3.443247492957439e-05
9759,4.4858740919680775,0.16617967991886395,1.2392961571285938e-05
9760,4.4969135868421795,-0.08048552545096577,2.5377905846800804e-06
9762,4.371499126284258,-0.21731456370614044,1.9459860231311745e-05
9763,4.4345838251497165,-0.08301639796054339,5.7358041307799655e-06
9768,4.476334286190661,-0.06717898412852641,2.1268555925992785e-06
9769,4.5179791279197845,-0.10034406577853527,6.203791804795385e-06
9771,4.521512461775231,-0.44907273494118005,0.00011901105850208065
9776,4.653113809504694,0.03639752491714887,2.0471587223850223e-06
9777,4.516148996964582,0.13495012091190883,8.591385028521037e-06
9781,4.5565340777634376,0.16017748295756107,2.6865120391291735e-05
9784,3.8326586435603907,0.17285470495509392,1.6087855487566987e-05
9787,4.465736324649995,0.21454133382490248,3.7535830839794843e-05
9788,4.560031524017818,-0.2345752408323305,6.962553517885155e-05
9789,4.511634715602102,-0.2447383881818519,7.9759917651521e-05
9792,4.395365161988462,0.331137309167155,4.4818410850413685e-05
9794,4.494095551623909,0.0233357200561759,3.8707256210780767e-07
9795,4.439273887534731,0.017396290134916725,3.034195425695857e-07
9796,4.449133362470113,0.13276819657862404,6.876164987752697e-06
9803,4.515451745614452,0.031029444024960107,8.616430157948083e-07
9806,4.238701470276939,0.16312779169312197,1.0645094732326019e-05
9807,4.429310803558507,0.038893527356426816,6.369235568670049e-07
9811,4.405522411519577,-0.2068178339732336,1.6368315330863434e-05
9813,4.501331576023563,-0.3440122146400739,0.00013501034180101774
9823,4.408898987262735,-0.06769434710910893,1.5395515658007058e-06
9827,3.7796903325131215,0.49836371177778194,0.00015302251958319345
9837,4.3993675139892305,-0.20517761679741398,1.708654202470188e-05
9838,4.493777040091835,0.0684856448849791,1.8854258625598593e-06
9840,4.183120982867269,0.08377534455298097,4.612631251200263e-06
9842,4.284905997278206,0.23252527440187887,0.00017175245809955967
9843,3.9651965770857998,-0.13655518059670468,6.0842267697846764e-05
9844,4.353507063826927,0.20771123463198116,4.298915502850414e-05
9845,4.511954836030238,-0.20115571064472437,2.3090453017339195e-05
9849,4.444790064048009,0.007228942445907549,2.030017487601779e-08
9850,4.496650617629825,-0.026155334968335886,2.8861982764182376e-07
9851,3.9007612322967695,0.43522146387570526,0.000251667526910753
9853,4.510482626123772,-0.02974251851385734,3.4712168852514585e-07
9854,4.357231766679029,-0.10445996786241007,4.9513473697906745e-06
9857,4.215197382211142,0.037574416605477445,5.893232045309806e-07
9858,4.308892765476513,0.21723421317112557,1.869234409983671e-05
9859,4.453803504570805,-0.038583902541160064,1.039625595784194e-06
9874,4.254224680025928,-0.02739093475774812,4.425332489229063e-07
9875,4.4219037743953145,0.04973501896825461,2.2859910333290505e-06
9878,4.504425984414275,-0.19497004257522832,2.0297042014950694e-05
9881,4.605440785489165,-0.017416758336044502,1.13837340197868e-07
9882,4.56581454278502,-0.35963049880738396,4.7012341486815404e-05
9883,4.572584352817184,-0.013458105330499848,6.402429630232293e-08
9885,4.344078298278729,-0.1820750875828141,2.9971760934700926e-05
9886,4.528983738994738,0.02173026119729471,2.2497809214299412e-07
9887,4.391196454692634,0.009406565554183288,4.019153355464999e-08
9890,4.351239960131463,-0.4253140495343253,6.977757890521668e-05
9893,4.5323787646815985,0.003441343171699529,1.0773520143938635e-08
9895,4.270360483327871,0.004915781399129848,1.2842017422355266e-08
9896,4.185994648390962,0.22194336806742054,4.71848948863118e-05
9898,4.294693415272916,0.4977858690201691,9.217668152504535e-05
9899,4.582712171715156,0.2114241137855588,1.988347663716622e-05
9902,4.273780528239824,0.012560856299649537,5.844983117345623e-08
9903,4.4402816390172415,-0.04459867789587424,8.375076509528782e-07
9904,4.274888359763905,-0.4057728553470352,9.361056361044394e-05
9905,4.4575755664520935,-0.19630513291401197,1.5312184839733107e-05
9906,4.506782200420126,-0.27848966568828626,0.00027447338855616165
9910,4.030410115828406,-0.6665685207100198,0.000140621543261119
9915,4.466017746450985,0.018114111160049795,1.5896688374783916e-07
9918,4.395472327493197,-0.1789101325468474,1.5849930896882162e-05
9920,4.5346907131523535,-0.004244073360198719,7.668916559511205e-09
9922,4.456139729855532,-0.3668077094569755,0.00014756207911755082
9923,3.332550676399034,-0.07830770769354212,9.82636297922622e-06
9925,3.9747315705828767,-0.29590245232244206,0.000344613002530062
9926,4.632240305280069,0.2437200854895849,6.302984876966089e-05
9927,4.394518818524955,-0.11785269950889976,1.1329097955606243e-05
9928,4.358188895688157,0.17010024596397688,1.9995761554844642e-05
9930,4.360009425776263,0.033204398288183334,4.1718153628260343e-07
9931,4.61205353685902,-0.13927253891667402,8.174564743224605e-06
9932,4.510698206973112,-0.0645237524754787,1.6613068488598498e-06
9935,4.558193562054167,0.38344886055513694,7.828316759925795e-05
9936,4.43462762049426,-0.07663756364862007,6.5479959854755615e-06
9937,4.309184903842979,-0.17401834710062314,1.2880944427423163e-05
9950,3.559338484550109,-0.636176903830953,0.00023780099732160332
9955,3.7240814903731354,-0.41353847697911084,8.349988071295189e-05
9956,4.4012510068776916,-0.12042687771297267,4.888809458057763e-06
9957,4.326134515382599,-0.03293909441533316,5.993007831820622e-07
9959,4.355084392146235,-0.2247293924011018,1.9378439920848014e-05
9960,4.65176584165191,0.2652911054847795,3.628323321960321e-05
9961,4.566961029655617,0.023095518522426417,2.4492260318047627e-07
9962,4.457258451940512,0.10813086403573458,5.1038190877241704e-06
9966,4.455250915933111,-0.042452622592476175,1.5531922746166243e-06
9967,4.465812126329463,-0.28682009004707787,5.6284874107495063e-05
9969,4.320018656075326,-0.08446392530170144,4.17265542030793e-06
9975,4.446991438937801,0.32707728351210363,0.0001056280766429149
9977,4.533022769742828,-0.15852440148973734,1.4460360073868949e-05
9978,4.212358279946503,-0.24774282439918682,3.722720920499916e-05
9982,4.258627508993293,-0.2549373150393226,6.177691156502874e-05
9984,4.523342005997313,0.03473657245692774,7.610651145728329e-07
9986,4.503765313050787,-0.26243856048004055,6.089978529301775e-05
9987,3.7822553149827822,0.18992161326511114,2.0418319181190677e-05
9988,3.317163020592985,0.4760764488451943,0.00027621281154497105
9989,4.158257109361,0.8094706837239789,0.0003705502758563361
9990,4.543217089491151,0.010659802109389993,8.330611927089989e-08
9991,3.1113986436123997,0.20278736106012607,5.989722186868386e-05
9992,4.199422644992384,-0.5055556493674085,0.00021907472770021
9997,4.51252974058087,-0.19904964844209871,2.1651185096170585e-05
9999,4.439048546192024,-0.14995990717741137,8.617839699524859e-06
10002,4.528579105728705,0.18454822176447916,0.00013387616625665778
10003,4.509176195003521,-0.2911401604388706,5.658385004333234e-05
10024,4.454952193790889,-0.21650728759503135,3.5780176679403603e-05
10025,4.56981655923418,-0.036142374951158907,8.69175006963092e-07
10026,3.0334822569927837,-0.491880263528238,0.0002727580709329969
10027,3.7939680101839977,0.3250691646284749,7.057654617539397e-05
10028,4.605824045467444,-0.13190214608930706,1.0682883695758593e-05
10029,4.59317843624437,0.11994889124881336,1.0963487186653141e-05
10030,4.57398326459372,-0.07751249552897033,2.8085029787484183e-06
10031,4.57917520483903,-0.011706886034950514,6.421610695857144e-08
10032,4.490733962546605,0.07048433591230374,4.050891776972682e-06
10033,4.568443957313148,-0.09224415262201635,5.36925066424165e-06
10035,4.643870617130955,-0.2298609366040223,6.513359575721908e-05
10036,3.3560427558499804,-0.6479925547477703,0.00029818633915996415
10039,4.6484975037339735,-0.3971491927022077,0.00027931555878762796
10052,4.2061138741414625,0.09253115159336822,7.940617251584333e-06
10053,4.38554190387146,0.09406505914128527,7.807542789748018e-06
10055,4.441117752243264,-0.2186731873938479,2.8414351395427268e-05
10056,4.480105744312811,-0.11955814131605358,8.69342772955991e-06
10057,4.385319804535793,0.08288452637914112,4.627156188780968e-06
10059,4.263515696740962,-0.08146555409975509,9.717074741988166e-06
10060,4.32023134516721,-0.28776218666319675,9.292266988821752e-05
10061,4.457909432000883,0.02509312001300046,2.606553661183056e-07
10062,4.291338100309952,-0.2677737201488988,2.5341957683796144e-05
10064,4.330524728127404,0.0015235367402359756,1.3499484603855191e-09
10065,4.518150301889503,-0.2554704248481876,2.3226819657596303e-05
10066,4.779382176788617,-0.41246917992478327,0.0001610424032382838
10067,4.472440438077575,0.10123908081914568,1.0764003620035228e-05
10068,4.301255082236512,-0.11008633537887125,7.0639854101703526e-06
10073,4.547440530124786,0.014822154852028646,2.798676600105704e-07
10074,4.360961673544592,0.004681481878765048,2.5401546787021324e-08
10075,4.258269373346527,0.2602530059158923,7.159341113238327e-05
10078,4.47587289644057,-0.009964777785985923,7.871489626771107e-08
10079,4.400181140847901,0.005317850011122616,4.649648727645968e-08
10081,4.105415653867383,0.6050150427782013,0.00016867026709492888
10083,4.461126375474266,-0.01965228215696424,2.1340348035133345e-07
10085,3.7210518744445036,-0.02967554013198015,1.2621882586629641e-06
10088,4.289870607166632,-0.14040674572345235,2.108930581735266e-05
10090,4.426578953015567,0.08428055350128272,6.4801480001073035e-06
10092,4.042517720341407,-0.05724425317366855,4.0829180098472285e-06
10096,4.02988573859808,-0.06716961885441552,1.845957666508621e-06
10101,4.455959855583557,0.552673435842026,0.00035713300833087693
10106,4.269617048797955,-0.14409686910740493,2.3378302430405797e-05
10113,4.4181050149750085,0.06602684263602665,7.742760476623185e-06
10115,4.457202781401643,0.09033829174981278,3.2114967323265474e-06
10116,4.3270253089126305,0.03224433863863485,4.5427548370332337e-07
10119,4.3642174524361765,-0.20221424174026126,2.230110672150067e-05
10121,4.362185746679566,-0.23183074693443295,2.104768068004325e-05
10122,4.531704773039842,-0.2115535420840482,6.170041478044957e-05
10124,4.344985878465748,0.11284371962363426,7.346298143969538e-06
10125,4.462821964495353,0.1542767923580124,1.574831978034638e-05
10126,4.433328584034868,0.20817353120061366,1.7835981864378442e-05
10127,4.311339870568972,-0.11714997337715527,5.228908584701342e-06
10128,4.3214102447410445,-0.2354339321894603,2.2925099045649915e-05
10129,4.336951859411819,0.28212123174526393,3.067746423745458e-05
10130,4.362147967647379,-0.251274103474068,2.3498487710422105e-05
10137,4.4385349279626904,-0.1426109923422203,6.6960869167552465e-06
10140,4.465223654832224,0.6285265459745384,0.00015366376535190298
10142,4.5135240068029026,0.15555950492884119,1.0383435753297076e-05
10152,4.589183737882445,0.6995882158220601,0.00027606549877644813
10155,3.7834192165520433,-0.7484662298447708,0.0004435904062620164
10156,4.4414773662762315,0.023280665995114802,2.857884158804049e-07
10157,4.4147779713167745,-0.16771232207701026,1.5150235271155198e-05
10158,4.456417657295964,-0.11782058054941924,7.356419371392475e-06
10160,4.471374164316897,0.16043795261761584,2.1730330379978306e-05
10161,4.3853234209313605,0.04072009915929531,1.619351758456089e-06
10163,4.350061970333951,-0.0609733313193388,1.5299210541717104e-06
10167,4.21864201359253,0.2778287554722203,3.1369331279657085e-05
10172,3.616835508815934,-0.7432708692361505,0.0008967617738748226
10176,4.437385826500951,-0.1319702941989096,1.0696488670567746e-05
10180,4.113409499047545,-0.21751587554928298,1.9165722100707713e-05
10181,4.421780065415463,0.19827873306637844,1.8711323419866925e-05
10182,4.276761933981504,0.17990824368814362,1.3834842801886853e-05
10183,4.32071343516075,0.03471251771595263,5.183939783423418e-07
10184,4.536722680452306,-0.19291725859862208,1.7339580415204927e-05
10185,4.3622134717892775,-0.05814837858510735,1.7470069309219563e-06
10188,4.361892990812537,0.13234563446827252,1.023229594204921e-05
10189,4.53829397392077,-0.0862749674268537,8.837408666240119e-06
10192,4.040930321395467,0.08620406364962463,7.3896562377420755e-06
10193,4.18021680093876,-0.33433359801515916,5.4388691110081214e-05
10194,4.444258407730007,0.017041407838382483,1.466548533497028e-07
10207,4.069182731050463,-0.30334223580039854,6.078713630264493e-05
10211,4.323018370000624,-0.05052762239504904,1.7109953208134125e-06
10216,3.8868958764788504,-0.015694865570959227,2.9878670933292086e-07
10218,4.42876578945772,0.21658618616320346,1.8901300477966175e-05
10219,4.561886517931527,-0.12750465292371782,5.8158779468454786e-06
10223,4.484151545867482,-0.38814170432632,0.00018907581444867422
10225,4.325386515248525,0.09946011660828535,1.6975606424356307e-05
10227,4.221569385644178,-0.30356430853848426,0.00015080395760539388
10228,4.0861613201092375,-0.06977829935684898,8.239078219290452e-06
10230,4.267079265337236,0.023380175811155368,5.568620064793333e-07
10231,4.130211750644321,0.0441755192513158,9.523648926334212e-07
10232,4.497596343479752,-0.21677221431503302,5.008634287168418e-05
10233,3.532335603461243,0.2288645122323194,2.9110880183516157e-05
10235,4.244660125751485,-0.14367102081071614,2.723058927655615e-05
10236,4.357995943615172,0.5156734954079267,0.0001594648569419378
10237,4.474917137735857,-0.16950160543381543,1.6597103608347813e-05
10239,4.480775445641391,0.1967154019263262,2.3668054310311732e-05
10240,4.372582075483812,-0.12265928144326743,4.665577477630633e-06
10241,3.8371507483931606,-0.5713913376261095,0.00046238051533958093
10242,3.9693862096306938,-0.11499231703918422,7.335036158063068e-06
10243,4.3796245611834275,-0.1854346639916109,4.418820273958297e-05
10245,3.759017850256416,0.4029853604394993,0.00014925264587072965
10247,4.4280281102276975,-0.13210417460722734,1.7264001760630266e-05
10248,4.436366494081919,0.11856247546942544,1.4243103795242599e-05
10250,4.3291627270295985,0.13329115675689795,8.596514386851705e-06
10252,4.489910861706081,-0.07469125967643553,3.7662536776185533e-06
10255,4.055880385405274,-0.20148649281376452,5.5208854289819526e-05
10259,3.395106286653775,-0.5917459057472403,0.00032951675803355213
10260,3.5214839958828805,-0.6200624018001308,0.00028778949299586456
10261,3.567698049638671,-0.4857880798436276,0.0002957641962201947
10263,4.043770181959213,0.27903709305469704,7.547701136752316e-05
10264,4.240628419092231,0.6734959746231803,0.0003170486443812105
10265,4.113477582945372,-0.32023811350719233,6.858791230065379e-05
10266,2.9248940295142383,0.6914147317648629,0.000624824999278509
10269,2.8930367262536274,-0.48609161793533895,0.0003431787492290791
10270,3.960736430182921,0.5825583520870827,0.00022171595051990656
10271,3.42232834344235,-0.031181297633696037,7.525946594446327e-07
10273,3.2346680149396905,-0.873814013821669,0.0006374010700451265
10275,3.9603595927966273,0.06677621973202363,1.8937634719445196e-06
10276,4.483845775229309,0.04444336642282476,1.3641633058295953e-06
10278,4.56404562448642,0.4297825512934548,0.0001369009017847316
10279,4.436809568760475,0.1532469794175677,1.5997754814019346e-05
10281,4.267461279307076,-0.15005144415397975,2.050578356534292e-05
10283,3.3270983214017193,-0.8094018487907282,0.0006172395599556935
10284,3.4904848663102386,-0.7432139520547474,0.0004759834320167821
10285,4.429438686014491,-0.12943588681919937,1.643945050588176e-05
10286,3.6149748169784073,-0.7026241523634673,0.00033130431122024644
10287,3.3800407836558555,-0.6456732742362719,0.0004087233075244903
10289,4.615570359509473,-0.08944338086183468,5.188215730898923e-06
10290,4.477364772776128,-0.06942675631774531,2.6693831462129503e-06
10291,4.583829281460016,-0.005003070811526733,2.158702706453231e-08
10292,4.506914995546401,-0.15148904266969865,9.909323007385971e-06
10293,4.534455588726573,-0.20109412603397203,2.3551049811158835e-05
10297,4.53548803758643,0.11465551404439278,5.272097147344561e-06
10298,4.536089249708472,0.34443735904076345,6.047443813619283e-05
10299,4.556400224553631,0.33994592314049754,4.4403126325366354e-05
10300,4.458882576813425,-0.08564444817262196,1.0014398878058388e-05
10302,4.4197535463239435,0.16521393234662884,4.009190642214493e-05
10305,4.463565109240827,-0.1703696882735608,1.158608865901897e-05
10306,4.492873152341874,-0.19694921672140353,1.6784626831996198e-05
10307,4.568109783404039,-0.06718961878974739,2.1507784984244486e-06
10310,4.610711720027456,-0.11871023214500198,6.752803765681752e-06
10314,4.122115071822594,-0.4036768154671133,5.444448113744959e-05
10315,3.9516297004540943,-0.5947325776885188,0.00018302162684383
10316,4.40327512185434,-0.22888785195870298,3.0097735155601217e-05
10318,3.874385640298692,0.25917963507668995,6.982154082850387e-05
10322,4.523550856134682,-0.04848935549361144,9.488253750165737e-07
10323,4.399671950563358,-0.15547163279688014,1.2773316526125598e-05
10324,4.424512149197646,-0.17601690714828688,1.6296327979908787e-05
10325,4.352476040386332,-0.2817413438033647,3.0100302477903445e-05
10326,4.393622762145853,-0.14655711290608853,8.463718089088871e-06
10328,4.315456432585808,-0.2689025342000564,3.795143696404137e-05
10329,3.4337413368053715,-0.3610480221152521,0.00011582525869450867
10330,4.29447254156666,0.280238436936723,2.705187467516439e-05
10331,4.431768948576398,-0.20493520330821813,1.3329076475291268e-05
10332,4.358960923537553,0.13415975864191587,8.213665835801668e-06
10334,4.075691781105477,-0.18387148299485068,1.6453478521463102e-05
10336,4.205720361670596,-0.007015784124252633,4.921969719458686e-08
10338,4.112141893165149,-0.02784766679654993,3.641230028041105e-07
10340,3.90228833294172,0.5716335664364172,0.0001515066661590987
10341,4.433244485023783,-0.566218845526373,0.00020446312337729023
10342,4.255630861387375,0.09722439598622667,3.8039305481025185e-06
10343,4.314358097972069,-0.21336899303129986,3.307197228279431e-05
10344,2.9302703066471216,-0.5054675809288267,0.00035388553670556494
10345,3.449659557677543,-0.46904092193360025,0.00018234631146532034
10347,4.439127065094513,0.12522112637332317,6.114615991709937e-06
10348,4.344456018638229,0.12145210001635487,7.144421636351163e-06
10349,3.4947816855548366,-0.8275534789728818,0.0005106202770513112
10351,2.9805044749568785,-0.11260557291277218,0.00015455674321509643
10353,4.099296278857569,-0.18527527076674977,2.736146759694313e-05
10354,3.9998310601735714,-0.48530499320441267,0.00010218048016581603
10355,3.8936162178023297,-0.2455587582086487,6.450285741821896e-05
10356,4.4304753277015205,-0.11432143717834631,1.3449144560393046e-05
10357,4.367205939757452,0.4738265699526245,0.0001252231340949332
10358,3.4376956268934658,-0.503838757057562,0.0003447363073017845
10359,2.8473604370792582,-0.1195076086808684,2.3998933524748077e-05
10361,4.471311990330781,0.051562952930479966,1.0480250304519445e-06
10363,4.388714629335703,-0.20513893338565925,1.637888417410419e-05
10364,4.395708528602192,-0.05972583242971741,1.382171960960195e-06
10365,4.343337573812824,-0.30028630597827366,3.435575309169362e-05
10366,4.495796716158339,-0.13142501672317852,6.856035150816247e-06
10367,4.254404624546399,-0.008770614778072172,3.052542905550511e-08
10368,4.465164490767235,-0.11876503373650493,5.929605471374685e-06
10369,4.4915507661823195,0.06966753227658895,1.9653410706318935e-06
10370,4.476170812519591,0.1118532146335296,5.34427756296994e-06
10371,4.4514866319685495,0.08647480432609189,3.1921356837774617e-06
10374,3.2719558787491874,-0.5311158548239865,0.00043594933803916484
10375,4.43841178719545,0.058058981869300474,2.694272444780048e-06
10376,4.448795667686069,0.03759098231205549,1.130059425305912e-06
10380,4.45874641701463,0.027640232983494606,3.0447388643173443e-07
10381,4.433815272509591,-0.15022871064896215,1.7687624444922374e-05
10387,4.500511410260852,0.22155252719873886,2.1284186229254577e-05
10388,4.278634851078647,0.1918604315828425,2.5785481276090467e-05
10389,4.226087288776317,-0.0893220106702648,4.728954759588525e-06
10390,4.425188103943989,-0.006347496147390608,1.318634625108771e-08
10391,3.245341567541434,-0.5643200388271432,0.0003916179622062021
10392,4.468178774186055,-0.07126352701842276,3.836831346352003e-06
10396,3.240166878350389,-0.4128532564213616,0.0001444691023642641
10398,3.4598056456191593,-0.44918475957141757,0.00015280726737103046
10400,3.2490527813406236,-0.3983462798368902,0.00020784432579307134
10401,4.406378830492401,-0.05352357311879974,9.534399983395178e-07
10402,4.467802867352966,-0.14898230858287675,8.81793812796747e-06
10404,3.9961397977158613,0.1889591277747038,3.418228024246104e-05
10405,4.671147503545756,0.4347979703548246,0.0001258801102735727
10406,4.283088472353901,-0.3165772816416852,8.26213154794758e-05
10407,4.421077896472453,-0.2875126210970711,4.05360841193105e-05
10408,4.335494700608319,-0.07140736379912394,4.7316819352992256e-06
10409,4.3323343876032885,-0.02019388039357306,4.43698110112049e-07
10411,4.494029009339852,0.1279982937146622,1.720044513838512e-05
10413,3.7561223828639814,-0.07477119517083652,3.131011155936323e-06
10418,4.6548342392455,-0.38234349163992487,0.00013712993105847372
10420,4.4222535709488895,-0.09679728776340202,3.87641769849429e-06
10421,4.485742682957103,0.052218753337538004,1.0770601041269698e-06
10422,4.48393190425607,0.025828096927362765,2.582236115390009e-07
10423,4.461433496526394,0.021569055487489663,1.7796864039650823e-07
10424,4.438221830858644,0.018448346811004157,1.6180782560960576e-07
10425,4.424234036111047,0.09319723556903803,3.2634156335204008e-06
10427,4.558075962872927,-0.2621520272524567,6.299346382589962e-05
10428,3.153942346786381,-0.16826040908589146,2.6149504219098897e-05
10429,3.1438334552359697,0.05074967706318656,3.338692430384218e-06
10430,3.6646897461699877,0.6353130530253037,0.0017337074388349195
10431,4.335242926419755,-0.005826242018170724,1.1908887700832667e-07
10432,4.519494443761406,0.5290786896752415,0.0002936002166927915
10433,3.360301615826417,-0.7876893856193115,0.00046598667870510307
10435,4.407798998814639,-0.010883751647006612,4.9516908905106376e-08
10438,4.43565335172067,0.11294648277902741,6.4044698215215275e-06
10439,4.453379698799929,0.06840887824911146,1.822751805920359e-06
10440,3.8756997767173957,-0.3493392521012342,6.0716357484759764e-05
10441,4.382677840801465,1.036085678822439,0.0004964663250479159
10443,4.6479853829118625,0.10128514704998537,9.378724980528033e-06
10447,4.312600132129542,0.21135999843300635,4.58454202619719e-05
10449,4.422530730790671,-0.19278153156236666,1.5030632264953431e-05
10452,4.50109238149009,-0.011333047013326158,5.223942871318529e-08
10455,4.498045134239541,0.10412054272825166,4.4138252765545895e-06
10456,4.4712640369358905,0.024091283044993972,2.4411515341409814e-07
10457,4.512809644200106,0.14210263368279907,1.3704008300221221e-05
10459,4.371952335343721,0.550215977430204,0.00011550666457469228
10461,4.511419827660263,0.6539374116315431,0.00015502744292352654
10465,3.964580495057442,0.07495583066966383,7.100051512127063e-06
10466,3.554993956082982,0.277985842004711,7.881677269525408e-05
10468,3.455654841608515,-0.6893357323823288,0.00043074753651632506
10469,4.396224484314433,-0.020467462654147006,2.0444009603000193e-07
10470,4.4890520960298925,0.03923704562224106,5.156215804479709e-07
10471,4.452932103470691,-0.048654859861989586,1.6911184515390798e-06
10472,4.435337674120522,-0.22617743746983976,3.521364111450197e-05
10473,4.405478578447525,-0.13718070910198588,1.3117787382910186e-05
10474,4.394030244879933,0.3909583676839947,6.542790795896544e-05
10477,4.337557088055835,-0.1524581625652699,8.91319114148567e-06
10478,4.608577157722047,-0.4265270150808407,9.555327410897923e-05
10483,4.355667219344021,0.2055510791148878,2.756556222309968e-05
10485,2.8708652466636435,-0.4913191125334695,0.0003996303875345484
10486,4.449406829195359,0.23179804306872942,3.5950412453019614e-05
10489,3.1947634392943707,-0.30439168139820616,0.00011124120958847503
10491,3.275403456788735,0.0953347173887118,8.490353096844642e-06
10492,3.867228552273252,-0.24555784785276558,3.667029755613442e-05
10493,3.6021985723556695,1.293399911752228,0.0013375595712644558
10496,3.7740080717248756,-0.06287800867611981,4.489795495070658e-06
10501,4.33610387197456,-0.220324029032394,2.2021463277259835e-05
10503,4.436678944668621,-0.09808186792207607,3.9351560198985044e-06
10504,4.50731300996827,-0.009728034660115625,8.286679915353468e-08
10507,3.612609440501593,-0.5539023677862134,0.0002387952278884794
10508,4.513155369371181,0.06567084127730816,1.7348885096387861e-06
10509,4.4130961743992625,-0.06281823803996112,2.120001455624291e-06
10511,4.32531148148398,-0.19979130179342963,2.111258916929813e-05
10513,4.5223750264352365,-0.1291612023707902,0.00018661743832903998
10519,3.9267388037270585,-0.5525700944528227,0.001283757369099292
10522,4.511068271606493,0.1158634061631112,9.58162398299645e-06
10524,4.381737422227634,0.16049296398658264,1.3113573655217187e-05
10525,4.4172198189823195,0.28416922474631434,5.6452833761100065e-05
10527,4.438394985165568,0.11548190643497236,9.507187906917505e-06
10529,4.53217865703463,0.21535877024038275,3.206336678808704e-05
10531,4.4669916627743085,0.01826822654122573,2.2805798961492292e-07
10533,4.075888419521855,0.7116033232601904,0.00021958292708087465
10536,4.39199267447382,0.03285395738299002,9.208764506491492e-07
10537,4.585037894247454,-0.10997639360638267,6.9103843860622695e-06
10539,3.3492292791751104,0.8251579907205264,0.0006341522843853854
10542,4.36191521733271,-0.27258319693415345,7.053726423558895e-05
10544,4.514625475435727,-0.0037659689188771495,1.1125639132298267e-08
10546,4.509155692269177,-0.1692539838959668,1.0695715587262809e-05
10547,4.220115749218729,0.49659581150226995,0.00012796904120067947
10548,3.941194629918271,0.5293006527432182,0.00022039498067240117
10549,4.5028866406856665,0.4112377530297451,0.00023406248116275303
10550,3.9638088788466592,-0.3830715833524261,7.326558694087746e-05
10551,3.8855785110624996,-0.23752105146881863,1.9805409276362727e-05
10554,3.8177268842051637,0.48091814152966705,0.00028632018068708434
10555,4.477517826598233,-0.287863084571808,7.931185627465463e-05
10556,4.532374137385914,-0.24740921555516415,2.322305921837591e-05
10557,4.477835128360173,0.06012630793446849,1.5049541854989023e-06
10558,4.493194628269403,-0.007934738953868425,2.613993609719892e-08
10559,4.3704307962446665,-0.13342993362104227,7.761854971016892e-06
10560,3.0388757925114502,-0.4288059997694438,0.00027844849533211787
10561,4.369943031529534,-0.07674761056226753,2.4675223327038994e-06
10562,4.3403614906391255,-0.18617692806100816,1.3294023048380824e-05
10564,4.418789591582305,-0.2126055476046691,1.8597899049565123e-05
10565,4.374898022085453,-0.16425300416719235,1.0888812989251369e-05
10566,2.918508320854357,-0.3535589633928202,0.00018621242260554967
10569,4.386263576657137,-0.3609118859219871,4.6426120848425816e-05
10571,4.625601038754516,0.3903534168193401,0.00012167112405672901
10572,4.417640219212718,-0.0908620587693143,4.964469932504253e-06
10573,4.522815085777179,0.5939804041474677,0.0001529928256665683
10575,4.6166396603638855,0.578536947264638,0.00027077230938407713
10577,3.890543081663442,-0.4960346881520832,0.0003960605417695962
10578,4.580209143025325,-0.22093949547405956,5.3865545952585014e-05
10580,4.509493141324364,0.044383750276177025,7.760411220569688e-07
10581,4.468675626548463,0.07780556309094866,3.997537519580066e-06
10582,4.426849245970165,-0.09743256156858049,6.233050783518163e-06
10584,3.8895945861357046,0.3574710631040596,0.00016077556331156806
10585,4.497122912674034,0.05885702912328572,2.4664641237529877e-06
10586,4.212223126516663,0.278657913069301,4.240675613528497e-05
10587,3.39384776340028,-0.7547904337850215,0.0006698374152327095
10588,4.509770851649048,0.05561846432719886,2.484060377866631e-06
10589,4.469098330155789,0.09733102751587186,6.267658653048381e-06
10590,4.2342318335390985,0.4404644150976029,0.0001268645073597764
10591,4.412251650816664,0.22053370220440094,2.8164032039561014e-05
10592,4.6148346688653135,0.6431814009091976,0.00029109954459483257
10593,3.212898590309723,0.6048137356471819,0.0005716981063534139
10594,4.372885501926827,0.0626818996750842,1.9061050251697375e-06
10595,4.239004379870359,0.36416380344705956,7.538833489459733e-05
10596,4.480220598932332,0.03173720533358004,9.84800169714232e-07
10597,4.562323587401984,0.16417888375363265,1.643584608059733e-05
10598,3.3591200659783946,-0.7129452685942721,0.0003562910592043401
10599,4.447773160772683,-0.15457773980541667,1.035913669547754e-05
10600,4.528762835038699,-0.08728874172139722,3.0174048518091587e-06
10602,4.3687387840362435,-0.004367084601082816,9.641996719257542e-09
10603,4.461204499596364,0.22738729453079998,2.1504461453954823e-05
10605,4.337478005867333,0.20155237761621336,2.1727443721229475e-05
10606,4.224662593408401,0.38748320631611577,7.276126979962814e-05
10607,4.371058153378944,-0.014349326689352182,1.05390471412381e-07
10608,4.409985894128877,0.15436229733895868,1.1807018906114994e-05
10611,4.39404656068948,0.11681294582736967,6.6951749927735475e-06
10612,4.506372867344732,0.032657516138814735,4.769646990830483e-07
10613,4.170758827609349,-0.23893319488502351,2.8052526297897622e-05
10614,4.074496142294604,-0.235043829701294,2.9743255940919e-05
10616,4.291929029890651,0.008073769304639988,4.320344333665599e-08
10620,2.907900719192208,0.9653814579195075,0.0014008143122453418
10621,3.675874975489651,0.23414602726782174,3.0707976915980486e-05
10622,3.3667785993363575,-0.09341458918408696,3.507900187016819e-05
10627,4.1602632449095305,0.5924645054361752,0.0002982388558292432
10641,4.567774310448014,-0.027676121203637827,4.4841345702361615e-07
10642,4.385642909721823,-0.34786869898811634,9.941283709609539e-05
10643,4.5610975018857856,0.056988909368851814,1.7671368351566476e-06
10644,4.424733291403204,-0.02781804423557155,3.098372039094444e-07
10645,4.547637498359807,-0.025848921310766215,3.1783955800204085e-07
10651,4.53064123394491,0.12806971897121144,6.67335491456224e-06
10653,4.281974495740285,-0.3230679044132887,4.294204575689753e-05
10655,4.617989591532928,0.3070878142016813,4.443785011641218e-05
10656,4.496232280643301,-0.0019936553624910758,1.5483222613850693e-09
10657,4.365799550413108,-0.19603834890625293,1.567180276741436e-05
10658,4.345514126450678,-0.00822338561818814,2.7245325604455213e-08
10659,4.449537959924161,0.18129997281250798,1.2810396921242458e-05
10660,4.531980579313373,0.0761851156545168,2.402899694532727e-06
10662,4.454268742572259,0.29326868470275436,3.793645635410388e-05
10665,3.624815776703231,-0.3744412847756591,0.00010871591489079208
10668,4.358175698552138,-0.18225114933761422,8.949272492348654e-05
10669,4.505497303941691,0.07640425510704674,2.343846768813894e-06
10673,4.062234450418199,-0.35355236900808285,6.68952454681151e-05
10679,4.38451384445964,0.0025003317252805246,6.18249571229786e-09
10680,4.142762597952756,0.0003721284387765422,5.49777936812416e-11
10682,4.233428255584743,0.19381072191068682,5.5759670423121796e-05
10694,4.179365817586158,0.17606013529054465,3.0465241170276563e-05
10696,4.349263513038946,0.10042177010874997,4.292197326908599e-06
10699,4.554024442291431,0.2909497359039772,3.6402459237026236e-05
10705,4.485626255395925,0.011958719912229299,6.29867187583005e-08
10707,3.813156963193652,-0.6647036026219975,0.0004934214957724913
10711,3.670977426223975,0.3454055945284136,0.00011456584549461861
10720,4.477250056741394,-0.24895752200955457,3.383932751852519e-05
10724,4.510780379037652,-0.09073567717624975,3.293796132798159e-06
10725,4.3400368882064635,0.012818369167137966,1.837721933563923e-07
10729,4.26211776396013,0.18405669053750362,1.609911849369243e-05
10737,4.126149842993161,-0.10796664173662496,1.204169527928808e-05
10738,4.032897177846741,0.0910061866169043,8.011847942143457e-06
10740,3.223142167017403,0.3769060733899172,0.00016492949604491453
10758,4.481135491572201,0.01644948373595323,1.867280932455187e-07
10761,4.491778666978899,-0.33445930559541015,0.00013675413834131608
10762,4.35168868599239,-0.3590077775467897,5.4080827360162244e-05
10763,4.575501788330579,-0.2795778527101085,8.087778129088829e-05
10767,4.422102230013778,-0.11130310462826376,8.709466889514401e-06
10769,4.399180139730879,-0.08035958096078932,2.552870014174605e-06
10770,4.3427635739588295,-0.03599942378549503,5.222771772273531e-07
10771,4.467141256406848,-0.047096554545444924,1.0960356357905887e-06
10772,4.374585546702144,-0.3055587924643328,4.833739708004389e-05
10773,4.432780135752015,-0.10204679546568407,5.145141421692744e-06
10774,4.209111596118795,-0.17133738538508858,3.34061957629197e-05
10775,4.186970628141563,-0.3012915980530191,6.123810760735693e-05
10776,4.4825349056010655,-0.1194362808127023,1.0689163517749856e-05
10777,4.350897672045152,-0.0188494071775116,2.367194767351749e-07
10779,4.487331722911894,0.2194921168026971,3.9781005480978475e-05
10781,4.4470069841762045,0.05502244289237357,2.371402681690073e-06
10783,4.353595307565927,-0.044139365726880264,1.5162013271024163e-06
10785,4.276682118743996,-0.08098506226160751,3.821392163124402e-06
10786,4.431712426736915,0.07914707977993451,6.429678792978795e-06
10787,4.452832679745078,-0.10902725789139378,8.769300079940799e-06
10813,4.505318616318304,-0.13082024806521364,6.680298241199468e-06
10816,3.83326701441236,0.3146183147377708,8.060227035112563e-05
10818,4.060351263855396,0.6455688252328384,0.00020704882509225606
10828,4.49918972764724,-0.07075672015920276,8.311653879576678e-06
10833,4.440072179691758,0.09360200459126311,3.930136526624547e-06
10834,4.249876681180234,-0.09569211860211713,9.444061364913154e-06
10835,4.324926056230783,-0.17704072708065244,1.1957158315379463e-05
10836,4.333103127976934,0.16225219200395014,1.3008489711101594e-05
10839,4.160130028184526,-0.16376587432262957,1.1974613183437635e-05
10840,4.364856626244406,0.04794166709622871,1.0258688748525304e-06
10841,4.367337688643757,-0.009347631798116929,4.576368346447099e-08
10845,3.3103889410047156,0.06034923317273133,3.131553792501495e-06
10846,4.189091974347389,0.20040667516519406,3.9195280434800104e-05
10848,4.347977139900938,0.11907974395751886,7.649717257339962e-06
10851,4.390013521096621,0.10534179888426376,1.0155944769802973e-05
10852,4.327162049943942,-0.18085774879113004,3.448556685707194e-05
10853,4.501756303945301,0.0404740822689158,1.873595801885832e-06
10854,3.4441190138210254,-0.39959657609760235,0.0001404539845101
10855,4.381528666731663,-0.0032590809354937633,4.050817413254454e-09
10856,4.286690820524008,-0.2401369221382561,2.2114789214641215e-05
10860,4.403082825724876,0.2546798103823855,3.0479670465153496e-05
10861,3.392896506261802,-0.3341894335464226,0.00010014427020374437
10863,3.1709637616914548,-0.3797986538787379,0.00016847859269466433
10864,3.163970558750854,-0.3307572146946378,0.00011991878009696725
10866,4.32903683729018,0.03914439056164909,7.242348790018158e-07
10867,4.342984987588317,0.14789605199764644,9.923822650612927e-06
10868,4.422341711249819,0.12837228894221298,6.279405223741151e-06
10869,3.193368436448604,-0.1206751217584845,1.5859572762112124e-05
10870,4.397274884892461,-0.02782703242543949,1.2394714887542852e-06
10872,4.360092171882854,0.11496932875821742,1.2407575829512292e-05
10876,4.428833097206751,0.19319420584776292,1.6564968884383672e-05
10882,4.210093431014037,-0.5237171071182196,0.00031347783893001253
10890,3.308408721284961,-0.4577022197812277,0.0002419058790058901
10892,4.4037635913745925,-0.07698543093118904,2.462021853819983e-06
10893,4.551153692969018,0.07087361008549564,3.522296100196631e-06
10895,4.493171655271908,0.17309363007599377,1.1717084144617162e-05
10896,4.3917963140290235,-0.2021415720025983,2.22816427962886e-05
10898,4.539923877756855,-0.012715233238474788,1.1611173400564946e-07
10911,4.489515297355587,-0.05276376299245911,1.9962652951119962e-06
10913,3.9038766893717245,0.2888037735712379,7.382196679934339e-05
10916,3.3866718873926716,-0.13242891868717965,1.2962695532590038e-05
10917,4.397383414825603,-0.20319351763378624,2.1930239600567043e-05
10920,4.396086849351819,0.08917303996371562,4.109347054259788e-06
10922,4.475856452939042,0.19510147358705243,2.0589843046516053e-05
10926,4.350917728770935,0.4315614721875667,0.00012098578767877493
10928,4.2950941068471025,0.030362176338385005,4.893641706182521e-07
10932,4.411485429151723,0.21837736942674013,2.429276304787833e-05
10934,4.364959604010863,0.04783868932977153,1.4060145105101166e-06
10935,4.398326411026699,-0.08887046918765229,4.459137900176775e-06
10936,4.436871393315953,0.04160113962618084,9.783962507415506e-07
10937,4.382298248724821,0.030500044615814126,4.914709893312639e-07
10938,4.400314032063489,0.14616715757592313,1.1988080745472785e-05
10941,4.5693763577080135,0.043761997929254726,1.3561099227159641e-06
10942,4.4107456596251575,-0.034988637964871394,7.033607685660513e-07
10948,4.404648937643061,0.12255970687531903,7.837960683738442e-06
10949,4.28950328674785,0.150792256050007,1.1491340502353666e-05
10951,4.282503183014056,0.12177406059464602,8.038158017063584e-06
10953,4.311534625005411,-0.21386227269063518,2.3756918521013044e-05
10954,4.323483998947806,-0.06787128912958273,2.5099191183984765e-06
10955,4.407002724233506,0.2001654644172577,2.1375916199411654e-05
10957,4.622644915194642,0.3833127893505024,6.64399894223815e-05
10960,4.370819623008732,-0.12805505566835773,6.373981069815412e-06
10963,4.140315064959206,-0.2343101318566232,5.2819633316164306e-05
10967,4.499348848704199,0.3857232224167113,7.472956066174999e-05
10976,4.467808648380586,0.4957350381818184,0.0002622295100460276
10979,4.318852987764376,0.28531669789013225,0.00014782880708150454
10982,4.051109788745334,0.32590430410500293,9.913946126143054e-05
10983,4.398958602076224,-0.4362424823325597,0.00019710155918433982
10988,4.479564481972418,-0.11265148510858491,1.0954301363679644e-05
10989,4.034376293499699,0.07485688121615208,2.8104414717886343e-06
10990,3.9986839159459664,-0.013410448778227835,1.0162116590924869e-07
10991,3.803971087751228,0.2903734744708726,7.406533547922637e-05
10992,3.2948778221819546,0.5272204757182046,0.00035538199627908727
10995,4.370992903994234,-0.18437306566296296,1.1594335051238847e-05
10996,3.7030450763443885,0.6938701708232435,0.00029167375580287135
11002,4.225982038503354,-0.05467643514512588,3.3626930079449357e-06
11003,4.579536832608652,-0.0897774981318884,9.516605286072864e-06
11004,4.537641063941454,-0.019118684679034104,4.107363497289567e-07
11005,4.605414350451929,0.23324567890451586,6.197477327336789e-05
11006,4.780013477010763,-0.20118726636227358,5.0220660405942e-05
11008,4.077139855431412,-0.5478424711419407,0.00017039298881245353
11011,4.43374253159134,-0.0005476103430588353,1.195230871217215e-10
11013,4.570084714494096,0.3051126087070548,0.00020083698293075166
11014,3.698574806812015,0.2233985294692995,6.689278623705217e-05
11015,4.523250874566372,0.2474337498992929,3.046104029947709e-05
11017,4.45055520125555,0.04368342402525993,9.021441204518652e-07
11018,4.317262289130726,0.11474427784817642,6.43618983581349e-06
11019,4.518097799440064,0.01557638484295687,9.502180042260666e-08
11020,4.528474370690356,0.18913124462752418,1.335201651508738e-05
11021,4.492437355953758,-0.16565919551035435,1.0047196563416647e-05
11022,4.47946750585854,0.05849393043610185,1.4001492649156605e-06
11028,4.536876200779882,0.02955315689177862,4.102523029579726e-07
11030,4.546484598846594,0.004229401345438255,7.922623015744104e-09
11032,4.301847497879579,-0.005923562259108728,1.7970937590109202e-08
11033,4.5626766025174765,0.02534742463564399,2.2794611043112232e-07
11034,4.451366058244118,0.04844361208614689,1.3249170515070986e-06
11036,4.561886819198111,-0.0856870145069788,4.957268857528947e-06
11038,4.060570863839643,0.4773905724549987,0.00017879433933268228
11039,4.718344001874772,-0.1477652606562998,0.00010191509742860727
11041,4.395668849923347,0.16450397013400853,3.0808597631636806e-05
11046,4.384908798226425,0.32462140308590914,0.00018603528531337671
11049,3.294042716285663,-0.6061952225009724,0.0003304620758186483
11051,4.547098744472204,0.21165052944418772,2.8761687171939696e-05
11052,4.5514337191935885,0.3794366064338046,9.249598665048754e-05
11053,4.480287339988504,0.12288084332891458,5.9412500333443414e-06
11059,4.42800109029833,-0.16814208959865606,3.1680604818764985e-05
11060,4.540475035826058,0.044492442844513924,9.026550739049576e-07
11066,3.049251567562044,0.20884497045943817,6.474116485540981e-05
11067,4.5398406817243835,-0.07738679793788705,2.619474537646992e-06
11070,4.32950377008362,-0.48790322895201976,0.00013066771194673846
11072,3.0606709304233646,0.19742560759811756,4.248819795406803e-05
11073,4.38625415407663,-0.09991276953715644,5.630470849873654e-06
11078,4.630323465447123,-0.3818282233977639,0.00021613295371863015
11079,4.066050695565476,0.029959145975685608,8.994137937577869e-07
11080,4.382210397127324,0.03058789621331126,6.099703832780683e-07
11083,4.454647627220716,0.030612262094818377,1.0812162503717988e-06
11085,4.256798354282817,0.10757334515234351,4.44393986596015e-06
11086,4.582468716841698,0.5397079519874648,0.00011578410144048412
11087,4.125912623854267,-0.13692857728999286,9.570617183545507e-06
11089,4.479538885925792,0.2671308623359989,7.356017899349804e-05
11093,4.165071194149508,0.6013671394347053,0.00016636618547789637
11097,3.865524049117479,0.3627684856143607,9.039989751597788e-05
11100,3.806911102498228,-0.3632930049521206,5.641117470206366e-05
11101,4.147172724099997,-0.005626560393602098,1.8337573216315603e-08
11102,4.5122487255614265,0.006273653700993087,4.3403043395086434e-08
11103,4.334543483626928,-0.09034316586044966,4.33469284919521e-06
11104,4.240403131182296,-0.07373790738056929,2.2305276879134054e-06
11105,4.37223165008326,-0.13812514548600063,1.3988968520647104e-05
11107,4.454101794156033,-0.4092976774940684,5.907295652543532e-05
11109,4.292129295070368,-0.439856294047996,0.0001022713358682142
11112,3.7636120293042783,0.40460238148427763,0.0005087695638061516
11116,4.182288282529423,-0.23104456394799522,5.402334405167654e-05
11117,4.3953659573773365,-0.10490651622894553,6.697672165908409e-06
11118,4.7330946220368055,-0.37127069468044294,0.00022382489039555548
11119,4.503164632569367,-0.2866024376230172,5.0688477902336634e-05
11128,4.410831886954095,0.04235194203611492,2.1592059211224066e-06
11129,4.443394801972463,0.016749611965370725,3.3793002788150327e-07
11130,4.441664155224027,-0.027654474697094145,9.208211173442226e-07
11131,4.369399153761963,0.03365484810399444,1.792959178431182e-06
11134,4.259596549624769,-0.1553016565494998,4.097226288829607e-05
11136,4.1804394834450695,0.38182320153174487,0.0005687531209831252
11137,4.462250153064882,-0.06533490589724966,1.7927888946450695e-06
11143,4.575821600769145,0.049151212515125664,1.0535713235235422e-06
11144,3.7840253803272335,-0.15171627770169138,1.1574661279254851e-05
11150,4.199472364747925,0.30033730558233973,5.489701279067854e-05
11155,3.6009329194468935,-0.2131585581168789,3.8839476159043955e-05
11159,4.454666586298448,-0.07639700050227827,5.452472836740886e-06
11160,4.149188848066993,0.3983522250844622,0.00023198624489064801
11165,4.615547270775185,-0.042900276492653155,1.636637884819696e-06
11167,4.319407109826058,0.0007441211297365413,3.018724937802922e-10
11171,4.472694277391233,-0.08817076251876443,3.057577136194191e-05
11172,4.3849256588479095,-0.011687530207106889,7.483860311570383e-08
11174,4.054961257087797,-0.20481365537773843,3.857559538166083e-05
11175,4.451074027640319,0.02853293537242685,4.4719586297328967e-07
11180,4.335306413247027,0.09431920022613394,2.8074313531211047e-06
11183,4.176370251613911,-0.14212961346151598,1.941098145971826e-05
11189,4.349409330710634,0.022566968109746455,2.132671752178306e-07
11199,4.453478838186739,0.05076542921139193,2.404684513326302e-06
11200,4.375886047386564,0.28282490552955686,0.00011489995321224621
11201,4.4393814346593405,-0.2573312920181339,0.00010065403164316913
11231,4.592285928398996,0.15003409573632887,2.0296795509318917e-05
11232,4.4080781869700525,0.1405216475296447,1.3907776270867638e-05
11236,4.172788150087577,0.1204072708796895,2.2977097982372535e-05
11237,4.32550908558621,0.08607635132921576,3.6336476299164313e-06
11243,4.71639248007841,-0.4678972380290505,0.00010421128154400637
11244,3.923370052709706,0.11616627301739957,1.3308160278724226e-05
11248,4.344781505311116,-0.4287664786134324,0.00021997535201667608
11255,4.59542554998803,0.22807663031704895,2.291954441319618e-05
11256,4.380984255211261,-0.3257270816972069,0.0003361685962700793
11259,4.222931553113841,0.6808606453643655,0.00019644975554736893
11261,4.016764500347813,-0.5510285975480866,0.0004926906508590002
11263,3.9725984059293555,1.0116929128272982,0.0018870254983650002
11271,4.398754311129938,0.018880751011311148,5.01051413899756e-07
11278,4.544696023958699,0.20630461024093183,3.088215681927297e-05
11279,4.504467901639921,0.09769777532787138,8.553429214144103e-06
11280,4.4097270663980686,0.009113541398529712,5.701095753813763e-08
11294,4.399033901693693,-0.4174848336169368,0.0001457416875811745
11295,4.29027513003539,-0.22810946617752403,2.068461382653802e-05
11297,4.314286168036771,0.051356987386586006,1.002919319576409e-06
11298,4.518816086453278,0.007310892194360541,2.175205465293869e-08
11300,4.497527711640794,0.09556989311302821,3.920385035426511e-06
11301,4.255668126184802,0.029296795645947782,1.60779660870791e-06
11302,4.015403410378441,0.19524160753982045,3.963137170318799e-05
11309,4.491190784676859,0.22103847360464002,2.097147953057792e-05
11312,4.4791538379160984,0.1946091395376044,1.4848508546754759e-05
11313,4.466619096413099,0.132533017249429,6.7872771155576944e-06
11314,4.4207658173032085,0.14670250150087139,8.353328892016572e-06
11315,4.479073328314984,-0.020085652504973517,1.7603065317613e-07
11316,4.368339613105219,0.1588690314131611,1.0096359232900865e-05
11318,3.3109122376107343,-0.1710796200829865,2.7811241954911176e-05
11320,4.385773436841,-0.12591443614132647,6.222732279211793e-06
11321,4.337518952378142,-0.2398466000633661,6.517682794301825e-05
11322,4.502307927216553,0.06204026425128273,1.5560348489000858e-06
11325,4.540792480544216,-0.160016627771987,1.0854813852221663e-05
11326,4.438910858293276,0.07633462016682824,2.8980193721000964e-06
11327,4.496073494369791,-0.05932196000666323,1.3625075091575512e-06
11328,4.502424442944018,-0.10550919577638584,4.318925164952872e-06
11330,4.511744148822257,-0.05275647301224673,1.1471941888829928e-06
11331,4.481621958519169,-0.07490271125491521,2.3065005913644503e-06
11332,4.471732518111334,0.09261567335650245,3.3667442593011884e-06
11333,4.4207705758981986,-0.21458653192056243,1.8398970862116953e-05
11335,4.488173618708602,0.14655536952103354,9.332685231517666e-06
11337,3.7042072411515314,-0.24160123136073253,7.864908240606844e-05
11338,4.4540791591883755,0.25364761512480793,2.4841865897435522e-05
11339,4.436711448766894,0.18728049146178538,1.403481153739663e-05
11340,4.268845110620276,0.045972774360155455,9.734114783617587e-07
11348,3.159363814876886,0.2778440043083026,0.0003660486925316647
11349,4.4828033463579455,0.043323632289692604,9.588886638883606e-07
11351,4.331866988892034,-0.07625427907381077,2.509502978830652e-06
11352,4.362094796940457,-0.014400841347080195,8.21326173136381e-08
11353,4.413769193001912,-0.12742780846243829,6.053470185201274e-06
11354,4.383143215903766,-0.19652337757249505,1.571874797446853e-05
11355,4.49645645430748,0.09664115044634247,1.0172388290697653e-05
11360,4.433535100072787,0.1696330832446309,2.878692259639299e-05
11362,4.368862487661807,0.38645035675600425,6.182876583822833e-05
11363,4.695835167868321,-0.2721868585036198,8.877161786273571e-05
11364,4.272235403430387,0.2375245977530458,2.4692336348908283e-05
11365,4.303669127674444,-0.05803511790611715,1.4865082919203282e-06
11367,4.5845316970643735,-0.4024815544231668,0.0002652480729801656
11369,4.53294361233181,0.09300911283880975,3.723343305675453e-06
11370,4.379462794584689,-0.22214343320120022,2.6431125429936045e-05
11371,4.30825021871525,-0.041353891294999556,5.336085015417216e-07
11372,4.386227167968457,-0.2607069882779065,2.2890818921247928e-05
11373,4.4845623105442876,-0.059715678687477514,1.198528493710316e-06
11374,4.220935253102703,-0.4832656348193347,7.155917545460218e-05
11375,4.438915250358925,-0.24321819387653676,3.301684958700106e-05
11379,4.484917928495284,-0.16876403797210937,1.5557168014904683e-05
11380,4.706318829254822,0.025484007666635833,5.683986428092414e-07
11384,4.54144731663239,-0.10944074965348793,4.863845070082493e-06
11385,4.478954558399265,-0.017654742830876202,1.0306048592595646e-07
11386,4.58981800675773,-0.21657987811692703,3.015735288860048e-05
11389,4.549247614756209,-0.04500334735807776,1.5442728529225885e-06
11390,4.495956335914783,-0.07832127377353348,2.1901900727615065e-06
11391,4.401968574182138,-0.11150913303374743,6.123206276187038e-06
11393,4.486544252839246,-0.2015793310084959,1.3577114056547077e-05
11394,4.576105874398169,-0.06414807013225676,2.4146523998881676e-06
11395,4.345289360171747,0.6949047361660536,0.00041508274145811354
11396,4.51055721304232,-0.08810866386952299,7.098174520051212e-06
11400,4.583126510125702,0.7534495685394251,0.0003321275256572324
11401,4.6160620883699535,0.11044038278566326,8.391449687956948e-06
11402,4.095817876736611,-0.008162302665306598,2.7763063552925948e-08
11404,4.495236558447773,0.07844296044894783,4.179029953291734e-06
11406,4.410234421446347,0.2068643354070181,4.018042487654007e-05
11407,4.150879046994299,0.24357010767814025,4.849429123106991e-05
11408,4.606919167499229,-0.31235855860662376,0.0001105992635968681
11419,4.411479250931036,0.08610572437711816,5.362278709050116e-06
11421,4.557617663031233,-0.1533404194225314,2.6961116336243314e-05
11423,4.377550462835605,-0.28654480187901843,3.2715848103871746e-05
11427,4.471402067207445,-0.09942576838706518,7.696598169701577e-06
11428,4.388593732113729,-0.19591326917076657,1.8079145651254008e-05
11430,4.37751893623464,-0.24075365812858784,2.0815661956941023e-05
11432,4.479904239735474,-0.22004523903579987,3.734351935288155e-05
11433,4.6455317859654395,-0.026458694808356498,8.319854504108389e-07
11435,4.4026467884899025,-0.1905191906114183,2.1182695514375485e-05
11436,4.548254895145069,0.1853085056114212,3.542300392516508e-05
11438,4.463746020986016,0.3701520946101855,8.012083219308132e-05
11449,4.547262853735823,0.19505717039950188,1.5470053531115432e-05
11451,4.534285597913258,0.0877417051412559,3.158811848301839e-06
11452,4.47311610696649,-0.13451903021994482,7.709356199225474e-06
11454,4.470675046827851,0.15723462612973016,1.0059780587483436e-05
11455,4.339918560155739,0.4558719854410027,8.174049123791216e-05
11456,4.386645530280528,0.1828974780644126,1.3150274934221007e-05
11457,4.394856069307387,0.28449351485495544,4.121024482229163e-05
11458,4.437290957681696,-0.1974040901689369,1.5342883977520614e-05
11462,4.477590571186031,-0.27439160405184815,9.924840145741348e-05
11464,4.409565239276201,-0.2290429808130483,2.0873694285992665e-05
11466,4.478746789773511,0.13933962148112666,8.108776688002602e-06
11467,3.6029236155285127,-0.5679706288212403,0.00022182968184496972
11468,3.813390463543705,-0.16533300395002382,1.6739160155249573e-05
11469,4.600067006098276,0.5962176348846091,0.00015818263560087088
11470,4.473056636501484,0.11598416755672325,6.816459907754358e-06
11471,4.5453268131249684,0.1237566986067753,6.705178188960273e-06
11474,4.447244982776325,0.41489030300148677,8.901284029119468e-05
11475,4.450643262644966,0.29949269359331154,4.635852949250405e-05
11477,4.504166888471931,0.006692618044918497,1.9349943069818642e-08
11480,4.201341039551501,-1.161591880580736,0.0016289149300405205
11482,4.442384821896174,0.055200153411980146,1.3506533754525305e-05
11485,3.553654468356129,-0.48560153322251187,0.000137043672842304
11486,4.436661905362279,-0.29035760420946755,6.649614027717235e-05
11487,4.453518683600864,-0.3982615100868099,9.572912622972232e-05
11489,3.303283092491202,-0.6154355987065117,0.0004412605347280047
11491,4.5348585581664285,-0.12084887763949581,9.381099079641461e-06
11493,4.605101399956377,-0.04807158929622002,1.3809394831665283e-06
11494,4.467505314107793,0.2860848769985713,4.1401327549321026e-05
11495,4.320512342849682,-0.09513951822117672,3.4038666383469075e-06
11496,4.401852740026202,-0.09643720772416042,3.589361135876254e-06
11497,4.411540362228099,0.19462932409307587,1.6523256038710782e-05
11498,4.377382386799108,-0.11188956838117825,5.8681065167807316e-06
11499,4.495116311245583,0.12000420559567626,1.0349459902086791e-05
11502,4.418831463992776,-0.018228443745958778,2.2603356546526494e-07
11503,4.268384927918711,-0.3664122583440661,8.017737586487129e-05
11504,4.447738431249159,0.08808167660413879,3.0376346370229776e-06
11505,4.509295452896353,-0.17200471206386325,1.9112002768210123e-05
11506,4.47950709192143,-0.10123750612526106,7.151598735546973e-06
11507,4.4525418960908985,0.20046561931135276,5.2125406865570016e-05
11509,3.2914070491838903,-0.6035595553991997,0.0003639658398681505
11517,4.232086643656885,-0.5608621247816696,0.0003087670352934203
11519,4.636770841378075,0.5461356736586342,0.0001844431571393681
11522,3.3021413046964936,-0.14089459266492899,2.0073934164738707e-05
11523,4.4501911132440455,0.059568887939387416,2.3614616803983982e-06
11524,4.520295303780474,0.03147410548050278,5.42797803748441e-07
11525,4.529950652320098,-0.12323140505584451,6.556673576562396e-06
11526,4.52681774703999,-0.11766244497785561,9.311960176034511e-06
11527,4.466302325498,-0.3391679404529082,4.9520551573166854e-05
11528,4.326064870272699,0.15467523733721578,2.9039613112029673e-05
11529,4.589193219558725,-0.043773037976407636,1.5849649082518428e-06
11530,4.660612387265054,-0.04450226123862855,9.918787206569101e-07
11531,4.487357530471486,0.07594845141790696,2.4359870209416783e-06
11533,4.339677658694445,0.14558223062108944,9.549229918779055e-06
11534,4.677402889214634,-0.04073403616717197,1.4751246122155858e-06
11535,4.4923907531449405,0.23676541262414208,3.1020269629127684e-05
11536,4.502662514118717,0.4289295726370854,0.00012377534886159712
11537,4.186081285080198,-0.4676430287247175,7.536755174776659e-05
11538,4.458475453300025,-0.29959236994035354,8.266142369222722e-05
11539,4.39940020490923,-0.2546794353620623,3.9159496302362694e-05
11540,4.613393600500984,0.21891215807085462,5.123974651123317e-05
11542,4.684325892331309,-0.10858451703402938,1.3942044009667362e-05
11543,4.033186504156205,0.5446124850357537,0.00010102821418007568
11544,4.317361483964163,0.08569251790179422,4.232237662052789e-06
11545,4.553560889360649,0.14964303689880776,2.5217455526324316e-05
11546,4.383059433642405,0.3977433209888446,9.309908914137357e-05
11547,4.4545933170450045,0.1354632311330386,1.2129627527296833e-05
11548,4.357557557175499,0.2849084135562885,4.970137436205227e-05
11549,4.497267186015536,0.4270837394837068,0.00012401986311782
11551,4.364103814802367,-0.18358155633921402,3.78764251789066e-05
11552,4.410819504963458,0.040033320640276315,7.291352933924512e-07
11553,4.340389052923767,-0.0876172541071476,3.4091913267016728e-06
11554,4.504800494025243,0.19658854970339057,1.7306989092015105e-05
11557,4.501640144277425,0.23980766000321463,2.2898957749580175e-05
11558,4.403002770944314,0.3583160975337094,4.9504870021451223e-05
11559,4.416207061821211,-0.1465096121212497,2.267707709364392e-05
11560,4.625765530491177,0.2049453314108458,2.750887438435257e-05
11561,4.376260486736194,0.15202865491593975,9.053050068320485e-06
11562,4.329172820658007,-0.08928595314524834,3.139267836711601e-06
11563,4.196041840600411,-0.1494879422146589,2.406737183029367e-05
11564,4.440119351139367,0.14892145291884074,8.58713239548416e-06
11565,4.44083392982308,-0.1354183975210388,7.378812356999939e-06
11566,4.381488546359351,0.30710324776781306,5.7526986074683764e-05
11568,4.582399727300498,0.2594223600265959,4.1436597703198724e-05
11573,4.415626137531774,-0.2852711377866406,3.613429327700789e-05
11574,4.390463979089014,0.07198990469748257,3.871817282525728e-06
11575,4.488123183461616,-0.08506918159565924,5.1694097051684e-06
11576,4.469069141572139,-0.13439620328172808,1.2910559320600757e-05
11577,4.43766157485564,-0.00684477601232647,1.6891397371515304e-08
11578,4.369691104709274,0.008578481086895628,2.8035459830194055e-08
11579,4.425723420542178,0.1292055490091668,1.1398611486312845e-05
11580,4.648715060781604,0.13460131058996172,1.23409105380978e-05
11581,4.394867778797079,0.132340865721301,7.524496114572008e-06
11582,4.329634940654473,0.09879806683356396,6.184703797639496e-06
11583,4.482520422528504,0.3995236371947648,0.00011817315917322837
11584,4.523597071440415,0.10431260151716604,7.479232492453569e-06
11585,4.250180142166793,0.6386640948755407,0.0001645019160345559
11586,4.521733528629698,0.23529900666764014,4.1598880666265347e-05
11587,4.6397373558149235,0.5806184692634009,0.00024155124174558327
11591,4.576734563987534,0.33592032174851827,7.046871844677191e-05
11593,4.12425728796209,-0.015024113246238535,1.0851541702273221e-07
11599,4.415896815606417,0.09055739744251667,2.9272480259353184e-05
11600,4.673214265273732,0.1858226446714104,0.00038335817875352726
11601,4.50062162634208,0.20529846274615426,2.1957739447938885e-05
11605,4.3195563921279705,0.06870079229654724,2.5903128271138553e-06
11606,4.380081914571775,-0.06526402959134359,2.397446472952734e-06
11607,3.889405242798814,-0.6866587998604969,0.00025641333708456413
11608,4.538640141593636,0.40870030213030617,0.00011327084465398135
11609,4.496109704424891,-0.3004126479425029,4.564613388791404e-05
11611,4.31367612622991,-0.07667526360628596,2.352420461526216e-06
11612,4.379456724888482,0.053738196359799595,1.4449769282128925e-06
11613,4.258465874691057,-0.04337969477282755,1.0049550821991974e-06
11614,4.43026115957142,-0.12754833161726342,6.639113552617901e-06
11617,4.522573202826752,0.38566015765142225,0.00016904782263678833
11618,4.3474566090136495,0.19902458062576223,1.6106717192106204e-05
11619,3.080180825620722,-0.12007572970988223,2.341307405328076e-05
11620,4.323218298277081,-0.2996539181160278,9.833243900576476e-05
11621,4.392194422727089,0.34925338155355057,0.00017102180030872789
11622,4.516381715218656,-0.22318629425138958,1.7033812853627504e-05
11623,4.48879743971078,-0.10802158693855102,1.0163030202420406e-05
11628,4.393238911631672,-0.16786608700316652,1.1341256660613581e-05
11630,4.35161259157928,-0.5164706304870919,0.00012888236703102624
11631,4.34846980318955,-0.30191590480379826,3.517558759517339e-05
11638,3.520510186584898,1.0386160609017865,0.0009885317426471573
11639,4.531399919073915,0.03710628254258452,5.028360903927769e-07
11640,4.44680616054031,0.1279048179630724,7.10281185134685e-06
11642,4.445792143888627,0.09323823959491939,3.785228378146659e-06
11643,4.375685966704455,-0.2863539463058986,5.937150449878736e-05
11644,4.446749804505154,-0.12792924573506426,1.4137947962291206e-05
11645,4.526166612501422,0.12206306294711666,1.0577823017745318e-05
11646,4.459382090289962,0.17145584244670697,1.0762368258845237e-05
11648,4.319415662019117,-0.5194421603995938,8.48515764533682e-05
11649,4.395055726591658,-0.5773434006347533,0.00022907529932830067
11651,4.265165189258879,0.13666407271118164,2.1500901181856848e-05
11652,4.135030280232234,-0.06600352599442338,1.3570660043451662e-06
11653,4.187204082303884,-0.7372165364722969,0.000358937856037239
11654,4.441813728298047,0.03324777234302356,3.762016703994283e-07
11658,4.531799041961618,0.35855008626013607,7.707321608335095e-05
11660,4.376107013919728,-0.12761177187036843,6.663434145983379e-06
11661,4.330015060612559,-0.274757887098505,2.7768467712370314e-05
11662,4.415687998016238,-0.08890983757283433,3.259834669684833e-06
11665,4.338985364822868,0.12346851896362843,6.280656440048041e-06
11666,3.872867063067683,-0.12101280979235796,1.4639269850044162e-05
11667,4.543473079985788,0.21698999040833833,3.343642196427345e-05
11668,4.492171029048374,0.009858398020203829,8.810081711307559e-08
11669,4.444238237714288,-0.01939160585747768,3.17123694699661e-07
11673,4.476929536147655,0.07061153700380007,1.987673594849021e-06
11676,4.4877952124807114,0.028543759800764512,6.818025743624184e-07
11677,4.48199640121001,-0.004659586731802889,1.8943167229464527e-08
11678,4.471451822923098,0.15743488968230945,2.0421515719696138e-05
11679,4.483067838100201,-0.15101957323256077,1.579645942038057e-05
11680,4.498923570609004,-0.0002256291314290948,3.518003699196322e-11
11682,4.472427624898176,-0.07797847022573645,2.512633696376561e-06
11683,4.497344366218029,0.11579398941923902,1.1235453247056157e-05
11685,3.264392761804118,-0.15087745259374374,4.2462169333339466e-05
11686,4.336322251205266,-0.029558101031931905,4.471078573777384e-07
11687,4.503275399002227,0.1981136447264067,1.5987574319017217e-05
11688,4.496667121011796,0.14579884971999224,8.552680919976237e-06
11689,4.249437161249496,-0.5046500751972638,0.0002804736934523679
11694,4.430548571064594,-0.026271327455892113,2.544229302842093e-07
11697,4.304524668741449,-0.007239262522658052,2.2667096390358642e-08
11701,4.382497790000197,0.15332231785310135,1.299471188543974e-05
11702,4.563848169782328,0.35320877735436174,0.00013433199459290121
11709,4.5259801983327375,-0.24792615404183405,6.364704943121378e-05
11710,4.467522138996546,-0.36487877395974966,0.00011769149484982936
11711,4.227539532852389,-0.5512388609453129,0.0001595281173998306
11712,4.639283497242322,-0.07181517843824192,5.785663750452201e-06
11713,4.13812107367045,-0.5770749910663988,0.00024612877367062813
11715,4.44458520010504,-0.0007581645257115355,7.034303349874611e-10
11716,4.27838401843775,-0.39888420471516417,0.0001912296114499837
11719,3.3439342740883937,-0.7048769444731353,0.00035279776606153383
11721,3.9346891501853194,0.8058856728089752,0.0007096317947950481
11722,4.2348366128675945,-0.1847923095420736,5.602273518427082e-05
11727,4.352452516777104,0.008095086219653602,3.151836287801375e-08
11731,4.313513464526269,-0.13452142824388424,7.065166599680727e-06
11732,4.348709187815657,0.32131197049205085,4.155348225762206e-05
11733,4.5119439468771,-0.19712606189666815,4.496946340619494e-05
11734,4.443191654806278,0.01347852286336959,8.429956318667531e-07
11738,4.415077435885752,-0.06479949952645025,1.7576695896256387e-06
11739,4.481270315223657,0.08307787624417884,5.927463311251838e-06
11740,4.3008893535556725,-0.10519229707328392,1.421939030362445e-05
11741,3.7446212499164337,-0.4562193623996227,0.00012899397196650903
11742,4.180340286722322,-0.49146083260838536,0.00024000539897848976
11743,4.287163776664007,0.14603114458427413,2.64971594399145e-05
11747,4.358802660110193,0.11625884053087798,5.458497634264808e-05
11750,4.369642108740265,-0.09436584401326353,3.971052611954892e-06
11751,4.368013991306052,-0.16780903838447347,1.4012613072287768e-05
11758,4.430794358708176,0.2457658233665887,0.0002129001822883981
11761,4.382451354025418,0.22071682929199987,2.0056957404837273e-05
11762,4.461819860500088,0.09100384511579396,3.174502704986381e-06
11763,4.504940948132319,0.12003186515195186,5.740135792113037e-06
11764,4.548021978338855,0.14790257091770087,1.1280826134826495e-05
11766,4.459178220475119,0.0680304240432612,1.8111037184501947e-06
11767,4.4725796354108,-0.12359285481511861,7.450309069051507e-06
11768,4.46108083141278,0.20706415373669973,1.7326305538739843e-05
11772,4.347785788076177,-0.015737523208536608,1.9663196657366529e-07
11773,4.408358424271458,0.14341098498951865,1.6426118140089876e-05
11774,4.466664910238122,-0.01814853429540708,1.2538370612059078e-07
11776,4.522073622705414,-0.3188746555712312,3.7158354720504007e-05
11778,4.390764592680312,0.007381423873453308,2.202733427090859e-08
11782,4.446429354150809,-0.040930363291785454,6.376239907902711e-07
11783,4.479886545387964,-0.12703128801436225,6.610898035584961e-06
11784,4.335407402629533,0.0044943057436768186,7.711008249507502e-09
11786,4.622825493922541,0.05652409023980187,1.680826826081653e-06
11788,4.291328097587722,-0.12311368679916601,1.6770173169026387e-05
11789,4.2482970829947115,-0.20349296633274694,4.153393689291438e-05
11793,4.479739282604662,0.050707357187492974,1.0983345473547963e-06
11794,4.537107324724379,0.06505835224341361,1.8860124352721525e-06
11796,4.384596784569423,-0.002570149895541718,3.034791093809431e-09
11797,3.595816979584409,0.4732097746534021,0.0002213977480476008
11798,3.6808898852558123,0.8277694003514355,0.003329480327353084
11799,4.1435373557070205,0.1591754722471359,2.0018338924710763e-05
11802,4.402121011142887,-0.18114379798741975,2.2307534485045285e-05
11803,4.314119173034237,-0.17416409956008483,1.1570733227383355e-05
11806,4.454707078190245,-0.17665303389934195,1.1894567070052958e-05
11807,4.49393790044084,-0.02573356952590622,3.7018062871352827e-07
11808,4.4641363349883,-0.008626923554615473,3.1257509732384986e-08
11809,4.540744781994461,0.18664303671787952,1.467802732479616e-05
11814,4.558294618029517,0.0029236804293910623,3.3030014565843977e-09
11815,4.580324304193246,0.2269700658849798,2.284537683069182e-05
11817,4.529155805061141,0.07200635952941159,2.170367729415404e-06
11818,3.486699576384015,-0.31701399570658584,8.695491926827708e-05
11820,4.551983404276044,0.041114200477778695,1.4445657606184154e-06
11821,4.468726838668458,-0.026075582178141765,2.8623593803735705e-07
11822,4.440335934218035,0.015173477215649989,9.643473130566908e-08
11823,4.490922213877816,-0.006790356266781039,1.879315568567763e-08
11825,4.439641657857392,-0.06766535903701154,1.8657502464244359e-06
11826,4.426217989835601,0.175947687132191,1.2724397507813638e-05
11828,3.567002871988878,0.34502013343926796,0.0004635296747941968
11829,4.52883292075462,0.09711980441599977,4.401899407064388e-06
11830,4.4202013689869455,-0.026987544922499218,3.541302710689809e-07
11831,4.461659548259157,0.31998178084471274,7.286379036784884e-05
11832,4.465918130972274,0.13423951319227267,7.012999520582978e-06
11834,4.335613894407719,0.5433929572101004,0.00013473955548244057
11837,4.474030169282224,0.2907045863772062,5.732948127665847e-05
11838,4.451518348833426,0.16162000680384203,1.0139867964314663e-05
11839,4.561843338106376,0.2672700793664893,5.422261255282271e-05
11840,4.559746732009605,-0.3329129867414249,7.770330034866464e-05
11842,4.43428779437876,0.03620748828272902,7.036902095290362e-07
11843,4.4481806419503265,0.31655411370910347,4.0416471207135425e-05
11844,4.299669860309595,-0.1806326854971223,1.768226333192685e-05
11845,4.3939215405898135,0.1036634347183405,4.341573600424175e-06
11846,4.507747312987448,0.3125342526175894,4.619521140421203e-05
11847,4.50835015044301,0.36608352247284426,0.00011282103108527472
11848,4.448138145661739,0.2265581029749626,7.282426385340876e-05
11849,4.436901017638772,0.13780996086461084,8.480968064607897e-06
11850,4.603971217466197,0.7896563288861653,0.0003219374609928399
11863,4.3481001554628165,-0.014738692770215778,1.0317369271718878e-07
11864,4.336442861590501,0.13861863905056993,9.036504154514058e-06
11873,3.975520977995736,0.08319640658321381,1.0867581278122542e-05
11880,4.539173572534404,-0.08366416110071917,4.231309861229168e-06
11881,3.2810828216644508,-0.3419208995988541,0.00013655610112404336
11882,4.4196157258443165,-0.23756558320310983,2.2624409524075386e-05
11884,4.472280922503533,-0.17092219089710614,1.9445151118805286e-05
11886,4.4757588451074986,-0.1852994039591076,1.5392922559528667e-05
11887,4.364802697568024,-0.1842804391048709,1.2423936557106854e-05
11889,4.380517497754278,-0.19694180180423437,3.704097760969406e-05
11890,4.458935630866671,0.005822401404675048,1.3111831580667348e-08
11891,4.5362149281138695,-0.10183306310606,5.774934692839334e-06
11893,4.486281626996401,-0.055464828153088064,1.1095433152698645e-06
11895,4.630716185767376,0.5312085558751054,0.00012279813626728128
11896,4.4069150902776375,1.005623420360422,0.00035524607854413515
11897,4.6137517073090235,0.016111091269439548,1.7858607188815764e-07
11898,4.5088195222423195,0.0020399842745302266,2.5830534228609696e-09
11899,4.17220602625933,0.27162100931999866,2.3278407233206686e-05
11902,4.3301660030061955,0.055603617946520245,1.2283122978765637e-06
11905,4.53063386225707,0.1449947873795825,1.850127903382051e-05
11906,4.444603615791618,0.20553993583920516,3.242457296237556e-05
11907,4.431484534996807,-0.04571491404409134,1.2883544016227472e-06
11908,4.341555647928992,0.03545844492134531,8.046276363227192e-07
11909,4.349799755195938,-0.009898046822727657,4.045621008756025e-08
11910,4.429741467914987,0.12308223770089555,6.309800851680866e-06
11911,4.40844664519188,0.1369735363904372,7.382641965019439e-06
11912,4.446213773610954,0.3219252406552773,5.70041176366766e-05
11913,4.44118309660659,0.17195525903067832,1.5790976186793167e-05
11914,4.3905972733565255,0.230446261787856,2.5684791038756637e-05
11917,4.470764707393078,-0.19966963342647848,3.19935049424972e-05
11918,4.366279471481443,0.1234798629953211,1.6339627065792883e-05
11919,3.303421122860421,-0.18105619837306408,2.9841528032830945e-05
11920,4.438335285982567,-0.03896001297407192,5.915650411762134e-07
11923,4.504588485352941,0.10556924214618935,6.698660250810654e-06
11925,4.497849070088901,0.9115623439647225,0.00035269733153715105
11929,4.456080973567539,0.06787915699500946,2.5288869855960403e-06
11930,4.4609536696733665,0.06625497484501341,2.4371046121762266e-06
11938,4.645972195682462,-0.15173357040165225,0.00014238588204197489
11940,4.3230231609450485,-0.05332571124508689,3.3517754508828878e-06
11941,4.553180984229999,0.3631436303950153,0.0005696501641938708
11943,4.21179541550835,0.010649149341066533,1.337012650147448e-07
11950,4.185369118357964,0.5912301832576583,0.0002634223402886697
11951,4.345053713081293,0.25610845150925954,4.7004215567209874e-05
11955,4.103123059198934,0.04634080224424597,2.8483983087027247e-06
11961,4.323773459590159,0.006959880696172149,2.070112490840007e-08
11965,4.558727059806932,0.37718468809338734,6.11751966699656e-05
11967,4.527610592576607,-0.03785125809984269,6.000384817542526e-07
11969,4.543753525298039,-0.014385052726230363,8.703807206433289e-08
11970,4.540230841007517,0.18183309645207402,1.3773986896007317e-05
11972,4.472113426636782,0.11387393993453543,9.844336265746713e-06
11974,3.6820289113644646,-0.4998170708678553,0.00015801383268206675
11975,4.497940930849919,0.10322123374063352,4.410773108654407e-06
11985,4.651614904898312,0.1957168382397505,6.535097233916577e-05
11986,4.413096819235958,0.15125137223187846,2.301380093369915e-05
11987,3.9161931814575186,0.36601311793415237,5.6288553187609415e-05
11988,4.205254213373538,0.1001613189285031,9.670641877980825e-06
11989,4.213808297889118,0.28711186672517375,9.331048949373476e-05
11990,3.413937543402388,-0.5925586569931749,0.0002939217458091449
11992,4.481590428624254,-0.06274982082765579,3.926836992761102e-06
11993,4.47410920428087,-0.0036139216193804558,5.1376589394206725e-09
11996,4.210031228635684,-0.03410667942115975,3.891254970939145e-06
11998,4.464300846582641,-0.4021351827247752,7.446541094970642e-05
12000,4.069098099585152,0.09911631120340392,1.51947927514053e-05
12001,4.335602424924145,-0.030186892622103834,8.18521882527328e-07
12003,4.1992481177014955,0.294990507579314,5.3504621308685986e-05
12006,3.6538723459731735,0.5297033499768702,0.00033010219615227696
12012,4.575808387054233,0.04916442623003725,1.4133604040317434e-06
12018,4.4366869207744974,-0.28564701487585165,8.242915507574838e-05
12019,4.370888851653012,-0.3104458411065929,4.256459709248105e-05
12020,4.312093056744721,-0.027128134913970925,2.819443067783117e-07
12021,4.4178226098230295,-0.08314967153261854,2.921869230397034e-06
12028,4.467035775837433,-0.036218976994119245,1.2910149465100462e-06
12029,4.408638311617453,-0.1788891123891485,1.2660835812215402e-05
12030,4.474366941064125,-0.03407139826626793,4.799378128772132e-07
12031,4.429234140937101,-0.07252531424750952,2.352584238685009e-06
12032,4.401053233403129,-0.1698494884638313,1.2762909022755895e-05
12033,4.4842944451113835,-0.10979607685829329,4.694593900002222e-06
12036,4.454506780792174,-0.10422884443287295,5.107791363191952e-06
12037,4.503794768015918,0.005965233167515294,1.5203220817333618e-08
12038,4.400970994389178,-0.12848024678360304,6.2121110034955045e-06
12039,4.421292147397875,-0.12809672643060832,8.194624649678538e-06
12041,4.468002162435285,0.4527084241329833,0.0002671516308604197
12043,4.483997317427967,0.0688263881879152,1.8402695287270175e-06
12044,4.398357691693115,0.06062998411689513,1.5948629792328244e-06
12045,4.432450656833696,-0.04543648064877548,7.817088621964133e-07
12046,4.374986190176988,0.13257116694410342,6.86721279702401e-06
12047,4.48129677056852,-0.05047997172520624,1.0696470949124405e-06
12048,4.4703858796088465,0.026084889455903593,6.605075864784396e-07
12049,4.496966112025524,0.21166278233079705,4.374282741639843e-05
12050,4.4202589078256525,0.09389187977527058,6.0365441153109845e-06
12051,4.513199085341356,0.09993927029591188,9.804824110294142e-06
12054,4.469704506133309,-0.23559800153604904,2.9171275409401223e-05
12055,4.488057614736428,0.02609317286449464,2.682813413667143e-07
12056,4.505633749968257,0.03978643161406037,1.1281475052485996e-06
12061,4.409738133164393,-0.19170209859974285,1.598650285480446e-05
12064,4.679419142469933,0.7232582394023463,0.00036988608555053827
12066,4.489617599687857,-0.373837756745691,9.657147972523616e-05
12068,4.4745612461321285,-0.0319099896418118,4.0478205420964864e-07
12069,4.5877062917251505,0.2805970937933093,3.269790357756334e-05
12070,4.321923653928271,-0.46541335843038345,9.042201273861986e-05
12071,4.561367106051361,0.048790621447769134,9.8092565511913e-07
12072,4.487073014953202,-0.1616167317677144,1.1181129752093683e-05
12075,4.464138658638472,0.13601898552607494,7.568106332583415e-06
12076,4.454864059057346,0.07126291959029185,2.092394032154416e-06
12078,4.538133355088899,0.12057759782722233,6.595886240212965e-06
12079,4.609959264212703,0.12360413654378721,9.413535094459677e-06
12080,4.514314808542963,0.09085537744512884,3.336889652812154e-06
12081,4.238934024119924,-0.016489459270507822,1.400419938054414e-07
12082,3.8844375426699775,-0.43444999683839036,0.00016908663171275696
12084,3.7674205981354834,0.04146164837314936,1.6418277858348583e-06
12086,3.3119737140329635,-0.21639610550925648,6.87812825093389e-05
12093,4.425348995337174,-0.053372696516793994,2.2212591726937326e-06
12094,4.397803134395619,-0.11421657253498996,4.823704481373732e-06
12096,4.40688313785571,-0.24021791405398307,4.49879040074611e-05
12097,4.407088244783471,-0.1861110316280037,1.303890256522529e-05
12098,4.659049729717697,-0.458844776796119,9.416556834707499e-05
12099,4.480665633277947,-0.11375263641411326,5.135796028907239e-06
12101,4.386863203878866,-0.04175992330958245,7.030797834274139e-07
12102,4.126664866819084,0.15277517907969695,1.2131006800379019e-05
12108,4.40522353852301,0.09569662609128216,3.7374184622639434e-06
12109,2.891809437365126,0.5613476832277402,0.00042432057551638905
12113,4.450867351113062,-0.004692896615428488,8.85790241445862e-09
12117,4.38163503165021,-0.4284700828908883,7.899331540319089e-05
12120,4.489137652142557,-0.009530689129811698,7.286171030420254e-08
12123,4.472605718089032,-0.019421889098822476,1.6415563765310273e-07
12125,4.4677782543713285,0.021981080105435424,1.9024384944595808e-07
12127,4.359796092237362,-0.07620953037673317,2.386053798264217e-06
12138,3.4433555335672503,-0.2821088215356857,0.00015019886241989322
12150,4.5638757415603965,0.07279311148706569,1.9289024117140405e-05
12153,4.601613292095258,0.14244889275945205,1.3207184229381429e-05
12154,4.575380349374809,-0.009991033398562443,9.994507296228812e-08
12165,3.585111497673904,0.72568762771161,0.0017985888477280829
12166,4.289860702763253,-0.24680943492870266,3.351800510688778e-05
12168,4.34463393914637,-0.05691798394373038,3.02772019176928e-06
12169,3.887044146439404,0.17512151741846171,2.8148481617047027e-05
12170,4.183635812411399,-0.24789628036593703,0.00015072702258883905
12171,4.5370557625681975,-0.22090187204502332,4.8926382987521016e-05
12172,4.25002630818464,-0.08336108438291312,3.034734106985007e-06
12174,4.5411403517550335,0.14745144237213026,1.8440464231413883e-05
12177,3.9477366518098593,-0.3476884114025389,8.140138931403545e-05
12178,3.918744279870484,0.8382882554268538,0.00039657368866391
12182,4.432214264136965,-0.1472493423062149,1.470058765648449e-05
12183,4.342356548279391,-0.29930528044484106,5.883759838572435e-05
12185,4.4765772097915075,0.16588876094028038,1.3495541788572465e-05
12186,4.600802729172417,0.04838434223244814,1.2987500620852107e-06
12187,4.514293265922935,0.06965328361352974,2.012829906108006e-06
12189,4.380933313950055,-0.2635234787969587,3.393544751054487e-05
12190,4.4870572149015935,-0.21875934555605436,2.1259725178443886e-05
12191,4.523413742355317,-0.14514415655914803,8.430932187387976e-06
12192,4.501976104437704,-0.16992783957006363,1.2690537455500373e-05
12194,4.281002239997098,-0.4098012290892066,7.762653126472974e-05
12195,4.479598006264617,-0.1728338560912821,1.1609418867910482e-05
12201,4.242822554808985,-0.47006161671434654,8.458104451741837e-05
12203,4.397058741354944,-0.05195546078566071,1.0712363988228467e-06
12204,4.546044013142282,0.10122734886444462,5.136292198872031e-06
12206,4.244319674232217,-0.26463802033025585,5.8471255107547394e-05
12207,4.471706422313734,0.014680227684389813,9.521885467252347e-08
12209,4.3766553999828375,0.1309019571382537,8.26365450441269e-06
12213,4.514458500555123,0.026706355457055686,5.361440169421193e-07
12214,4.437087856554228,0.04024895792397842,1.0864101211929516e-06
12215,4.4474717370448476,0.019585146813609455,2.578576426718581e-07
12216,3.5667542837262673,-0.7394406617972398,0.0006494606983815461
12219,4.454050098147636,-0.04977285453893465,1.0007161764919157e-06
12220,4.379921257726593,-0.20399670851206952,2.2084724860357722e-05
12221,4.307705869029178,-0.3021925205136933,3.830958577117912e-05
12223,4.3670908172221425,-0.22395609083060997,2.0819784072822095e-05
12224,4.428594118613916,-0.16591424157260093,1.173773462778139e-05
12225,4.404765445929391,-0.00785019876175852,2.6184366038057255e-08
12226,4.403434398939312,-0.1506626001226925,9.514501796486391e-06
12228,4.37133070203524,0.055908275460189394,1.8293701300780256e-06
12230,3.9466323079336756,0.22621531577636889,7.165181438280392e-05
12233,4.391586465845079,0.011467536020878022,5.326367115370697e-08
12234,4.385306350207358,-0.06117369395237926,1.458937714057717e-06
12235,4.463507331558293,0.05610496606815207,1.3071805755555493e-06
12236,4.422832047687311,0.07028863449215805,3.072562801419933e-06
12238,4.4403623945326665,-0.2491936476750256,2.512323797930976e-05
12239,4.4843830635244455,0.09854151351632634,4.310483614679455e-06
12240,4.04285485633144,-0.15923132542499152,1.1397414944814372e-05
12241,4.305697721331874,0.3624472638176064,5.4513281669365076e-05
12243,4.580339835203801,-0.0861012099229912,4.466206673240823e-06
12246,4.490656261225661,0.163304088931862,1.0332639676788202e-05
12247,4.349342544300721,-0.030521985530631568,3.9767646543310037e-07
12248,4.533525380397299,0.2260811588952114,2.4819428369619193e-05
12249,4.301943670473148,-0.11684474498258268,1.2187565651482346e-05
12250,4.352526497296929,-0.0022485609376277083,2.161612601633394e-09
12251,4.220451028993797,-0.3961669378736583,6.186274732130789e-05
12255,4.535952756430927,0.13874349220577464,7.745065425717921e-06
12258,4.469688391971658,-0.12588297011797422,6.106655407073558e-06
12259,4.363690383904145,0.35926283774032974,4.918467884262681e-05
12266,4.46467452376737,-0.23784077849919072,6.044013517275452e-05
12272,4.212588015195105,0.04727098550456876,1.1643168779738826e-06
12276,4.490638101958335,-0.01103113894558927,7.539301008241636e-08
12280,4.531443077054037,0.21435823867379966,1.9516539804630653e-05
12281,4.559951241344419,0.13961962006515716,9.097234797318777e-06
12282,4.106962449194776,-0.3388098141863316,4.775577194016025e-05
12284,4.53769890378836,0.06946928486240367,2.268556227696821e-06
12285,4.407951071932581,-0.15802827789203722,1.3775433463898141e-05
12286,4.4903241164577015,-0.14911947630407507,1.8833041316944275e-05
12287,3.3797065259474683,-0.540628062438854,0.0004779795181791972
12289,3.8347320362844695,-0.09468429559613378,1.3391543739913513e-05
12291,3.8231424086521226,0.2338463670262092,4.190800065080338e-05
12295,4.5968474561869925,0.28898018731591524,3.769155439788364e-05
12296,4.300477230025436,-0.029382156058836095,3.6802004245091405e-07
12297,4.570300437742677,0.012624139298094583,7.26915823659122e-08
12300,4.545299910195671,0.2965221771314228,3.520722395250565e-05
12301,4.378833851502282,-0.29791230961232174,3.655750378888112e-05
12308,4.207606523989551,0.050839048912976637,3.002975081646655e-06
12312,3.887743059198912,-0.13354413896433304,8.094342904247524e-06
12314,4.413886935738169,-0.016971688570537324,1.87434253254183e-07
12315,4.281536606206202,-0.5249985036184506,0.00016881557163183375
12316,3.862793967522004,0.3054204432665517,5.4845399603232395e-05
12326,4.525200488436995,0.1239865829678708,6.8421645893335045e-06
12331,4.531620587792794,0.03168539409659843,1.2307529727023229e-06
12332,4.499155389699353,0.3154650204709455,7.668098388769528e-05
12333,4.278431694665652,0.41931767261553254,0.00010860465165914527
12334,4.541177629308121,0.2303540938951949,0.00020886061586746432
12338,4.390805501333373,0.10007553825259041,3.0718262953628547e-06
12339,3.8068854122335267,-1.1536434476263118,0.0012481628485029722
12340,3.726661633906668,0.1298486615912191,8.682126584334661e-06
12341,4.339361976004548,-0.2334182779390952,1.878687663757302e-05
12342,4.603962704103009,-0.017975337531691338,2.022283023555644e-07
12347,4.342450087234902,0.10723519591279373,1.2095657117771098e-05
12349,4.517979885102525,-0.14474175646172238,3.363590004042531e-05
12351,4.444850615606673,0.1380739614340989,2.241869997632341e-05
12352,4.2798097647887055,-0.3758189310578235,0.00015081231371222854
12354,4.450274319397918,0.2197468389097894,3.835468675807086e-05
12355,4.394191195301961,0.01617991238106331,1.210912793046386e-07
12356,4.44851018510512,0.10431352051076193,5.512806768554569e-06
12357,3.83684841596814,0.1849254534191247,3.3661009689126456e-05
12358,4.253973016500746,-0.3143348440396263,0.00031726353776412384
12359,3.70268990606943,-0.11639704073059498,1.5764135338474833e-05
12360,3.629044074260197,-0.08808475022288276,4.9567353874554785e-06
12361,4.31676507940375,0.3314645960447882,5.365699910888504e-05
12362,4.449204858220911,0.129621352427578,5.3276652256636615e-06
12366,4.536105911141761,0.08493762400262028,2.520274491673337e-06
12367,4.556281881289962,0.07553023564455064,2.0592464797725587e-06
12370,4.482511103950769,0.15802622587461368,1.2833005638161064e-05
12371,4.329730595772744,-0.1446316702821786,8.365134062580385e-06
12372,4.263584486591234,0.6665635565923358,0.00016848352482914326
12373,4.420097758106842,-5.3056245439719874e-05,1.059167980387185e-12
12375,4.378011144302778,-0.05123298385937414,9.641184852407958e-07
12377,4.386767448995043,0.0452391179838596,8.392186158774461e-07
12379,4.407388832405734,-0.03541253358535368,4.7329735918669716e-07
12381,4.502743269043229,-0.06480900243105125,6.754779886886191e-06
12383,4.494661191465189,-0.037991013795541484,7.232952041309807e-07
12393,4.164911715606524,0.21461178884923893,6.693585571539223e-05
12396,4.084900066912829,-0.11272313866493588,1.3547483305536502e-05
12398,4.535045073726382,-0.1418312496619354,2.164512394904155e-05
12399,3.7245984956111555,0.16313181724794612,2.9365605923537626e-05
12400,4.486857423685388,-0.026713009747553862,7.339249104459956e-07
12401,4.109175945522701,0.07896249598576066,7.360619991143574e-06
12404,3.8020463056076887,-0.11566998171187093,9.023851293698996e-06
12407,4.15301681081773,0.11107052599146439,1.519713576801706e-05
12408,4.202324052351201,-0.1096475472297973,1.4896266615789434e-05
12409,4.136734918073952,0.11461339295781414,2.0254964683413012e-05
12411,4.138950230511962,0.5403993536503808,0.0003453870137681359
12413,4.179075999850528,-0.22975720967868485,5.0830990884377804e-05
12415,4.239246292454749,-0.0633217432402251,5.375088223984076e-06
12417,4.41549319212107,0.11387528045073925,5.488030338582418e-06
12418,4.47035859852271,0.0047029021183613295,9.045914457737143e-09
12419,4.53873047417383,0.3156407974477604,4.292140031758096e-05
12422,3.7800681091645303,-0.2685226703335095,7.698892088910618e-05
12424,4.1254107254183285,0.33357695039168167,0.00012343040448515316
12427,3.814656078905127,1.3432491339261645,0.0017922482010505837
12432,3.997010171099662,-0.01732851719770112,3.8875899906428045e-07
12433,4.569436878823689,0.24680427724434306,2.751761257954584e-05
12443,4.048027222491728,0.1294322464408788,2.063880500366387e-05
12444,4.220271131875582,-0.6677843026672003,0.0004175784425666487
12445,3.381843165805584,0.05857492900985273,4.843301335298551e-06
12449,4.403855509794165,-0.21571706828570392,1.745646021725469e-05
12451,4.3968644644315855,-0.004887498904535548,2.3549444790575995e-08
12452,4.408624909915279,-0.0442532104801181,1.332645472207212e-06
12453,4.415348105120793,-0.08856994467738932,2.764040474207602e-05
12457,4.139996819017401,-0.04899115806081422,2.9137482941430188e-06
12458,4.440763814554312,0.05682116075384247,3.2675588932803854e-06
12459,4.418618522730777,-0.08002144598423211,6.620154832637524e-06
12460,3.8000504100018966,-0.47501438930530515,0.00026849536719013745
12461,3.8421074781487876,0.20967746965451717,5.0893877704872326e-05
12465,4.464319434203462,-0.25515919755278027,4.012570807449021e-05
12468,4.3990248167888835,-0.03847721379212565,7.182318832419233e-07
12469,4.489792826360039,0.11537735962805318,5.123408461860321e-06
12470,4.4150799133344885,-0.11236708538033202,5.704698234709738e-06
12471,3.4350462122278187,0.1145711745526099,1.1127510804127822e-05
12473,3.8372788518330805,0.24869746071850374,6.394956200515241e-05
12478,3.8837124768915467,0.2353246979209258,5.197868922455849e-05
12483,4.031534286404621,-0.10956095012330636,5.434409372599128e-06
12484,4.5663596332902,0.021664393862920406,1.758280116682572e-07
12485,4.515211460008925,-0.2525315829676096,7.401116745948605e-05
12486,4.448052291981424,-0.16308737015067365,2.6759617865344743e-05
12487,4.288715842464507,-0.18277214439905443,1.843791383225531e-05
12488,4.31923238260433,-0.04953493290436839,1.3499971508148135e-06
12489,4.356973356495261,-0.15527027595266052,2.043481751940501e-05
12490,4.463829354933689,-0.24726715998733972,2.4316214904921758e-05
12492,4.522106505110829,0.04536181369325121,8.308114483292798e-07
12493,4.440058944279567,0.1336205746171535,7.160603877684545e-06
12494,4.5281307445505945,-0.15237372289030837,9.423311205426471e-06
12500,4.448428797888734,-0.37940204365092267,5.944077791209605e-05
12508,4.412879274104868,0.07800176548109583,3.0283265350342977e-06
12520,4.455738394793324,-0.020170993191412023,2.4038437498601625e-07
12521,4.3217174249484565,-0.0028968661783670413,4.683973368027803e-09
12522,3.916751384201998,0.5294230702956355,0.000219976024532845
12523,3.1988687791528165,0.4093427718936651,0.0001964973050238628
12524,3.257417359272361,0.45615470743194697,0.0002696111189298985
12525,4.627040930079335,-0.22032168281508202,4.55472991457799e-05
12526,3.2743834955219495,0.6194755392785254,0.0005181213489432273
12527,3.183786844054424,0.4823356229368958,0.00028882940670148634
12529,4.484900957773499,0.10108640879781827,1.0851252443766827e-05
12531,4.458916357112341,0.11579462139104191,1.4158074933429017e-05
12532,4.412438680756434,0.10499259092365065,1.831904425175722e-05
12533,3.591886923404224,-0.18073921088890055,4.005872158666375e-05
12538,4.45896428136064,-0.004616985107132265,9.044764339075417e-09
12539,4.275205491071338,-0.0870670495628767,3.2874339798790565e-06
12540,4.424052915125126,0.07464502635244852,2.3765416362158937e-06
12541,4.399629176912476,-0.14828086588071,9.478392939597433e-06
12547,3.7391313341604633,-0.008630205355707243,6.881822161226552e-08
12549,4.3971962310112245,-0.01642037823899578,1.1507492235532307e-07
12552,2.9738467124814343,0.07067572524198873,6.316835017731481e-06
12554,4.193281647836146,-0.3755693218792415,6.404192644290033e-05
12556,4.4690236794673215,-0.2421899341991418,3.1972722822146265e-05
12558,4.291417514897191,-0.21557642423965007,4.8232088667657304e-05
12563,4.304132811388449,-0.1932589472151376,2.6937140733304174e-05
12564,4.506092829487582,0.2526564444288093,3.9160307629513705e-05
12566,4.394932384949608,0.44767865705351717,0.0002735889755611045
12567,4.387755540011067,0.3090818345028481,4.930430627349756e-05
12570,4.421899310943566,-0.1030787521734764,4.802758676419097e-06
12571,4.4924555205979,0.0656230578563406,1.8394288636103092e-06
12572,4.159763472475909,0.7298334932432908,0.00023416563837205914
12573,4.410731438082866,0.020085360760447202,2.3579474162119238e-07
12575,4.4265593485675545,0.1336134714898014,1.0230215570433927e-05
12581,4.527478522816268,0.2732584467157988,5.789285174376002e-05
12582,4.506710761835029,0.07314161616877257,4.131277751094432e-06
12583,4.275007406402033,0.22923686099609775,2.2090304165927786e-05
12584,4.492683290086413,-0.09576804291878105,3.892519323752132e-06
12585,4.446264688797581,-0.07302656015677833,2.1006249020260405e-06
12586,4.448992681843794,0.009994993966215837,3.866632923568443e-08
12587,4.403581991217465,0.035533610440543484,4.881075956457046e-07
12588,4.423650188106763,-0.22644824044495504,2.9499898282617144e-05
12590,4.174172827796667,-0.5471687774008185,9.214821918398601e-05
12591,4.418939947925967,0.0930178563399453,3.31181383350695e-06
12592,4.424255047246605,-0.011456753905970452,5.13291517308007e-08
12593,3.6827018530953635,-0.14174252905804918,2.353517906293938e-05
12596,4.413163409394621,0.09769609712222849,3.6771580632751385e-06
12597,4.446738663998863,-0.08619106100210505,2.8922088706093036e-06
12601,4.517020437830095,-0.03854790488796134,8.942509000298878e-07
12603,4.608577736671174,0.43355622448445263,0.00022017378240172516
12604,4.428347132350289,0.08141286883314347,5.9141560001771185e-06
12612,4.308211142137626,0.023837122730014038,2.599620032622606e-07
12613,4.327594819870339,0.12675247638316822,1.4986056088661736e-05
12614,4.505877090147691,-0.026270127134945476,8.520264100554895e-07
12623,3.8090067000018863,0.3760922254886787,8.69965983396479e-05
12624,4.47010743729051,-0.040481823817349216,6.647193889222706e-07
12625,4.502497433480025,-0.03429310256509144,4.681261227547338e-07
12626,4.406174440332281,-0.18813840576763052,1.4124052171710761e-05
12630,4.234386099191574,0.4119260301276926,0.000656245004305704
12633,4.420337369091658,-0.08828910422401748,3.0523807820561263e-06
12634,4.147106073743037,-0.06449676773935753,5.0835110260854644e-06
12635,3.344119396443588,-0.3840143005327481,0.000137319377659777
12636,3.9030307627284744,0.5097675306121605,0.0002712143390028532
12637,3.9773489793871386,0.0726953239383823,4.653092732237623e-06
12638,3.900609980115672,0.0677933587485815,9.8311576452392e-06
12639,4.409704971985963,0.2073937848674019,2.09636351625692e-05
12640,4.379563263478877,-0.10567878742469894,6.678417300337941e-06
12645,4.348816230129077,-0.19149686874558824,4.0263649698910235e-05
12646,4.3854688267618425,-0.004692973989613769,4.121415962228246e-08
12647,4.250056944079931,-0.4749997937249426,0.0002889799398248186
12648,3.0790874672351065,-0.24000900372649214,9.274757912875672e-05
12649,4.381630040967483,-0.0198061136111205,3.527357913564533e-07
12650,4.254530436360481,-0.1992732628464271,6.978751792118049e-05
12651,4.1341486438740205,-0.2546488301514347,6.236566170566429e-05
12652,4.482119000962711,0.06965040829826563,1.9490847837015006e-05
12654,4.35860912348918,0.3345719398216245,4.308629037420821e-05
12657,4.6910652777289945,-0.10100872955095141,5.203550995490251e-06
12661,4.517109080008994,0.025121306205223348,2.606261157628063e-07
12662,4.0630941792576785,-0.05032127072938941,2.89605860983e-06
12664,4.436230934100701,0.3267973365029704,0.00020328500789972145
12665,4.543109966295273,-0.0410805392266953,6.386509019048629e-07
12666,4.5054871778663985,0.20043291122183593,1.6834011834745317e-05
12667,4.559936937820233,0.42913417836018297,8.298269309108934e-05
12668,4.239792691482858,-0.32178761437716474,5.486567591524669e-05
12671,4.436530563455958,0.05322877102080614,1.2156252996165166e-06
12673,4.590227153603918,0.05991639802690507,2.1062374531476333e-06
12678,4.356228301479573,-0.03342102646566225,6.462149931751349e-07
12682,4.441941306239871,-0.012315692766709851,5.117452641514639e-08
12685,4.48761892314482,0.1304674881098178,2.0658175368037415e-05
12686,4.367875488301729,-0.04374283204674967,2.082876830232963e-06
12687,4.328827331437533,0.043148967382847125,9.055887159202333e-07
12689,4.397376244706605,-0.0368286417098469,6.973718965317549e-07
12690,4.393550530751286,-0.03684170406169418,6.028480285342175e-07
12692,4.347037837922015,0.10264744522568137,4.3857501324691245e-06
12698,4.325609372598568,0.1972655706626929,5.394349999861694e-05
12699,4.347566656107151,-0.11781745687884726,1.494415864486232e-05
12700,4.472615018663521,0.18704335260864013,5.6350481417304954e-05
12702,4.284971753172655,0.1505956484292561,2.5720015607927512e-05
12703,4.376159119091105,0.3059721080331146,0.00011647347290203866
12704,4.42009533513797,0.24239991746939094,7.570418298697616e-05
12705,4.31402813857268,0.0284777379389185,9.244262148720648e-07
12706,4.632040786156017,0.454320218468375,0.0002680562458895472
12707,4.117497615052789,0.17706299383981605,3.629557008615263e-05
12710,3.717443887743333,-0.7625336087095969,0.0003438986791876653
12714,4.367846705252003,-0.05436661311323121,1.5888390177512123e-06
12715,4.470909162968051,0.09448015300819534,3.4857003819537163e-06
12717,4.559869622255701,0.09027392937512158,3.5793678057781243e-06
12720,4.43113227077802,-0.3104704002385459,5.49342345794516e-05
12722,3.9870570994659453,-0.19607242241485556,5.038760974424725e-05
12723,4.376460177824205,-0.37276998387023497,0.00013216250714045418
12725,3.527740046383004,0.4886429743693843,0.0002633250055635113
12728,3.8682093148703975,0.06753021717506469,1.7531557048289456e-05
12729,3.961276166663291,0.28148840067708303,0.00024248287046388072
12730,4.479731776310159,0.28585513108383687,8.087436002733418e-05
12731,4.43845534720504,-0.05393183233257126,2.2194154476729292e-06
12732,3.502842731114825,-0.2602503796293081,8.363650791312676e-05
12733,4.362300783238379,0.19157610836216143,3.167682953552025e-05
12734,4.493482279079777,0.049812503190226565,1.3621035503014997e-06
12736,4.35465488902003,-0.07106832715940126,7.210702373024526e-06
12737,4.400591995739336,0.13415572595221015,1.1164892979619775e-05
12740,2.878851552546872,-0.3611550799358807,0.0002176443165253364
12743,4.614001085242581,0.466160271502285,0.00018147444086046106
12744,4.528113090934984,0.008778254299812716,7.022130276998985e-08
12747,4.498818423394331,0.16838715351321287,1.9654884903539972e-05
12748,4.756162959105817,0.849639107190181,0.0005187365896493888
12749,4.470103841597399,0.07106101441477986,2.8805036518198606e-06
12750,4.429285066084339,0.09900407556779456,4.139310587635011e-06
12755,4.443481937851266,-0.1461965316324756,1.1575285406733142e-05
12760,4.302527628300847,0.08448654788407328,3.0575504115055177e-06
12761,4.386291221764291,-0.15654202253598726,1.0393127719735013e-05
12765,3.0924327844318316,0.36703350535429946,0.00019557303144640025
12767,4.305938561154304,0.25109124950585304,2.489346343050118e-05
12768,4.468848453233419,-0.8391883587794542,0.00046505342199693376
12769,4.266202261400978,0.4084939872357234,0.00010629882864929696
12771,3.504310454130235,1.8123378691025254,0.011353665241754584
12773,3.7490509410673547,0.08609102002483349,1.0809984878239468e-05
12776,3.979870596299585,0.3742708348847614,0.00020905267550112698
12778,4.457559407685894,0.2039911117383051,1.809264797064659e-05
12779,4.097933145118105,-0.6607253259329169,0.00020661283427714892
12783,4.00930318046404,0.14645000988670365,2.5009684189919723e-05
12785,4.399809148428453,-0.1876815505499687,3.846290467716056e-05
12787,4.385637726081306,-0.03149629489695993,1.3243688692465071e-06
12788,4.367940002499394,-0.1251754351590204,8.112716714367091e-06
12790,4.347706612208238,-0.22057222716314673,0.00015223407995671725
12791,4.239859344943089,-0.20916480979744456,2.964143827251517e-05
12794,4.382717626015404,-0.41620643530318846,9.645319981585614e-05
12796,4.412428938966472,-0.23958131525642745,3.1518267266050734e-05
12797,3.0768615509257473,-0.23778308741713294,0.00011334317716272645
12798,3.8893628596669703,0.06763351140390705,5.533194343758634e-06
12800,4.436091136518305,-0.2709775034079973,2.8225091054210418e-05
12801,4.113435433711914,0.22907044279968414,3.041417044031373e-05
12803,4.1316293666999755,-0.059189639865924626,3.820338049129177e-06
12808,4.363776068380437,0.09173334305324765,5.215812293667588e-06
12811,4.356514822837699,0.21302818550724112,2.1627924539915784e-05
12812,4.4014268458553145,-0.09466269568198005,3.421014749146489e-06
12813,4.4091500730008795,-0.2240511475103144,2.0357870556223905e-05
12814,4.304564692469555,-0.010004083576949263,3.550629621902993e-07
12815,4.448247122071399,0.09291773394078007,1.019841717420263e-05
12817,4.356595511504344,-0.13122268687583905,7.025005068279266e-06
12819,4.410921170204638,-0.12595624837388808,6.401852173402754e-06
12821,4.51508715675753,-0.1355636523017667,1.7739671338252283e-05
12822,4.494727203831799,-0.049725769996528335,9.668563212624894e-07
12823,4.395901414019671,0.07459386864181816,2.611022519876506e-06
12825,4.450360530509084,-0.20616021274260543,5.2176309795026813e-05
12827,4.0687364687604735,0.4255021565203361,0.00017535939320684072
12828,4.415377088484805,-0.17693218228894736,1.1074021883365785e-05
12831,4.621551766960313,-0.4548865431585867,0.00017201543707247142
12834,4.217829627699048,0.17661952697339078,1.9788380193320878e-05
12838,4.815190471381869,-0.3713634358025404,0.0003771269329078683
12842,4.570098479908641,0.04897461124844238,1.6456984398953802e-06
12844,4.5723640590150625,-0.30406618966952337,6.606454722283097e-05
12846,3.4688946712392656,-0.8442260790761065,0.0006209640555785028
12853,4.0569398242698504,0.1815050819260069,3.283946405468491e-05
12854,3.441640707182182,-0.40668772047490975,0.00013801594667127713
12862,4.437816870897644,-0.09012291530426797,3.424586492126864e-06
12864,4.442126469965586,0.03521034451262128,5.204632583479849e-07
12865,4.554832285892746,0.04129715544319623,7.443749003568559e-07
12866,4.608971511800641,0.22173935010138113,2.295343344072876e-05
12867,4.463740966093532,0.22852392674549282,2.3556690069038593e-05
12873,4.5268968108486,0.27630422563862655,3.511796554277611e-05
12874,4.5767594649639145,0.027410220690593512,3.8323235605999677e-07
12890,4.2103352360757675,-0.37519327498357935,0.00013734403715016282
12892,4.407264968845031,-0.006661948598214451,4.524734238461132e-08
12895,4.464285497124593,-0.1987926787066634,1.5803291205952626e-05
12896,4.415198110744549,-0.18690557601270896,1.4012805384768998e-05
12897,4.573296516351158,0.22001161175232742,5.7903531111775955e-05
12901,3.091209913006976,0.4143474839794221,0.0002866486826523578
12902,4.395041909627968,0.07430855321758933,2.6402703743962673e-06
12904,4.0888989714935295,-0.12428351594621301,2.2507738321516118e-05
12905,4.504609565317859,0.03442081816568798,5.691266896970867e-07
12907,4.111049568029851,0.5080235231272319,0.0001098060207757893
12908,4.2415856552184685,0.6791249313497998,0.00017212434578452342
12912,4.42702250936671,0.26981486514720565,4.6446362890718e-05
12920,4.3862299043189195,-0.30869246041319975,3.734336095304895e-05
12925,4.183475025645062,-0.0499097502696797,2.345179051965016e-06
12926,4.684692568732607,0.330598536899843,9.833741789819888e-05
12927,4.106230288761399,0.6961500665143978,0.00019478781555400178
12929,4.449115094485593,0.5661760111468572,0.00022218322802410297
12931,3.5258874484096676,-0.2911382743851769,6.75147744854624e-05
12932,4.533573847801127,0.2514147647628011,2.7019266237992664e-05
12939,4.383165046599809,-0.07370910476076276,2.435041880022686e-06
12940,4.403993411200854,0.24806036068608783,3.8530065625469406e-05
12941,4.19525472531199,0.18050229634829584,1.994676112405346e-05
12943,4.390417835005088,0.1602961651869439,1.5867665513729072e-05
12944,3.9429393071870886,0.49617629447092026,0.0003708388211103087
12945,4.431173090948548,0.08188180613173834,2.6125865402052993e-06
12946,4.430337837653508,0.2053615533694062,4.852012414370925e-05
12947,4.394331861304605,-0.019833493051514495,1.266086801427545e-07
12952,4.347245108406338,0.01966788845749523,3.12402542342098e-07
12953,4.6236032672250476,0.5227277423251078,0.00014392091225421926
12954,4.4751601334028495,-0.10824713653901608,4.927555256955191e-06
12956,4.4539717532340495,0.11970776566267105,0.00015535017989794372
12957,4.396484855006789,0.19964458632915338,2.9572614271623236e-05
12958,4.311517641057092,-0.043219771711553,7.647384744133031e-07
12959,4.440244336369717,-0.1747515179517869,2.608454181796847e-05
12960,4.53214231038387,0.20668426041689525,3.296304442112788e-05
12961,4.513121725993937,0.05330763167772368,1.2422616022054711e-06
12963,3.507021542868818,-0.20013484067790355,2.9916460899862475e-05
12964,4.445666962496148,-0.0292389011049341,9.254269026137481e-07
12965,4.518827409108965,0.17252047312017815,1.3190001301999625e-05
12966,4.108470920214771,-0.05842661688924977,1.449850636048175e-06
12968,4.444496564540097,0.289945957152133,3.610273624578839e-05
12970,4.331599326789347,0.2745703595318272,3.403968370973572e-05
12971,4.347300877178668,0.35861921190956636,5.072243995436799e-05
12973,4.39795149215692,0.30615864168607576,3.9304272410978034e-05
12974,4.354388023150772,0.25278016549999194,3.373414584497143e-05
12975,4.410306363177643,0.3813433897530665,6.52941278791334e-05
12976,4.460495118882305,0.3829042558380369,6.73509714602019e-05
12977,4.503729941657976,0.454910057319899,8.325918091049535e-05
12978,4.420885396880213,0.21092672005429947,2.1668596390946292e-05
12980,4.359186213978604,0.08346504251171272,2.6570829818985575e-06
12981,3.3469905713876664,-0.15240743908851018,2.1755303346500572e-05
12982,3.298561074490971,-0.254038636767548,6.534164769413983e-05
12987,4.519580666722991,0.22882368735100833,3.988295141415006e-05
12990,3.5095561573150316,-0.9369439271079258,0.0006958604180388628
12991,4.539808046012259,0.04923275804594862,8.686996019292594e-07
12992,4.400549810341105,0.15437915921023926,9.762479635799027e-06
12993,3.934913428379594,-0.07418371733899853,3.4642173898880557e-06
12994,4.372972058690529,-0.228251289143361,1.916844130983956e-05
12998,4.506211239519136,0.13529087571634602,1.1274701339125795e-05
12999,4.584953670755461,0.1512447776390351,9.804793838598168e-06
13001,4.1643858869963415,0.11228023201971382,7.081091130331806e-06
13003,4.425414151426388,-0.008986090035174144,4.7766817719462154e-08
13006,4.34097684693113,-0.155877921440565,2.1456906374855072e-05
13008,4.44140246598737,0.08472451266026848,3.2485551598379424e-06
13009,4.409082177274336,-0.2486378133477123,2.5854842417503234e-05
13010,4.440254348035336,-0.02382628664412234,6.159861909592737e-07
13015,4.285314298311468,-0.26533415137822924,7.105491460877073e-05
13016,4.496365888229656,-0.04901978743513169,9.733009489118184e-07
13019,4.503644414899183,0.046013061158649116,8.890498978835704e-07
13021,4.4627505647230485,0.2628657743409102,5.882181314192531e-05
13028,4.566583380854802,-0.22798630410825726,7.771826945778255e-05
13029,4.462261428249827,-0.2605583477072271,9.528977782364893e-05
13030,4.405431430686066,-0.03851843382223219,2.0926532729775105e-06
13032,4.446346689697358,-0.2401626457197219,8.925371861216002e-05
13034,3.851305878055859,-0.0032882026036253897,1.4203132841695074e-08
13036,4.301187140670573,0.1391084021272846,1.0156138707627741e-05
13038,3.693719661837308,0.04870055920465832,2.706539764123247e-06
13044,4.2589775315005785,0.030111107514033897,9.453008303506439e-07
13049,4.341306605945544,0.19236757833747742,5.175757225382889e-05
13055,3.6608592414831347,0.2807225661865558,5.0362348345208164e-05
13057,4.545406768535457,-0.13139708800852468,9.389259363237492e-06
13059,3.171712397884181,-0.792166263754007,0.000901273201880253
13061,4.61966194471208,-0.012493756061315864,6.866824467458174e-07
13064,4.101133595380385,0.06242603586318918,2.2945339502763813e-06
13065,4.502411903633004,0.16102719047906255,1.1926851049441076e-05
13068,4.5290017977075,0.19395142393697462,2.610724559661033e-05
13071,4.370784747864026,-0.41378837679314895,0.00018151460438024176
13072,4.233925271854086,0.1764458358289378,2.2726960473975045e-05
13076,4.153578924435782,-0.5055214648421007,0.00026945377601942825
13078,4.469535152819334,-0.054315550789688416,4.408416169654794e-06
13079,4.1794858437747875,-0.37282335400446787,6.185794685900822e-05
13081,4.5872958979381355,-0.23960194234475907,7.403816568880301e-05
13095,4.017113111647806,0.6833672541446107,0.00034851004413435346
13098,4.767850075245285,-0.162679889257193,4.697404750133144e-05
13100,3.8988220573107935,0.2087677316613279,7.643660332097831e-05
13102,3.5575970366811807,0.13377929763134278,1.2150210506503e-05
13103,4.500001558341588,-0.276091791764844,5.865177715803396e-05
13106,4.265212711139738,-0.0025328340984227538,3.106405554092941e-09
13108,4.374105874507762,0.46534560720499485,7.933862891926426e-05
13109,4.472183212168172,0.33918780440381724,5.428001341369073e-05
13112,4.122380119697779,-0.14456937373163026,1.9983207015228908e-05
13114,3.2821453566959202,0.35544080303046544,0.00018515699359007083
13115,4.4752105206056845,-0.5105950650583679,0.0004919133832915347
13119,4.342202101322015,0.6536579071920867,0.0002183574733463374
13121,4.308710451547245,-0.36907227908612583,6.555363741280345e-05
13126,4.62450331911015,0.38145438543499477,0.0001295721054691949
13127,4.495596598924943,-0.40292009380354,6.594816095521617e-05
13128,4.503817152253928,0.19847974446488603,2.683136708703116e-05
13133,3.7697273066536265,-0.061045225243510526,4.8095406507034305e-06
13135,4.557953453773633,0.019845535418325788,2.0504193508323787e-07
13140,4.395349794602542,0.10223518070561166,3.898474884544761e-06
13141,4.299375205427392,0.10490203818130972,4.520667813454003e-06
13151,3.960149399112586,-0.472774321209378,0.00017172211605196298
13152,4.332099752622911,-0.009292477609000649,3.131961555685929e-08
13153,4.510506199471724,-0.08925885164456115,8.102650969393315e-06
13154,4.298042438171649,-0.3545207656841316,0.00013094841349676616
13155,4.4934074977103515,-0.010404945696468104,8.463116615448494e-08
13156,4.247779876875426,-0.02827217169931906,3.197250101933527e-07
13159,4.331975338873303,-0.2392988337518993,2.3571350083719506e-05
13160,4.093050981823655,-0.6687883272305037,0.00028910467005027936
13163,4.3637236073875645,-0.04490304861747507,1.3413215145583873e-06
13168,4.386623207861383,0.09298375515136215,3.618911129506449e-06
13172,4.489828568334693,-0.054261166732781696,2.427954406044481e-06
13174,4.082383581610165,-0.05168904646451988,1.3028776466114964e-06
13176,4.424379605671061,-0.2749157442278811,2.4508812756149664e-05
13177,4.306086717490892,0.530988525479982,9.065281321885571e-05
13178,4.342414294310152,0.508834414274645,0.0002744380033853537
13179,4.520757469068513,0.12267142903666883,1.4199923504255909e-05
13183,4.338602103813578,0.4621348657184887,0.00010714439673120064
13184,4.588164639059025,-0.10969210611689117,1.3553709130307254e-05
13185,4.552740527481822,0.33157539993576446,4.8179192785028454e-05
13186,4.456154865609516,-0.1386667520732061,1.860794467315092e-05
13189,4.714985801638611,-0.5390612524240872,0.00035195739745372826
13191,4.5646852539297,-0.00870531213238035,4.7009321330602446e-08
13192,4.074908710220643,-0.18104967542016803,3.0811209145836826e-05
13196,4.520619323105676,-0.021921381628101422,2.0482079769661295e-07
13198,4.325144327649592,-0.06669875474706455,4.418061777867673e-06
13199,4.467002946920994,0.0741619090911847,2.7785491505292727e-06
13201,4.406988002559642,0.13311018668473373,8.811470215693667e-06
13202,4.568151858954297,0.054858245162124675,1.3178219929472162e-06
13203,4.421287738154675,0.12200704411532914,7.185369116642793e-06
13204,4.501691470684206,0.25276041801963967,2.612597682484684e-05
13207,4.59931072878521,0.5329520534327443,0.00012258963266036535
13209,4.520040195046463,0.1320135768404782,7.82107095257003e-06
13211,4.451190367035014,0.2075205858811069,2.2576607272844714e-05
13212,3.7338120977223705,-0.675105025006991,0.00034476956376710443
13216,4.370791735108375,-0.12802716776800072,1.5841032763593914e-05
13220,4.39825499250959,0.3423198304847048,4.634215675636092e-05
13223,4.513368059169579,0.263231242446043,4.092272449639976e-05
13224,4.531798812595682,0.051125764445090205,1.1607506022684988e-06
13225,4.482337477921408,0.04378950072623056,7.701065148823875e-07
13226,4.412528818961642,0.19663338829598764,1.628215879619904e-05
13230,4.572643811239694,0.015380215913426198,1.0873675422329758e-07
13232,4.410784723177468,0.20433579366379195,1.8316278222886426e-05
13233,4.44856337757109,0.25373351914772435,3.71104389515264e-05
13234,4.405852902175532,0.3206495689800848,4.0212719663369385e-05
13235,4.4836411605921676,-0.11799800516881032,5.6397186219573345e-06
13236,4.5315258777915775,0.10707908428275115,1.2046044182821187e-05
13241,4.4240210662134025,0.020980367621867835,1.949316702777449e-07
13242,4.478077973860094,-0.12651054667092065,6.24903317557194e-06
13243,4.435621671678065,0.16353044198446298,1.4514170920618388e-05
13244,4.607226780867633,0.7731312960166132,0.00025806289708441346
13245,4.520444600451432,-0.06493518901774742,1.6723335985182012e-06
13247,4.407124107161649,-0.0226005922891801,2.0110520748208534e-07
13249,4.517017188835281,-0.21701438963998942,2.0597145307489924e-05
13252,4.074761778981737,-0.27702791995571907,6.292714264176158e-05
13253,3.886411511640996,0.31079043602081224,9.786079621024875e-05
13254,4.404056179189561,0.04562910395813535,9.82362785374204e-07
13255,4.025158117589789,0.38034087326923505,4.782654849342205e-05
13256,4.029586292429005,-0.25912685132264546,7.242874788702989e-05
13257,4.526204387044496,-0.0511428864034249,2.1661572497097754e-06
13261,4.492743448719646,0.08196752978373656,2.950584719527936e-06
13262,4.46023928301971,0.19657413612021912,1.3285489625004306e-05
13265,4.300951521877366,-0.032653652531826616,3.369869049182271e-06
13266,4.223496942367961,-0.07561161321783061,4.2668149657651294e-06
13267,3.3032772536972272,0.39802472041526604,0.0001840266017818183
13268,4.139231947642583,0.04890649386587853,2.862328357552438e-06
13269,4.514206524708911,-0.1743048163357006,3.891327128958003e-05
13277,4.565873618298961,-0.03542697850680643,5.687675038668931e-07
13283,4.633923707385305,0.44561556535816127,9.211227296471615e-05
13285,4.558486751076243,0.3386065016208839,6.878121593886946e-05
13286,4.318744480503691,0.4121769107899613,5.4552052593329196e-05
13296,4.326482191167073,0.0237957451922286,6.093654131123923e-07
13297,4.388607378674492,0.05639405516077822,2.2205688739071566e-06
13300,4.473593563006147,0.49830090277367844,8.311698723690763e-05
13303,4.387283277531244,0.050650989080933684,1.5019983576294184e-06
13304,4.368526052751411,-0.2808704786801073,5.3460153792186065e-05
13305,4.39421131658491,0.09666972300105403,5.308377321803962e-06
13306,4.402756500427499,-0.06546575959500878,1.8642887732398612e-06
13307,4.611798716019524,-0.007629030365015943,2.8221053527043963e-08
13308,4.329585218161952,-0.5431254357091522,0.0001088664861295283
13309,4.476694250187122,-0.11870419334148163,5.387882999022934e-06
13310,4.57785022473383,0.15218894330013022,9.736794109818857e-06
13311,4.290649152547907,-0.06089995331960285,1.3617226339393702e-06
13312,4.514426498290959,0.032054691348452735,4.493750902863925e-07
13315,3.310231963725939,0.03262984092325283,2.457379112453641e-06
13321,3.429712942562104,-0.32962065368386995,0.00010551103522247958
13322,3.897386826067152,-0.30281805142445695,6.927736508605387e-05
13323,3.822323401860829,-0.4211260201986735,0.00020472718997213018
13325,4.418125869951771,-0.09134770950836746,3.2156180792178897e-06
13326,4.679777023177756,0.2052950479431539,5.327976591866657e-05
13327,4.344175600256506,-0.21061032488112374,2.5374782025065728e-05
13332,4.452755372366827,0.11678763597811326,5.751663506816568e-06
13335,4.663668549070611,0.5593863329768789,0.0001748939508956064
13337,4.629163720641545,0.18788682438204596,2.297652982975818e-05
13338,4.474875372429708,0.12829281088770994,6.304550401134066e-06
13339,4.673162572607104,0.6729921233550922,0.0002791842060808655
13340,4.641087580483803,0.43658311494861124,0.00011780332525429095
13341,4.44580836708495,0.2043351845458723,1.7024503012760047e-05
13342,4.597347256974991,0.4159511545407488,7.928536193409615e-05
13344,4.666559543950508,0.5559561091812464,0.00020626912738577234
13347,4.684762974899743,1.186509386879833,0.0006540628295958639
13349,3.527413030559283,-0.34520119006267347,9.910152222653706e-05
13350,4.487481710002422,0.18441210802857722,1.6357299799373833e-05
13352,4.601262303358629,0.07436634627802352,2.531075033863045e-06
13356,4.572254375638141,0.3381921912026824,5.4012370247644545e-05
13357,4.668883136041437,0.31197999972114854,8.212215124656007e-05
13363,4.555613039932521,0.14849709391047394,7.941306682883615e-06
13364,4.474789326401456,0.2508270126625023,2.3332412566157703e-05
13365,4.59390591177599,0.31580346373030466,4.573024638446721e-05
13367,4.34901706284604,0.16950531641637934,2.95760988815693e-05
13368,4.545386985318471,0.118995060301466,5.843330114012289e-06
13373,4.067483221920556,0.23522960603360055,6.342739190203405e-05
13376,4.254718433470973,-0.029345608842468174,9.350006320418507e-07
13377,3.899167212008381,0.12618447872676875,2.151248568224288e-05
13380,4.567943315124469,0.2872070761313914,3.529909816785458e-05
13382,4.548462389498028,-0.013714667806482339,1.6049878356496115e-07
13383,4.253919266258765,-0.44061223376977665,0.0001556602066771977
13384,4.514280026858428,-0.16658607126505132,1.6133303250765417e-05
13393,4.3157631927446,0.058735175508489945,3.207648286891096e-06
13394,4.487607113723625,-0.0687665059270266,1.8806823601496222e-06
13395,4.237272209179761,-0.07060698537803489,5.0799352123407915e-06
13396,3.4439014041979408,-0.09049468637213387,1.0753802168578766e-05
13397,3.428407942365581,0.3420514987407781,0.00019696433997889464
13398,4.321110280793268,0.04833757167375374,3.974662861036047e-06
13400,3.3875960553552895,-0.19711970500878673,3.0820405315673466e-05
13401,4.526395666357486,0.6977368020011747,0.0017450175175268048
13404,4.451671108463614,0.15149707485380404,2.4227920126844766e-05
13405,4.450687141408804,-0.11339640057631417,1.4607029542670538e-05
13407,4.503815888077989,-0.0425160725096001,2.216382923954045e-06
13408,4.530152760584687,-0.11493315855504171,1.4349114324553726e-05
13409,4.581588625165771,0.3442147334137875,5.7341361832759385e-05
13410,4.5334725823571755,0.1597084809536291,1.0497081368668662e-05
13411,4.545242331011633,0.3935388593166387,6.597968395261411e-05
13412,4.396367351750696,-0.03581974875393801,1.4144148610527653e-06
13413,4.080216399178802,-0.2892317221277123,8.82384616198169e-05
13414,4.366607946529644,-0.05312785439087264,2.877378471772613e-06
13415,4.497936205392677,0.13290172734399164,1.3071341934066486e-05
13418,4.346317794910784,-0.1049910423400382,1.390064511202537e-05
13419,4.350838835104638,0.041138130422411656,9.723376298361107e-07
13420,4.5944015729766114,0.429478947869665,8.875158613358938e-05
13421,4.5085812618323375,-0.12655462715845633,6.038474819350693e-06
13422,4.376294386017384,0.2248677785731683,1.9033417349295326e-05
13423,4.444029673182635,0.2789235484618393,5.2388603119102655e-05
13424,4.489797624245621,0.30268166004746444,4.63651301609482e-05
13425,4.477898816595005,0.2661633682597051,2.7709281109664597e-05
13426,4.435983240110537,0.1661824368572553,1.0396767935960299e-05
13428,4.475268466992241,0.24857324871334896,2.3593048855536508e-05
13429,4.407314772447498,0.22547058057356661,4.275814750156212e-05
13430,4.51989595853874,0.2692610635623671,2.556755252341437e-05
13432,4.514390592715319,0.17235958026519516,1.1711323656062698e-05
13434,4.507584365318127,0.18100742880903642,1.1282408922397925e-05
13435,4.429087873279411,0.06403280890005814,1.7324635214718328e-06
13436,4.589003740946763,0.273904641120037,3.006591376569371e-05
13437,4.458502515183786,0.5140847112749407,0.00015623616952678763
13439,4.421821711320307,0.2264079641282315,2.224698662793197e-05
13440,4.391090091713789,0.10649488359436532,1.231156645548715e-05
13441,4.53255920164133,0.31398730392203067,4.148925991129115e-05
13442,4.42571725506076,0.12605215420021665,6.149232325667888e-06
13444,4.166971642631817,0.6221853794692898,0.0002087863104677396
13446,4.594442182967126,0.14263307390090407,8.731270637884197e-06
13447,4.533488796818979,0.11761032105751212,5.582637424939761e-06
13448,4.450843821486117,0.15432636450197457,1.5980321243331103e-05
13449,4.500482249735291,-0.002897274427136942,3.0826522087952276e-09
13450,3.2855544068937084,-0.7518575929362763,0.0004646107809062835
13451,4.458458509442248,0.19835490969768177,2.6928236838904395e-05
13452,4.57074640278068,0.2233898827200349,1.811265245288215e-05
13454,4.443391216381076,0.22756671014501872,2.5273757079453324e-05
13455,4.4992048929961745,0.18754527998433979,1.5261637447323416e-05
13456,4.334127151723916,-0.4062307971394796,8.020513778458796e-05
13457,4.663757882506645,0.05474098878844913,2.1876187121366626e-06
13460,4.516787860139444,-0.19929974660313388,1.733658267628341e-05
13464,4.553291880223922,0.005834367262762541,4.951571132470755e-08
13465,4.509988918489268,-0.24169104914372852,8.67324545982981e-05
13466,4.510557667608501,-0.06908357429119949,7.024824484049901e-06
13468,4.4971172540868745,-0.24576894305510866,8.642249640798928e-05
13470,4.436577295323723,-0.17248995851452786,4.536757522168475e-05
13475,4.673205505772502,-0.22002167678229245,9.78004877315297e-05
13476,4.52609925465595,-0.5079160533994136,0.0005368118932419253
13477,4.289950768274796,-0.5960837726498203,0.0005666388481519039
13478,4.5783852364481366,-0.3442787318508769,0.00023691279877796604
13481,4.47848111205049,-0.02762828644675608,1.283615003958702e-06
13482,4.480966621993142,0.0494800177990129,4.066199302497915e-06
13483,4.5232527555403665,-0.16782680266366423,4.183304529191806e-05
13484,4.600661146512576,-0.029047744053327662,1.3029795641489836e-06
13485,4.568512801542805,-0.09801751888131527,1.4940297494200231e-05
13486,4.257801392655199,0.10784176276815849,1.952261488284879e-05
13487,4.3936276400518866,0.17695110116658608,2.0612026855229092e-05
13488,4.411329424135273,0.46919718461396265,0.00013911507672224576
13492,4.072249639703053,-0.35381138334757267,0.0001600773569559945
13494,4.013734366732393,0.4230171676307348,7.20534201719175e-05
13495,4.304245927993304,-0.24036057325591198,5.263886829423537e-05
13504,4.535132277490747,-0.004685637698591982,1.0405796231708338e-08
13506,4.473342152319192,-0.11151822496282904,1.0445533733632026e-05
13507,4.162913946986244,-0.2772349168976995,0.00011202560550949854
13508,4.473297253706944,-0.08379860419436103,2.8101718862881065e-06
13509,4.442224475680141,-0.11017621081250084,5.028375273571291e-06
13511,2.9207056708236845,0.3898373425703401,0.00020198881111028783
13520,4.521759403341788,-0.026404083360903385,5.794055432036062e-07
13521,4.534271078903838,0.17074444205397032,1.1867392033335179e-05
13522,4.352585712610155,-0.053940686875324495,1.427092055876964e-06
13523,4.34890887745367,-0.18224365365194384,2.032651385872724e-05
13524,4.505706987860009,0.03225444843463254,1.1096346303696473e-06
13526,4.387786333675025,-0.23990100452489393,3.216661871316238e-05
13528,4.409223429803635,0.01322511936916193,6.327150466692339e-07
13529,4.090729963149948,0.23340269310503103,7.069423394560772e-05
13532,3.290933290253945,0.8569520388961855,0.0010722508479575554
13533,4.439308087235699,-0.16125404294479573,8.976985160684272e-06
13536,4.402040464159539,-0.20936000121657639,2.5505042260386655e-05
13537,4.325272284197433,0.012018456635057184,7.051554378835571e-08
13538,4.4529271419031256,0.1671316565787162,1.149798110161538e-05
13539,4.1582464360231555,-0.6437203690539968,0.00014422162775930264
13541,4.399055669280911,-0.10041064354608054,4.20180508129234e-06
13542,4.44649129483919,0.0376405627718448,5.905265043267024e-07
13544,4.526714601116023,0.42629158014359625,0.00020840210741562005
13545,4.0046371909731,-0.43510449449173016,0.0001223654636707579
13548,4.3657365565200035,-0.018042600926627017,1.3020858997690493e-07
13549,4.288449717085192,-0.13583624673911565,1.3072949458242382e-05
13550,4.364062110877774,-0.0425819760719266,1.6605607001679488e-06
13552,4.404417521086527,0.1547087264001572,1.1452242335221873e-05
13554,4.404456074699257,-0.21480133267283197,3.02535972264587e-05
13556,4.37869168482922,0.024362317036737302,3.791049248141409e-07
13559,4.4921471074696315,-0.1800066002599161,2.1965093910915188e-05
13560,4.61204318884239,-0.30527903866905515,0.00010906052311465351
13561,4.501109912026642,-0.19299896030292896,2.3211452949547646e-05
13562,4.507189068603251,-0.025317098959653173,6.849300895309625e-07
13564,4.236522092087111,0.46668183417234577,6.79180129054016e-05
13565,4.354309422595519,0.6071356273099653,0.00013253076265569715
13568,4.365661525994778,-0.31040435248072384,9.762723295658281e-05
13570,4.478525194044924,-0.010320863129990698,4.355449098208758e-08
13571,4.57464967850603,0.12401085056939998,1.069286704110772e-05
13572,4.442948963528403,0.11198000602294123,4.075062470861368e-06
13573,4.422897192910334,-0.0016498450831710088,3.1348251241954007e-09
13576,4.3739076037320865,0.5164415244896672,0.00011585679785504456
13577,4.248891567921895,0.03331473146977615,6.26184089382746e-07
13592,4.356378743443324,0.03807041122911503,5.472151535973799e-07
13598,4.406852296488134,-0.28619042594865984,8.930965588251717e-05
13607,4.365231402946125,-0.2809371765775257,4.72595252475492e-05
13609,4.585571642572988,-0.06923267029151248,2.0239614314356515e-06
13611,4.694004166267926,0.18119315693322502,2.1179492725949693e-05
13616,4.581880894708373,0.19387559185525216,1.7204399673382297e-05
13618,4.467287585583199,0.2583287534807601,3.234424738081466e-05
13619,4.426176444058695,-0.17198318089469744,1.152215987955074e-05
13620,4.510418752577893,0.0997389749212374,4.011093269980345e-06
13622,4.514219735690187,0.20962198001540333,1.740034349908836e-05
13624,4.468321367405032,0.16931600872056052,1.1133991775993101e-05
13628,4.421254970917109,-0.2797088072107137,2.427725961536403e-05
13629,4.5950551148188294,0.17053179257516682,1.3653456085640706e-05
13631,4.525829244881366,0.03434357517599018,5.376458885058324e-07
13633,4.569278241847682,0.1193135522794817,7.057969374767777e-06
13635,4.411244873651725,-0.3053011755862727,4.288501401384392e-05
13638,4.413398726628129,-0.33416780221607656,4.9759494414905476e-05
13641,4.446523560358904,0.013620853578929726,9.300955084672322e-08
13648,4.517473200886691,0.18300716490572544,1.630681483820037e-05
13650,4.415751856216874,0.024543686580983604,2.6343449634416497e-07
13651,4.466992234205372,0.20115275094410823,1.873374174415964e-05
13652,4.381222456726713,0.060251636590589186,1.3919977674404517e-06
13653,4.500419410008729,0.4166375371279605,7.086448468432735e-05
13654,4.455409208647155,0.18898169049421742,1.4859556417211323e-05
13655,4.430407127572639,-0.1733769830734433,1.2915523137127726e-05
13656,4.2741253840659486,-0.06943276467498283,2.0294258738676545e-06
13657,4.449875550298459,-0.1900165495987851,1.4870707398071742e-05
13658,4.4503143753306444,-0.09874694814147134,4.034481048901361e-06
13659,4.394254899664079,-0.12455744996411777,6.545751967958487e-06
13661,4.4560738759114304,0.37303954156143515,0.00020063050560598726
13664,4.227510402716917,0.18164489934521733,2.0443491689416545e-05
13667,4.478620691435573,0.06147749780880307,1.6853209345091065e-06
13672,4.538142166786664,0.26341683320681764,3.3586741511484633e-05
13673,4.5132732217875855,0.07373299357283436,2.1455374322086046e-06
13678,4.243216588667947,-0.3412439190933019,4.654294577842663e-05
13680,4.356659282062179,0.10579460172431787,6.6630873489136776e-06
13683,4.408416883674977,0.16629409482840618,1.135704278809943e-05
13684,4.523534236482086,0.05529197416640308,1.2291389058010679e-06
13685,4.469780238802802,-0.009635824864967724,3.9905810351187846e-08
13687,4.573497531737119,-0.10529320082218518,6.931812470669484e-06
13688,4.456004219268682,-0.025187420425369034,2.6260601220028484e-07
13690,4.399391421774678,-0.09667859382052146,3.936843503994082e-06
13692,4.480577592268581,0.3861873314079727,7.319954165069541e-05
13693,4.488352403592626,-0.18970737785779512,1.3870304657944327e-05
13697,4.476036819207579,0.6662113616905687,0.000245759302011737
13698,4.603072730592881,0.17015104039145967,1.3503548435368179e-05
13699,4.420721804053062,0.12150858216115523,5.747446400920006e-06
13702,4.344184300257652,-0.12762210531130247,6.288142875077687e-06
13703,4.414179924018,0.2595830534357031,2.5778052076202755e-05
13704,4.464219208534983,-0.06361618828816606,1.7433723906111657e-06
13705,4.52998287630448,0.28787640309396245,3.440093716272919e-05
13706,4.459522112732035,-0.028705313888721662,2.834978818544946e-07
13707,4.456257017799019,0.12564454124971824,8.399116853231312e-06
13709,4.541891560158987,0.20997300497990778,1.663309464300705e-05
13717,4.4837301845833855,0.15487477749094314,9.646598222285511e-06
13718,4.353905915742354,0.2031238949178027,2.2438160650658172e-05
13719,4.375412940874543,0.3466509965850486,6.294444476529035e-05
13723,4.494094281987228,0.03635235780492696,5.617177317350257e-07
13724,4.462004649708742,-0.009985643214825757,4.106402252447693e-08
13726,4.570819835366939,0.20155826960505863,1.928927155345665e-05
13727,4.433014818660653,0.04545771428148093,1.229830654780375e-06
13728,4.438538408433145,-0.17024053908760628,1.3995400375931968e-05
13733,4.171740751178545,0.020939711764417446,4.1410738643295987e-07
13734,4.490982008816226,-0.2626894740843859,2.8119844745832912e-05
13735,4.104855788595025,-0.5784952639788639,0.0001780676860994402
13740,4.24901195093082,-0.5233185236941673,0.00010372906104500341
13743,4.497589490716932,0.13616815212307198,1.1620980121885784e-05
13745,4.486595915809583,0.30919462978715817,3.907508422558036e-05
13747,4.479118521050966,0.22951037330535584,2.135302290644324e-05
13748,4.168431064905815,0.44767906112061073,8.230641788375904e-05
13750,4.396455325546722,-0.04360006817312012,7.17857021011539e-07
13754,3.7245078857902816,0.2972659835969833,9.488752004971578e-05
13755,4.298484010681077,-0.08339783076284757,3.637089190498592e-06
13757,4.382852177813358,0.15189554387818838,1.3677631566341139e-05
13759,3.512310641287199,0.2627465090677896,5.176073578218342e-05
13769,4.424423002249532,-0.08452129387632201,2.722917994492698e-06
13773,4.517317851035938,0.1629598074389591,1.171866068832539e-05
13774,4.416001391974907,-0.22938155364363588,3.820009762836557e-05
13775,4.364990614134098,-0.19060334423846115,1.786850175069164e-05
13776,4.475579068161793,-0.11503146516503548,5.151688193465013e-06
13777,4.653710417731488,0.18890062427163734,1.8939283132774393e-05
13778,4.475349370541162,0.012162771978696973,1.0019086360464742e-07
13780,4.110532701449073,0.008504473363399434,3.119275443960476e-08
13781,4.621868650630697,0.1772222279947009,2.9535798195296887e-05
13782,4.5187170022863965,-0.41112721331427515,6.711736165494128e-05
13783,4.558621555021875,0.19237907917775576,3.1230205239127625e-05
13784,4.476248135663624,0.08497016279528413,2.947391389365296e-06
13786,4.032763203641776,0.959708119826808,0.00042649563756513696
13788,4.536279856549952,0.09065182121965165,3.578945458308109e-06
13789,4.515978141235962,0.056668853046569545,1.4891255562873295e-06
13794,3.4535438095134516,-0.6381350900907421,0.0003650996499796879
13797,4.114773576342301,-0.7236265305336467,0.00020848602106578767
13801,4.516893875876652,0.14465664354754715,9.539726658898558e-06
13802,4.551912957647064,-0.06215362317029971,1.6453105863096412e-06
13805,4.350404361367874,0.3177406237816065,6.906302187810206e-05
13806,3.4130196533041706,-0.34032633861405115,0.00012713206034620635
13810,4.5527184859684935,0.1922136423947567,1.538683118639097e-05
13811,4.537858807089499,0.03788256820778013,7.56777302774687e-07
13812,4.399146720230632,0.3766097663329937,0.0002244961576451372
13814,4.33447399584828,0.22360458260596072,2.2662509887999245e-05
13815,4.545563455480468,0.13749326916469418,3.031275409181349e-05
13816,4.038655551347449,0.04732076120413531,2.0154295166561983e-06
13817,4.52788777823968,0.18254291840590486,1.4812224948828566e-05
13820,4.329456500879443,0.09058820098195941,3.0872562433241073e-06
13821,4.285181685237618,-0.13571782379443853,8.290261649884676e-06
13823,4.289088269020807,-0.1619538839757153,9.497895277323939e-06
13824,4.510765192718447,0.24712608028730898,5.3439468723144304e-05
13833,4.567579338946662,0.03157277471586628,6.39815867508926e-07
13835,4.259875045747232,0.011220028219367961,4.6183196345488904e-08
13838,4.215045172610836,-0.1008979830925556,1.4871827460527876e-05
13839,4.391483691670419,0.07097019211607769,4.4137730133001515e-06
13840,4.167611522881158,-0.145837653493893,1.773470269500848e-05
13841,4.073407717087001,-0.34530754981978307,0.00016207211027400553
13844,4.63392639448854,0.13336264097598605,2.8106993373741912e-05
13846,4.387380787786428,-0.14605403521568228,2.864992424435343e-05
13847,3.968602335319724,0.06740664988941303,5.929519659338069e-06
13848,4.239027812927801,-0.17342571957135444,3.2113699063475735e-05
13849,3.54542419365281,0.032523699753844504,1.1965050298751293e-06
13850,3.927429022652406,0.09970678987624515,3.5317240767340884e-06
13857,4.356590959937134,-0.2556018549963648,2.7519884072297064e-05
13861,4.302479496170673,-0.24376211159172367,2.537880134956939e-05
13863,4.330120878949684,-0.22253108997756232,3.223581682577696e-05
13866,4.313131790950452,-0.23898993604587115,2.706208199484701e-05
13867,4.288597321713129,-0.10045888020466798,5.589383030824131e-06
13874,4.430664179768728,-0.2229909322396244,2.434387407217498e-05
13877,4.473001732135698,-0.067502741276674,1.796392593419809e-06
13882,4.400475807394641,-0.06449311122216628,2.3997488073126807e-06
13884,4.438052953130776,0.0010626485272329234,5.556227928682888e-10
13885,4.503872948720799,0.23407834850111087,2.436196316619782e-05
13886,4.394113791574544,0.1287611516867173,8.258518626137657e-06
13888,4.483493545907193,0.006265788569570496,4.3146963511766766e-08
13889,4.335053776560465,0.33027033224737323,3.331773700736706e-05
13891,4.407368823548935,-0.05967486795555832,1.4589678634076781e-06
13892,3.491964974623276,-0.09410649422663564,7.745541250753519e-06
13893,4.47640894718304,-0.13520430702941333,1.7625254211351217e-05
13895,4.447249939944138,0.07236235768230692,4.119424583483483e-06
13897,4.334357935166864,-0.011550660152953363,8.090269659963079e-08
13899,4.3026219589504855,-0.20328985521734566,3.6673640582971934e-05
13900,4.419241742821714,0.3480472926428124,8.329678957001284e-05
13902,4.325395248906275,-0.08984051813265026,4.603641137072792e-06
13903,4.2676375736929675,-0.49948493868452326,0.0002299353014515045
13907,4.373940609839779,0.008086024834102368,2.4531508694601192e-08
13913,4.304109847366009,0.5137494320324336,0.0008672094833361547
13915,4.421464518568292,-0.32213241483515187,3.999842633337721e-05
13916,3.1432118046481605,-0.5937666337225891,0.00040597218499705895
13923,4.424367543008243,0.23054473487466254,2.9534148459668196e-05
13932,4.3691049192467055,-0.06234076907337105,3.787879343665131e-06
13933,4.390055103796001,0.08955185921674413,7.23702814037629e-06
13934,4.583048217669906,0.21768875186216086,5.157713235605651e-05
13935,4.388206548961287,0.3031413332678561,0.0003745240022225019
13936,4.472987055263902,0.05745958452825306,3.348052732077768e-06
13937,4.466772692613307,0.13739699304120112,7.5288471202929545e-06
13938,4.455310192824744,0.028821664786291556,3.4028820267398753e-07
13942,2.9011532437329812,0.2600934682985834,9.651186234618912e-05
13943,2.8715322838722117,0.15860141639911163,3.6534842247989396e-05
13946,3.4422527794660858,0.5070660107057572,0.0004180405086191788
13960,4.407495856076761,0.15893350159489916,1.2158028324869457e-05
13961,4.102957354383727,-0.3893852876794188,0.0001789220576807282
13962,4.570534117227862,-0.09206158428572842,7.938571631519998e-06
13967,3.8208836070163743,0.3657362313148971,0.0001420399873086071
13984,4.351227894127248,-0.11278298793139108,6.720015915555396e-06
13988,4.5375550270447595,0.026793164423076554,2.53924194064269e-07
13989,4.396400513353779,-0.1323131765445842,6.824224439117709e-06
13994,4.500341452459824,-0.3493015465611782,0.00022909395744604195
13996,3.993465065257692,0.1885850773835145,3.768540096683201e-05
13997,4.175830597660763,0.17444733869853835,3.2447260458303426e-05
14004,4.72098665508197,0.24604500153215358,8.805402224672361e-05
14005,4.4393472984095705,-0.2009023922137132,4.617143505553116e-05
14006,4.4402183209668,0.2951025494863373,3.743579396169557e-05
14007,4.0321628959388285,-0.6579941866645926,0.00033485114660887136
14013,4.182318280485542,0.18712957198147961,1.5497229930030362e-05
14014,3.2699517475283644,-0.2112446748129848,3.521436042885271e-05
14015,2.8922944534620907,-0.03582424724160749,1.97399173446215e-06
14016,4.153709150123176,-0.06941492375457692,2.285335318730321e-06
14017,4.464940073469271,-0.16629504773444026,2.158842936443423e-05
14018,4.0280348365588985,0.11668593298826924,7.379618412188048e-06
14021,4.328869551471852,-0.09766580653255463,3.89009106702322e-06
14022,4.4250823906221495,-0.13462294947375852,2.2588735263860763e-05
14023,4.4524091691852,-0.07288566472943714,6.625213094795048e-06
14024,4.3658010442505,-0.05903689407716595,1.614230854800982e-06
14025,4.350985275765505,-0.02552899258001773,2.5553222160594e-07
14026,4.433669175060361,-0.01603411291911172,3.2639148075320184e-07
14030,4.489461901587807,0.24234093533365098,5.6872456696208906e-05
14033,4.320375017783754,-0.1521606069951984,9.33034327284907e-06
14035,4.380764667020997,0.11904500330926826,5.550661608145082e-06
14036,4.305924385438691,-0.08494717228322379,3.921894451822375e-06
14037,4.370183473849382,-0.1360769692521222,8.618716656614904e-06
14038,3.1525902475163314,-0.14196936146858974,2.1582772546758354e-05
14039,4.50526549175133,-0.13835249488749657,9.004925233678207e-06
14040,4.335345380162113,-0.16095811026647588,1.4162096420213433e-05
14042,4.363918538713565,-0.00720971202397358,2.0774933764595718e-08
14043,4.376149555941487,0.16288082754205924,1.2898772911701005e-05
14045,4.384933697960815,0.08898820141732244,3.146464304063531e-06
14046,4.422905744300214,-0.010107450959579545,5.94045600759101e-08
14047,4.287514366209317,0.18298091645217252,2.7513368884218306e-05
14048,4.455538418130086,0.5369329053384986,0.00012773049352977588
14050,3.42738822313744,-0.6179855277749424,0.001621214958960394
14051,4.6801460457524815,0.7157516491344191,0.0005837178774235834
14052,4.384571033911138,-0.31213130707708725,9.711085765987649e-05
14053,4.024043715097923,-0.26284359940436053,6.925719326592973e-05
14054,4.398747762971536,0.07745204171959585,5.892348006641725e-06
14055,4.4805962066954175,0.33077480987657193,3.666093648620852e-05
14064,4.450297682719073,0.024763817921997777,5.719806211461567e-07
14065,4.474848110813186,0.09573063040528673,8.397414861129827e-06
14066,4.797849383359353,-0.6311841595576269,0.0007599264632655198
14067,3.5184810247051104,0.1877470677434392,5.067114771801396e-05
14072,4.417965169737633,-0.21926059219129002,3.893728244608794e-05
14076,4.424022197495828,0.020979236339442764,1.6668494967649974e-07
14078,4.1844752706006885,0.27335432748869337,7.14066772702404e-05
14085,4.1985580076544435,0.1958911470179956,6.320093990169004e-05
14090,3.8654749021952095,-0.22263938658268012,6.772471741900297e-05
14091,3.9275728133263446,0.14656904157823636,2.2526334409672863e-05
14092,4.094074581710406,0.4112752689954746,0.00016226742411083958
14106,3.0905168351077954,0.3876415876904882,0.000249235665534138
14110,4.400018178530311,-0.06928483824397969,6.35382688390751e-06
14111,4.578376366616927,0.06312574861855502,1.033841914860104e-05
14112,4.410957697650989,-0.2710026241768366,2.97374700464869e-05
14116,3.1507455718295674,0.28001061207413214,9.746912052194115e-05
14117,3.121310442638846,0.6352276599489053,0.0005111204407079468
14118,3.9613515385290166,-0.1569137437808079,2.713479600443424e-05
14128,4.4805063480341385,0.0649138335481787,3.4184083564211486e-06
14130,4.525934426788242,0.04153389201583746,2.123479978847436e-06
14131,4.637046549264438,0.23967632724555,8.000652991769014e-05
14132,4.534226549427038,0.3363801000655142,0.000126728713680001
14133,4.637391424972632,1.1448941111715127,0.0017150290937525486
14134,4.517916468578661,0.28692391253799787,9.248084962598714e-05
14135,4.530849169835294,0.6055373295665216,0.0003994461468908543
14138,4.689280017289771,0.5635168339564567,0.00038514625927534203
14141,4.518087725446309,0.29246929026673296,9.795606989190312e-05
14142,4.499862600394032,0.23633584800046403,6.269110843496722e-05
14143,4.607748035102823,0.3806416500461127,0.00016748084219059855
14144,4.521450805119127,0.1853730345954645,3.7147154409666235e-05
14145,4.598945258863759,0.3942047208914765,0.00017503228030329776
14147,4.638507219144703,0.508405693244101,0.00029354330781365933
14148,4.5463938016564205,0.3364081209299501,0.0001232522151245098
14149,4.505610378210183,0.5036906928729366,0.0002732009420188405
14150,4.646528624133294,-0.1691918096550875,3.225758450560403e-05
14151,4.557753515928781,-0.12337165092097191,1.532015155082104e-05
14152,4.366387832450143,0.10639316549220279,1.550963039188257e-05
14154,4.669057306528639,-0.03238845348117714,1.4820867135872875e-06
14155,4.708326970482505,-0.10917485681997618,1.800289574941218e-05
14158,4.11482308943787,0.2882309124280873,2.888887698892615e-05
14162,4.522931594944066,-0.1585598955089056,3.0718589198310156e-05
14167,4.470182098078163,-0.09442507641787667,3.868998534370588e-06
14168,4.519361683549165,0.022868702665052254,2.988743606735818e-07
14171,4.359717602174314,-0.3651933752344241,5.973755069650289e-05
14173,4.510943317990381,-0.23011918882566196,1.9031188275359124e-05
14175,4.287884179192202,0.4135048645364314,6.60411375956916e-05
14178,3.20057630084359,-0.38516758142088037,0.0001553234162493103
14179,4.269720197849372,-0.18879865595941148,1.3294836505016722e-05
14181,4.541401760155378,0.07767133100170476,3.623569365730806e-06
14182,4.449809762142013,-0.1941970523237897,1.4746882040600913e-05
14184,4.48185844024336,-0.15244175584177544,1.6049717725972542e-05
14188,4.500254557811071,0.09688345647975627,7.177156113888371e-06
14192,4.534674571492568,-0.1002927064847583,4.179626679043505e-06
14195,4.490242139355084,0.4648804448109125,0.001002192644602148
14197,4.53526473656167,0.03012457941457658,1.054508729419597e-06
14201,4.301676322547185,0.23199786173583625,7.999742757805548e-05
14203,4.451852793043746,-0.062354143531162975,2.9904246725564243e-06
14204,3.8180322996279084,-0.07324521357567626,6.651591852932469e-06
14205,4.539052450824882,-0.24722408406914909,2.598130432455822e-05
14218,4.462355988045352,-0.048346307518419174,1.9201815481480015e-06
14220,4.398484967745243,-0.1833987878270138,1.6975129398922322e-05
14224,3.7679679344530324,0.09486482678434216,9.35294932003852e-06
14225,4.527513488922289,-0.0639068672559846,3.9379496151259e-06
14227,4.5012413263733855,-0.2066807174807801,2.5595102923962425e-05
14232,4.337829355722636,-0.02568884851292097,7.073254059996516e-07
14234,4.406362526541916,-0.33562782995894924,5.6261290999939866e-05
14235,4.451894339212175,-0.16280570019756269,1.3454524497583053e-05
14239,3.626122194683577,-0.2018595400904255,2.4861907655822238e-05
14242,4.168369756367736,-0.14123394383908483,3.4824119366601975e-05
14246,4.026084616962792,0.7074787837936984,0.0004691785632812155
14249,3.950232251692269,-0.4970751310994026,0.00012382534646435223
14254,4.373320714468608,-0.6144488885346373,0.00021792834180311773
14255,4.223480896116698,0.11902498039490084,8.028023312263046e-06
14256,3.912328003409125,-0.05793411081761546,7.637420994908129e-06
14260,3.8661791176878313,0.39226645521469594,0.0001874431338466636
14266,4.256264181141396,-0.13722700632892337,7.836085761811827e-06
14267,3.526487799475986,0.3021535970131093,0.0003721185278697752
14269,4.361473450149101,0.17327427154244468,4.053602585786068e-05
14281,4.391926330377217,-0.06911905536330654,4.722194114235272e-06
14282,3.0132713625088425,0.36772331183579343,0.0002773777497668249
14283,3.9471562219838905,-0.6775872828001717,0.0007246289773381531
14284,4.2313306642085635,0.06731436152626724,1.9602248285429246e-06
14286,4.42864639811914,-0.20766918496367293,1.8065975065698448e-05
14288,3.1557584664992797,0.3346700488908181,0.0001452806548412003
14290,4.459445958578185,0.0481113985429058,9.275548342549099e-07
14293,4.500412706075581,-0.033355822217123965,7.803413692481741e-07
14295,4.386885086382988,-0.06806452761289883,4.351417168338182e-06
14299,4.437172824714236,0.3806864546842066,0.0001235712818640646
14300,4.626132509037191,-0.25289438039638856,0.00021377389037242008
14301,4.676926559763461,0.43806874965703724,0.00023096287529416663
14304,4.49618702843148,-0.16808873578315442,1.1013542220930538e-05
14305,4.439682621841577,-0.30132117420270177,3.645444873306498e-05
14306,3.379295675559129,-0.3637607747089584,0.00012688335042887526
14311,4.441075584454852,-0.11034224416852112,7.168941382362775e-06
14312,4.446648187236991,-0.00047373273935757965,9.17801956641167e-11
14313,4.327682324867652,-0.12897774732130873,9.521951028880255e-06
14314,2.8993452820125007,-0.5479700248490231,0.000437881718986805
14315,3.157503310841218,-0.009049950269563123,9.663965020526949e-08
14316,4.542890607346906,0.43934521222765177,0.00011381456535403157
14317,4.374028909116242,-0.2135845451896179,4.088626119831225e-05
14333,4.428776228086046,-0.3787319247605252,0.00016503431195750358
14341,4.5214078155706945,-0.04634631492962349,9.124906308453877e-07
14342,3.9389231134630256,0.053757794982574936,2.069995886246518e-06
14350,4.408785997608156,-0.05593074023455458,1.8155723452399475e-06
14353,4.470359792552828,-0.17035699335753662,1.286465931706515e-05
14354,4.400132341832414,0.27828830589526987,4.319978146417173e-05
14357,4.468984570611139,0.15598824267313205,1.8530041396418242e-05
14371,4.3815652545836725,-0.022295607032407183,1.9799646121798562e-07
14374,4.475554357703608,-0.3862223373050515,8.300212950715728e-05
14375,4.486401480029263,0.006719202150205383,3.890650031990701e-08
14377,4.441253774522483,-0.1659775097954821,1.2093343246386796e-05
14380,4.542428121879354,-0.07422379096442011,1.0863802869220546e-05
14382,4.420748147825979,-0.2056619679077496,1.8175000550696805e-05
14385,4.395941252645615,0.7008717376916929,0.00030794322779576454
14387,4.179065161847039,-0.3353209971721878,0.00011903665438217563
14389,3.709471495540657,-0.2282314062049653,6.32548276786472e-05
14390,4.211026782305137,-0.2831304277207005,7.966155667420834e-05
14394,3.773229807420394,-0.3012633548700312,6.547772047021293e-05
14395,4.351764859777177,-0.3104695186448918,5.4406977706559966e-05
14396,3.516902493755794,-0.5672141587032096,0.00046140777403236267
14397,4.264803888015415,-0.6404629550390495,0.00022358033232491625
14398,4.438020560323365,-0.10597229545572517,1.0089911294475646e-05
14399,4.061647221505581,0.2782544868676293,7.907883764352216e-05
14401,4.460759053636715,-0.1379517786228046,7.722190127844558e-06
14403,4.305557480440537,-0.026117434541756523,9.375379329204059e-07
14404,4.45659662801475,-0.19815105511222253,3.613582787107161e-05
14405,4.339519507046353,-0.2687848104633854,4.5713359685690196e-05
14406,3.989926820517305,-0.04253667125186755,3.1012393317185725e-06
14408,4.405789864265873,-0.06849912343338271,4.1943504212389536e-06
14409,4.432425062344166,-0.03797590767172654,8.929632234678228e-07
14410,4.4657001942135075,-0.05532908653048363,2.05324722653978e-06
14411,4.483994334734881,-0.13759487770415024,1.0539355944731477e-05
14412,4.453359600081331,0.28459169714057886,6.692020797753675e-05
14416,4.475214974274673,-0.5611939661838536,0.00041388162353873774
14417,4.358544013000405,-0.26753835204381904,9.600240244361414e-05
14418,4.303454583089158,-0.24301157254273864,0.00010538110895284458
14420,4.534403161149681,-0.07425874721184744,6.135418734842695e-06
14421,4.352069444872451,0.10227785138105627,1.4430379333536876e-05
14425,4.532013482369605,0.35305858875130536,7.933930437599391e-05
14426,4.493366076421275,-0.09768311529990736,3.72588964733919e-06
14427,4.1947437949963335,-0.2907529612654516,2.8399389743868533e-05
14430,3.9455053479010935,0.07447479903214482,1.0069036392352857e-05
14433,3.4933269416704795,-0.5436386066178951,0.00024598333288494614
14437,4.534285131341726,0.027977553635088803,3.127114230677265e-07
14441,4.266986079215759,-0.0818871537251935,2.815852210993356e-05
14444,4.435698683154104,-0.3069526942146714,0.0003433966942308899
14448,4.183250808542213,0.16831661864696024,2.903891511021397e-05
14450,4.216680434227583,-0.2111670857120984,4.640525421161064e-05
14451,4.454083704678015,-0.12730554423461182,6.314926166963068e-06
14455,4.375030761869258,0.47465300116923537,8.714584294124616e-05
14456,4.182274371204565,-0.5526142767506004,0.0002021395958752378
14458,3.31615299819801,-0.45395211726854123,0.0002730410939127027
14462,4.568665528039903,0.2833647358797142,5.549210520636714e-05
14464,4.50939277742848,0.19833399688470355,1.694890022187711e-05
14469,4.3773358069726935,-0.1461320620333959,1.6580762450053594e-05
14486,4.310248325136829,-0.222592751065525,5.448045075326723e-05
14487,4.331161274949667,-0.21864940877211758,4.494680357756192e-05
14495,4.40242137016096,0.1577514498963959,9.538754691011034e-06
14501,4.607750725457027,0.018201999713592265,1.7925917627187985e-07
14503,3.637172391501759,0.1936405585008436,5.905409835298242e-05
14506,4.487552868765452,0.07991545003862832,3.282131919687306e-06
14510,4.596986029690181,-0.24284459850583495,9.102642519042689e-05
14515,4.570456840571315,-0.10569880829996858,1.5279502977584127e-05
14516,4.510587887812256,-0.1957700028318241,2.171193142023748e-05
14517,4.139411199331196,-0.7282634868158726,0.00016029357938012883
14518,4.408662351131998,-0.07924566673041333,3.276739766662887e-06
14525,4.2076665242963065,0.30867244798516946,0.00010503770758673507
14529,4.369653176271974,0.5741298108364408,0.00035183345796500876
14534,3.1017165421350708,0.3225461124580806,0.0001400033915921489
14535,4.339254430750185,-0.3246748369969472,0.00010732754329749929
14537,4.467161758267931,0.13199035539459736,7.1275201302757904e-06
14540,4.2701410735392225,0.4366827661753687,8.846112788249247e-05
14550,4.130387862311265,-0.18686618982374759,4.483765386913968e-05
14552,4.3636614363090285,0.1657070362627806,1.0029699839111799e-05
14560,4.302282990533468,0.012534894446964095,2.2555531717841793e-07
14564,4.470014630026873,0.043040267053412684,1.839283285348485e-06
14565,4.359176001039299,-0.26150364872452325,7.25034561489903e-05
14572,4.233486776044257,-0.29970227883459843,4.8882180674682616e-05
14573,4.330351489857351,-0.13465443337496286,7.122561044968731e-06
14575,4.39111419230231,0.0713396914841864,1.8767937735716356e-06
14576,4.304937172580058,-0.19899347451460514,4.3664884418774294e-05
14580,4.52435153435859,-0.23663557915594957,3.614415271186209e-05
14585,4.617829260593711,0.13403530454518453,1.116921505494772e-05
14587,4.621602387080312,-0.11514817403137823,1.471741214367815e-05
14588,4.586288292143774,0.2086754654769729,3.770384084415235e-05
14591,4.324296042240484,-0.06868333242226132,1.8454274404259978e-06
14596,3.7604207180006055,-0.10976247670686679,8.00199083699841e-06
14597,4.539336403246267,0.06683328307490743,3.6128789759548258e-06
14601,4.23284881514526,0.173870432118993,3.045019378133784e-05
14602,4.409159048710402,-0.12281766417092843,6.085695554654493e-06
14604,4.517895641294336,0.07722420884025372,5.008804092109731e-06
14608,3.4356259071361492,-0.5734250262066807,0.0003158210873118703
14609,4.489579422053909,0.0354647194548976,5.22275939222937e-07
14613,4.432211893773871,0.206393068300458,1.7076864133544055e-05
14617,4.307596334196548,0.04782961868015434,4.484280065977451e-06
14619,4.341042937878043,-0.13784397074385968,1.0330214326046185e-05
14620,4.340597567050163,-0.2749954736937168,3.516798706015616e-05
14622,4.4678444135372,0.06475507961605587,1.8930429729203974e-06
14623,4.479443621704822,0.02480064569330942,3.378745295329423e-07
14625,4.4312164685161815,0.13832653982875875,1.827206258207152e-05
14627,4.134389259480021,-0.6593220292514101,0.0005482084367663478
14631,4.322907881181619,-0.1034001760055121,6.214587465982783e-06
14633,4.374454771476751,0.21255144388366887,2.456857999943317e-05
14636,4.483508600814678,0.16854517107226386,2.6927923588395123e-05
14639,4.37648227777288,0.16147915852176187,1.0218158438494554e-05
14640,4.274329551433605,0.10894630264070848,4.622641992639234e-06
14643,4.332685799506717,0.04683770494904582,2.8635822287515057e-06
14644,4.060332755159107,0.1952799546591164,5.9356131687977226e-05
14646,4.357760905991733,-0.32884414909208726,0.00041634074081750485
14647,4.126025390822003,1.1891490927924568,0.0014119599536465465
14649,4.676830081825364,0.3594729590194694,8.240785900464184e-05
14650,3.891704779090458,-0.7012284287439554,0.0003387325234353617
14655,4.473871514349397,-0.27067254721521383,9.848348799580422e-05
14658,4.344536909105466,-0.5626225890243406,0.00035753796742313986
14660,4.200260402151571,0.0439399156149074,3.12701636030966e-06
14661,4.249719013795484,-0.5120493955121153,0.0002636513526676612
14663,4.522787521441815,0.5728014785346041,0.0005034778068011479
14668,3.9652792447772476,0.06896139337514784,3.5826360712495794e-06
14670,3.7033130597953376,0.3003771341586323,7.054509136792615e-05
14671,3.6027810416621446,0.36751087188997733,0.00014949432993496733
14672,4.1677696777199245,0.04435792015855977,9.366215536193394e-07
14675,4.44624206566531,-0.09725528506962888,3.167889384511958e-06
14677,4.457718279666868,-0.22942574493502832,2.9514933435831555e-05
14679,3.6278711708524654,0.012343111280189945,9.495823867167763e-08
14680,4.216705941251444,-0.22034178738954724,1.838183545054415e-05
14682,4.515750677404477,0.08239489364664987,2.8071274493122487e-06
14684,4.418265772114746,-0.10478567997597477,5.194582478272845e-06
14686,3.65903262835022,0.6423261032562064,0.00034168825680643206
14688,4.496911277672463,-0.027560814826905755,3.102255740325096e-07
14690,4.344986236640631,-0.19868193548781932,1.5733154105448857e-05
14693,3.0203206644088647,-0.32569348363879547,0.00047272492384890606
14696,4.4390822983124565,-0.125602206173685,1.0412459993958852e-05
14697,4.495784045731748,0.006245381336830391,2.6947191843432582e-08
14698,4.299319056349223,0.3078491323015413,4.2604870321748434e-05
14699,4.401327721405655,0.27894993706924165,4.9916476621401974e-05
14702,4.478601353967187,-0.028916070819491324,3.5931236897654007e-07
14709,3.6016070495395205,-0.5959244451323613,0.0003412347647803485
14711,4.210810862873239,0.020392882066058604,4.354620205216477e-07
14713,4.552511710586669,-0.23369115181657918,2.6151002942978507e-05
14714,4.6744573881328435,-0.34504070373125906,0.00019901407776259412
14715,3.543702035415581,-0.7342993400530831,0.0008993250571401105
14716,3.4373537297362335,-0.23868061218555203,5.068678941774038e-05
14717,3.608343842187855,-0.6798203183273142,0.00044791037889605227
14718,3.6243394543993044,0.40990118375309104,0.00023182148332574553
14723,4.1813507324530645,0.07709484044946269,2.2408540461086904e-06
14729,4.46650616342092,0.08103490973053518,2.163253081269903e-06
14732,4.192483762254188,0.2142354850100654,1.9296406168138002e-05
14735,4.413496660960975,-0.1508167839196597,1.7589765602820853e-05
14738,4.43289066564835,-0.048367150775881385,2.9407229479880643e-06
14739,4.250212650444019,-0.22664827028296575,2.9989071534755682e-05
14740,4.35938721040456,0.23269773603487565,4.888642689290551e-05
14742,4.39673568406214,0.06340872987569401,1.7253405924074966e-06
14744,3.4774473704448012,-0.5435905006088975,0.00031604172314397225
14746,4.350289433088496,-0.250957329355356,7.201567504075242e-05
14747,4.1672229860394205,-0.036867986294287114,4.2271355779083034e-06
14750,4.677014356996806,-0.08797355293859876,6.946504195549049e-06
14752,4.353385385808968,-0.22303038606383474,2.9323248149681878e-05
14757,4.451318123284903,0.05844187789853006,3.344048077614807e-06
14758,4.505396768057979,-0.35278329771190275,0.0001397097534150241
14760,4.580385741257212,0.1834961358857008,3.586290341012211e-05
14761,4.5942309152447045,0.23007480066005748,5.6450663432917405e-05
14762,4.49108568188376,-0.0626526743957232,2.1855360584349754e-06
14767,4.521199638134819,-0.14544261647453283,9.119043335773418e-06
14776,4.521461576390709,-0.013904219269617712,9.351670813286613e-08
14777,4.359512583191439,-0.07868845402671987,2.209670370732412e-05
14782,4.443659369404713,-0.05788974845199757,2.2557192109163197e-06
14784,4.408490840503809,-0.2249151445537656,6.960801983599968e-05
14786,4.523297242421848,0.014664193872793163,1.1705294429042079e-07
14788,4.40712701946251,-0.01886983503799211,1.4887496747224893e-07
14789,4.4383263881044375,0.07363141616147484,2.223867465804797e-06
14790,4.608271299969906,0.21201026563513103,2.975456502888624e-05
14791,4.4391199397904515,0.34670374589089725,5.8187436245813837e-05
14792,4.509028114081236,0.20320114420026325,1.6293022339091156e-05
14793,3.1684267276863425,0.10871800530583409,1.5657406593192772e-05
14794,4.451234467029508,0.31945015743615723,4.9595474071306065e-05
14806,4.028916399713117,0.1772676442645187,1.863440652296195e-05
14809,4.493250613207033,-0.12380276074001184,1.4298702501049205e-05
14810,4.3913897361941405,-0.02956580883777793,5.243885299936074e-07
14811,4.46763467406309,0.22646172111940288,2.6980502753216356e-05
14815,4.188259040161785,-0.18274569164630083,4.349072244314166e-05
14823,4.425562800935365,0.3097580695177715,0.00011130269911263843
14824,4.524412617428139,0.17606774836427785,1.302948479038156e-05
14825,4.240250788041201,-0.3103878644847238,9.769628209870615e-05
14832,4.007195014868305,-0.1720530537761169,3.189440819823609e-05
14835,4.333629773964405,0.29134303931986594,4.2980466389135196e-05
14836,4.401518528558625,0.29166253475217996,4.453927761011994e-05
14841,4.527785367820177,-0.23186143219970656,2.286744733111083e-05
14844,3.7570417867397525,-0.3393151031263866,6.655108051143679e-05
14846,4.063652863651498,0.3146167221446712,0.00011713083313208367
14848,4.335892724158489,-0.429887791055906,8.09878569642942e-05
14849,4.424629339436089,-0.057716342572255996,1.6079011138855306e-06
14853,4.430530445517545,0.12859580196913978,7.844814452570745e-06
14854,4.314696352240016,0.022594388592473535,2.205477525100217e-07
14855,4.383066900224361,0.3825200071696351,0.00010055225309358696
14857,4.512825218277741,0.12190376995189478,1.0688518888163953e-05
14858,4.494285961205605,-0.1160163754094361,4.711494628471468e-06
14859,4.297618679452218,0.4611305944641737,8.729756558719083e-05
14860,4.5531443729752175,-0.03244334361357559,8.068768022846466e-07
14862,4.390279291592285,-0.1737170966459356,1.9857960243704893e-05
14863,4.360745300688858,0.14239215973408115,1.1372898192954744e-05
14864,4.451323431645524,0.09303461494581011,3.404302215848719e-06
14865,4.518856566941385,0.0833091100264074,2.904250318147664e-06
14866,4.505387874718133,-0.09988888385910943,4.16591919272436e-06
14867,4.4527438247743065,-1.021987640870607,0.0007251042899722815
14868,4.3507210638085585,0.4002795703910724,6.068150520836113e-05
14869,4.57348013615507,-0.060425239074784365,1.752384202905573e-06
14870,4.364873151123452,-0.05407402573793796,1.5075508541411311e-06
14871,4.589533686081362,0.1271778746396368,1.2292948505661075e-05
14873,4.370539584145043,0.1854403576522765,1.3336194002893822e-05
14874,4.431542208874082,-0.015114147482868212,1.2017784371282552e-07
14875,4.625706519168472,-0.27930706213774137,8.157299039708345e-05
14879,4.027161042929634,0.4410432879853001,0.00010777194419513974
14894,4.5430197138934805,0.08586699871192671,4.551236790126001e-06
14895,4.651757688606639,-0.02384801564905814,5.468941867682129e-07
14896,4.31309328071233,0.23550655378736707,3.09308373617437e-05
14897,4.239340364376807,0.4611400014156093,0.00011576652043374126
14898,4.542011940444764,0.27341917102652324,2.7900779813016868e-05
14899,4.481420085635186,-0.04585268403327447,9.638416627887358e-07
14900,4.671882125400582,0.14435903066745048,1.2109714036235724e-05
14904,4.010629385749271,-0.40513154057438605,0.00019347986670920582
14908,4.308704132184776,0.04800469450481604,2.723743427521812e-06
14909,4.129550527162907,-0.32066828065427444,0.0001300457673375102
14910,4.134700971933266,-0.4041998431285099,0.00020479368351647404
14912,4.416168320172145,-0.1148095885657181,1.3470883862038555e-05
14918,4.49082226100029,-0.08045115331726649,2.7490187987925273e-06
14919,3.884634248265253,-0.12576242233128188,5.967311163483768e-05
14920,4.565987483443635,0.2181653580728966,2.020329652572071e-05
14921,4.197587770489761,0.17942632236057587,1.333772605435732e-05
14923,4.402516931268545,0.04599944467416961,8.73202691481216e-07
14926,3.975828432057305,-0.36761688101082335,9.430819026705212e-05
14927,4.445166555471849,0.0033498204708655166,4.483688320613691e-09
14929,4.435780613215993,0.1471439638247789,1.438264937009158e-05
14930,4.42615774934887,0.07697971107406953,5.781735783315652e-06
14931,4.372243209862285,0.15388376878535315,1.608038268023619e-05
14932,4.121399978431188,0.5514288560307179,0.00022166191655077197
14933,3.871564165212366,0.11741988135190873,1.759062856311596e-05
14934,3.8945596831250797,0.13613485202056497,1.6782911292969786e-05
14935,4.405964926331545,0.20518733133409395,3.007624854943339e-05
14936,3.7483746358943657,-0.353866242383007,0.00014998023331999676
14937,4.392228552982485,0.2444403000649773,4.1701732107591075e-05
14939,4.253025378088639,0.053738772084695796,1.8589779507352527e-06
14940,4.251294731340201,0.028145314558579493,5.097904588029974e-07
14941,4.22706567686209,0.009935185761534626,6.331459578596426e-08
14946,4.194183388641794,-0.06222196284838688,2.4764525982188273e-06
14949,4.294560900051116,0.06470874750014932,2.7175119908571756e-06
14952,4.251294731340201,-0.04362148381109776,1.22456081421479e-06
14958,4.253025378088639,-0.0016770670568728718,1.8105045364493403e-09
14964,4.303214133793299,-0.09852151440233303,6.312627701189503e-06
14969,4.450125441677014,-0.28191103088845804,6.921532966508708e-05
14971,4.060665132196852,-0.3206173915085162,6.191899862249328e-05
14973,4.329274693585866,0.26281025285357007,4.1123581396303455e-05
14974,4.35836762570073,0.10868925815772723,6.552844898670919e-06
14977,4.257821405402028,-0.19393605066463593,4.0383989040180006e-05
14980,3.7344398438642794,0.2819431768881091,9.469046037753877e-05
14985,3.4722305408662746,0.5405423676620145,0.0002978731106326811
14986,3.4343062415003045,0.06220131996617573,3.822441668668781e-06
14990,3.5438151751363174,0.6024891260164944,0.0003078712119293951
14991,4.3500192997601985,-0.040563357921151955,9.062771240261467e-07
15004,2.9135591426495413,-0.06285264114580791,5.705076759650547e-06
15011,4.447745572654392,0.1259339462423288,1.3976622673384687e-05
15014,4.561120410662666,-0.10677311440915904,4.980451207009439e-06
15016,4.482385163317922,0.07569341513631933,3.037579232417478e-06
15017,4.547728271108493,0.20327236309113772,1.7195935921829814e-05
15018,4.437396995636858,0.12799232033938868,6.090449222115826e-06
15019,4.557659440003767,0.13093235412339688,9.488474389064482e-06
15022,4.556933082116167,0.06411045302821439,1.5851382987490057e-06
15024,4.297275562755924,-0.008186923741311247,6.366429626199222e-08
15026,3.590898235550631,0.3506835721190593,0.0001305637723680289
15028,3.7873798694724723,0.39314238899068066,0.00018448516484265314
15029,3.9035621242863123,0.9554747856588297,0.001299211577548376
15034,3.9774121729167558,0.5268320944813754,0.0001581626594030218
15039,4.572313736286029,-0.5613507830029789,0.001016871942226151
15040,4.346678837452953,0.6883238130915972,0.00015433650289355653
15041,4.475413834661177,-0.25150406808443293,3.528049735989133e-05
15047,4.124227993465736,0.2234659621276407,6.652077737555143e-05
15051,4.489582800321026,0.08615857497625345,2.963925459304503e-06
15062,4.325209705883072,-0.010391820902640347,6.210622619595598e-08
15064,4.391045309820736,-0.07890480261102084,5.581773581093029e-06
15065,4.4259759220093375,-0.03399895648228757,1.0390909585954124e-06
15066,4.254520864704329,-0.07399860624117593,5.269579393849271e-06
15067,4.562038345193998,0.09572429091326384,4.431883446136381e-06
15072,4.3643823191335995,0.1936962593206415,6.380248671114235e-05
15077,4.387441572947167,-0.38557786351923173,0.00013146487907312126
15087,4.335007910551314,0.043261675244854914,1.7551546975722887e-06
15088,4.386128600802021,-0.2071365645196357,2.210306361046388e-05
15089,4.40199922525393,-0.21842352930388653,2.8428961449462e-05
15100,4.337734082972702,0.11428492352121467,5.9755544270990994e-06
15101,4.330256251275654,0.010948388877972448,5.015280022706279e-08
15107,3.273127506706604,0.2142475711966041,7.234363598002972e-05
15109,3.912755883227681,0.20302395971448473,4.113648451065342e-05
15110,4.387952237549045,-0.019771009697215902,1.469335499355002e-07
15115,4.168056135098763,-0.43038651681539486,0.0006846478535704393
15117,3.705279763926681,0.3705613267308596,0.0005774803220424835
15122,3.6529957376186175,-0.3534620097329624,8.422114849275644e-05
15133,4.165077200954127,1.3222062651065327,0.0005300237567409326
15137,4.168275903494354,-0.23058515131763047,6.474190825996384e-05
15138,4.421101040005131,0.2784698214044452,4.784743272430432e-05
15139,4.235436113958174,-0.04578137193174925,1.028209545470231e-06
15141,3.529279043446176,0.8589781409783419,0.0009332378972365054
15142,3.4270984441670875,0.41664572050776405,0.0001636331194316259
15143,4.180667075763784,0.25962846703407294,5.734993523313237e-05
15159,4.286533054128659,-0.038037812079299904,1.2816353606357716e-06
15161,4.133876631536733,-0.4677541645454131,7.816441654320907e-05
15167,4.306215820146314,-0.1710492634039582,1.1228599921386231e-05
15169,4.242296027962132,-0.3504757298515053,0.00012203113922097554
15171,4.459445476903387,-0.1339891937178992,1.5059512587581378e-05
15172,4.478701373418322,0.1164184767162677,7.096757884539089e-06
15174,4.449580443489378,0.13232111555935955,7.135987024364922e-06
15175,4.535981221544618,-0.28178795838062065,3.184483414060339e-05
15178,4.529862066232953,0.005958041620345078,2.1496192610109287e-08
15180,4.514438062805987,-0.05660846471660541,2.586124554102231e-06
15182,4.6546625451750785,0.08765747896024667,6.644168196932924e-06
15186,4.496681493731538,-0.1993960875127474,2.1515772057556887e-05
15191,4.106909924309867,0.7077104858604315,0.00021619556180765267
15192,3.03050232849212,0.456872749411088,0.0004238979183143321
15194,4.35848695130523,0.15237255521161952,9.509007176475012e-06
15196,4.39951794833439,-0.23907358440776605,6.347218777303329e-05
15198,4.152861883483148,0.6195162214888503,0.00017624221985024775
15199,4.061494187817666,-0.43183409336370104,8.178503281169129e-05
15200,4.547379100481434,1.278325978131572,0.0008073155269441123
15211,4.424012031317182,-0.11321290593166822,5.477606364728304e-06
15221,4.464323979175779,-0.06987482450333982,2.5840748165826067e-06
15223,3.6131381057743117,0.8504685158919929,0.00046531253525441306
15239,2.997440877632533,-0.0067211459020861675,6.715425246982176e-08
15244,4.487556191739454,0.17210217953270668,2.047336961302196e-05
15245,4.433923435060204,-0.12850790275816237,1.0201864940452639e-05
15247,3.4572020986461776,0.5734924364994671,0.00038605027006744907
15253,4.469607849680927,0.17285812105086062,1.2170644577904919e-05
15260,4.654850777501613,0.14998960361504565,1.0622508113927441e-05
15265,4.298090795722504,-0.01450423386187527,2.6003169437236356e-07
15267,4.4084709077601465,0.04587638849336084,8.385336132544319e-07
15274,4.4477354353860665,-0.40996122465235985,0.00042960557991014356
15275,4.54470483954377,-0.1115099182954884,3.303207398478285e-05
15276,4.510332309477092,-0.05598501322358462,1.9878100482829714e-05
15277,2.999536482473941,-0.6107736932388428,0.0009316091584686887
15278,4.454321324847999,0.4487287585683193,8.27351196542481e-05
15279,4.450317805507683,-0.09104815795641752,3.3731713005337957e-06
15282,4.448768561111741,0.16635195572951833,1.0955216035669732e-05
15283,4.388373660436101,0.14314998538369217,8.222575687147694e-06
15284,4.42949193006139,0.2187377453871484,2.5099860829334072e-05
15288,3.9550124614264672,-0.7124201099409504,0.00046901406579013286
15290,3.7477099973183847,0.0589524924519349,1.9123486754926936e-06
15292,3.19849830283285,0.3933194384379548,0.000159483634019092
15296,4.5439714245221445,0.1904710971700858,2.873968873675491e-05
15297,4.524501259800873,0.2795197849323836,5.533186676195575e-05
15299,4.406277887180962,-0.043179262392598616,2.7140367710496775e-06
15301,4.372655792550111,-0.16498254502100718,1.5027343189989504e-05
15302,3.977445480897501,-0.33985932117111517,9.345886828387541e-05
15303,4.258861856163401,-0.0661813932204387,2.9909826869956283e-06
15308,3.738540510736919,0.5641723172172375,0.0003818176268968907
15309,4.34687081252021,-0.22458688160886808,2.4803958159881325e-05
15312,4.536200382012643,0.1422202657150411,9.269593579985281e-06
15313,3.7116173404414714,0.04958277525209098,1.226467372945331e-06
15315,4.260085668601503,0.2452641821043775,6.747069390029812e-05
15316,4.445593188919923,0.03174362555828392,3.2737851658274504e-07
15332,3.30449452748953,-0.7395451700279931,0.0006099839497802849
15333,4.430561778663897,0.4776715818142776,9.486230848560825e-05
15335,4.461267796031055,0.05507117625042124,1.5159328873494067e-06
15338,4.463541909997133,0.041807940708747715,7.246899428512996e-07
15339,3.8195663819213994,0.004717709198739595,2.27900761339723e-08
15342,4.305973609642153,-0.08793757507750222,4.450896951623847e-06
15343,4.457243167906749,0.2258135567384132,3.066544426956178e-05
15350,4.501001407714503,0.04122897849971441,7.393473293628793e-07
15351,4.3856458961706375,0.2094739539639523,3.001653398533859e-05
15358,4.451602351909777,0.25792784940255675,6.468906475546566e-05
15359,3.677172230489679,0.8314870551175688,0.00040684705801424494
15360,3.9130820443858862,0.13870290341741853,1.423190091450614e-05
15362,4.398892728247444,0.081847379362471,3.2548582725365613e-06
15364,4.394570233126531,-0.2217226094164868,2.0622613937600045e-05
15365,4.4282478963003955,0.024935932689814422,3.031383362210404e-07
15367,4.538665572307384,0.19665529814575322,2.0798480617517762e-05
15369,4.278107993878034,0.3691633681286923,0.00019689987656731908
15372,4.011381165806793,-0.6685193611576015,0.00019068521074398103
15374,4.427153879081331,-0.19449770106171815,1.5039586862673986e-05
15375,4.452390695775909,0.28029281051114197,3.535481722102403e-05
15380,4.389342273314333,0.05917410262838185,1.4164859836665287e-06
15381,4.711696806574185,-0.5653925054213733,0.00041043502660609055
15382,3.474452666948134,0.18138693308760212,5.810810158059747e-05
15384,4.1716898524128485,0.15772683198873594,1.4024943809419087e-05
15385,4.508674757811377,0.2336452663239479,2.2892216031886153e-05
15391,4.611606863977801,0.41555773206966506,9.828457875947506e-05
15392,3.3456270982567844,-0.6646055695424935,0.00033638027158735325
15393,4.392020115620306,0.2733039931875325,7.451652968234297e-05
15394,4.1890837459447035,-0.3980990688936137,0.0001655238127307873
15398,4.241065467108811,0.03560065190724426,7.35763087194041e-07
15400,4.3898264033576035,-0.017850104537223466,1.9024235821160362e-07
15402,4.5187585202209055,0.17167150971800904,1.2364408494644202e-05
15426,4.561287518636476,-0.3792373759952694,7.091606157590866e-05
15432,4.373767301643313,-0.011943374286950359,1.0703683973806894e-07
15434,4.4614930516140685,0.019247055995846196,2.08705851492474e-07
15435,4.355798850030237,-0.09735327712771014,4.114493900114965e-06
15440,4.284352596056777,-0.147587317950725,2.1754420772118024e-05
15442,3.845813351240706,-0.197755891647025,4.9554011012295554e-05
15444,4.590724398037919,-0.035795428486574465,5.447102796846028e-07
15446,4.403364587837478,-0.14917132467348093,3.0167308223556715e-05
15456,4.486145009066077,0.2152440346625566,1.8963866701345354e-05
15457,4.323849635407586,0.742535673793161,0.000849225349051236
15469,3.922639929995351,-0.26421968336612345,6.83316862416741e-05
15473,4.066654151073685,-0.3653521769611916,9.23512175149063e-05
15479,4.5536369158542485,0.005489331632436034,1.2723957646240118e-08
15480,4.248974748204036,0.08438671448856461,8.546872496797462e-06
15485,4.416477867178433,-0.10836691545471933,1.453881647305906e-05
15488,4.561989207331085,-0.029389714177828985,3.3543032220577616e-07
15490,3.4940687397284873,-0.5339636438176476,0.00022989616404969247
15491,4.414589792218541,-0.1848405929902368,1.38745694525189e-05
15492,4.462764642079946,0.08053014019005822,6.5929556479889245e-06
15493,4.450054869168864,-0.16233891396622369,1.5554443188592677e-05
15495,4.503884286594625,-0.07545127910658778,9.333532124052658e-06
15501,4.318520123639636,0.6415233843405597,0.00012668286830943415
15503,3.441422926208858,-0.6564116839705196,0.00030386359119464806
15505,4.499998356240839,0.1501451953899835,1.5808096736206483e-05
15507,4.452282436970628,0.2891653673100114,0.00012519143978768565
15508,4.260181349374138,0.4182392983535461,0.0002168594195296921
15510,4.195572130443149,-0.14552782711762813,2.5633168873258195e-05
15514,3.461519892086285,-0.08393237606326309,9.478020469006687e-06
15521,3.0038894608909685,-0.5615424255217643,0.0003633783686007703
15523,4.404999285776087,0.4249131728899105,5.934969378803784e-05
15524,4.561871152207094,0.29949043914140727,3.191291841520716e-05
15527,2.941777513948408,1.0228379415989086,0.0017749428794448655
15529,4.585438972597602,0.36615378086487027,0.00010844295640584378
15532,3.591007016641749,-0.6154774504052773,0.0007132439018086606
15534,4.454496056079602,0.43960542176070216,0.000167227495377075
15535,4.012632893167581,0.3940863540966726,5.372737146570852e-05
15537,4.511077259903488,-0.3123726823571449,5.6509962893870036e-05
15538,4.5959057041669,-0.08066022570679543,5.523865759954953e-06
15541,3.839434523336169,-0.11615364250490012,1.8766490018534402e-05
15543,4.229256869981882,0.09355040503202794,5.86901870000647e-06
15545,3.189151341788081,0.20870713860855972,4.998953234953393e-05
15546,3.7359893213638022,-0.005488192559046201,1.6614470178671313e-08
15547,3.0547678752373186,0.6514602172112309,0.0005521783460915004
15551,3.020243086829982,0.9386635044970144,0.0013318879901382272
15552,4.234530860926628,-0.29294905325693765,0.00011313449547305255
15554,4.443926334852915,-0.1826559013148339,1.393858818188749e-05
15557,3.23015476906261,0.5003463597421463,0.00023127517907013963
15558,4.429958612896883,0.44523871030426854,8.194304708209487e-05
15571,4.524176629241426,0.3936121144884783,6.704141015493681e-05
15578,4.089850977939095,0.18820306635180817,2.337907859924199e-05
15589,4.204105933613203,-0.24329276401562483,6.290343394552334e-05
15598,4.307000803102328,0.5628386810284711,0.0013357660359573952
15599,3.4145303804361586,-0.6419416581963775,0.00034187234605482917
15601,3.3170046451306363,-0.8659995470183173,0.000714921535312492
15602,4.5067442302981116,0.022624242273697526,1.8934744255950274e-07
15605,4.282583050840936,0.10318657011178001,3.9760534413733695e-06
15608,4.4743015188683115,-0.01300170329992234,6.726366298943106e-08
15609,4.555100033799486,0.01961094470389657,1.6216877720435336e-07
15611,4.028525288725976,-0.7589563495422569,0.0008080176505548362
15612,4.298700202460515,-0.362960670415053,0.00014504607620706778
15615,4.42851225495053,-0.2790483935073498,9.601585244490126e-05
15618,3.119678319902804,0.5073257304930445,0.0003480084923741563
15619,3.3171945936928378,0.34636705243680854,0.00013811304846575434
15620,3.1746857645966946,0.52414402037041,0.0003709343073851452
15622,4.135099154857543,0.05152068347372829,1.594216329467903e-06
15623,4.377767943815325,0.053048855027988395,4.978612580770729e-06
15625,4.423686815768096,-0.020632813902138558,1.840067441740125e-07
15632,4.538404664171088,0.2737796912013293,3.433872912649585e-05
15633,4.539127906133985,0.17399942135919844,1.2771683041860031e-05
15634,4.443133052101849,0.48484500831339794,9.498537407783398e-05
15635,4.508917186175237,0.02583053551630865,3.979352387465178e-07
15636,4.5428186014649485,-0.0746142705500148,3.282815368236642e-06
15637,4.220750534488222,-0.22254983281902385,6.582181434469495e-05
15640,4.055050926745113,-0.3031966734697882,0.00010357766416769143
15641,3.909612107460713,0.17130943442924762,1.8592217610087896e-05
15647,4.474426638163837,-0.008518519509252975,4.0779123698035756e-08
15649,4.141853688511941,0.08059087633747541,1.0011909901366898e-05
15654,4.240830258535749,0.11073716865342398,1.6522718405641347e-05
15656,3.5337261152071924,0.7359713344927692,0.0009539471535970428
15661,4.260518250247905,-0.08613098035226852,2.329326154956188e-06
15662,4.374382494853192,0.39205583873102157,6.279104754143527e-05
15666,4.5191517296374455,-0.12223648246981345,6.064892370027157e-06
15669,3.0985560724275554,0.16720333833949574,3.3776759501438944e-05
15670,4.365782665856246,-0.0905064011292449,1.4965999083523336e-05
15672,4.581803681472104,0.2512985725619936,6.107394724906328e-05
15673,4.635988480767825,0.4003145600770086,0.00020826194558145762
15676,4.125485685902486,-0.5336679446316812,0.00030763578684302195
15678,3.4744977288233456,-0.09350305447870966,7.881561770162433e-06
15683,4.040209364628177,0.10925449681500243,6.709969032612925e-06
15685,4.524535337509131,0.04189402016252952,7.111775058570575e-07
15687,4.509273119729434,-0.16157916413605733,1.0887880817431883e-05
15688,4.2746583553055695,0.44829486633890525,0.0007167826870883001
15689,4.521136213910648,-0.05983639834225851,1.4429656045505299e-06
15690,4.092294609570313,-0.059825451066299884,4.283574865104743e-06
15692,4.503801079573272,0.027722566246521474,3.194874011779595e-07
15694,4.066398313582164,0.2144258155825547,0.0001422756425587938
15698,4.422311671293766,-0.16104123775568446,9.973555710244969e-06
15699,4.290393146035408,0.16627703163424012,1.5739810044883133e-05
15702,4.529802556556605,-0.04793058691300711,9.272535334529352e-07
15704,4.518434560572099,0.14971042457738104,1.751670756106013e-05
15705,3.486570557070496,-0.6416611732510886,0.000308988691752841
15709,4.426590846491052,0.056411705522831035,1.4567576019120008e-06
15713,4.418527357767903,0.2571012918687492,2.7809581185540904e-05
15714,4.2988304029226105,0.09190817235329263,1.347565081310052e-05
15717,4.503652043373989,0.1616720654338497,1.8442668445019433e-05
15718,4.693613007157637,0.18387177415111378,0.00013155274561049487
15719,4.631352141181787,0.24155247944838898,4.353766209080628e-05
15720,4.530566579069411,0.26934768371119144,0.00032733076572030273
15736,4.526974771989996,0.17894531709823802,1.3295857006491337e-05
15739,4.557136038784739,0.008253277191507813,7.643900828235216e-07
15741,3.7074049897844064,0.5912400359504244,0.000206822898381719
15742,3.096587317180859,0.05186604339079581,3.1007413417638397e-06
15766,4.525872298316515,0.0742853458480317,3.937870937798508e-06
15769,4.407472246314098,-0.29006241116100195,0.00010305675968804194
15779,4.53729049622866,-0.0231397086277374,2.953523861140226e-07
15788,4.410467778175812,0.042716050814397555,7.28220632416541e-07
15792,4.182686878586716,0.03534915597793464,1.3512533157952918e-06
15798,4.402628724545273,0.19652338911725575,2.3517831086406016e-05
15799,4.486141506526718,-0.07942225926246493,2.4457005882216738e-06
15801,4.499548486470976,0.22251545098861492,2.2359256930047405e-05
15804,3.157818108967495,0.2729380749362047,0.00010742446445781067
15807,3.3766842080486597,1.7334947163838579,0.027524367257850856
15809,3.9821843585946923,0.3339695319284819,5.6456629925919955e-05
15812,4.255379640105561,-0.03734360554091065,5.870412845285315e-07
15813,4.439299187907877,0.09330030524537936,3.763248860250064e-06
15816,4.330345596950781,0.2214238123101957,4.9343396323616197e-05
15817,4.191726346751193,0.387099863897296,0.00017425160670859856
15821,3.3483198351402375,-0.7236512429770783,0.0005662659095393325
15826,4.4368354635196905,-0.263987839809646,2.2038933295102657e-05
15828,3.0679981762102377,0.44652789075892096,0.00239691667913179
15829,4.024089020867096,-0.09816311026995805,4.102405168138709e-06
15830,4.478605923104996,-0.16780679771948215,3.906057617507282e-05
15831,4.371334057145112,-0.34598236640996216,0.00010063877276849017
15850,4.4658477392383285,0.13229783181279853,1.4765006239341636e-05
15851,4.285719172689578,-0.05016444191595326,3.2832721046447424e-06
15855,4.142094322871359,0.29110059837692237,0.0003274597978865591
15856,4.576701063832958,-0.06255027623203535,2.04524122875461e-05
15857,4.540717736851222,-0.4007626633770691,0.00011040708843338632
15859,4.327412803787586,0.4183885119402513,8.061046537583344e-05
15860,4.108673192725783,-0.12899153882382253,7.217261052094338e-06
15861,4.369007944264163,0.010515560191600493,4.190234481886291e-08
15862,4.388029352453593,-0.04033539686021648,8.142867520804379e-07
15863,4.516848170570378,0.18272269083919834,1.31866497624377e-05
15869,4.2326127850035125,0.14941384967036875,2.7148570967843448e-05
15870,3.704479823949467,0.1520304715484202,1.540123692971647e-05
15871,4.346985954504598,0.3562179717548588,5.829902522276506e-05
15872,4.444941152877708,-0.034570045194683985,1.6945160730176185e-06
15883,4.17637345008795,0.14908283309753756,2.3969956217129e-05
15886,4.443320481674615,0.16683724582451553,2.412730162185126e-05
15888,4.289992091518686,0.21314536890425373,2.103995562163702e-05
15889,4.512485479144163,-0.23860100308998522,2.5950956699986573e-05
15890,4.543613500780716,0.374175242949188,6.590837714026347e-05
15891,4.33023754210679,-0.11810994422830579,5.992417798810667e-06
15897,4.516882888997609,0.175382003841416,1.4463803322711616e-05
15909,4.393199150161803,0.20595296350072534,2.4569413077066498e-05
15910,4.360076361908719,0.08375067367060929,4.154152858429406e-06
15911,4.43683216083948,-0.013183851474779296,8.822452145087792e-08
15912,4.418919037902716,0.12437574436728749,6.419007806875751e-06
15914,4.470463515842047,-0.04801496666924976,1.0908742397846577e-06
15916,4.380656446820377,0.23446407002088243,0.00012662637333046392
15920,4.365665505146686,-0.21778017599655541,2.395573070396594e-05
15937,4.290420343314431,-0.040497549273887046,9.718498734882738e-07
15939,4.3695104063984145,-0.39545201005081587,0.00011516749414003678
15941,4.344017834125364,0.19927694814463948,4.438731009001735e-05
15943,2.950311050194364,-0.08241214815025755,1.186111118185976e-05
15946,3.0800224311475444,0.13484537232311755,2.3839669991972973e-05
15947,4.282850761639598,0.6164804628979832,0.00014707059461157115
15953,3.8085454012055693,0.10547560688524982,7.488043329556597e-06
15954,3.3133542723370906,-0.11468115478640906,1.6895259821653355e-05
15956,4.362287618958894,0.1430622317469865,2.6473334166952483e-05
15957,2.822010554707584,0.07390138356419618,2.8404940773278447e-05
15959,4.368477261666142,-0.2559653954885919,2.791878114805444e-05
15962,4.656964019644474,0.3708560992058825,8.517658819640213e-05
15963,4.442755497271551,-0.10024962075995258,4.018796161925501e-06
15964,4.348674619826242,-0.0706205755353384,2.526423859518207e-06
15965,3.128974738702226,0.15193647708542768,2.672714447011984e-05
15966,4.3070999750589065,-0.42966841440037973,6.372966496515831e-05
15969,4.5118281876616555,-0.19567429713848128,1.5236126124576902e-05
15971,4.546698583261971,-0.04911360795381725,9.94821291474514e-07
15972,4.467837423985483,0.24797928208967246,2.9460942832702494e-05
15974,4.2224237711627115,-0.43143909411162173,0.0002469086126704134
15977,3.770088397719805,-0.3622464733389812,0.00016334745881835147
15979,4.446709485865922,0.008799925567762656,3.395502226758836e-08
15983,4.490808732894112,-0.12516557747075474,6.968233153132892e-06
15984,4.0861865865499585,-0.8015230211437547,0.00022456948846492458
15987,4.351977587420311,0.22479312404608187,4.7767147952758835e-05
15988,4.114125365566189,-0.08343083042054467,8.862702911242118e-06
15992,4.142207492940948,-0.18139432334336947,5.096239114604372e-05
15998,4.426184625191579,0.07028614387317145,2.7125143348668327e-06
16002,3.0169432590822165,0.1315101014894382,3.230972608911939e-05
16007,3.160084886083178,0.4615858183373085,0.000296589631615243
16013,2.990066749767284,-0.3159181003407552,0.00044161477523192195
16014,3.9851527598771472,0.3349984710786469,9.771329327270123e-05
16016,3.9724991785621357,-0.00032225031424237827,1.38506013336869e-10
16019,4.422496622509377,-0.26517726112588846,8.792824648603265e-05
16021,3.688675007840433,-0.2611603178609041,0.00022978367262464167
16023,4.710268135344727,-0.02536298133778203,1.0369648395082236e-06
16031,4.339204798596843,0.27194745906879536,0.00010128425559333061
16036,3.579218286362366,0.596706262852158,0.0004084526931086043
16042,4.4739850816889675,-0.09822806002868134,3.6517804612720772e-06
16043,4.517529889291275,0.13356922858521614,9.811241846371791e-06
16051,4.539888367860552,-0.049007328274588424,1.0420201603755126e-06
16053,4.486495367703593,-0.2567461684752885,2.256001294878652e-05
16055,4.2882031150065005,0.011799684188790849,4.852043690405909e-08
16066,4.523366932639688,-0.17179950545051526,1.0073011784474355e-05
16069,4.576746353080936,-0.10396535513859018,4.190897333395086e-06
16071,3.334191239556671,-0.6531697108423802,0.00038878246886926097
16072,4.470084661872348,-0.04883731404518521,8.553275286419258e-07
16074,4.561412325890475,-0.012812491390778113,6.22264287658416e-08
16075,4.523651264206818,0.0354749832798662,6.05378266830522e-07
16076,4.503709353541789,-0.22565530925088595,2.0806673051457273e-05
16078,4.558917938170746,-0.049157936987312745,9.82506750694662e-07
16082,4.694390661331391,0.43491616248236387,9.133130113207824e-05
16083,4.350366530544422,-0.08909609700634036,2.8414087132233448e-05
16085,3.991061937408346,-0.225221442158281,4.7281456728917887e-05
16087,4.416661266976229,-0.23766923069384394,8.54015511173921e-05
16091,4.517640424272108,0.2606423794246284,4.648497547939604e-05
16092,4.5191064259783555,0.19671028009679947,3.651417509873695e-05
16096,4.458564650795634,-0.04940934873349967,1.793606070554927e-06
16104,4.155518883096253,-0.3444217962580671,5.471951586403483e-05
16106,4.467238234046113,0.05672189651643489,1.3796553052028742e-06
16108,3.863434772038366,0.13476592963083256,2.0672311501000685e-05
16109,4.424223377607267,-0.049725009354176564,3.200603194085386e-06
16114,4.238926890203137,-0.29346910868875353,0.0001141383585667161
16117,4.559833844150216,-0.01866898813803708,1.9399733527730703e-07
16121,3.412810814957706,-0.704760613855496,0.0005025784749857941
16123,4.469618363976729,0.034625903421401816,6.974712701711323e-07
16124,4.366041266887671,-0.3733603584420706,7.589860720730334e-05
16131,4.179339898846186,-0.9367475473606688,0.0008509534765959003
16132,4.462864822836757,-0.36353271910361684,0.0005211148055378386
16135,4.494360919734965,0.16529745153719588,1.1653983475473494e-05
16138,3.2226845787316205,-0.7294791261289251,0.0005960783326021677
16139,4.407758132076177,0.0038273048392492015,6.025867937306414e-09
16142,4.187340142204066,-0.7469220473886296,0.0005719471065208481
16148,3.7137654860992804,-0.024886031985344115,5.657112896673381e-07
16152,4.375371344811694,-0.3607917510584562,5.465927555885776e-05
16153,4.339786026527423,-0.2421136742126473,2.3437541649387153e-05
16156,3.480224559593297,-0.546367689757393,0.00027322486459636924
16157,3.6466037304642125,-0.5926025487862456,0.00024244067011343852
16162,3.988776493750887,-0.06285058315374936,4.777021574742766e-06
16164,4.20621370614497,0.5264698001420811,0.00031257151631616873
16170,4.4772594647447335,0.5947844574801655,0.00021737489852399338
16172,4.374718368978241,-0.25730853382514507,9.223497023088363e-05
16173,4.510621762899493,0.10152403682502342,4.263034202160783e-06
16176,4.5389769758739815,0.18929540724809346,1.472670164858611e-05
16189,4.100242688539558,-0.12243194257340928,1.2289845920624773e-05
16190,3.318381356043601,0.7105354008560449,0.00046739040638911635
16194,4.412869699481157,0.2775603304577574,4.718750716760378e-05
16195,4.456903583760387,-0.05018433649613385,1.0276212884250185e-06
16196,4.482684049743331,0.03365492253814484,9.387134310051201e-07
16199,4.585417843245103,0.15602996103553668,1.1483632227894948e-05
16202,4.4975545494422695,0.20019481783891546,1.589716580669036e-05
16206,4.362592306517062,-0.18360027023467662,1.6767323611404493e-05
16210,4.247518749267846,0.6607146112103282,0.0015533238181949112
16211,4.211330178962897,-0.040024575604668655,1.771858445902083e-06
16214,4.544637539986242,0.12725627804475703,7.558628279482065e-06
16215,4.2861516561522786,-0.04915079352865437,1.1775117925862927e-06
16216,4.345533804736923,0.16532570177992678,1.13457154103735e-05
16219,3.1780239581654706,0.11781290783885856,2.4051177325834413e-05
16221,4.52023359415878,-0.3443090449442563,4.632901842623125e-05
16225,4.412581987136466,-0.32157632617987986,0.00011279871638115633
16227,3.2629198871195544,0.9639138581486253,0.0010659789788093836
16228,4.323936476496428,0.5035769406351038,0.00015715248533744257
16232,4.321388009478524,0.5560967718302265,0.0002151437557009694
16234,4.4810082521298185,-0.20851750452424334,7.755495180509547e-05
16242,4.265770980283442,-0.203605316425576,2.075699384328566e-05
16245,4.472300034981754,-0.21952823616513495,1.8587132598687926e-05
16252,3.6333310902792486,-0.15517266748096503,0.00010357909829531784
16256,4.2378519319965156,-0.14017957968173977,1.1282291655197058e-05
16258,4.385819659204872,-0.14305509186449772,1.762164912939228e-05
16260,4.411354380947121,-0.2524712975874497,3.5182980079480046e-05
16261,4.393855297798955,-0.7856437467524731,0.0008015672205619578
16263,4.532877483241373,-0.2047791905930474,1.7721167277833382e-05
16267,3.886582525949924,0.20107304812138027,2.8188103617675416e-05
16268,4.181790184993329,0.45390920602958484,0.00019554720705273148
16271,4.145499743642545,0.0784100229341993,6.729916884872836e-06
16279,4.312925213819466,-0.011566482213039464,6.546490339369372e-08
16283,4.515474828683115,0.050954528988545356,1.133621566139965e-06
16284,4.481255544441296,0.6057233162422939,0.00018736453271787193
16285,4.3920551264632905,-0.08529097628995608,8.373716484840691e-06
16287,4.591634367713542,0.28050484912878826,3.5476933841631977e-05
16298,3.6449830628458777,0.09030276408221427,7.840291479356093e-06
16301,4.033835685159978,0.9687674372390136,0.0004294317190928787
16302,4.429756503174423,-0.019385395491399393,1.5412215065305393e-07
16303,3.6164617122441274,-0.9286142184594368,0.00317450921597135
16306,4.192674329687115,-0.4107600096059896,0.00012591255542505057
16307,4.202205548461936,0.13769615991127448,1.0689504207939993e-05
16308,4.566896887584114,0.30906350318554043,5.471731179630111e-05
16312,4.298588319469539,-0.0761437546201229,6.325936004970643e-06
16315,4.444411850880864,0.23586580759403297,3.694421941961678e-05
16316,4.441267680670772,0.21364459721213347,4.110491357014163e-05
16317,4.408710501405495,0.04795967626415276,2.147091104690267e-06
16318,4.386231947328633,0.0032667021839500876,7.352221300745203e-09
16319,4.398614121835864,-0.2861022556583146,7.601216107717391e-05
16332,4.473771783456974,0.18018856670054895,1.862697656889604e-05
16342,4.407986666583899,0.27876350639661496,2.589716509341143e-05
16343,4.567465456996853,-0.10847778118684293,1.9545861684972094e-05
16344,4.257210976168412,-0.2608468223065148,4.678466440649192e-05
16352,4.428247837469101,-0.27249464711835714,6.333118020187215e-05
16353,4.41306491106823,-0.15887164790423292,1.3752975716480684e-05
16354,3.6350939896432513,-0.6001410029359788,0.00033747517791035827
16358,3.6810631115623678,0.35140604694164557,0.00013532218388910628
16365,4.274749677030648,-0.2857656304663738,9.117930229136425e-05
16366,3.101345304128769,-0.5441179927611426,0.0003407399947707455
16367,4.416667519301594,-0.35795013472264436,0.00015559185154638005
16369,4.1878634490005835,0.14418481586705667,2.7051189031173343e-05
16370,3.191077202448081,0.18309150682615494,3.450394809951681e-05
16372,4.4239099327143085,-0.028226971592941297,3.0452786908643827e-07
16374,4.17109080019125,-0.21984708160982214,6.527548128755666e-05
16378,3.8764652392973713,0.3677350784691069,0.0002121611270155603
16379,3.298369259668713,0.8682959641330137,0.0006983955796562696
16381,3.670885407950125,0.7272606086036402,0.00035772995638824837
16384,3.7812678355425677,0.46149673179780626,0.00013698710727036344
16397,4.398050442284718,0.021994259576684883,2.817248211586533e-07
16398,4.301156432832337,0.14384500100293351,1.8287297178670127e-05
16400,4.554612688127909,0.02933386140855543,2.768138367554146e-06
16405,4.228276143677098,-0.12563277864030198,2.0337828814519415e-05
16406,4.308535238863444,0.26411175541908793,4.0153245032609545e-05
16407,3.9725272408299848,0.24403495411636467,6.089075247493771e-05
16413,4.411168670455996,-0.0751859742835208,2.072738991926056e-06
16428,3.723922367754166,-0.7133014817064245,0.0006196924736384773
16429,4.612871137383516,0.2178397245185062,2.290371036027637e-05
16435,3.754235115279067,0.027679204802058432,1.0529207964389413e-06
16438,4.051827375667688,0.5682314228141534,0.00035848070474673926
16439,4.281854226223512,-0.04919804820389917,2.718398430499287e-06
16443,4.537943784215474,0.044980792825297655,9.575705495509117e-07
16454,4.498451276096843,-0.15854956772363327,2.51612076458885e-05
16455,3.8265447112507593,-0.5051122980574667,0.0003110906787970115
16457,4.4639907807980945,0.0019173378564891763,1.551988444385001e-08
16459,3.3806585819579467,-0.5712558865954489,0.0003175246674595121
16460,4.365159607346844,0.2539134838102388,3.316469921874746e-05
16461,4.358531260804827,0.014706867835975856,1.2532263953176755e-07
16463,4.483517328325887,-0.1102791996850847,1.4184233977836334e-05
16464,4.325746536041807,-0.018982385868472562,1.9688101968651646e-07
16465,4.400480891594742,0.0025731102712152065,8.153216294301887e-09
16467,3.5524731849048607,-0.005733497952047362,2.8519948844973813e-08
16468,3.9364272837807004,0.3374571922734777,0.0001737641722740183
16477,4.15749557173479,-0.3916550764847253,0.00018832254334041093
16486,4.396264976162249,0.173278032182691,4.433456629660094e-05
16487,4.409285266587578,0.20484466077198515,6.158047413109252e-05
16488,4.442516814947507,0.13116270394921337,7.222450579079607e-06
16489,4.388893418267497,-0.12340059984956664,6.893853182431242e-06
16490,4.455513354606452,0.016125438757117472,1.025327805021163e-07
16498,4.271538481080297,0.44874451200829935,0.00034847000862807
16499,2.864255771343849,0.8395122952638383,0.0012815327242970815
16500,4.356908505235466,-0.007921724639784244,2.0145027414030022e-07
16501,3.667899812723496,-0.027685530590840557,4.031317570996223e-07
16502,4.3307912125762265,-0.13811074963326408,1.9161483402782967e-05
16503,4.407044612875822,-0.1978843762251401,3.876753563827125e-05
16505,4.661306541105534,-0.3318898567039499,0.00011733936235776854
16506,4.203577334797434,0.2794252172164491,6.1915103736247e-05
16507,4.441915911310182,-0.3677740564056009,0.0001701045381569491
16510,3.530004823330162,0.016734863622651197,2.0490926284828078e-07
16511,3.619626868137945,0.2133529299497483,5.446685707221717e-05
16516,4.6361445566402155,0.06887096431759243,3.000945682255544e-06
16518,4.305803578600332,0.09111166856729991,2.6482162822496603e-06
16520,3.2968585908413663,0.4896011916114338,0.00022822776114357092
16521,4.369739177534926,0.17568100404739084,1.803574335975193e-05
16523,4.297094178330129,-0.08496658045164462,3.960658290058967e-06
16526,3.8450497559872288,0.3370003866539779,0.00012185694975429688
16532,4.407713198792245,0.01593511057245589,2.3336713242201863e-07
16536,4.403662340910622,0.19145750922396765,1.2132931114836663e-05
16538,3.3254516208512235,0.4496055295037653,0.00025394259825926364
16539,4.631696564118881,-0.18201128097118513,4.549407386250136e-05
16540,4.474933985542186,-0.2642889676239246,4.011802422599194e-05
16546,4.495393015756065,-0.08867376849181152,4.353862560863213e-06
16547,4.558939741438743,0.12226513082534574,6.268437781759601e-06
16552,4.273827216669795,-0.34790130607265723,0.00013954816128809963
16557,4.005422986361408,0.07211445754431178,4.91365392045998e-06
16558,4.499233010279825,0.11489691707973826,1.9179682385122716e-05
16563,4.573323313806179,0.020785924822487978,4.661664597665205e-07
16572,4.37957727302148,-0.3704275568626114,0.00010227065392479288
16574,4.4299588286560985,-0.104502545470611,7.3057962176996184e-06
16577,4.5733798302031765,0.494895243339494,0.0009556503011064214
16578,4.5283950221502565,-0.3342051249584399,0.000409589424381929
16583,3.9414534642278682,0.4178161833233971,0.00011248429233906776
16584,4.177170182731133,-0.329152507278899,8.159235872410983e-05
16587,4.357146988318384,-0.39824039699138725,4.775028183014357e-05
16588,4.3083508291852475,0.14947876890413436,9.249257496501258e-06
16591,3.6383718185748086,-0.7424598803030285,0.0003674290865395854
16592,4.034302052047301,0.5648500616152274,0.0002967505044335838
16593,4.199903801507079,0.5983630144429251,0.0002236253469230497
16595,3.828431172111656,-0.0019660550451567893,2.407056397342874e-09
16596,4.326710322138067,-0.11310233908914835,0.00014414844429511166
16597,4.009680270825145,0.21422949575159933,2.968669345554435e-05
16598,3.489570497411638,0.6375638876334535,0.0004498903820892731
16600,3.568472191209924,0.35547938508349564,7.731591012811964e-05
16602,4.01154192750029,0.07443438505129407,5.208685917643205e-06
16603,3.6781781471015242,0.02558991950616285,3.388604606259276e-07
16604,4.037872557066512,0.48933608745186774,0.00019352734937557
16605,4.054286999185984,-0.19777670368809686,0.0001251528201693569
16606,3.6553751354138764,0.5859516171568697,0.00024063849202976328
16608,3.446883810098808,0.28361731870594786,7.218468562355572e-05
16609,3.8799135599641863,0.2663907411886255,3.616259784650996e-05
16611,2.914711026223394,0.4628764897996276,0.0002699720584255897
16612,3.9956821025089106,-0.2532618814669445,5.105411969637561e-05
16614,4.030451347516412,-0.24853702743528672,2.544830845933445e-05
16616,3.782266028383216,-0.482732300497561,0.00016938178308310327
16617,4.331717175263226,-0.11073996210775938,4.984950201956096e-06
16619,3.9168623041699377,0.7817982249054922,0.0005298314484744113
16620,3.99486693983033,-0.706465052313519,0.00027614701036920866
16623,3.7794312772623186,-0.2981911879266268,6.420397500138739e-05
16624,3.909939550579618,0.24894353278005354,3.721969991183443e-05
16625,3.473220997457589,0.1075162980366442,1.7264802033420196e-05
16627,3.749294669019466,-0.0654277567290742,2.7496414547683984e-06
16628,4.1658885736375435,0.4852105442389476,0.0003231502315003122
16630,3.0783650315008257,0.6828350841927366,0.0005214434293721121
16631,3.6715378673286487,0.48421532302209513,0.00011632495419093927
16632,2.998257696795645,-0.40300298983877925,0.00018323821403698983
16633,3.7562338852876835,0.5007962592115125,0.00016797755758253855
16635,3.9316839695558023,-0.4023865852663313,8.300514940188024e-05
16636,3.603560444495287,0.1341091737880813,1.2790066946029637e-05
16637,3.7361750698194234,0.17784593827139572,1.8824670136586937e-05
16638,3.2744286507857763,0.5277794886351632,0.00028453094854278475
16641,4.389287084994459,0.5336092947937896,0.00020854086104120186
16642,3.766379960464727,0.5511081530715831,0.00029639789255272883
16644,3.885502923610741,0.034488251466581854,6.655244173504432e-07
16645,4.3256647087438305,0.5986862167554126,0.001171133391072075
16647,3.7607963826043007,-0.0496663195555449,1.1849485786719283e-06
16650,4.472571764512734,-0.2829170224863091,5.156481835106738e-05
16652,3.9972159052466636,-0.5346098954558647,0.00018324601441378644
16653,3.9855062828386205,-0.20359196275749492,5.053639711385777e-05
16657,4.338967248313065,0.020302399238200763,2.3344205206868316e-07
16659,3.9932891145828338,0.0067447681680254945,1.907323867297675e-07
16661,4.480400992602597,-0.10338689975225979,3.4956566767169077e-06
16662,4.1822841858943285,0.017920767027249873,2.3443423056479064e-07
16663,4.507790414720663,-0.1969912893351493,3.161760711579033e-05
16665,4.37123283845748,-0.020954902098178962,4.3650674838339675e-07
16666,4.479493195090903,-0.2585159819354361,2.3728014521976355e-05
16668,4.43384218194456,-0.31318031140508573,5.705857531857779e-05
16671,4.4023437276072075,-0.8188247891510976,0.000421620694369219
16672,4.344999102415737,-0.05591046340112449,1.6649761997850645e-06
16673,4.5076281081295635,0.014160468919476976,8.195112172714862e-08
16674,3.6109685550139363,-0.47113593748618854,0.00014367383087750062
16675,3.1522529001002177,-0.7820091586323574,0.0005861978819516346
16676,4.1488956331257585,0.014663998117815602,1.5099613802620827e-07
16677,3.781707154789018,0.6115066692754283,0.0002331575498310026
16678,4.180953787011709,0.29068500635186023,7.32009710561678e-05
16679,4.210209290180893,-0.3881109922807342,0.00017501290815554463
16680,4.408795637015942,-0.09130752347963167,3.9131194883599935e-06
16681,4.346216874485518,-0.263607568481838,2.7294149111730765e-05
16682,4.431292693107804,-0.21620651318957496,1.4580128209868743e-05
16683,4.399838311748457,-0.2269906880384127,2.8156511328485012e-05
16685,4.123673422286226,-0.7026734133278905,0.000331944448876582
16686,3.1941055618587026,-0.796210289060332,0.0005511351629826981
16687,4.444539750995631,0.031660053695500956,4.3704243624188344e-07
16689,4.455948747573413,-0.13979485705023897,7.685589430261576e-06
16695,4.253790674559146,-0.47644257245760135,0.0002743092974259909
16700,4.367154748726251,0.3333256170661656,5.7569057720856344e-05
16701,4.504316366757208,-0.17358302647087687,1.6335203209776794e-05
16702,4.288920290347906,0.11657870051111807,5.503732764124543e-06
16703,4.328883412842577,-0.43910601636175084,0.00020635091433611596
16710,4.406934535347457,-0.08280187909247783,5.832384293013574e-06
16711,4.460628593049725,-0.05879933107966373,1.103840437092439e-06
16713,4.465257560204082,-0.22105724243760339,3.4555022065072334e-05
16717,3.551031288159053,0.5128540665783392,0.0005680917474698297
16721,4.166065781238747,1.3888299127097365,0.0008153171400201652
16723,4.480602745180066,-0.046220880172256784,9.121580538026532e-07
16725,2.933418569572849,0.2611645627263073,8.531466040813211e-05
16727,4.42395526521389,0.17015397341477634,2.8866886581383254e-05
16733,3.159806716405376,0.5896973595249952,0.000512260684814639
16734,4.348768582574975,0.15768563047395912,1.408032287153286e-05
16735,4.522714933739254,0.2755518822107508,6.708824556840725e-05
16737,4.47062125726015,-0.2855223317695845,4.542701405913207e-05
16738,4.4647491811244295,0.2118110009503349,1.8336900822976995e-05
16739,4.46920132328604,0.24929754800905446,4.3441744280302286e-05
16740,4.494018240884594,0.3058960218960092,7.002096514083903e-05
16741,4.485614521648432,0.208481873534061,3.114308876435272e-05
16744,4.288171855011316,-0.23464928730947054,6.503261776047182e-05
16745,4.48910772744512,0.14075507113334318,1.375580212695866e-05
16746,4.538187849777514,0.17852371094348474,2.349757818701446e-05
16748,4.203456285664226,-0.31367888918339926,0.00011668014732629168
16751,4.1695220833567666,-0.04886021281729214,2.7250140264183708e-06
16753,4.2724897960315875,0.20598273691054647,3.6647440514640305e-05
16754,4.243166348779479,0.1413571660929902,1.621860238041081e-05
16756,4.414421670706182,-0.04624044285435325,1.0368684652228807e-06
16757,4.362544597542402,-0.04772671256197025,1.116874559234077e-06
16758,4.361324414256614,-0.03454625381321019,5.769025778116933e-07
16760,4.486546960372864,-0.1947185936171305,1.663516647198218e-05
16763,4.414847839962589,-0.03657825416641991,5.796754466019234e-07
16764,4.504645856122426,0.14454121528243924,8.495922631359829e-06
16765,4.504562245379064,-0.08451754351766105,2.8464409265606744e-06
16767,4.097366330270092,-0.7474622429954874,0.00022731551760897309
16769,4.471293979823344,0.1653748732241178,1.466593509037749e-05
16771,4.397891306491627,-0.10060590027283656,4.96623542270351e-06
16772,4.287067602241327,-0.41795209782445797,6.973050633875459e-05
16773,4.500335797227237,0.12463701605703381,6.152442286211518e-06
16780,4.662094279118208,-0.1689735969387396,5.2062874321422815e-05
16782,4.3904986108010835,-0.06504232761559603,1.6667673537759859e-06
16784,3.483388933096379,-0.9737896707180069,0.001237777856832748
16788,4.214119920780596,-0.4884264935439435,9.98746119083309e-05
16794,3.285969115593323,-0.6397943182092005,0.0005730000827337237
16795,4.28810288690619,-0.0381800928656455,1.093530243487117e-06
16797,4.366984058408399,-0.14161123377989426,1.2878586065295335e-05
16799,4.425221094772816,0.15872545476364852,1.303011424617083e-05
16800,4.445795042799214,0.05067572626553574,1.0388669272542155e-06
16801,4.4808163023788925,-0.08390105521126046,2.8234961009071054e-06
16802,4.462872365480619,0.009908632461726796,3.949032452861365e-08
16803,4.5003725901013,0.1780480576263841,1.4409100679522945e-05
16819,4.210992784983066,-0.02133804295664099,7.076095121551361e-07
16820,4.303291727529356,-0.01970516566872682,5.635866265044958e-07
16822,4.345892636618571,0.0260836622018088,9.388758073110854e-07
16826,4.49226298672996,0.23157872897562992,3.75917655812231e-05
16827,4.346332383277338,0.06646591006329672,1.8038089556387278e-06
16828,4.340811414080816,0.0235602853543444,2.2814433853669327e-07
16829,4.290622658376155,-0.06671289179941109,1.8244530335278504e-06
16830,4.309988357291535,0.1605069253699547,1.0730106317783098e-05
16831,4.323998310114758,-0.2704757424129127,0.00011798258024881701
16834,4.3463400886528945,0.21592259632391997,1.8278390962336524e-05
16835,4.4910616395914404,-0.07826334625080555,3.1601824806752896e-06
16836,4.439454748381662,0.11547422116968242,1.7945937095292835e-05
16839,4.565090488530269,0.1507262175448858,1.0345690549279187e-05
16840,4.274114112092897,0.19064392017844956,1.6908008174030596e-05
16847,4.110121481906661,-0.16273133264122341,3.80000537213594e-05
16848,4.39030678869005,-0.4467851162025327,0.00010814901910843154
16851,4.38643070051299,-0.2609105208224394,6.858591722997717e-05
16853,4.852171886049791,-0.480195587229411,0.0003673344370754352
16858,4.2885356769308896,0.01822847324244492,3.5475965857494064e-06
16860,3.9497585595970635,-0.17470140924207467,1.2099128399999443e-05
16867,4.422719450772474,-0.036949829819758584,5.464190035355447e-07
16878,4.4874160143039115,0.408182469803986,7.398462323158123e-05
16879,4.330521310507799,-0.10222877577595924,8.015416279428168e-06
16895,4.294001344196841,-0.11042564824679779,5.900930531604242e-06
16896,4.297098819266763,0.03888387690571182,1.793513051939571e-06
16897,3.766628090999768,0.3409616979723533,0.00023589961648001274
16898,4.381975084558211,0.2852304923493332,5.296330417761604e-05
16899,4.368735914020638,0.19665340195560876,1.7425471148598295e-05
16900,3.247434567334758,0.33330272815947515,0.0017146615915934426
16904,4.068082338061339,-0.48456339960522943,8.084812578139274e-05
16905,3.636480344915746,1.1642566246163208,0.0010968906413293571
16906,3.2649740165216405,0.4037027302747762,0.0001505945866419066
16907,4.325488164322966,-0.5527272262283276,0.0003457114561169361
16915,4.322134105028276,0.009914159839364167,5.42614417748982e-08
16918,4.471412620175758,-0.008958736389261368,5.821488204433141e-08
16922,4.316474273861683,-0.20396240768413332,1.4060763948841825e-05
16926,4.365733764117255,-0.25158657459897515,7.459402593827466e-05
16928,4.436648295200847,0.12978106247081378,1.2808049558452724e-05
16932,4.392950540077875,0.04498372653430316,1.382419701846011e-06
16943,3.8528907031836,0.24478164913117562,5.642882464488724e-05
16946,3.8550659215452208,-0.022086123457527584,5.72950395905643e-07
16947,4.311470292260056,0.3174164203453511,0.0001851125200819433
16949,4.0622159994380285,0.27245693885238254,8.680835821418942e-05
16950,3.4529223446324666,0.8632315458907076,0.0006337898934368975
16954,4.0362084191054945,0.130456804696232,2.281094102792859e-05
16961,4.4626000208757,0.15942728217881363,1.8071153657418654e-05
16963,4.429928596312117,0.11230178990209971,1.65055741736566e-05
16964,3.370846512318376,0.2319302427421488,6.0479935204267077e-05
16965,3.7093792615051093,-0.14549629756585825,1.9637108674794724e-05
16968,3.8143155673181037,-0.03696746521655925,1.4148884835124516e-06
16971,4.443357376292932,0.11576887119375279,6.685778337472897e-06
16973,3.9200038175565384,-0.2261368219315627,3.090499832598156e-05
16975,4.643279266934655,-0.2600034128603417,0.00024430842235846086
16976,4.2203417925344535,0.2938089950664695,0.00012195630152910034
16986,3.569058598824456,0.841312508858568,0.0008280443927819311
16988,4.400474292532962,-0.1548402827646358,1.166069236827249e-05
16989,4.249758099062241,0.025518165664760062,1.3187098585745418e-06
16991,3.460447117116126,0.9608002307110368,0.003839269933146861
16995,4.043346060514808,-0.24113792109386845,0.00018739839400283743
16997,3.8394696781934816,0.13646665297831717,2.445538290848421e-05
17003,4.023800329968049,-0.06871783507945572,2.045323670164958e-06
17008,3.15557424763325,0.5677066331980187,0.0003959612280935267
17009,3.1679108382088974,0.378828848743916,0.00019615251375097747
17014,4.410406464081875,0.572514991446865,0.0011894503581918105
17018,3.165036624086453,0.28812049650641347,0.00010157735127276688
17019,4.1847553678291325,-0.10383382593917201,1.036929644258442e-05
17021,4.333535388664863,-0.009402732409884429,9.362019550505902e-08
17024,4.265318525865925,-0.35529752310845186,0.00012859003802486807
17026,4.168205603951093,0.203770694869287,3.3938707439925636e-05
17030,4.499772364304648,-0.028133570941078823,8.067183189882148e-07
17031,4.375672962317686,-0.24692697337825287,7.786573337366639e-05
17033,4.46694416104731,-0.3626492679720412,0.00013824804597826164
17034,4.471363900618122,-0.28019515376048076,8.979594679140696e-05
17035,4.488117313169614,-0.01533631522726786,2.870604481832922e-07
17036,4.31776580242432,-0.3588592110973239,0.0001649602971049271
17037,4.340037858671796,-0.5157537675516566,0.00033788464206789873
17038,4.485354245547149,-0.17053636056671717,4.251634334079325e-05
17039,4.435397876858558,-0.28593401541537844,0.00010549863229023247
17040,4.221848960237273,-0.137554733868674,2.4056110128878024e-05
17043,4.7554906966751025,-0.19741211822086147,0.00010435521107297584
17045,3.0887140073170385,-0.025323085289232772,1.0699682210442396e-06
17053,4.323596811475779,-0.300032431314726,0.00011024955145205398
17060,3.3676330769242084,-0.5888138049337912,0.0005693962391232256
17065,4.400050220556588,0.13254927259666793,8.769856203962088e-06
17066,4.544073932541056,0.060095753113452055,1.2524888726279756e-06
17068,4.4993126799968515,0.1167974460295742,5.836056201572394e-06
17071,4.444593862134605,-0.04031661852590318,1.4596563200269802e-06
17073,4.280102408788804,-0.2248452352747501,2.2461128352347343e-05
17077,4.344711937432977,-0.03929640513093524,1.0220510465619716e-06
17082,4.420720138720106,0.09780224054231379,3.925366308198428e-06
17083,4.4011412676038395,0.03797433405416939,5.766338961279831e-07
17084,4.217996157607709,0.6663197698098768,0.0003037707521803829
17089,4.484932071572101,-0.14633499482555568,2.68985406179416e-05
17090,4.470977784180083,-0.15082655322428895,1.3350355206659866e-05
17091,3.302787851297308,-0.5555169370418169,0.0003497849960381436
17092,4.409069381747769,-0.12135342654512904,1.3900786994529762e-05
17095,4.235559773130746,-0.47902167054299527,0.0002755302059938131
17107,4.613446831000524,0.10326472972047451,1.7928509403126155e-05
17110,4.398587739369745,-0.04187891268015331,2.290300947310265e-06
17112,4.261912652893784,0.511311118090557,0.00011794903480679406
17116,4.450531490270371,-0.11717002757777006,1.2500547781442538e-05
17117,4.423533653666799,-0.041507018992917644,8.777331527846472e-07
17120,4.026396886270284,-0.08093910475590027,3.0137841365288583e-05
17121,4.524078246440708,0.28321612363751747,0.0003679885384527756
17123,4.437371687261973,0.24197789690036942,3.070647013748177e-05
17125,4.329242711681718,0.011961928471908578,1.8348576950970307e-07
17126,4.389615819240225,-0.02270282237639165,8.218856810682686e-07
17127,4.434275344595891,0.17787045512862587,1.0320270386774505e-05
17128,4.358586135400471,0.3802404354002942,5.587458040492591e-05
17129,4.329627083502896,-0.03506647461029022,5.84585728208876e-07
17132,4.554785354128006,0.34752206308262146,0.0001099326456205273
17133,4.401349916125923,-0.12885916852034818,2.0978816650267773e-05
17135,4.366311524208329,0.13349814612193622,7.1528725647534576e-06
17136,4.2718906635653875,0.12748460944310747,6.886630658493462e-06
17137,4.529327522457988,-0.06687363867149188,4.730458454654708e-06
17139,4.188424743508587,0.31802946954034716,0.00012058721227340887
17140,3.42984005832506,-0.14517649291885615,4.2145779426316034e-05
17141,4.647839443032825,0.2808624683007448,0.00017205942039502035
17142,4.441425505240708,0.4322439337823907,7.520720697546059e-05
17144,4.372999889028471,0.00777596374375733,6.597982417562533e-08
17147,4.220059480416872,0.11592321575560316,6.6207344501265105e-06
17148,4.480620269586226,-0.09734441551191253,3.672295266237966e-06
17149,4.37630531506581,-0.3193165393874784,4.572067512311357e-05
17151,4.406573130856169,0.3047572509603125,3.9805237687812814e-05
17152,4.40507640032144,-0.021800546247126462,6.763910353290122e-07
17153,4.340176266577498,0.28086726856688315,0.00011801478295408745
17154,4.65692642139051,-0.2661878461146072,8.185150267990096e-05
17156,4.393827059837531,-0.023114185063922932,2.3107620194823066e-07
17158,4.424699378810233,0.11219196642456364,5.002814380025123e-06
17159,4.308888349540936,-0.2029446514754838,4.389063361504452e-05
17160,4.370441813621557,0.10461968701951374,4.158573771304121e-06
17161,4.37770134496325,0.16346351104892864,1.0442012311711354e-05
17162,4.519418829077866,-0.3102585924271839,0.00019482175107805307
17179,4.471897811282225,-0.2642245637531211,8.984322179321342e-05
17185,4.581102730456488,0.05168262256457723,1.1908692200357641e-06
17188,4.364554419374226,-0.09485696967426449,3.6336858277905735e-06
17191,4.309450301129568,-0.1631459999767566,1.5553432227751706e-05
17196,3.3622445916666623,-0.5710794838539455,0.000429033394226831
17197,4.341959160626827,-0.009910895759186467,4.7541458968348224e-08
17198,4.335298684400764,0.39031765466319435,0.0005335098065849791
17200,4.428148847578191,0.27596128626480443,2.9575952864372374e-05
17201,3.4624481459541703,-0.09515231596769613,7.350700574294868e-06
17202,4.468786116502694,0.2647772842537961,3.313681273075776e-05
17203,4.523936309280701,0.28743470729128884,3.782919692201764e-05
17204,3.3387519326262534,0.0005700453178145715,3.0486363787971565e-10
17206,4.523074041702126,0.1553466060255584,1.0972251410841557e-05
17207,4.562775958810687,0.22970332548239814,2.2084831707519906e-05
17208,4.527360591673562,0.20620280908292798,1.7669867883465188e-05
17209,4.523223423004045,0.2006182927015452,1.7643702821489697e-05
17212,4.561970424871465,0.37178382488883344,8.211284787537927e-05
17215,4.2535343737520455,-0.04140677587356123,6.195123784512955e-07
17216,3.2227041771491143,-0.5694622125418993,0.0002681537679658953
17217,3.319460201429375,-0.6316127076446842,0.0006246369223869286
17224,4.4486252326171964,-0.21451872801993677,2.421607473300033e-05
17231,4.237285630365213,-0.09098132921240154,4.565601329101992e-06
17232,4.43749849848385,0.10473188773036668,6.502262354206481e-06
17244,4.513845728534625,0.4412768556313713,0.0001613106825344132
17247,4.025841674315388,-0.1118206662245691,1.4601215864846698e-05
17249,4.476614589496957,-0.249780844228777,4.88361409897924e-05
17250,4.52177103139145,0.06625299576167087,2.1662607237614642e-06
17253,4.450911751323172,-0.3716808269111196,0.00011444729516026674
17267,4.204890871922127,-0.06334470821573213,3.1337529651555304e-06
17269,3.8886083816592896,0.34694634911433475,0.0002067687463261527
17272,4.411225797124145,-0.22917565448293864,2.4465253596596607e-05
17276,3.4324533687193455,-0.4120284825749829,0.00013136825824546533
17277,4.2573196745768875,-0.13179949488633724,1.941569170567886e-05
17280,4.218192150683245,0.15125570178377679,2.2373115838804726e-05
17281,4.226351930850307,-0.24293892933548822,9.718832220731498e-05
17290,3.0185211781537937,0.45963724464448985,0.00030780864056065694
17304,4.462719793726067,0.1583237414183145,2.2922146193603676e-05
17309,3.8146942490904294,0.23185964929532243,0.00016638749474352706
17316,4.388189387020531,0.16358002224044554,1.5126625774677496e-05
17318,3.7712672042561306,0.7645529035971674,0.0004330548348819028
17320,4.315846456449159,-0.08901271118097931,9.610711803165536e-06
17321,4.274074229542678,0.2552942430291312,5.835645149732211e-05
17322,4.108667281881172,0.32333928509773013,0.0011302441778632843
17323,4.176269196813109,-0.10042810615556874,0.00010980037594680424
17324,4.15550143583187,0.240181525289497,0.000628083694972728
17326,4.414708308307363,0.35087859908663344,5.231911444246377e-05
17327,4.372157211403199,0.034562035861054774,4.519709763321352e-07
17328,4.276370324110134,0.24867381739867245,3.11061435712503e-05
17329,4.344805525478165,0.3382511991669972,4.89236407734878e-05
17330,4.438721332924517,0.14624614574605488,8.635623953073326e-06
17331,4.319467039878999,0.06380881419531459,1.7925910804538289e-06
17333,4.39942850792517,-0.20825976106752897,4.5464645416744514e-05
17336,4.380243701800212,0.010494873475691335,7.612582416932722e-08
17337,4.376987801214195,0.4913155843042647,0.00010045601550610107
17338,4.367038226002094,-0.025833585848467955,6.498612918946356e-07
17339,4.39304108625585,0.05313336824178361,2.7361937217682116e-06
17340,4.296041800795984,-0.18845201182386262,5.119043903352362e-05
17341,4.4479859627502,0.07380261429884083,6.199376120602679e-06
17343,3.3439018314469564,-0.2758488963133394,0.0001197627280034025
17344,4.2849876383790475,0.004101000635564844,1.859814920619285e-08
17350,4.235260095173024,-0.16623334093521347,3.3198481792630066e-05
17351,4.304536866950832,-0.17740248190574004,4.122181234184921e-05
17352,4.348635594043051,0.3260606545936504,9.563184182268252e-05
17357,4.280050928532045,0.11439822614039397,4.968674707973964e-06
17358,3.98235710070784,-0.04077529303814975,1.601780674995536e-06
17360,3.6418230791848556,1.417602379080832,0.004568837455867027
17369,3.485308878501518,0.5664760693017867,0.00035424933874658
17370,3.535728716780168,0.35813031802030704,0.00015826485425164956
17373,4.137921570609597,-0.37904974467562624,6.665771821173743e-05
17375,4.406136877991222,-0.03795565013939317,1.173006921586571e-06
17379,4.672540964488007,-0.16058316022209507,2.094490007591787e-05
17380,4.546571643696444,-0.030232671414967882,8.349299232543138e-07
17382,4.3116414650516015,-0.13111920658844856,1.1836554044461507e-05
17383,4.240536576424039,-0.3651775553674841,0.0001598639711607455
17386,4.400347125775323,0.1493103502825095,1.3789276911096671e-05
17397,3.234032160777497,0.5569525162735927,0.0003884609084523053
17403,3.2742786735564877,0.3257695668508327,0.00012097912965309143
17405,4.362655845199446,-0.003386197648180378,4.486508173498527e-09
17407,4.437671632734903,-0.11089347229149915,4.8645206805440664e-06
17408,4.376127779721042,-0.11485734618296028,4.977961076753019e-06
17409,4.422143673922896,0.13488613673726046,9.237922072369475e-06
17412,3.717709474267732,0.20624210202568793,3.9787604820368685e-05
17414,3.5574667703648815,0.38022398181184247,0.00014287917516064329
17422,4.126971675992934,0.3320159998170764,0.00011681639196739863
17424,4.133372205216946,-0.027428507151493697,8.718274799675144e-07
17425,4.026822858886371,-0.23809806980271864,6.905898588766326e-05
17429,3.9118634151819736,0.283833641300415,0.00012636558510939884
17435,4.383311285653167,0.2347751256014705,2.0420780149489536e-05
17441,3.913982014615922,-0.01403159042204516,2.2036985348680318e-07
17463,4.551369482282926,-0.05601416230204137,1.78654447633328e-06
17471,4.418703880305694,-0.11059292858198067,9.736814146525429e-06
17485,4.473921314579606,0.16371606154598695,2.4383285726271314e-05
17486,4.465051386791533,0.1168501722572044,1.0029879936148734e-05
17487,4.460281471445082,0.17832349062924635,4.897649417176177e-05
17488,4.477159291639509,-0.12430403426590786,6.1886549551811625e-06
17489,4.630099147866614,1.0852824626329394,0.0008218712100197834
17490,4.555716833233045,0.16545702851135324,1.9860217055737668e-05
17491,4.536552021643156,-0.05354946962927265,2.035749013191023e-06
17492,4.470299491363235,-0.08952363859100654,5.4476500152284965e-06
17493,4.457039860480869,0.16104655077376862,1.810265077823014e-05
17494,4.588650260926804,0.24842498204407004,4.044983507613089e-05
17506,4.540096359539087,0.21607669998553192,2.9816809909196404e-05
17509,4.3690961071008925,0.08873349098848937,5.907725141479096e-06
17510,4.551639700488208,0.19503004777358335,2.8194853189093337e-05
17511,4.43476771548378,-0.0678547186199463,3.157241270682539e-06
17512,4.549873277503307,0.1721906599562839,1.8397016484131484e-05
17514,4.300020848460388,-0.05295519922062386,2.0187116226190776e-06
17516,4.439282325062708,-0.22715472718422358,6.415555574055221e-05
17519,4.225680847719469,0.3197393338628478,7.207745730942245e-05
17525,4.386179148730155,0.6946039052681829,0.0011758237124152924
17529,4.346699442287201,-0.19094625193645687,1.4495241171881916e-05
17531,4.4507945987329185,0.1945573768880049,2.5326576635368294e-05
17533,4.417262700580262,-0.009324684121879478,6.063527613634477e-08
17534,3.9276234410505304,-0.9520938748140586,0.000984736690131992
17542,4.6185465964480645,-0.4093863597973826,9.197488731443708e-05
17546,4.406922236723027,-0.12471593733135578,1.3356050954611931e-05
17547,4.4062203026977524,0.24487881517873866,3.806504141522772e-05
17550,4.450181965899349,-0.16246601069670863,1.1662618408412226e-05
17553,4.408482811213028,-0.04793520821626984,1.5517667221482563e-06
17554,3.217523568250958,0.13238051902364667,2.905804784737789e-05
17562,4.435843097732392,-0.34149853551029175,0.0001409215823711034
17567,3.8273807965739843,0.037550601320311294,1.4914211742073458e-06
17573,4.222685721318058,-0.10040179040671582,5.88574332557518e-06
17585,4.100587157715925,-0.42682134141203676,0.0006108664716574369
17587,3.9709421969983274,-0.2745907280456903,4.28718897539516e-05
17593,3.204950276434527,0.43000083565385383,0.00021480308912618268
17595,4.038993245168344,-1.5879881470560249,0.0034441614790066406
17599,4.228893899580487,-0.27189752850960947,9.214255751120266e-05
17601,3.3754408325958445,0.13908523437331421,4.230836731320704e-05
17602,3.449629401191012,-0.7152618917714282,0.0006498798994545103
17604,4.382775876218895,-0.04157123606526891,9.033154129265373e-07
17606,4.45933777377937,-0.1039118209026677,9.27473390468958e-06
17607,4.239639575013994,0.08184055979185345,6.2859456811410744e-06
17608,4.385210653981823,-0.1438839014110771,6.789017572911326e-06
17609,4.40423429044902,-0.26427921697486756,5.5087320670445915e-05
17611,4.2465415005123335,-0.4244432026121743,6.090423854151391e-05
17614,4.096632152111676,0.685847048846826,0.0004268991124445476
17615,4.442122118044553,0.10753535801327896,1.3707083292121794e-05
17616,4.438876705862895,0.053124782019558836,1.908053695925913e-06
17617,4.164772724861519,-0.3361313283724243,0.0001026007156146796
17622,4.392655058052703,-0.06060679318506246,1.5345631240892158e-06
17623,4.428189942024766,0.03771817662981736,5.943354070580578e-07
17624,4.3310162401404,-0.02560070783835844,3.418782859950006e-07
17625,4.453370919176336,-0.1850730498307973,1.3298094856876235e-05
17628,4.333294148578602,0.4280247198994207,6.517414982183016e-05
17634,3.750311915717197,0.08698754351501226,7.02718632426587e-06
17640,3.785839608626086,-0.05533847982133011,2.618468066732299e-06
17645,3.965327975565402,0.17939279398176566,4.095038774165549e-05
17649,4.603090474291599,0.108239907524883,7.353487090358607e-06
17651,3.3225836964079116,-0.44901905682812826,0.00022272882682908903
17652,3.162212661806182,-0.17653072410569237,4.218039137804412e-05
17654,4.473499954882346,-0.29757540566782215,3.040073112055559e-05
17655,4.3882408555684425,-0.16433108899169824,1.1335924456230309e-05
17656,4.127951918543739,-0.38790417785540354,0.0001738143633508443
17661,3.277016345113789,0.2225169372692286,0.00012725543017024743
17668,3.354378866370127,-0.1475756227361953,3.5190030446690796e-05
17669,4.0957791804627455,-0.05977019525360827,1.7319259784003454e-06
17670,3.5948683841281204,-0.48135307491774615,0.00011814829527906766
17672,3.029466716786233,0.378375207594591,0.0001890750396101406
17678,3.809530540489573,-0.093522418987384,7.663896246845867e-06
17679,4.450803148742031,-0.12402498829862729,7.92637085421615e-06
17683,4.347949732598357,-0.25027738028358115,3.491194736309e-05
17684,4.4595957299840405,-0.32603045460865854,7.123357044536452e-05
17685,4.3399095969875185,-0.026429504848747065,4.066540233472271e-07
17686,3.9227991292304054,0.12375476915534644,2.2216888710081284e-05
17687,3.756535340558155,0.06556295734200424,2.2694371807547474e-06
17690,4.188381730857629,0.13575092539734968,3.399181898404646e-05
17695,4.382007664482856,-0.35844328432180284,0.0001251283528790365
17697,4.3960256244114895,0.0524907515312254,1.7591133900148314e-06
17699,4.467258371107464,0.10124783050903563,1.0755289945342319e-05
17701,4.467570488984879,0.20245066932282896,2.5632100438862916e-05
17703,4.27413517694637,0.2648952065371768,6.760318717508532e-05
17706,4.266143201976406,-0.16184830890113666,1.5769217233402718e-05
17707,4.407527532591591,0.05952935126686576,1.853318684250485e-06
17710,4.433501854470398,0.12562439301628636,1.113763409612952e-05
17714,4.378168433381003,-0.19917639709861756,3.529297268147201e-05
17715,4.565713031316375,0.08824731884114811,3.0322274562490204e-05
17716,4.2861761948847805,-0.1414554253376128,1.1887650700642973e-05
17717,4.224266218547914,-0.3934532685453114,0.00010215490318187919
17718,4.420017594590901,-0.06459164171419829,4.07211263342769e-06
17720,3.6378775482271077,-0.5559675784320643,0.0005019139280515298
17721,4.579168033362118,0.21909878258788673,4.191072209277893e-05
17724,4.46004773581557,-0.061901719261804544,1.5636543017073503e-06
17726,4.189768214614889,-0.19524398767499962,4.691910666023836e-05
17731,4.717490246094619,0.8288583872754067,0.0008777526285820761
17732,4.202238781014264,0.19590723553950085,4.729408232544711e-05
17735,4.342992598852055,0.030245529788747838,3.535257037672314e-07
17736,4.315966694784413,-0.30863350955194147,6.582346990054143e-05
17738,4.3629372493704315,0.11780285823948322,5.478369307671345e-06
17741,4.43623131468327,-0.055455461911041226,9.805799962350485e-07
17742,4.434442228679233,-0.1959973224833753,4.083893030679137e-05
17745,4.400546018614237,-0.10871765185850357,1.1339527409497036e-05
17746,3.55493979051283,0.5850152829613227,0.00044449404692224867
17748,4.543149285177147,0.2567649776034555,2.9322691116166203e-05
17752,4.432304606935908,-0.044047422511390266,2.3335529184828288e-06
17754,4.036870115293321,0.1558103476496413,2.3303433556075593e-05
17758,3.9456984293244624,-0.11488547932185966,1.2354763878087092e-05
17759,4.366988597317004,0.04943946407420974,1.137095286850385e-06
17762,3.9421196992248886,0.19942646448150647,2.0345168217210617e-05
17764,3.626437148414408,0.22583585260796424,5.802328473940394e-05
17772,4.253027134979345,-0.4508189955584059,0.00017873698888622354
17775,4.695995993169479,-0.18075051470937442,6.085922199719236e-05
17777,4.3166402798997305,0.05280757256729096,2.0823372320240493e-06
17778,4.354072663463706,0.19240852617570603,1.8235241053353846e-05
17782,4.259799102817814,0.012691644787761192,2.3727047269535518e-07
17785,4.4718565095523015,0.33216453518095523,4.454579760747255e-05
17788,4.275967232070076,-0.12492732617142988,1.949539298054269e-05
17798,4.577765705506496,0.572051652723097,0.0001460358589361004
17799,4.44835828441736,0.3432914685133497,0.00010573606286015468
17801,3.594843645566963,-0.5221503308768436,0.00038707967070553795
17804,4.266046760562845,0.36965263046006935,0.00019059056483408795
17817,4.431089455698114,-0.15164940979933306,3.802471766548412e-05
17818,4.351439950372644,0.3891348726216508,8.332651277973493e-05
17820,4.405017048664299,0.4540198612808428,0.0001054197343718543
17821,3.3988477525735314,0.06061853721259958,7.536573060895354e-06
17822,3.575127927012612,-0.8538324991603816,0.0006259316131528595
17828,4.123148743260433,0.7358881666847088,0.0004356470646287451
17831,4.411758023719833,-0.06925214720823458,5.2382540833282565e-06
17833,4.178281623017373,-0.31755191197677757,4.229479492290761e-05
17834,4.568487283010315,-0.0854847309964315,3.0633732964642807e-06
17836,4.528972421022409,-0.09934680754924852,4.141982328776938e-06
17842,4.28995700031304,0.03285027470087076,4.707183114115483e-06
17845,4.290888188940737,-0.014222069924681335,8.880643724894781e-07
17847,4.355345191900551,-0.12997236727204609,1.3048213657982228e-05
17849,3.970855086101727,0.5007837072618422,0.0002551496547021445
17851,4.618622908820476,0.2984340383162136,6.203648534809029e-05
17880,4.313406530758864,0.2987392689656527,3.5617837656935434e-05
17892,4.759267524785789,0.18665145459077515,2.9222783744805836e-05
17905,4.504607717616549,-0.05609134167383445,2.4795002341350555e-06
17907,3.5844592446230275,0.4301203491302106,0.00021626839871637435
17909,4.3832823771736935,0.11652729315657151,1.730128079327744e-05
17929,4.335902269018508,0.8254492424563713,0.000312228845338659
17951,3.0401293089108927,0.4950160452610013,0.00042256148284234457
17968,3.503456504726594,-0.41696986790413915,0.0001884525787306297
17970,4.313213020763744,-0.251047356905878,7.170389669327199e-05
17978,3.967943528360462,0.4616820851126988,0.0002388544800990171
17980,4.256015132372356,-0.2059708290468354,5.3744343083082085e-05
17981,4.218830925274575,-0.5028228037723856,0.0001403172126960707
17984,3.964515981119076,0.3009768372988537,0.00015867470081935668
17995,3.6987620586956718,-0.12641642083768678,1.419780225414738e-05
18003,4.499394952417413,0.47940561815882443,0.0001909763812285606
18004,4.249471362890258,0.07994532151132638,6.615222754922512e-06
18009,4.0253789682910615,-0.18377842715946135,3.705488432174554e-05
18012,4.495085116745502,0.06194469391465507,4.407346334930226e-06
18014,2.845015871047708,0.2276774436424116,0.00016588895946888408
18020,3.21647298707168,0.6294102158519213,0.0005797313447157463
18021,4.3383349113605565,0.1547857708189122,2.2638637815153515e-05
18023,4.181645958812715,0.26570014198180925,3.845443433113185e-05
18024,4.485556202714567,-0.24711129651870944,3.467101324511732e-05
18026,3.0210275467214793,0.3111769634537245,0.00012882113113378918
18030,4.477639535393369,0.11848990594257369,7.737134634684981e-06
18032,3.911125943028026,-0.15458784044027496,2.507996411961777e-05
18035,4.425102521360692,0.00213645613473723,2.4697611608537366e-09
18036,4.413819737338741,-0.27068501094720876,5.245221469897669e-05
18038,4.571488765106888,-0.08285239537474798,3.865587373999167e-06
18043,4.384287014295438,-0.29328135333885186,3.9444828425833145e-05
18044,4.206617220361026,0.024586524578271707,2.4916709695895263e-07
18049,4.381131032848495,-0.26861916667094565,7.092141308419616e-05
18056,4.149809962013891,0.013749669229683015,1.1657940736209132e-07
18062,4.36374415355725,-0.11954383579077188,1.1823085013447445e-05
18067,4.44799033726667,-0.2052257699262956,3.5237640451638075e-05
18069,4.362751399731635,0.08107563584769384,5.486272024028002e-06
18073,4.074544470611876,0.4824853400482807,0.00030569342673914934
18075,4.704813462441851,-0.2847687605804481,9.221373476455768e-05
18077,4.426541070015068,-0.049526977164730646,1.6133323876530094e-06
18079,4.3925467711898785,0.11721322999355444,7.470511980767482e-06
18083,4.135227462375297,-0.47938786233956066,0.00025260484590688574
18088,4.569812214154212,0.15934395161487025,1.7891362544297957e-05
18095,4.487270740321925,0.04532875283133109,8.819485393310885e-07
18101,4.722475327977047,-0.04034410085282669,4.392816250290862e-06
18103,4.5251773182953405,0.3484921207277578,4.8282765512946736e-05
18107,4.384568683685264,0.40873944441822196,9.136438119719007e-05
18108,4.297349878185373,-0.20801785778681658,2.887019291406817e-05
18111,4.275278805420236,0.2994321730831464,0.00011804930105325471
18115,4.4612950152164474,0.05722736404597217,3.778239426154296e-05
18118,4.133502563622241,-0.8413762770144482,0.0008381421350785784
18120,4.425227597480132,0.049833903160939386,2.011288921982704e-06
18126,4.554016822453253,0.19004536240145686,1.5283028171713673e-05
18127,4.585125446574982,0.050573944447932284,1.125611083702733e-06
18128,4.583562563509492,0.06370879849723465,1.7408970343492886e-06
18133,4.081879180111755,-0.2106781692038635,4.275902253149896e-05
18134,4.292182244617046,0.6263377605714044,0.0002411497691998743
18136,4.5774198067141105,0.24688590919065145,2.7315238773567516e-05
18140,4.384671115569959,-0.1829680350273586,2.7817006341450834e-05
18144,4.05258572103531,-0.22177277103270754,2.1141412528254188e-05
18147,3.998153224204838,-0.058515051743718516,2.564596900490151e-06
18148,4.425349048121019,-0.053372749300638844,1.1596223490052344e-06
18151,3.9068118557706115,0.4486140971060908,0.0002605913247149751
18152,4.425636851800789,-0.12427812019436235,1.8538253815017345e-05
18153,4.03486755184512,-0.33356557773262674,0.0012576824629324862
18154,4.377045012568097,-0.12569670153633083,7.539819699437901e-06
18157,4.29768128649426,0.12115932130233809,8.488613024615446e-06
18159,3.0083383658502436,0.24203612607732827,8.138333027406954e-05
18164,3.6269767827163486,-0.07735939593592,7.033658444953951e-06
18168,4.5108783324840545,0.04194537313182778,7.76261436878292e-07
18170,4.352241665857015,0.08095325539126641,6.957838159369443e-06
18182,3.220261333985965,-0.35236243194185857,0.0002467623321412145
18183,4.377376412956243,-0.14037555033261917,1.2068315437354505e-05
18189,3.8642244696731414,0.24500870504270988,2.427635664009233e-05
18195,4.43266566606962,-0.08756238550033668,5.373194112371278e-06
18197,3.453906790164416,-0.5635350322682515,0.00025248106804090834
18198,3.700332019823139,-0.3399566326812389,7.221688535008334e-05
18199,4.530190382659904,0.0331155992294887,1.3566859115815399e-06
18202,4.360244418175659,0.2226801588651126,3.1503921671588625e-05
18205,4.502639567411046,0.18962532542797828,2.0139174787045787e-05
18215,4.417908806028616,-0.04089471317827886,6.492352846106729e-07
18217,4.605613156203276,0.1084114346968974,1.0277044470730145e-05
18218,3.8346856168700514,-0.4536909425254154,0.0001091148181511655
18219,4.068140817773131,0.9188846106839916,0.0006962761944053803
18221,4.072161635255123,-0.09061256717836619,3.0569480482039635e-06
18229,4.492055931269451,0.47218632325709464,0.00030490032262196873
18230,4.4028480184673064,-0.12896354241312835,2.1863736465703302e-05
18231,4.522569912317907,0.2223622160453429,9.63444060629768e-05
18233,3.682513063045462,-0.13002623383708034,2.0680285081353003e-05
18235,4.452661560149317,0.16542485110532024,1.1844053915124571e-05
18239,4.3285563877449915,0.17679346296088916,1.393487560529447e-05
18240,4.470368396698758,0.056840247819621936,2.9009843784968913e-06
18241,4.337273950688503,-0.17682958676187877,1.2167923487393356e-05
18242,4.329924900005221,-0.20602153554157532,1.5576948077418877e-05
18244,4.182987542365106,-0.41946454525540444,0.00016446098284742696
18247,4.332264279077786,-0.2116024085383117,1.8814063086964932e-05
18248,3.990786963203982,-0.4156362744183886,7.7605119440441e-05
18249,4.538411949778582,-0.1159634006057848,7.702896226373475e-06
18254,3.0031406828914076,1.1175211876480668,0.001892032101601597
18257,4.109992915488949,-1.6504040736852383,0.002742784243617515
18260,3.404372077208618,-0.8091173702517525,0.002651538418449703
18261,3.649104175672863,-0.5764108609827434,0.00022674770190839755
18267,4.074559043097415,0.10596321536573772,1.3417409213790122e-05
18269,3.9349163278865356,0.05221415002841567,3.420612816717442e-06
18272,4.414369661905138,-0.01745441473750553,4.476695274352327e-07
18274,4.321342232009125,-0.1256451755267367,6.0534654865625126e-05
18287,4.492017302525592,-0.09510205535795979,1.3633093249650348e-05
18290,4.4921512295535235,0.4982813572252125,0.00024183281301579755
18291,4.516221297505675,0.1659099296185449,3.131840640900393e-05
18292,4.413098149363785,-0.061530722174611974,3.3512883177568263e-06
18293,4.470680646338809,0.028017295138766052,7.815303044454345e-07
18294,4.315085047685757,-0.19118168322211204,2.0403814844513025e-05
18295,4.384128928789213,0.17499731869747137,1.7703003492398014e-05
18296,4.345092559008248,-0.014359218721916811,1.8856060224090893e-07
18297,4.514212409601084,0.19080311135672368,4.2033417589835136e-05
18326,4.54992244522605,0.33212161449721833,0.00013018167970719075
18327,4.381741935580761,-0.19360349407229993,2.1545806387302298e-05
18329,4.2769003868741,-0.10868597608554431,1.1272582645627701e-05
18332,3.0134592082694507,0.1435412128806628,2.769939946482161e-05
18335,4.359282949542077,-0.041794836005767166,1.5465387787900833e-06
18344,4.550187153395324,0.029665224608477203,7.492346474585566e-07
18358,4.334892648476812,0.1112818060208216,4.843129491393107e-06
18360,4.387800201752599,-0.019618973900770165,1.6119238243842927e-07
18361,4.486063325347584,-0.0224567036812795,4.2706474983012843e-07
18362,4.343507338728432,-0.003605630355221656,6.132438407262478e-09
18363,4.335173261129622,-0.05850714211356678,1.3453600848182638e-06
18367,4.324745704237647,-0.20246177332630477,1.647430591281142e-05
18368,4.265792164836332,-0.017296922786973035,3.923802591154404e-07
18369,3.3476407786912343,-0.317507078419911,8.348381498702807e-05
18377,4.327282241346706,-0.18256147179953786,4.4221676560536404e-05
18380,4.136087309170384,-0.17337118942672003,0.0001310487646707651
18387,4.3906315200137565,-0.27811965383620674,4.096348469924964e-05
18389,4.2877953716466415,-0.16713350110716707,3.2128836189579236e-05
18392,4.253964054213248,-0.12039877883786598,9.158840979505279e-06
18396,3.390729463899551,-0.17586166042888918,4.081507353310604e-05
18398,3.262930496031007,0.19022662456185957,5.5653135909017144e-05
18399,3.6826708840015887,-0.4207355696729409,0.0001620218456478418
18400,4.452246140435848,-0.25204118751427007,8.410623137023765e-05
18401,4.314370460005573,0.013727832642753235,2.168047718680657e-07
18402,4.294018762000916,-0.0818911641224318,6.840757382056955e-06
18404,4.183852523831005,0.013349423830803175,1.6975845937958387e-07
18417,3.4613068933058773,-0.44577199245570664,0.0002550378440199047
18442,4.423557212995859,-0.1636982122961852,9.242371749490287e-06
18446,4.241775285674641,0.08235737058033799,3.7614249872456372e-06
18447,3.7135373720276554,0.6418885808490469,0.0002591849704423343
18450,2.9601132662367813,-0.3648585592799156,0.0003281792284531513
18456,3.9458717459143555,0.46692654742627937,0.0001535493782784988
18457,4.187970275912186,0.3206890096950614,0.00020808682857052392
18458,4.4841811214241325,0.1951684627382102,1.6246789795345145e-05
18459,4.395254488678081,-0.038545661988488966,6.433155582225312e-07
18461,4.477030896360606,0.04475768068843422,1.2104739658164188e-06
18463,4.536372450777268,-0.10913347328183853,7.333608165736366e-06
18467,3.687740392584518,0.6310801661855714,0.00035162068212858823
18477,4.342422075184667,-0.2088567998092854,5.744351216321057e-05
18483,4.403900546604913,0.012527514786301097,1.573813861611607e-07
18485,4.191839850708837,-0.9109286349211829,0.000474617802828081
18486,3.4277038502340553,-0.9511654501165716,0.0008382365335282122
18487,4.594448003840606,1.228301989879638,0.0009483837968185934
18488,4.159713373611589,-0.34420126856428634,8.698100561280281e-05
18489,3.9886845792199033,0.14167042052523016,7.218488268889561e-06
18490,4.344635781867734,-0.1534670350100935,9.067234783414456e-06
18491,4.479786413199735,-0.19482149136898474,3.154572067565262e-05
18492,4.422309007830902,-0.40953609930261337,0.00014077356706968167
18493,4.437273547691117,0.11132628680858048,1.1404838604439364e-05
18496,4.481495945426818,-0.04356167881464046,6.275617218194371e-07
18497,4.633806736684208,-0.03767729534826536,4.570051076779696e-06
18499,2.9740415202540076,-0.47260556851479674,0.0004056328786374943
18500,4.3354973841787015,0.030145771244655784,3.796651653642361e-07
18501,4.39553606731373,-0.04784211172035313,7.232071987307414e-07
18502,4.282556695217239,-0.19322467481868255,1.5432385225755318e-05
18503,4.33205612830489,-0.05400208401398654,1.0637788403988623e-06
18504,4.278157786812601,-0.15263760712205077,1.13549267640124e-05
18505,4.261809907423557,-0.1444000722704608,8.237680867521847e-06
18506,3.8262455677384284,0.23592009611943743,2.804425480352018e-05
18507,4.4274545874644815,0.0021710260086793554,3.953499673944718e-09
18509,4.485702343693081,0.11244322735804602,4.8535233013965486e-06
18510,4.488717373276089,0.02324043098982287,1.950646036304556e-07
18511,4.368259977431533,0.07439127905878351,2.175311434503366e-06
18513,4.313101561825918,-0.11589961416410954,5.280102498860307e-06
18514,4.2233405426465485,-0.2720968240651209,3.2484843339140366e-05
18515,4.364767397508347,-0.2720908923869434,2.754455569542393e-05
18516,4.348233348916668,-0.03877740707762101,1.280688265800751e-06
18524,4.127077053694982,-0.05634235711201452,4.734031122427506e-06
18527,3.052886419417103,-0.017933432709830388,6.084932620041598e-07
18532,3.4239408031116607,0.25488831514877397,8.89183521801237e-05
18542,3.2561082254749403,-0.22115523876766785,5.483154219403931e-05
18545,3.2682227527139966,-0.28760411697005406,9.155108144973544e-05
18546,4.50975905141465,0.7482570183598609,0.0004787055432202904
18547,4.44383636067072,0.05930109975221942,1.9710907164359516e-06
18548,4.491311081040917,-0.04396498024639239,7.511590275344969e-07
18549,4.456695018183409,0.2519338761729122,4.405664086864488e-05
18550,4.571564022461338,0.588065824312805,0.0002923203997969304
18552,3.29666163718839,-0.0619124631638992,4.1004242302692995e-06
18553,4.4667041231905324,0.12538082324890354,8.8710310107768e-06
18554,4.550762161583076,0.19937379465520166,2.3728383567717187e-05
18555,3.3109338654641225,-0.28080016519279916,8.369876260886547e-05
18556,3.336893566690671,-0.32135866584050055,0.00010663767571516987
18558,4.441872907040855,0.12663329457564476,6.997679046995136e-06
18559,4.419775853372214,0.18838984159567573,2.4394793361573198e-05
18560,4.513220344911523,0.8343632629394317,0.0005954825315075338
18561,4.466897667146724,0.06462597867306918,2.2971173208010515e-06
18562,4.212145837030835,-0.0015008191125742698,2.9444037778116145e-09
18564,3.879197320822165,0.42486777238200535,0.00016288938912996425
18565,4.514259255246285,-0.30956663585531885,4.1654372363093564e-05
18567,4.376816656563764,0.39640711442057697,0.00015123574301234598
18576,4.370138512715159,-0.06742568476100264,8.956827550377673e-06
18578,4.116711093754227,0.2322756868414544,4.7247617664245024e-05
18579,4.47299127535605,-0.036239740992922265,7.285358558261042e-07
18580,3.697967693762896,0.3829538481270647,0.00011490340506665945
18581,4.579342436340573,-0.14496057133276352,1.2045626641369726e-05
18582,4.121565253886798,-0.6372529655141363,0.00023322416388275858
18583,4.681259706911855,0.03991415483254279,2.119790750861952e-06
18584,4.522112186496956,-0.08654478489504402,3.25350316202465e-06
18585,4.239449103091662,0.12619405233169534,1.7171447450668723e-05
18586,4.446218782831964,-0.05672013331938075,3.4099847149135955e-06
18587,4.342848958155308,-0.038783864951137836,1.5991704936983739e-06
18596,4.3335985560962325,-0.23592620378145668,2.2551855225462495e-05
18597,4.357654153615477,-0.009960198022100464,4.0500936827842965e-08
18598,3.7163001401454383,0.18365028404843864,4.1424162858366585e-05
18599,4.397832742009721,-0.19612966146712107,1.5595784458851033e-05
18613,4.444793318649058,-0.0009662830697294567,3.944356133757079e-10
18614,4.362395592378018,-0.34962268384972894,0.0004398871328314936
18615,4.450538824605827,-0.00788756811551039,2.6327159527486647e-08
18616,4.382934798284593,-0.14017023094421877,8.00265113624359e-06
18617,4.420236168442076,-0.22303422078026802,1.9577009904593925e-05
18628,4.323187235515649,0.13116006073785869,1.051889679083099e-05
18629,4.392296275367453,0.15841772482457905,2.0593879800512304e-05
18632,4.4441534160511225,-0.2544986740246973,4.418204243148756e-05
18633,4.500121940300238,0.050592059891794605,1.9287249008605003e-06
18634,4.409226858881609,-0.1650265411151306,1.846281952947877e-05
18636,4.477903966873868,0.15488138614719738,1.672092587286596e-05
18637,4.415585660904513,0.11701383224874284,9.549434636879697e-06
18638,4.338607313102692,-0.24593080798128852,5.1058680381308454e-05
18639,4.436648295200847,0.12978106247081378,1.2808049558452724e-05
18641,4.428615226163152,-0.01945992410101738,2.581548290930752e-07
18643,4.498591714265699,0.16390353834166138,6.976809665654166e-05
18644,4.36246118725987,0.18295899432244678,1.822673654347938e-05
18654,3.0885999151553447,-0.2321297089348615,0.00022176336435349937
18655,4.379067519651414,0.2890774654980657,9.998041083006809e-05
18659,4.41626218794079,-0.27630711446663714,4.284634375428936e-05
18660,4.472245914517089,0.11374145205422881,1.2446472813309235e-05
18661,4.486117803227793,-0.06487045540063008,3.4656191334476613e-06
18667,4.3972425989439365,-0.11090121440446321,5.717954046425398e-06
18668,3.608775157710266,-0.16196726479605816,2.7617080811524712e-05
18671,4.190897070859414,0.2830248285187231,4.107272871281503e-05
18672,4.401063987403461,0.05792368840654927,1.2799956852939365e-06
18674,4.2114300433877245,0.35291814808011157,4.776210665143101e-05
18676,4.3912559364004276,0.13595270811795235,7.5013409675554644e-06
18680,4.402175810888226,0.06602852002670812,2.5390304293314015e-06
18681,4.395662593647784,-0.0505593130785007,2.3636788605107074e-06
18682,4.381801997725748,-0.4879429629252727,0.00011333408404169493
18683,3.4698330086059785,-0.8379441684693325,0.0008981656679929847
18684,4.375231706313233,-0.24809732126814144,5.108358513878109e-05
18685,4.444939077365417,0.18978991086421892,2.9591451113685085e-05
18687,3.207860133078649,0.294689742843794,0.00010899028766157689
18688,4.452672978460719,0.18496439766487338,1.6180304783161695e-05
18690,4.326534314451788,-0.10997211950543839,6.747199969507674e-06
18696,4.356792455031203,0.4070894221117092,9.168170883863757e-05
18697,4.31711974203057,0.061149843765599066,3.6835057020810624e-06
18698,4.362854041653309,0.37334440674118685,0.0001347887765409309
18699,4.372648694550452,0.39378963903376185,8.608294117784915e-05
18705,3.7543510091347283,-0.06297467482220487,4.502470040682895e-06
18740,4.471574565055375,0.010297404588222925,8.556591265797243e-08
18743,4.594498756392158,0.25283298674590426,4.457027626691655e-05
18744,4.504037880864674,0.030709840826872004,3.9923463021194143e-07
18745,4.38765287282645,0.0018457766861326164,1.2875274204943094e-09
18746,4.399036299418572,0.1442584828514315,1.0350612690910597e-05
18747,4.47282226210345,0.09982473217908172,3.997278428127821e-06
18751,4.104799502615875,-0.7204092392701007,0.00015812818721155775
18754,3.53834241713107,0.11231582416266894,1.5450379880179165e-05
18755,4.7343793893937125,1.1666132545501942,0.0013934525237663579
18762,4.665502754362727,-0.263673492392666,9.761802009787836e-05
18763,4.336354694508528,0.17340530667490484,1.3598080735458721e-05
18764,4.229707108909691,-0.10904523837021696,4.6612214114979734e-06
18765,4.310270738600872,0.09033228164594487,3.2027556523082867e-06
18770,4.376174839325405,-0.10368409171983028,6.3190995974222395e-06
18771,4.517597908017675,0.12583099008750676,8.953492424614086e-06
18772,3.9638575862290657,-0.8682799777053587,0.0028910716523924433
18777,4.284383244934339,-0.19505122453578227,2.322717529296867e-05
18780,3.810025619983461,0.03157492114813909,5.077886578827691e-07
18781,4.536403195340418,0.26021345521862926,4.615551874989588e-05
18783,4.460299221458478,0.23562532779807732,3.775462867246901e-05
18784,4.340442939567843,-0.358893871491087,7.740441657000335e-05
18786,4.497611043891378,0.515022252867551,0.00023930818701553701
18788,4.252778260948672,-0.06312351892224655,3.2006042180370756e-06
18789,4.143014237137648,-0.5429659967303277,0.00025614043546523757
18790,4.451250946874325,-0.1843546194540746,1.6591219544360767e-05
18792,4.419007659746316,0.02364359674400074,2.477992194661631e-07
18793,4.360691611031274,-0.052580659307560396,8.864704254930717e-07
18795,4.266019930312131,-0.20557691976571224,1.6678276989981114e-05
18797,4.336134549379608,-0.1078420146477681,4.797401675285196e-06
18798,4.447798672964553,0.3355176984070125,4.971002197052488e-05
18799,3.9697080654407095,-0.32165060584702854,0.00012660167023906328
18800,4.409643583772969,0.3456692606448426,0.0004241363905701309
18802,4.452797714860695,0.43604652218163853,7.132506734719779e-05
18803,4.339527722738764,-0.2451831605166639,3.0195094904986855e-05
18807,4.503285041682581,-0.400641676645785,0.00011365013485200769
18808,4.25088911783782,-0.27871218958992694,4.228105403613978e-05
18809,4.462639045116456,-0.2213122925457096,6.048629853450119e-05
18810,4.421154432770204,-0.298870501858862,7.688760496137483e-05
18811,3.4350228415394297,-0.7006553321198461,0.0005665321055741403
18812,4.5272920567656385,0.21677012808907126,6.0031346176754114e-05
18815,4.316638140050389,-0.2057642758770779,2.027235098106593e-05
18817,3.5188097835240506,-0.5638995044903146,0.0005087466830337933
18818,4.3427854917248725,-0.1561656533936011,1.40530776845268e-05
18821,4.594630317242779,0.08192986483198528,8.485119833745438e-06
18824,4.349145005782823,0.15730920726611064,2.9726185273913947e-05
18827,4.503907207396154,-0.03455674455059743,1.1378032023782702e-06
18829,4.015611347427464,-0.13404754948402697,8.875628409283738e-06
18835,4.327749985460259,-0.1305480377984507,1.1989940230877708e-05
18838,4.474319300845189,-0.12921602027590584,1.909931704671257e-05
18839,3.4784319249261904,0.33928040103071444,0.00014669029199649908
18840,4.633544112767703,-0.02837392677961148,2.5951172552863013e-06
18843,4.581469152431828,-0.18455390526419624,7.41522288269657e-05
18846,4.4004921965751125,0.0362593377880156,5.423876147568856e-07
18847,4.032146105247766,0.6737739838404684,0.0002189890336314337
18849,4.454384542046826,-0.06117071798237994,3.4046709419578343e-06
18850,4.298763440146544,0.08700618080617151,9.198170805848646e-06
18853,4.363407348574046,-0.11348455453350148,1.9513164637173517e-05
18867,4.292947776990818,-0.30767430982307964,9.108328000516402e-05
18869,4.495606397782759,0.03484024200939562,1.0976436711663304e-06
18877,4.363831273693822,-0.11248296266205582,7.739452114564e-06
18879,4.351257683536353,-0.2873723287989609,5.925969167071248e-05
18882,4.538385592695849,-0.1651474640550461,2.8379415943712755e-05
18886,4.3412076523755285,0.30414432324539487,6.905839243536861e-05
18887,4.370067850888405,0.2961974344594971,6.243162619354699e-05
18892,4.4301631198021445,0.13834308181435517,6.892173946688954e-05
18903,4.300157355603458,0.2704213856150144,3.9707684320954806e-05
18904,4.412746208296555,0.2506928858155115,2.9628303940440373e-05
18905,4.347328364009512,0.1820401085622967,1.3101675569078324e-05
18911,4.186731560908306,-0.4255314452147432,0.0005741233581031555
18913,4.451831824537487,-0.2652119862062152,0.00024409952435092418
18917,3.633201917154829,-0.06366922067345904,4.037171916637064e-06
18921,4.495359203768448,-0.10338223824139803,1.2426557656627857e-05
18950,3.825672971824314,-0.1933638691987718,4.110778627649012e-05
18957,4.476056965263703,-0.05480961743653978,2.4420134443463837e-06
18958,4.456085543655464,-0.18220106760128552,3.1105132765078954e-05
18959,2.8730173914801425,0.283983029669971,0.00014361350610573787
18961,4.280023193734678,0.08434850570048269,4.174229474172208e-06
18962,4.384715853251462,-0.03572907265578085,1.0521160667943203e-06
18963,3.1782500770544253,0.5875904181956395,0.0007617280814299535
18964,3.1855616092694015,0.7204433238331815,0.0006748548603374202
18966,3.856224464293296,0.021207096365230882,4.1420320894067676e-07
18967,3.788677053110126,0.22770596764226259,6.720731438815492e-05
18968,4.525936363693283,0.16173504380655146,1.080257139112331e-05
18969,4.431165813232989,0.0807919910329229,3.2997778142140884e-06
18980,4.2044201341556064,-0.24170401441194223,3.743664045469733e-05
18981,4.498306441808977,-0.32545881809893284,6.288483270317992e-05
18983,4.2233406320535085,0.1624289888992072,1.1265913706266186e-05
18996,4.16425779397388,-0.088416703316339,7.054585664835483e-06
19002,4.01097366865056,-0.4556256071611462,0.00022177178277530305
19006,3.28106251291826,-0.32615223388452375,0.0001032747231647554
19007,4.44062639410097,0.17052586356466914,1.1193115265081372e-05
19008,4.127364515563467,-0.20539117928215234,1.729983683407289e-05
19010,4.088324753769044,0.0627151521296021,3.536042378259373e-06
19011,3.698492065466044,0.1409602471272664,2.546753508534296e-05
19012,4.2732206316057875,-0.2954098856396383,7.862425457125581e-05
19014,4.322759948237069,-0.20698010529490318,1.689179677158246e-05
19015,4.355478286652062,-0.19503392272543785,2.5678354662206352e-05
19016,4.3401278938357235,0.08591562625493232,4.0192157470064485e-06
19019,3.127272961829725,0.5285666382060112,0.00047269207867857774
19020,4.443176965550876,-0.25049650260791356,5.29226282028139e-05
19021,4.3922053108404455,-0.06278862643886107,3.2696216568295347e-06
19023,4.568541331983785,-0.17904268247120214,2.8326608718853484e-05
19030,4.432653973819965,-0.12723844151792374,6.088700042361986e-06
19032,4.525867225233906,0.3048436366681164,7.819744646205397e-05
19036,4.456250332540149,-0.3958073219937299,8.921973889675236e-05
19038,4.16041338003257,-0.4640619110799329,6.471345804726893e-05
19039,3.6712819830441283,0.2020001940675873,3.4156635759239365e-05
19040,4.3399054788688485,-0.26236803496312877,3.0096662272963996e-05
19042,4.063994846960332,0.5687905060607328,0.0003966357170576756
19049,3.872008832954589,0.20213302194999194,0.00013992098351862746
19050,4.105153979125482,-0.029312888467941,6.170934502925468e-07
19054,4.449650816356362,0.0012020092473719046,5.70751707604354e-10
19055,4.446985378330701,-0.11888708568237494,6.059811854235979e-06
19056,3.4058448274371655,0.059891075362561,3.1195203827464105e-06
19060,4.403904751021898,-0.22032905507185419,1.866139251114231e-05
19061,4.385423195088971,-0.07328268787925563,2.743016652852034e-06
19063,4.445120122330395,0.043516247401744756,1.8783314455570384e-06
19068,3.448286832529059,-0.3663768627340156,0.00023516647764098994
19071,4.451129496465893,-0.13497560594271896,2.0022902678921508e-05
19075,3.0463065148868824,-0.6215037891685875,0.00041188027649646385
19086,3.833549818302361,0.13296137240985484,1.9538341096113223e-05
19090,4.135786814202549,0.19757464849005135,0.00016484423824039327
19091,4.2699089200934095,0.006757198922645813,6.489644442100077e-08
19093,3.599822705305214,0.45369986239663174,0.00024211123356580115
19094,3.2662514631183623,0.11474321122627362,1.532500899849518e-05
19097,3.761038352377213,-0.386869643102977,0.0006140233259752665
19099,3.9216619293005217,0.15417916135701892,2.711543622421621e-05
19103,4.242262981912946,-0.054124540404484556,1.6907751389016359e-06
19104,3.8667575774418643,0.3045480259163642,4.990609837774797e-05
19105,4.113317639341183,-0.15632126827030568,2.767012790162773e-05
19106,4.291450097445359,-0.1435647682952279,1.1636906250606788e-05
19107,4.428833506888886,-0.11535341475011496,6.526372772351119e-06
19108,4.253832355377333,-0.2892168998300164,8.910016505037611e-05
19109,3.8103460214277827,0.029106291165527765,9.745585497967074e-07
19114,4.54024814526121,-0.12140753746461197,7.019743070782289e-06
19115,4.397083442248399,-0.0930183490442289,4.680250755931085e-06
19116,4.538275024773963,0.007145156808354258,4.347797314551526e-08
19119,3.9439842971482886,-0.5562099358182739,0.0012924912768840103
19122,4.093335593326079,0.2120799389759629,5.002466670996533e-05
19123,4.47606227092483,-0.031060837089559534,9.343138892498175e-07
19125,4.505446560805361,-0.20273373285120488,4.912777610500626e-05
19126,3.523397735206015,0.6798012319281681,0.0003443638416609405
19127,3.3962269622266597,0.024773046731675574,8.157634171427886e-07
19128,3.9160594068456636,-0.13871130474411908,1.733228722427651e-05
19129,4.015004627473507,-0.13138109656705899,1.8929312561037736e-05
19137,4.462264533175471,-0.07774101830300228,3.437257125798461e-06
19139,4.522708142570998,0.3698940846136649,5.8227987110022604e-05
19140,3.8947598905033503,0.2161139736699611,3.232245299809412e-05
19141,4.438247461804944,-0.09704282165131772,6.4386809661810114e-06
19143,4.427229453639949,0.17894023268122528,1.5871714967953068e-05
19145,4.452475764479221,0.2784456268144311,7.358777429622707e-05
19150,4.383089303483581,-0.06560118994727127,1.7151435554690644e-06
19152,4.538951735256006,-0.18224290856641456,2.9524657897370426e-05
19153,4.544453919257117,-0.16618433346094807,2.5697983862796732e-05
19156,4.188178267112266,0.6034714858184431,0.0003590131964975261
19157,4.333523708889039,0.35598762553280405,4.789784735907172e-05
19161,4.377869746915454,0.3705346071585449,5.406983374340059e-05
19162,4.3284821126583655,0.2866384041828942,3.172278721792485e-05
19163,4.260952092458322,0.5769158576487907,0.00012858878364369432
19165,4.548022819750472,0.13039782797721156,1.080824961300423e-05
19167,4.1371585301083815,0.3670857372897496,7.719265743867112e-05
19176,4.230194113356992,-0.20127735645734646,3.853860658300888e-05
19180,3.183408720797489,0.7620490607168948,0.0011025701593234281
19184,4.3016227966250975,-0.4927405501164648,0.00010051138806556085
19185,4.296734873662748,-0.14098168331200434,1.169977325270354e-05
19186,4.237132694020983,-0.28396774526166135,4.408833085962514e-05
19187,4.395839161828359,-0.037849104982718984,1.6146489294117144e-06
19195,4.3180857936348795,0.11034721385315738,1.6402075405468338e-05
19203,4.512876583742595,0.13151431539877745,1.3994600765820966e-05
19204,4.434336364048031,0.062134405016719185,3.0844532775732335e-06
19205,4.406030735684015,-0.002976733818058186,6.011086845528428e-09
19208,4.582894794053522,0.7464366260236845,0.000496888512305657
19209,3.7294828757731286,-0.09717377314758657,1.051434656418735e-05
19211,4.3626283174221205,-0.9351136274425915,0.0009735309614849274
19212,4.406073706341486,-0.39149411258824784,0.00023194858459950197
19216,4.534763683908414,0.34043363929273696,8.988158814914903e-05
19217,4.47734956750149,0.16607933060369184,1.3653289301380472e-05
19218,4.013620292358593,-0.22716050990579273,4.524011616991913e-05
19223,3.893679615781612,0.02631155929571083,2.7281724735913548e-06
19225,4.553795361063283,0.16470351023181085,1.1542307247516384e-05
19226,4.501618760141615,0.17121007432029067,1.1921635547582294e-05
19227,4.533488573883766,0.015111260615931599,1.0186859990204337e-07
19229,4.56357433439605,-0.21458755380036898,2.6321635435471393e-05
19231,4.577488519501516,0.23713189066878204,7.066684090640166e-05
19232,4.38278762431438,0.17738519574297573,3.252851204366651e-05
19235,4.581280595618656,-0.20552357395837006,7.058415260799127e-05
19237,4.3582463212258,0.15151367995763287,2.2128937383811742e-05
19240,4.472588954391859,-0.19592283537580357,3.5604581660696964e-05
19241,2.912053630115782,1.216692358823651,0.001965091151932644
19244,4.337670632965325,0.5198134816367563,0.00011334647799302681
19247,4.472829187747794,0.09567701386870553,8.383431331662129e-06
19248,4.312941137890622,-0.07305427037786316,4.252683336666597e-06
19252,4.5218232918405965,0.02571778131085889,2.826931294335256e-07
19253,4.489524274155593,-0.3968477690341894,9.390961098208532e-05
19260,3.5782144892847056,0.11565250634027002,1.660118663520488e-05
19262,4.247878446306778,-0.1402886573346569,2.0615678148886603e-05
19282,4.39242252730306,-0.2717606567635853,2.839181299373342e-05
19290,4.255890375388459,-0.15988053384729728,2.8000230647230854e-05
19297,4.273859465281877,0.043628648254433244,2.1035437399354854e-06
19299,4.501178635123827,-0.1092016695967768,1.077318377234857e-05
19305,4.291180113448276,-0.10304167193981506,1.279561601410984e-05
19310,4.376425134876748,-0.056273903920954105,3.1400341300074466e-06
19311,4.0270278275839075,-0.12910374653526313,2.764160649537089e-05
19313,4.401540923762372,-0.11933462437070119,1.0993224665068273e-05
19321,3.6200482453043614,0.6593918005944195,0.0005552916328288482
19323,4.3026695764856075,0.018810558320240034,5.220782357578116e-07
19328,4.455111180093585,0.005033233844248919,2.1477174431981546e-08
19331,4.47720000662595,-0.049961029130520807,2.035525286411166e-06
19336,4.504797249407559,0.3855518788141943,6.106875067168123e-05
19342,4.317222458783282,-0.04612738481668188,9.581942633848166e-07
19344,4.340398357491836,-0.2361034644165665,6.627703966184613e-05
19345,4.471638907342912,-0.3285041809513798,0.00032843935912153056
19347,4.071687633244432,-0.12429748397899454,1.7356896070611173e-05
19348,4.342265169009821,-0.047704560117215244,2.70983280901347e-06
19355,4.637999843355913,0.29575440640438533,8.933790120430715e-05
19356,4.424730410145561,0.0861290963712884,3.797091655993792e-06
19357,4.246648790970558,0.13036530187977924,1.6991151586575846e-05
19358,4.4272442452951,-0.23305434810328318,3.0348627739482907e-05
19388,3.518810633467172,-0.8446619840406431,0.0005254655125843232
19394,4.482981796071044,0.17667657520111657,1.2203417326783572e-05
19397,4.3714855408070745,-0.20948233011115924,6.81504530737169e-05
19399,4.402474372954766,-0.040650445598403806,7.953511451192623e-07
19400,4.374611402938705,0.07156305155892806,2.467632934183583e-06
19403,4.461390148129767,-0.11758472627608274,7.466041231989618e-06
19404,4.470574362417343,-0.21071536171766958,5.561312619134703e-05
19405,4.494672389011767,0.05498508704606486,2.8412335775887016e-06
19406,4.474427508560759,-0.05679244641950998,1.2721502638064732e-06
19407,4.2572441035274355,0.2246278661161627,2.8765232899770345e-05
19416,4.214780325949931,0.09869976618884024,2.991427291417864e-06
19420,4.416987631293789,0.20896509387683082,2.640328751849219e-05
19421,4.20542619515835,0.1538434523929153,3.7517495476722686e-05
19424,4.46750080738214,-0.3101814459986514,0.00012997625055414705
19434,3.3790558912495183,0.6480799212791326,0.0003708360131673149
19437,4.167722895818621,-0.2222651143042378,6.407064147018571e-05
19444,3.9252974857166745,-0.24899681380959837,7.825906766121346e-05
19454,4.4126409099367505,0.09381330311218328,4.593552883812266e-06
19458,4.6014810573616,0.5331402165156476,0.00012637321405460829
19460,4.280879195339352,0.06422408522993095,2.1681539514805453e-06
19472,4.549840991947525,0.254999389169134,0.00013976053274828763
19474,4.516117850033497,-0.1697183930027668,4.3387151114539484e-05
19476,4.1133614465176525,0.7205366690785491,0.0001654846021602721
19477,4.247986446118554,-0.05833170409212851,3.817471199673071e-06
19478,4.586849788593871,-0.051029680740573014,2.588842196106669e-06
19490,4.4299113096742,0.010384233123657438,1.5562011039800372e-07
19496,3.7367779597119593,-0.5139101135742208,0.0001477311657783317
19497,4.350513629348264,-0.20896746564186852,2.490770906077654e-05
19498,4.491905230645903,-0.3283455994023292,4.038100665719942e-05
19509,4.099774287066264,-0.08881133378321415,5.40513931012253e-06
19510,4.245934696375276,-0.6215937633989106,0.0003091721142642018
19512,3.301270554611399,0.43162578491931125,0.0002760932768042586
19513,4.364423576888568,0.02383360753594932,8.947721576495869e-07
19519,3.251482412443687,0.2778149718457841,0.0001042961099585634
19520,4.418939388065786,0.0272350664318477,2.3848967906737455e-07
19521,4.419744805941818,0.16522267272875446,1.106373441685184e-05
19522,4.520444152829977,0.6357334465569373,0.00017268347502633595
19523,3.533975506221119,0.25926396321706013,4.2907992083757736e-05
19524,3.289926971424933,0.16323014916793355,2.2866030348866735e-05
19526,3.8671361400332236,-0.3032531760939725,7.626836055303363e-05
19529,3.420328567449676,-0.4758895882832359,0.00015258534690777814
19530,4.63996832453319,0.027237252374353815,5.362548228671215e-07
19532,4.439065485242287,0.15301946119714938,1.575102539671329e-05
19539,3.9934236005151353,-0.08741866741255233,1.1833260519234962e-05
19551,4.4906354410565115,0.35118664627058216,9.410032606450536e-05
19552,3.6084556726806727,0.22018572380842238,8.966577933657401e-05
19559,4.431539486364617,0.06046200151783676,1.9781266465590016e-06
19564,3.8165627208761355,0.035710280146236784,1.5799272229183982e-06
19566,3.409558580720689,-0.08452256002409753,1.09684214618621e-05
19576,4.397030362611097,0.04914409188653668,1.2988457287722745e-06
19577,4.477730923437896,0.12343124115265613,6.696537505813711e-06
19579,4.410292066649554,-0.07561912835914342,2.166792225167642e-06
19581,4.173763876961039,0.3126227730370852,5.464007407802882e-05
19582,4.551957001285409,0.5331671448015864,0.00017379193412105128
19588,4.567451585619785,0.06436053131472796,2.6147445226344112e-06
19591,4.102959032443326,0.10620120420735635,1.5261982714265183e-05
19595,4.266148130916884,0.12086604526803679,8.75952110750621e-06
19602,4.549727843055605,-0.35704738011264237,0.00015474296212643677
19611,3.239908049953176,0.09229646022202775,6.97948855781696e-06
19617,2.9572712822337435,0.5331572331563543,0.0003715008622221518
19620,4.454414647134102,0.37229780880122565,8.003869506861128e-05
19622,4.126851276543679,-0.07506632874037411,6.572448882467653e-06
19624,4.270194969890909,-0.16755160485411302,3.931817315284321e-05
19625,3.1479285143566567,0.35762888262974135,0.00014092170258766224
19682,4.164959250056621,0.4301606000779685,0.00026115148528092557
19686,3.3952115760042645,-0.5503021921848572,0.00034818895813771645
19691,4.4801703818414405,0.5515738754650501,0.000257304764577325
19692,3.4370024816220783,1.0998888636127186,0.0012900207934861316
19694,4.490839450301305,0.4181321900184507,0.0001257979487112023
19695,4.445762916013384,0.16538934165225516,1.2415412626684547e-05
19696,4.4579575984565345,0.3940726654630824,0.0001262967195704006
19698,4.507343390275191,0.23235768867050588,2.6948059743067007e-05
19699,4.403060266829925,0.1402345154400786,1.0203403087125819e-05
19700,4.347624145817953,0.13311596179196172,7.5080464766593884e-06
19702,4.570188999885575,0.1330149263738818,7.849313360250658e-06
19708,4.431708654571605,0.11900534562042697,5.427946655621279e-06
19711,4.514379956403775,0.1824574181101406,2.6824280805851803e-05
19713,4.408301030207793,0.21077206094928957,2.583523027906339e-05
19714,4.25218986574033,-0.156180024199168,1.134945944243011e-05
19715,4.358937959170606,0.14198220544368567,9.694357481094945e-06
19717,4.172209928449655,0.3408449686306305,5.920220331682803e-05
19718,4.404205192394726,0.20296299625603798,2.5242613019944014e-05
19720,4.346946517673495,0.04131066675102257,8.551727164309959e-07
19722,4.450712939517351,0.01978234314413818,1.5189811328787345e-07
19724,3.788275888268111,0.37060719509156037,0.00015887026914287848
19728,4.163603148686986,-0.26567906763834204,6.090850687086725e-05
19730,3.596525972194891,-0.6468376371423066,0.00032517616767149956
19731,4.3975090872547,-0.02679621248109143,2.9970144542112616e-07
19737,4.275462973847069,0.04999330933841861,9.624719611540566e-07
19745,2.9103095544658997,-0.512414281667529,0.0004774486421979486
19746,4.416385243781746,0.09666965329854005,6.180167586011095e-06
19757,3.2879857789515174,0.6632579396299101,0.0025280417351426173
19759,4.522178888851579,0.12221201028979323,7.240598109712696e-06
19766,4.143934704112316,-0.020031339648670432,3.02189243455079e-07
19767,4.206838031155117,-0.17614349600947232,2.969217341458532e-05
19770,4.202823440251326,-0.22876504390372698,5.020469849140905e-05
19771,4.263687522988049,-0.22415119726094357,5.109853877999766e-05
19772,4.070635564658812,-0.9178995422951566,0.000887623329727717
19779,4.4477275788999915,0.010102019189390354,3.569664146114061e-08
19793,4.467505314107793,0.2869465745960529,4.1651107633233054e-05
19794,4.367221414435211,0.1545671626138292,1.901054959488296e-05
19795,4.306605043715077,-0.07977129844689745,3.076109606355957e-06
19796,4.401852740026202,-0.09643720772416042,3.589361135876254e-06
19798,4.416176170228438,0.18999351609273685,1.8779886208533458e-05
19799,4.363475087664503,-0.0979822692465735,5.592477398055082e-06
19800,4.3748173789505405,-0.14216120093092766,8.448685266944625e-06
19802,3.7837150094784318,0.08748600142945939,5.0275521514937e-06
19804,4.2937419033181135,-0.3291264477707969,0.00011346374364170803
19816,4.405033400316502,-0.1173174451138621,0.00015633565696150466
19818,3.9990047368041033,0.0227691325831616,4.846862437856858e-07
19821,4.475711304918411,-0.10373500609803088,7.681567525334837e-06
19825,4.3520818950817715,0.14994753198680666,3.497729207822483e-05
19840,4.540012470997215,-0.28581920783321824,8.98163743444526e-05
19848,4.492471200158189,-0.3335881167985173,0.0001683629221772882
19851,4.427730737757699,-0.1142506456189274,7.923461846172094e-06
19853,4.410966982033952,-0.20776801489976915,3.9099379393990616e-05
19857,4.511828471694383,0.007783825932062172,6.663985187519787e-07
19861,4.504303264518672,0.10784253520584475,1.141471084152346e-05
19882,4.279931402799223,-0.021485829896695563,5.574786638040984e-07
19885,4.6156985433616375,0.31877538976905395,0.0001431209401083804
19886,3.031054729156894,0.665296739795743,0.0007906696174293645
19893,3.7304215790756583,0.23419387647165824,5.804062468024e-05
19894,4.101550865754611,0.11057673212387353,1.0153670097088699e-05
19907,2.9917709855779395,-0.2129517135875223,6.274094452776923e-05
19910,4.593422223861823,0.08870900326239717,3.5497084096851035e-06
19914,3.86424528914878,0.03164833434948244,1.2134551150576902e-06
19916,4.322621471681758,-0.06984967286513921,3.2328667043695066e-06
19917,4.332954365723704,0.10734117707415347,7.084836242300934e-06
19919,3.9528538675226192,-0.47469544472433567,0.00021501525166929157
19920,4.243822793729618,-0.06330053526646484,2.0226553983973265e-06
19921,4.090933199198592,0.09720524230986882,5.691751326779028e-06
19925,4.425205474012068,-0.008777412620854186,2.720157102141549e-07
19926,4.35267867862049,-0.08158360465388981,3.0934166895642275e-06
19928,4.356147640116367,-0.10195437695236986,7.3697860832910386e-06
19936,4.192379024378037,0.07030085266327823,6.376548599880467e-06
19937,4.345447995665601,-0.06878187664954538,1.4289441364002396e-06
19941,3.9689889343751723,-0.14252381730867292,1.0411215878028252e-05
19944,4.832103135302521,0.5315336973661582,0.000397389426470761
19946,3.51434401440488,0.6160109853402536,0.0004337433607434893
19949,4.362736119547188,-0.14175890639172106,1.4069363887502113e-05
19951,4.620990729480471,0.28057346956142304,0.00016678164554476973
19952,4.386282065318085,-0.3538129068140714,0.00015791469267352443
19954,3.1537401139052093,-0.1580078403512184,3.351715043436051e-05
19962,4.473255828715166,0.0983575737440825,5.2668717910482014e-06
19971,4.375412027583293,0.18056791421402707,1.9148974816924753e-05
19973,4.405137531606758,0.014907170254645052,2.2659729052957672e-07
19983,4.448162938910274,-0.4245985587492207,0.0002082660043679419
19984,4.476404862176333,0.23041897753825857,5.2611807955765404e-05
19994,4.257645447316557,0.351516759941072,9.669702418150672e-05
20001,4.452754257896235,0.2172669004114729,3.8121857469106274e-05
20002,4.444623277107245,0.5154202308729507,0.00015652821838018125
20032,4.479357666624378,0.02488660077375293,2.13800987381339e-07
20033,4.638783466791086,0.42000686919221675,8.819460463472032e-05
20035,4.371945850906189,0.16065364224706702,2.9351381192177613e-05
20036,4.263517736498713,0.05796239830713468,3.391172666793084e-06
20037,3.2321696994202327,-0.15947638473011327,2.9093510426822883e-05
20038,4.480454127992831,0.057507308301810056,3.336182967608012e-06
20039,4.322101463789777,-0.09672863916127206,3.854222752282523e-06
20040,3.434597019273284,-0.04344997346463009,1.8478088749629474e-06
20041,4.54592742187262,0.11656783073474042,6.759234684069259e-06
20043,4.47804918922982,-0.010992305371362754,7.182979853046443e-08
20049,4.357446113415078,-0.3338817332540245,3.8923507684914026e-05
20050,4.436743860806322,0.08830028070248463,5.7946603779845e-06
20052,4.592363813327458,0.07953000470354166,2.79436338774499e-06
20053,4.447260443588915,-0.19306718042491777,1.8020985564864986e-05
20057,4.4702000314592905,0.1596627671191726,0.0001056960370810278
20059,4.416271314406922,0.23100004759980486,8.47183763123544e-05
20064,3.813841090607159,-0.071420869565193,2.507520850935736e-06
20066,4.247202967921313,0.029463151094742734,9.436627029168799e-07
20068,4.022642305197999,0.3211631166556854,5.7247206209325815e-05
20069,3.6479190106856154,-0.1636067223129536,2.2570188333624682e-05
20086,4.565998563411873,-0.19908556654803977,1.8615701599048414e-05
20088,4.396426870280359,-0.10459850352462574,3.400469820246792e-06
20110,4.350017643118365,0.21015517693899088,6.190700441226653e-05
20112,3.8703140423953872,-0.043848925328887844,9.184985059079406e-06
20113,3.4857924740006765,0.39577132394276093,0.0006399201115149214
20114,4.6352127946616175,0.5052804866928522,0.0003218812302445353
20115,4.2887249061168395,-1.5287149660839185,0.003555765659741905
20119,4.522170645018183,0.09492811183518235,6.379783670240562e-06
20123,3.9853025988164297,-0.9796199944092705,0.014294360505581251
20124,4.077722263359823,-1.22701576185609,0.014845009613467236
20126,4.0569725755580555,0.5104957432460244,0.0002520620738549898
20127,4.351142118560138,-0.2501530136193688,6.99761098045451e-05
20129,4.5633427352832285,0.36608250338748416,6.63058304536881e-05
20135,4.586742228432406,0.19069917849613827,1.995810276489829e-05
20145,3.6807942761407486,0.18623136335666146,4.020475555297451e-05
20146,4.330117283983615,0.0680287325701503,2.881440876192757e-06
20147,4.233415999596827,0.28510637966559305,3.317596169561814e-05
20148,4.651435660460086,-0.02842555634366395,5.952367922284515e-07
20160,4.2587425625093465,0.2253892951016887,3.631147873218134e-05
20164,4.083770867551902,-0.266058541594997,0.00011247039585375577
20165,4.200688239975891,0.0549244698423319,4.1235818017652385e-06
20173,4.5231725624802355,0.0029544161674026626,4.035572818637047e-09
20174,4.414759748112274,-0.17631484191641622,1.2936419425412617e-05
20177,4.486375550517902,0.03758458004464593,5.667919712876453e-07
20179,4.365528712181783,0.10611008118178589,1.1198467862990243e-05
20180,4.502383008784308,-0.2784732422075642,2.6580022183976393e-05
20181,4.347098223619823,-0.08582779008174146,4.0192235237010175e-06
20182,4.353272339824771,0.12633462318797495,7.75867983121945e-06
20183,4.437141534320796,-0.16465078671522093,1.5651443487849403e-05
20184,4.579732337964374,-0.07992266763410871,2.559730442079145e-06
20187,4.425011973688987,-0.04548846923322358,1.0771984706353543e-06
20188,4.513903859413663,-0.3803385840382809,6.44533043208535e-05
20189,4.479035618427723,-0.22200547392852688,2.6894014419271113e-05
20190,3.149454128670963,0.3739608857154413,0.00015612020052899916
20192,3.6016051079179947,-0.9625477783027363,0.0004984813885247338
20195,4.421665065459114,0.11200911882390763,1.3015401986347158e-05
20203,3.3983390179450335,-0.905133565342338,0.0007977855517717109
20207,4.41351868320397,0.04546899260604054,1.2197143093317323e-06
20209,4.261942805172156,-0.06323822762581255,2.454745469956005e-06
20210,4.557985830471851,0.34876933313701297,0.00010232901778190967
20213,4.3854310940543835,-0.04422645390075708,8.035066105407272e-07
20214,4.470252008219026,-0.021735632276310923,1.8815455978415594e-07
20215,4.466947073920469,-0.05051901252925539,1.0805058810713273e-06
20217,4.2155834995990595,-0.11128860652379036,4.861363429728057e-06
20219,4.339553849642246,-0.03413831734020434,4.553368447710829e-07
20220,4.4124456353449375,-0.16537998610517324,1.0268187423747294e-05
20226,4.3281740395832715,-0.09697029464397389,5.239191276552049e-06
20230,4.450800109888135,-0.04652286627943347,1.2930981096164617e-06
20240,4.41308527161449,-0.09559715807817959,3.249209356063786e-06
20246,4.4767424104574625,-0.07246516684876081,1.764106031919338e-05
20260,3.7457571551196582,0.321558734714523,8.01654530153186e-05
20261,3.8942325548154137,0.2166413093578976,4.2386524643946915e-05
20265,4.17331843336872,-0.051034502457377506,1.8010961204772742e-06
20267,4.358195062058186,-0.10969982000882705,1.2766983395371775e-05
20268,4.418572191179594,0.08012575029798086,4.7611381309255055e-06
20270,4.315813863761227,0.08356140924726763,6.509662986294943e-06
20271,3.982556586994969,-0.016045396282752922,2.4336257073338964e-07
20272,4.511333953916322,0.09882377358280792,1.3839729402907633e-05
20273,4.011980246454636,0.007999900478602662,7.556395827918925e-08
20277,4.226851444612619,-0.2852696369429282,9.595144820694597e-05
20290,4.35377763153849,-0.08408018183852839,2.699037487386121e-06
20291,3.6816860713849864,-0.4708424182140498,0.00013475195393735975
20293,4.387002534348903,-0.16162970972039759,1.0246217686268017e-05
20294,4.3875207314042575,-0.0780647895652109,2.6600083214097212e-06
20295,4.385283890496274,-0.13536109645573013,7.1472701466621825e-06
20300,4.360107602312774,-0.12022073480001527,6.807324556108575e-06
20301,3.783797198660437,-0.5689293951897749,0.0001788328755370991
20303,4.384807314918355,0.11833014550458465,6.222850525500211e-06
20304,4.467604273145341,0.2677165973077962,2.9823286636355048e-05
20306,3.836925470201975,-0.3901175772877674,9.694541661383763e-05
20307,4.37813461195879,0.012603963317113553,6.334410722466803e-08
20308,4.356486759819794,-0.060562824199323906,1.4567571673439194e-06
20310,3.4775620563338694,-0.4768422412688391,0.00017215791719074201
20311,4.280200091724117,-0.0665921086751986,2.3310791114419637e-06
20312,4.419009841860172,-0.09752970705432418,4.305379606374622e-06
20313,4.7468332715257535,0.8534388267607831,0.0010591416703428437
20314,4.439025080124266,0.09572264156727961,3.5980776217774974e-06
20315,4.469942436281512,0.23688140343307929,2.2801284827281278e-05
20316,4.3730690614708445,0.10540347147128948,4.814844592817538e-06
20317,3.1398400063847585,-0.3735208971585724,0.0001650581970433126
20320,4.442261072116492,0.013248339317192936,6.785365905214774e-08
20321,4.4976278445900855,0.0985015967458569,3.8169864114520945e-06
20322,3.4701139579969262,-0.38820398820188284,0.00012059393292275198
20323,4.378008853843987,-0.07529602588983053,2.41383870207591e-06
20326,4.410762191826083,-0.13827144422050797,7.912131030022393e-06
20327,4.552594677751206,-0.13495961560995706,7.540521402594646e-06
20328,4.581973156281856,0.04005414677265762,1.1112259096908836e-06
20332,4.217480830026158,0.06057321426474527,3.53221518155741e-06
20333,4.333490564624532,0.1528960853735919,9.70096328668034e-05
20335,3.85907120127411,-0.49522960615572353,0.000486194321881096
20336,4.4281209615241535,0.0480788431669783,1.0322041260681516e-05
20337,3.7159217196782683,-1.3180264468798977,0.006367211265298345
20340,4.473782583017208,0.17156939260371562,1.3491034720088853e-05
20343,4.235256302052398,-0.27064084650508136,3.3829480205949086e-05
20345,2.98979620290089,-0.1333259966804068,2.5709686760013238e-05
20347,4.427754224486202,0.10484526866705401,5.228778406834441e-06
20348,3.31463811011903,-0.599943366298151,0.00036392465969013635
20351,4.373872599810312,0.005650904645451149,1.8810851458513153e-08
20354,4.337658329872281,-0.0016756336998060561,1.4033528983696758e-09
20361,4.369563659351832,-0.07363972373136196,5.902151886631465e-06
20367,4.032785984709169,-0.4111152802886826,0.0007218602265737673
20376,4.304723958311813,-0.3344320447596911,5.834143969458148e-05
20377,4.378784521623993,-0.32526195392214774,5.8805946716824425e-05
20378,4.3060328180491005,-0.4162554215682741,8.250260438691224e-05
20379,4.326668965824729,-0.3620535102774127,4.670791157634095e-05
20380,4.053776151113681,-0.01248080998139578,8.907124925328425e-08
20381,4.347502434894337,-0.052941826001731584,9.166012287919675e-07
20383,4.271575202346683,-0.5410740735419268,0.0002628098173821335
20387,3.507229037323188,-0.44852196460780824,0.00023470862545409707
20388,4.272392636029376,-0.4724191344098525,0.00021586838050997192
20390,4.237759760338094,-0.08357519775997702,6.030803748937143e-06
20392,4.322808542406706,-0.33753507523896786,0.00011266364322303419
20393,4.251142557146694,-0.26401207923174264,5.615586277278349e-05
20394,4.244832505631107,-0.01799876036292769,2.42995841057471e-07
20395,4.378320358790758,-0.05551308377684805,4.397084262461051e-06
20399,4.360533095989843,-0.03905296118399537,8.828230273500619e-07
20403,4.385062822071473,0.12579668444537706,1.3663204403965385e-05
20404,4.3390733732095805,0.06642561764944332,3.695120000988367e-06
20415,4.761669047836187,0.08015303949090669,6.917833759223309e-06
20418,3.9737550598371016,-0.14947096871696264,9.088628828715777e-05
20420,3.1644730759450885,0.841040272570396,0.0009874883787342375
20421,3.2044377590407196,0.7544688322862769,0.002548788121993042
20426,4.549724680256771,-0.01712518710351496,2.29714779603395e-07
20429,4.17330577003303,0.7275146580560188,0.00033892835635903647
20435,4.25423191157908,-0.1515885465422837,1.303133434870312e-05
20437,4.131249131759904,-0.34026445470881406,0.00011725003180956269
20438,4.476796006029522,0.029658207019411797,1.0355533338062558e-06
20444,4.3131728362471105,-0.17960756087172847,2.0835484399830166e-05
20448,4.0260294146640465,0.2520246296268569,7.718008241315833e-05
20451,4.298753893991647,0.5571750103436273,0.0003151421225929982
20454,4.16951658403946,-0.2962344069277445,6.825931758055318e-05
20456,4.252809518336692,0.10004573903690961,1.2534665236449222e-05
20458,3.908437032025171,-0.06683649089357102,7.03933298142194e-06
20462,4.5155872520518425,-0.15887842536225083,1.6244690173276076e-05
20464,4.428238589484263,-0.15018454519335922,1.0221657433382027e-05
20465,4.389846108484402,-0.036990851110800804,7.718423506411657e-07
20474,4.4809072900302995,0.054912817822998505,2.6317392978710127e-06
20477,4.260000874784103,0.14915442727803185,8.63662818949109e-06
20480,4.267586575218401,-0.13402129984301858,8.039625959094525e-06
20483,3.523860043647742,0.3638702692113598,0.0001419440245237418
20484,4.368635972193662,0.20710540310361747,5.956472298516973e-05
20487,3.891014089996776,0.16077085780652878,2.4124500709907657e-05
20490,4.090112078795502,-0.1427219295300648,2.4188798940694197e-05
20492,4.112309613810788,0.5614533636429151,0.000141345660708926
20494,4.297928876013462,-0.12508125230341793,6.4524632198523686e-06
20496,3.503781731966804,-0.7187704897284659,0.0004951576786674369
20497,4.384118800309303,0.12343855681178795,7.914992170187751e-06
20498,4.030598103728737,-0.5371254459574111,0.00023741709368079646
20504,4.312248546404011,-0.15336546304433973,2.0974672378698833e-05
20505,4.44288870518502,-0.05091173965796969,1.5128099675662163e-06
20510,4.4068974103515295,0.09845244035435119,3.1530049149964383e-05
20511,4.5047846788585195,-0.26489781134576074,8.293480619255803e-05
20515,4.257823839315488,-0.16015148700071258,1.1386796320489405e-05
20516,4.333894837320098,-0.09256808474935152,5.7223478380376594e-06
20519,4.3895764509977715,-0.2385365450991257,2.4111010860007612e-05
20520,4.410206618008368,-0.03949374323475929,1.2905506713002538e-06
20523,4.364186757254519,-0.2815774512508389,5.0178319506693834e-05
20529,4.261258740792907,0.1707478261859956,2.5634983606440853e-05
20531,4.4583983000181275,-0.03235477992747171,6.830604879424255e-07
20552,4.302995169136738,-0.10729811265434908,4.6106786294384084e-05
20554,4.172418238583493,-0.6549204012251768,0.0003418391454816705
20555,3.458002280181598,-0.053477108426768005,3.6218292580913117e-06
20559,4.186666727481683,0.0269412555672357,9.386293477216589e-07
20566,4.366859201077758,0.022639448434825127,4.628975011982473e-07
20570,3.7416819181909204,-0.06538124628384434,1.1313554623668437e-05
20575,3.2116612347624045,0.65117152647497,0.0004471708429468128
20585,3.998889930046171,0.19981464750017253,3.9158670017860645e-05
20586,3.7867611615111416,0.11722967221974034,9.235000734477314e-06
20588,4.42391997269446,0.13834271228235462,1.3451503201522399e-05
20590,4.330491960627442,0.02621686606214979,4.259749270779305e-07
20591,4.308903508598076,-0.31437928165818585,0.00010582756398552404
20593,4.311038297039989,0.16174270090235687,3.3748481717252516e-05
20594,3.572059756160036,-0.38570712299739496,0.00019265236226100307
20601,4.49743316496054,-0.36386788958515837,0.00017059719703355736
20605,4.47135431673266,-0.2832158752241991,4.4877877496471255e-05
20607,4.411003295649434,0.05029651991895534,1.0860557035254565e-06
20609,4.082757204046967,0.1129398524354217,2.6627070757684984e-05
20610,3.7132864740698497,-0.036985802162773584,1.4933120115449418e-06
20613,4.3538916838885475,-0.0855938145430084,4.242593233907178e-06
20614,4.377139514974956,-0.15763180979884872,1.1700608179112579e-05
20615,4.462860548401132,0.08043423386887216,2.886166691188624e-06
20616,4.240815530328308,-0.2592664622515515,3.803578395491075e-05
20618,4.486546960372864,-0.1947185936171305,1.663516647198218e-05
20621,2.9585572843372776,0.8937157166850946,0.001426858299121709
20631,4.403987374067538,-0.17569483933569785,2.3779607484891072e-05
20633,4.338914734252083,-0.11354190962357791,4.987301120986114e-06
20635,4.071094102315908,-0.1915942885933224,5.2231913222543425e-05
20636,2.979746691971024,0.5347793749981347,0.0003750255696547119
20637,4.192687682217769,-0.1117661403278083,5.590959607393794e-06
20638,4.286514940407628,0.010770465811162921,5.24537527164755e-08
20640,4.23446817924608,-0.08028361666796258,2.6056557321072774e-06
20641,4.545658933971708,-0.3028943666313344,8.724859718090083e-05
20642,4.2391763446742985,0.006457665094028009,2.4990538617292965e-08
20643,4.448809634163872,-0.21180877154024813,4.594286635920482e-05
20645,4.304487420073737,-0.25096485237189103,7.723129274431583e-05
20646,4.286336923977507,-0.1181225131889514,7.5690130565361225e-06
20647,4.2884215912790244,-0.3864489217043796,6.883708269189957e-05
20648,3.8091245337468136,-0.01813985669572382,3.3692641737935796e-07
20649,4.51240436280196,-0.4978247690487221,0.00022147498797880715
20651,4.36382846472205,0.010669903531040248,6.693084954324281e-08
20652,3.8538362912138884,-0.16745996731807056,3.156023422115207e-05
20653,3.869306752232435,-0.32256706527962153,0.00013469680766435137
20654,4.121289940652197,-0.2233658596035526,9.371157305591808e-05
20655,4.442616321034179,-0.018968011669477924,1.7191669493604136e-07
20656,4.346974197048444,-0.08570376351036213,3.3124399923859697e-06
20657,4.414959910747866,-0.24984627763755807,2.5348924970714634e-05
20658,4.372292306814961,-0.036309610642486057,6.654678654221148e-07
20659,4.362936726004345,0.3080212005217495,7.779801206073985e-05
20660,4.316308111674006,-0.11310914453982335,6.70865540386268e-06
20661,4.329710111008356,-0.2487885691183953,2.8930764928118763e-05
20664,4.333197688213549,-0.12107009033506433,7.4299681651545865e-06
20665,4.4412156303983625,0.014293781035322084,8.231805944055948e-08
20671,4.418416011542163,0.08582825585596776,3.937000061651673e-06
20672,4.061847106997194,0.15618892756745595,2.8336105498135894e-05
20674,4.337175640824112,-0.19087133967130043,1.5917899786423077e-05
20675,4.351430057919116,-0.12313752318727644,6.750285373644004e-06
20677,3.447885776209891,-0.5034467970434506,0.00044417416835624944
20679,4.476340112845407,-0.00014030815427545917,9.210082279922285e-12
20680,4.477788961736644,-0.23072331249688016,4.446234604439877e-05
20681,4.480784577531642,-0.10251499173547263,8.516886407732989e-06
20682,4.042565528770599,-0.27904253166089665,7.691412056982358e-05
20685,4.53410763793994,-0.23954702904733427,0.00017669600797154202
20686,4.286652985447273,0.011992040287557515,7.792158748888121e-08
20687,4.500536355865825,-0.16193927911927997,1.0499896495285216e-05
20689,3.972871571850614,0.06313741335852319,4.0027244991683044e-06
20690,4.392984052025115,-0.015969959174777948,9.256629548913393e-07
20691,3.999292503661414,-0.1322668641640039,1.6251984321776604e-05
20692,4.40800988500969,0.032285657788166944,3.7075689496509586e-06
20693,3.576262409209613,0.166157811832353,2.6239982993609556e-05
20696,4.332577040231226,-0.14595720189995465,1.2066701712593211e-05
20699,4.3097600234616396,-0.114062966979251,7.643302815584458e-06
20700,4.08467195437305,0.5013154121982675,0.0001060668676602215
20702,4.27856048440853,-0.21467512967113755,4.134232431400486e-05
20703,4.333653359312266,-0.10681961404408646,5.0314699492550655e-06
20704,3.9394389638201117,-0.3258219942067222,6.0632780212835146e-05
20705,4.030367215241183,-0.4086965108206968,6.706629143660923e-05
20706,4.67653872443047,0.4426519762201311,0.0001223154774311479
20707,4.407125957963581,-0.06462008145198261,1.7204241921855305e-06
20709,4.495294996172739,0.09577626543585005,7.388475544271583e-06
20710,4.350452521513576,-0.28828685765571027,3.5361349845068194e-05
20715,4.492733615308027,0.009295811760551054,5.97164209715012e-08
20716,3.1482210477315102,0.5481304212211269,0.0004998831896307423
20719,4.466475283260271,-0.005175467691882041,1.3219895357058103e-08
20720,4.3270440636480325,0.06369451162787065,3.5914340012498214e-06
20721,4.17395593467772,0.06448897151813693,3.961423329218599e-06
20722,4.3610790279456175,-0.2684025228242142,6.354884055901112e-05
20725,4.36221985385052,0.17360025400277834,5.831248799399213e-05
20729,4.368298309827033,-0.10280549140910278,1.2059158843220055e-05
20732,4.508868537750706,-0.27476203315344616,6.873766841576655e-05
20733,4.214867533704562,0.43048444191636115,0.00015804677993126056
20735,4.352260679710886,-0.11960450169127324,6.052249802915274e-06
20737,3.7384683162921086,0.2204382750348879,6.170896400176027e-05
20740,4.4356437253915795,-0.26742931460302355,4.892246777409135e-05
20741,2.8848656186847816,0.6761804639192697,0.0006490656392679104
20742,3.0675990927368066,-0.09206952650033484,1.4072632556516065e-05
20746,4.311066054051007,0.2708355049977307,5.181182300297975e-05
20751,4.379603218920182,-0.06478533393975017,1.590494063351329e-05
20752,4.369257873962897,0.14926450529952273,1.520931884466762e-05
20755,4.260544546077014,-0.22807538757300083,0.00017351094247419307
20756,4.282153549331293,-0.340571741661603,6.808935415099582e-05
20758,4.242858102151613,-0.05017763920865104,1.5174024095345725e-06
20759,4.553491816257391,-0.47088251025371086,0.00018092204749920642
20762,4.453950036705169,0.13914756804865291,7.777672523921752e-06
20763,4.284458164636492,0.09255592821384528,3.936075366180424e-05
20764,4.242380533690528,-0.24234665093966878,2.7623142822587158e-05
20770,4.37190285573492,-0.5111731446943244,0.00033443133690075696
20771,3.809753397756764,-0.24022070127539408,7.043013016724513e-05
20772,4.224909571582119,0.28924121601880426,0.00013070493855460634
20776,3.6184963550733498,0.029561104520331227,6.212920060539062e-07
20777,2.9229765180091265,-0.20168109015689595,6.132451391570623e-05
20793,4.44187676683674,0.39281657742960085,0.0001473267158517832
20794,4.381123451003619,0.07670614708576284,3.378070322636921e-06
20795,4.240372988105575,0.16756502835280784,3.1458337651839305e-05
20796,4.566575069627443,0.15904126943651598,8.041070062011799e-05
20797,3.420312413890904,0.0731602438804222,4.565208674285936e-06
20799,4.354724221177505,0.028551632896808954,3.516900387622515e-07
20801,4.428227435791236,-0.20871973061512872,2.6478706253588973e-05
20802,4.385145968372535,0.04209300912289482,2.510704254365493e-06
20803,3.2690973526324076,0.8628640731609996,0.001386036487533384
20807,4.407343507282614,-0.08453623226870377,7.1683278668359196e-06
20810,4.458305093710401,-0.1664767269546683,1.724029744805742e-05
20811,3.800142172345824,0.23586681286331324,2.9554873743236646e-05
20817,3.348441387371583,0.5515090368222939,0.00043495430429305986
20819,4.274004661729111,-0.08132419878614883,8.562674982990811e-06
20820,4.291167226687464,-0.1656470469969138,2.4049906716877886e-05
20821,2.9004774528120296,0.3303269429214448,0.001736418220498829
20823,3.565576216901412,0.3895062779871812,0.0003487452736718452
20824,4.55828876808188,-0.223615829791469,5.637912892445873e-05
20825,3.120056073790469,0.4799921666168516,0.0004618784431771516
20842,3.8639321246961273,-0.37045946692480136,0.0015564769829704906
20851,4.184166033382986,0.010023863808830136,5.259921461839562e-08
20854,4.005477169955134,0.55678551502168,0.00035164561337541506
20865,3.828677628342349,0.027832667155538005,9.789309339728924e-07
20871,3.908497523168745,-0.018720126687918448,2.088952946341862e-07
20873,4.2406173480556895,-0.22423432730330095,4.0836338703239094e-05
20878,4.35277769179115,-0.17839042189551346,3.386694792501267e-05
20879,4.463725227348981,-0.15561427562526742,2.692982422376843e-05
20882,4.462271752005918,-0.1341734593575925,2.1104166719175947e-05
20888,4.430346100008623,0.03900436283693409,1.5540609891302302e-06
20890,4.361660349318627,0.13925981529566478,1.9830571882786266e-05
20891,4.486308120994714,0.03221425826770563,1.0245431141524158e-06
20898,4.216406857826988,0.23210951811572667,4.565599984474424e-05
20899,3.5053390404609033,0.48734186798469725,0.000189258017566045
20900,4.5724015555698205,-0.12505545477529623,8.92712248954392e-06
20901,4.392162736988087,-0.022714884521065848,2.0335613659035095e-06
20907,4.313142398443293,0.28298704289264975,0.0008634744980161305
20908,4.314873045191729,0.09062594566729487,8.855688596421333e-05
20909,4.202550854908235,0.1136030356149389,4.154019976157788e-06
20910,4.7652033130046565,-0.11410419512816539,2.5300142257271686e-05
20911,3.987632223266386,0.02694737048685214,3.1506529206148093e-07
20917,4.534854333173879,0.050113145496693434,2.212393101996618e-06
20919,4.395277078338928,0.47302630717953154,0.0001676484266601428
20920,3.6774649195338274,0.0578209073942646,2.892057633620104e-06
20921,4.262172432916642,0.19217486333686562,2.2554204055446305e-05
20922,4.40358148784555,-0.18113692299613326,1.770586280520688e-05
20923,4.225762727723986,0.3794074582641054,6.958307014587086e-05
20924,4.472350420374518,-0.025004319579993606,3.2442211699566853e-07
20925,4.249913268883951,-0.2815099300196975,7.642838706206492e-05
20926,4.427130865405132,-0.125772133798705,1.8281019253210236e-05
20927,4.4494396736014465,-0.18114180425590742,4.008171179823141e-05
20928,4.409348549450487,-0.222728711119216,1.940755378538098e-05
20931,3.8700693782539,-0.2272338626413708,7.194657133138352e-05
20936,4.38052880938887,-0.003514716538532525,6.7968772023278824e-09
20937,3.9218910969684995,0.5756938783396546,0.000278330362974419
20938,4.3277598058451066,-0.22842770211196672,2.94462573233082e-05
20963,4.296407868494237,0.01304807334480973,7.989446712604929e-08
20965,4.153788570580695,-0.06781225802911095,3.5149192114054733e-06
20966,4.362159296719511,-0.023562219972966147,2.584727019682359e-07
20976,4.520616773675196,0.006591870843183578,5.421591676031055e-08
20977,4.392679065315194,-0.16147532037589674,1.333718017846915e-05
20978,4.352262380967162,-0.3503986715392271,9.740217928001645e-05
20979,4.110149971814031,0.07646986651724053,6.440506984697109e-06
20982,4.405502779362737,0.14732092625314497,2.597506761181666e-05
20983,4.503927356927746,-0.14337975393098823,1.701332941453499e-05
20987,4.363463555851358,0.08388254494316616,6.338557754683558e-06
20991,4.410033343804945,-0.018056378277894858,2.733236326084142e-07
20992,4.441207919382586,-0.21145872015428235,5.568600730016549e-05
21005,4.26510736956536,-0.04413015640989304,9.629228192684463e-07
21008,4.134246844017623,0.30368742259455495,6.327123616820387e-05
21012,4.092095462656684,0.3363375448313528,0.00010998713385360469
21013,4.007688674547959,0.12427275124544845,5.4296789935286586e-05
21019,4.393525847778063,-0.05623510694557332,2.270353607432673e-06
21022,4.439331798604055,0.5693014928215279,0.00040992240780970393
21024,4.024301819887751,0.13770139080816435,1.3251853198037656e-05
21025,4.4162360988648235,0.00019196252639019917,2.131016437418565e-11
21026,3.9464157699143723,0.12261098432343864,1.5820329782164926e-05
21035,4.179460834979638,0.12054196421565333,2.4400092793299852e-05
21036,4.379723413994259,-0.14127850779840134,2.3469623747441723e-05
21042,4.6007470641581225,0.16398769150130743,1.3471155932353435e-05
21043,4.537636160109133,-0.0007448148743360861,2.507189164208597e-10
21050,4.555237762474707,0.11945848616199406,9.948158933136993e-06
21051,4.496969350685864,0.21525990759563474,1.992755412028452e-05
21052,4.46430844765975,-0.011124618669540176,4.217021357507836e-08
21054,3.8382323369826215,0.29051365195681145,9.943552546976822e-05
21060,3.2341395493503238,0.7074422583193667,0.0007115790812679491
21062,4.575393834666856,0.23271719531792634,2.4970119715508363e-05
21068,4.502996707459791,0.017704321901851117,1.425583610820132e-07
21069,3.419515999082789,-0.7733412016986665,0.00108661959474562
21074,4.618387330300315,0.36932045915223544,7.544134551406863e-05
21089,3.4373537297362335,-0.23868061218555203,5.068678941774038e-05
21093,4.450585169447559,-0.16699860758693053,2.862188734685906e-05
21094,4.521075201334477,-0.21971646972805026,5.257865503445523e-05
21096,4.491867457145359,0.5300374292091279,0.0003059297363181217
21098,4.363213917322447,0.22785734428614202,2.8406181728680144e-05
21112,4.3287366801830744,0.31083493252234895,0.00012055844326138222
21115,3.0024375522705684,-0.5010016005313576,0.00033148867886711867
21116,4.51193137475492,0.2056742405629599,1.803715944942534e-05
21118,4.376408420563287,0.19313458778165327,1.6323079393019946e-05
21119,4.402127790736309,0.2198995123182046,2.831043557344638e-05
21124,4.366152453760837,-0.04733189499074797,2.8774229113448656e-06
21125,4.427043742896181,-0.25573813953795277,2.845152022580474e-05
21126,4.426626538754963,0.06872878122592141,6.057790925176151e-06
21127,4.409949415182119,0.1301487740622571,1.4044351333209973e-05
21128,4.502926300310308,0.19025476300049693,2.5315495233658685e-05
21129,4.482142956306093,0.2009137683390696,1.595945977260757e-05
21131,4.490739838494489,0.4026122949870343,0.00014213074337498895
21132,4.499264546640586,0.103903636676832,7.405686829625114e-06
21133,4.482541671723792,-0.005204857245584726,2.0057200574586113e-08
21134,4.515844559729194,0.15323895200254967,1.9178914197160683e-05
21135,4.370949435617654,-0.046816779362675476,1.1495221243931306e-06
21137,4.391729508644494,-0.17960191076601006,1.6350915207075097e-05
21138,4.237574979644158,0.15810798147720906,2.7901706246152366e-05
21140,3.6948233003932236,0.3287410797678296,0.00015407243892946008
21143,3.0484380918125527,0.6048141846582324,0.00334061220645892
21146,4.4785800899416115,0.015658535339198032,2.999837783877989e-07
21147,4.507864023551337,-0.03280252291026642,1.3186349350113798e-06
21148,4.44773986287687,0.056504404521261264,3.871735870866384e-06
21149,4.069168573802737,0.20610769092426384,4.84659368330457e-05
21151,4.105014276626501,-0.12160127511168195,5.971350233265673e-06
21152,4.419428857199402,-0.23432993170883698,4.564436681047882e-05
21160,4.213797906124561,-0.3322341081811233,3.543241480075504e-05
21163,3.5109743142907273,0.1952537781578223,3.629470277016921e-05
21166,3.949317115760051,0.11456823897734125,1.4167732165020982e-05
21172,4.051153926900235,0.2087050737994387,1.9173554971110653e-05
21173,4.100210462585186,0.33654107177794224,0.00045980038090235497
21174,4.47470078915253,-0.12830133212179984,1.7510108613031055e-05
21175,4.4504717346744185,-0.2577912717314561,7.020726693589244e-05
21182,4.489229920749778,0.13867975220780338,9.488406200023041e-06
21185,4.303469444650149,-0.30526874298095086,9.826526747278484e-05
21198,3.821213806756759,0.7606877522919784,0.00033924187875762613
21200,4.407964371807473,-0.007361351560655649,3.470544816578981e-08
21212,3.6134284580679394,1.0509535875519975,0.0016667105968407275
21214,4.319252657412461,-0.37767084974277054,0.00016821304076877845
21224,4.448020722832432,0.1896166532931609,2.9447716351202326e-05
21241,4.6707645229965955,0.1406064935753939,1.4082251991944453e-05
21242,3.6310892303742546,-0.06155653389288451,3.7725899299413372e-06
21243,4.356758945248947,-0.10969329600918254,4.536503573219191e-06
21252,4.480264762142827,0.2310656196736547,2.1112453955587327e-05
21253,4.500733090534863,0.18601708244565174,1.533367253738956e-05
21260,4.356315817783236,0.22251039286525298,1.8640881240160327e-05
21261,4.577164219436094,0.52209226631369,0.0001221664935744831
21262,4.4038889267793,-0.013150351503396607,7.011912208654498e-08
21263,4.467922380033973,0.24520494745921084,3.550976589832225e-05
21264,4.405316789251477,-0.01954716829876091,1.9708809594197337e-07
21265,4.504076378316843,0.4275157084389596,0.00010827936362106122
21267,4.60847285872566,0.03591804041571223,8.930368004721233e-07
21268,4.293240242526802,-0.09905034533498558,4.942168213023879e-06
21269,4.273137793235512,0.12254516788585512,1.2471187082678684e-05
21271,4.501403328063466,-0.07177771459030513,2.225957272282982e-06
21272,4.3133023171910985,0.19755718932575128,1.9663184330028242e-05
21280,3.881970006209495,-0.006610985152940341,4.426490778290513e-08
23120,4.190241401084462,0.07243847595685349,5.463932131258625e-06
23125,3.48610483071857,0.26574942255675493,8.449858096060695e-05
23131,4.522832433369684,-0.03870057575864916,4.638721107433313e-06
23136,3.2217500791952802,0.5893470076429055,0.00042819623207807967
23143,4.498658858118919,-0.06190732375579078,1.4468877091803152e-06
23144,4.3280255103842205,-0.3243353164302505,0.00011415486867269326
23145,4.123698191319117,-0.43232185700659365,0.00016724041639169936
23152,4.428710216797134,0.0898121624652859,4.471435839844378e-06
23167,3.0442191712428692,0.5448399475888563,0.0004283472188326546
23168,4.35864356663987,0.274141786381195,5.949845503834724e-05
23171,4.4283546460994385,-0.31420745658115834,0.00010715582727855126
23173,4.230289962977726,-0.024105919000089848,2.4949868191482206e-06
23174,4.202643743919247,-0.08360656910677466,7.050611336860722e-06
23175,3.746880310119609,0.21393285947796903,5.34905945993636e-05
23176,4.516277448669666,0.22079780819836348,3.63076247453552e-05
23177,4.4802423913604965,0.19165142667050272,2.4712866634881188e-05
23178,4.298916648587853,-0.5951485819801658,0.0005753810987493478
23179,4.275801994809602,-0.29052852764186365,0.00012123033579059587
23184,4.484183715311692,-0.08112971344573516,3.7555635232500086e-06
23187,4.5119914537573775,0.20292959618983275,1.780781058866804e-05
23190,2.8574802179586745,0.9357592514795048,0.0014354029233235649
23191,3.921952003376456,0.1572789210355965,1.662663541173625e-05
23192,4.328643547161314,-0.15118407822870683,1.9910174348917005e-05
23193,4.404662659440224,-0.2583583582874125,5.2782763917071246e-05
23195,4.386680971512504,-0.13675817747196017,1.5157935231360685e-05
23196,4.31032935215613,-0.12219091064766907,1.1532301616142709e-05
23200,4.4705241097979345,0.15346783043074463,1.302895600043854e-05
23201,4.563281596754322,0.5100154584666443,0.0009335383192697439
23202,3.757420853176137,0.33692370904596336,0.0001307288472424163
23204,4.427885073515504,-0.012665471485858504,8.754635563639454e-08
23207,4.444349344104654,0.09894543816534984,9.036078131717031e-06
23208,4.491820758397227,0.01793924278620551,4.530483455134012e-07
23212,3.9267242052907054,-0.24789508703027074,5.3287927705754664e-05
23218,3.4470302570181666,-0.5185067331576256,0.00021700369474726415
23224,3.8066102538316597,0.1446334647497678,3.308310684800311e-05
23225,4.003371528870533,-0.09938069513965075,1.577418444570466e-05
23226,3.404340017613205,0.27196065429387106,9.371064991154079e-05
23227,3.7841633168472204,0.3621409843055914,0.00015046369432603507
23231,4.467675808174514,0.4965664463520314,0.0002009707627911041
23249,4.289431511255179,0.17647660739940463,2.411071173592553e-05
23251,4.489918892959314,-0.8010394388453776,0.0007503741612563906
23252,4.44564979363464,-0.05863561744971957,3.6418910294608746e-06
23253,4.342695437426382,-0.03998260947222576,1.6998811132248881e-06
23265,3.3960950093970963,0.3880946245211647,0.000126049378100506
23267,4.325883701501293,-0.27062652798723885,2.9188775076212595e-05
23268,4.55152035971856,0.07247158051011926,3.024455961396835e-06
23271,4.026375053048003,-0.3055125530810163,7.89459369833352e-05
23272,4.439326081884764,-0.1654416058305861,2.1949550578813992e-05
23281,4.420827640331998,0.7995281847463263,0.0006404341720669758
23282,4.318461304942519,-0.06426804177852219,2.4799828984218e-06
23284,4.050972985783817,0.17000422737165,1.896831797845765e-05
23285,4.5433307196367965,0.13601886452554623,9.762383613706375e-06
23286,3.420172042475005,-0.8324080072472966,0.0005335328328799051
23288,4.393606239418856,0.17074195204897968,1.251819389474253e-05
23290,4.314133215156957,-0.08584068042511728,2.921617022324494e-06
23292,3.2952651002102167,-0.8103584504222163,0.0005220396197742844
23293,4.44825794878655,-0.1785604990865881,2.8332637614526603e-05
23295,3.512603683079619,-0.09160367412128378,6.330645826651515e-06
23312,4.396091985591811,-0.1721822190150668,3.830481375337807e-05
23320,3.5970887025842155,0.17337073852214369,4.530922569132063e-05
23323,4.139129436730827,-0.28261914123293996,7.882669279732952e-05
23326,4.135470456399857,0.9290215104871091,0.000460079525842308
23327,4.543498962691064,-0.19322102633176286,4.5111992726494496e-05
23331,2.967832260135118,0.25503558600262055,0.0009309416567139807
23335,3.9966157539522076,0.09438990700437877,5.490880693506752e-06
23340,3.9596628017031015,-0.33799209728261514,0.00011801501373574944
23341,4.049832433087379,0.23237386630429224,5.785926795402017e-05
23351,4.402977297200105,0.018270050627057444,6.122886836810555e-07
23353,4.447108925153774,0.18567642786729088,1.4817943401790006e-05
23354,4.299469867882576,0.13372505336570573,1.066231825159236e-05
23356,4.253802271617993,0.11691060315561508,8.061291461398625e-06
23357,4.324425096595237,0.09682225123192545,5.336588210864298e-06
23364,3.8623165908168735,-0.5408841776235809,0.00017814979437124628
23365,4.333989366110556,-0.12929674671959024,6.8233510857325955e-06
23367,4.121567600294323,0.07713697725202007,9.88583442556705e-06
23369,4.422753508340742,-0.12275070914545072,5.268562256565699e-06
23373,4.636684656718338,0.019178643585271438,2.435176638935192e-07
23377,3.1762258915448345,0.4949986273303808,0.0003600708929387753
23380,4.366593472533828,0.05825315932298203,1.8597085269986959e-06
23392,4.518036867480044,0.12635403166132875,9.5875437908075e-06
23393,3.6702720254090777,-0.6353190387018053,0.0002758883183722873
23395,4.3503059657337415,0.07214258343905566,5.172785714767109e-06
23401,4.531461123096299,-0.1837671675029222,2.8052108220087804e-05
23408,3.1077053478632632,0.18442093874452992,5.722164847467726e-05
23423,4.455272633838216,0.4373295933464476,0.00024459978469652485
23425,4.552114609908288,0.39806271515085356,0.00023301984756612213
23427,4.39951734555366,0.10251208151491831,1.1855047476551283e-05
23428,4.177494825469972,0.03315019244828932,1.1594271347814891e-06
23429,4.490116215141048,-0.020765752295490714,2.626507450678208e-07
23431,4.236517872562388,-0.2929962000748705,6.679841135558963e-05
23432,4.429342351416308,0.008591915195870214,6.660304285143618e-08
23434,3.774648528891659,-0.11880892885592287,1.4806009495053383e-05
23435,3.791975071876337,-0.1387227954055521,3.476687559523953e-05
23436,4.415264658965403,0.3261831453152366,6.382921742183675e-05
23437,4.37174734427852,0.07090391221179626,2.92378630022574e-06
23438,4.299947097533912,-0.12095506125152689,1.0031826673541257e-05
23445,4.413367284403797,-0.2056940368746938,4.6318873363349556e-05
23453,4.214220828858363,0.10991182739661554,1.158320692526823e-05
23454,3.265943666465657,-0.09625808578822781,1.0669918368332716e-05
23455,4.371403974347033,-0.4395783416227075,9.164065087039287e-05
23457,3.785978127237555,-0.12755788060832707,2.3639360540486865e-05
23458,4.326164486251977,-0.3904249542065146,0.00019567354242229642
23462,4.427439474075056,0.036167147591248394,1.6578304351617022e-06
23463,4.02133181175006,-0.21023472491187434,5.251171969423043e-05
23468,4.312559612618869,0.0377183237404326,8.476273347289644e-07
23469,4.535545790015179,0.170374299073055,2.9490766524399527e-05
23487,4.4098371086956,-0.01415414757423239,1.697244520362167e-07
23489,4.455562611181913,0.13955723895267713,1.606457499072505e-05
23492,4.044206397384748,0.318892227403615,0.00012568287305059187
23504,4.494896713699697,-0.04872225920206397,1.1806868569345458e-06
23507,4.316243221576335,-0.23194899520773582,2.4688850682652096e-05
23508,4.361780982292415,-0.14374494772776458,9.849218209802612e-06
23511,4.346357055012335,0.06644123832829951,2.440789901290697e-06
23512,4.448461813536592,0.2619688831089926,3.78204604316491e-05
23515,4.454791473800506,0.40191533800301293,9.147287350455988e-05
23517,3.9782450398446985,0.03633455390853957,1.444365679866696e-06
23522,4.748230326149005,0.09042970320744015,5.282276544292408e-05
23523,4.458921888613189,0.1085464301908905,1.2129900520454264e-05
23524,3.186914478148796,0.5044618561637275,0.0005456779551709579
23528,4.374735777064745,0.17597822312728706,1.8010714103913855e-05
23546,4.572661655892035,-0.02830360930070075,4.6847249503267446e-07
23548,4.334120545595102,-0.07567497269257473,2.646681219060033e-06
23560,3.4499159074163295,0.20592369261940657,3.710981079389583e-05
23566,4.2484335956374135,0.532369158993836,0.000418244388843999
23574,3.1692844970649237,0.09647491370212746,1.2231960734438072e-05
23595,4.526141798199721,0.4818232673406557,0.00025916185708910254
23598,3.5994619476682983,0.27382022944341733,7.394068994888741e-05
23599,3.420918172733001,0.2297400685607376,5.7582248649866246e-05
23603,4.37916691017321,-0.09834278100849136,9.03382989253867e-06
23632,4.487129172294035,0.10596843245978693,4.443866416339997e-06
23633,4.395784513616262,0.24475281620911993,3.6684256732897e-05
23634,4.236160567893235,0.01233467415612477,7.978907805300235e-08
23636,4.260956179245947,0.18638992154857714,3.1855594719421976e-05
23638,4.446845512531581,0.21941977281632052,3.411738323577693e-05
23639,4.228612755943795,0.0025909889955029186,4.112781686812119e-09
23640,4.420885811305032,0.15691317788692682,1.7402351406675813e-05
23641,4.25772902729548,-0.24676607401243,3.385562457278631e-05
23642,4.258545489456172,0.03464993151109397,7.140648636255907e-07
23643,4.396325671114662,-0.08686972927561509,6.9996467185213184e-06
23644,4.489898030444368,-0.17107747167427867,1.7869797942529825e-05
23648,4.509049576260687,-0.053540164827002634,1.5795285444142951e-06
23649,4.157261297741254,0.2197527951090832,2.8176910887668704e-05
23653,4.559740848778158,0.07692800426930457,5.3675866862288025e-06
23654,4.665020161058317,-0.06085047540380906,3.7925577695860082e-06
23656,4.771779277101595,0.2863755329626372,7.161303111059928e-05
23657,3.2717233711389415,1.246799008123478,0.0013503035201902697
23658,4.348621269692336,0.46030575380977545,0.00018963308602642498
23660,4.455038939767258,-0.1496234074652163,1.3089011768620273e-05
23661,4.687222986636836,-0.026618093760643724,7.806962484540239e-07
23662,4.460970872907613,-0.26076591998603504,8.985821197400383e-05
23664,4.563564182362908,-0.06486624088533333,2.6076966409441145e-06
23665,4.444866147756355,-0.14894221213588477,7.083914845337728e-06
23666,4.407903062020689,-0.25843920057750935,3.643095397359754e-05
23667,4.624511281819061,-0.030402043190393968,7.120980420793766e-07
23669,4.621187789070893,0.04883336923681458,1.4669602618825141e-06
23673,4.450050270528182,-0.6433877807578625,0.001494477793551815
23675,4.520532927873136,0.1315208440138056,1.857111137561557e-05
23676,4.300039060468199,-0.1103843184417741,1.2143146048871776e-05
23678,4.402048885857883,0.1643804718137778,2.6756935741981845e-05
23679,4.1941292507582535,0.5629032845390842,0.00019026027792675405
23681,3.696900780157389,-0.40849889264057815,0.00018201918711474889
23684,4.432008524109267,-0.12794343090509663,6.539774640325394e-06
23685,4.405134165716797,0.03280010089538088,4.4818806668486835e-07
23687,4.440989506833257,0.03407199380781378,4.714480114111697e-07
23689,4.42127866980064,-0.16850687098402073,1.9337522850289727e-05
23690,3.7247015306808327,0.3148347950462731,8.716135622879596e-05
23691,3.608537495626179,-0.30900376774052374,9.232395374360725e-05
23694,4.2740584299312445,-0.024135635890700335,3.433353035389599e-07
23695,4.282675204955359,-0.1082879350597219,1.648401700025483e-05
23698,4.671302865340118,-0.25850457199948274,7.050765947885573e-05
23699,3.8381703095514554,0.895393091205035,0.0009077690595331243
23700,4.180629548009704,0.034456631908525104,1.3279475383447607e-06
23701,4.244333464591936,0.4124799545479938,0.00015048196878209542
23707,4.4534074603989415,-0.00022363140873160603,4.036333225127343e-11
23712,4.447916732044463,0.0889746131903344,9.74477052159432e-06
23715,4.216560039646186,-0.47413981860422005,9.04294084616089e-05
23716,4.0114703276055215,-0.007780133651551502,9.177063445474761e-08
23718,3.1796836266881625,0.8438807534728907,0.0009382188055244173
23721,4.57804369305445,-0.07823402272418534,3.7973105173452515e-06
23723,4.407018960671041,-0.2038199935368583,3.15773788166153e-05
23728,4.529162872872218,-0.00846184351057655,4.2257086942240794e-08
23730,4.427890412477274,-0.33021806016249844,9.676166187509974e-05
23746,4.388646940747133,0.13314163630190734,1.0044940324277245e-05
23754,4.3417213888768424,-0.03226544703779588,5.776635236663717e-07
23756,4.368840885179806,0.06909338143237154,2.604438839816459e-06
23757,4.400593277681324,0.17823293296716525,1.7376047555475238e-05
23760,4.43065743334143,0.2098798964839519,5.502745150521028e-05
23762,4.346118000289451,0.05079724687818121,2.3559858245748e-06
23763,4.389927787830303,-0.33121040325135365,5.418823312868111e-05
23764,4.182350446501125,-0.29053014839049895,3.814000877403353e-05
23765,4.589347302273101,0.20147223060161945,2.3846001355484506e-05
23767,4.397331991169153,-0.12484124356357817,1.3000773171783103e-05
23770,4.338469101202093,-0.12782408328383177,9.571320010726662e-06
23772,4.4762404292171905,0.07235940528250673,4.167850578669437e-06
23774,4.343955187888675,-0.0714644402830995,2.1223729859003845e-06
23777,4.3159325845136465,0.12200168209853146,1.6003466240541965e-05
23778,4.421410390237707,-0.2894489644442997,3.7499860369446844e-05
23781,4.526791957488259,-0.3161469395699976,9.059302446955918e-05
23789,4.398057288049563,-0.15961238185370608,1.323049408597943e-05
23790,4.328557325724353,0.08907773641689598,7.163470284338191e-06
23795,3.8759079951179474,0.001523565540579419,2.984282246597958e-09
23796,3.7720562410954073,0.0007046969992310359,5.802911069243183e-10
23797,3.786869900284883,0.03303781623545765,1.2959126465851353e-06
23800,3.7418612613612328,1.5937518899305005,0.0035185027605473826
23801,4.446842347882324,-0.0006678933846906432,2.443632640831052e-10
23807,4.5259225012851765,-0.02611283095491146,5.335507404264388e-07
23813,3.4904812174823014,-0.7241621082561154,0.002284216650041346
23815,4.350845195536285,0.22076820692296373,2.8874395101703184e-05
23816,4.273800689051849,-0.2866702111368977,4.680794939140676e-05
23818,4.409966039502578,-0.1126806332837873,4.104782734759176e-06
23819,4.10338075270607,-0.09241779942302042,1.0888112978160433e-05
23820,4.353915239218454,0.11772355414511537,8.99936027430287e-06
23821,4.554869804752489,0.23843832335099702,5.366738370915619e-05
23822,3.890326534750538,-0.31517584596494475,0.00010558183611305313
23823,4.09087264899781,0.1954687355416631,1.4731904381735377e-05
23824,3.003305136516771,-0.40061545107238716,0.00035376341416134237
23825,4.477493249954265,0.21201808446757742,4.095130313006169e-05
23826,3.632847581500895,0.2751674025297124,8.612111468954173e-05
23829,4.496297604786471,0.14520451044901073,1.8836841025561507e-05
23830,4.43427149042162,0.08751708662742086,5.952438525242009e-06
23831,3.951520757306345,-0.08658935941204948,7.619970120097861e-06
23832,4.59911927196526,-0.1611850053530821,1.901849237749609e-05
23833,4.416385109712302,-0.11638231051701098,6.855581905814496e-06
23836,4.414720616245539,0.21709150068897376,3.264745259329071e-05
23837,4.360341468392746,0.08934381475495012,3.3003886731834467e-06
23839,3.1765555408844253,0.5197959280682118,0.0003738126891348119
23849,4.3789364303358465,-0.29632712433216657,4.121067525554987e-05
23850,4.530127877140713,0.07404180851379483,2.8886718505669413e-06
23851,2.7918952118180997,-0.04462429756260855,3.156325429896921e-06
23853,4.168545545621563,0.28463828336864694,5.10074042202474e-05
23858,4.083715584672912,-0.11720439396069571,1.2356857851861373e-05
23864,4.2955347168658795,-0.26839890433722857,6.136147978855764e-05
23865,4.355802555847974,-0.24656938113212234,5.780557376959593e-05
23875,4.462917954013185,0.38362855155017606,0.0005442539488382586
23876,3.2354909354975403,-0.23975866194354944,8.084617031894126e-05
23880,4.432435453883558,0.20906666135192342,2.259392480404133e-05
23881,4.357701122794527,0.14210854753573798,9.942476932955793e-06
23901,3.393281889653092,-0.7471070922689695,0.0006410016534833537
23903,4.468604493078344,0.04773447920313156,8.503238806150527e-06
23906,3.5228630283391444,-0.4688618466611776,0.00034454590700697205
23913,4.241747101792709,0.49620419542920136,0.0009736751485555988
23915,4.542764835743061,-0.014475694090926972,9.007799520180683e-08
23920,4.265595672413256,-0.05643543576257404,1.8420182305184468e-06
23922,2.9901249122629023,0.3737166828554841,0.0011220819304929336
23925,4.318156299300956,-0.0235956904083503,4.1414045365755123e-07
23934,4.372041093907495,-0.3979826975598968,0.0001736351019892939
23947,4.129119360317744,-0.08606809248319358,3.3201740659643036e-06
23948,3.8044063363708696,0.15830978337279467,2.688477522386208e-05
23949,4.4499242184456245,0.07620276020201366,2.301491751187935e-06
23955,4.327830394445681,-0.05255412971868001,1.1021892530863356e-06
23956,4.35688218215434,0.09746511409916714,3.7232201262185393e-06
23957,3.810717014729395,-0.5223151272125839,0.00017762553796988207
23958,4.260033333852781,0.011061740113818885,5.819950987868717e-08
23959,3.806908687952746,0.4242950569865518,0.00017382125796999636
23961,4.412111896168787,-0.18236269694048257,1.2526332243597641e-05
23962,4.519483769140935,0.04068905091642083,7.712211802211251e-07
23963,4.464466453047287,0.08519102301054549,3.183616460063133e-06
23969,3.6761970247766507,-0.22938913186244303,7.235555523952774e-05
23970,3.3074417440546164,0.5168423470655226,0.0003808861528358212
23972,4.466854020321626,0.22632704298917883,1.9531760062289524e-05
23973,4.554032723814738,0.07680520892193066,2.8315641238132983e-06
23974,4.564665223312006,-0.025634839828459377,6.430704503876766e-07
23975,4.457458634270877,-0.32871264533144373,4.496655155611527e-05
23976,4.562807101568135,0.2061811696493514,1.7547672646373246e-05
23977,4.539759129825679,0.06740905882508486,1.8904730724008936e-06
23978,4.348333562149103,0.08486135909917891,4.430965917387409e-06
23980,4.315409180691879,-0.05272930365056361,1.1908260963498027e-06
23982,4.394536074856016,0.012183172408237297,7.157233029474503e-08
23990,4.198196706018928,-0.29420587228804607,9.61180112989811e-05
23991,3.721593587025148,0.25621715894100117,8.559998474853347e-05
23992,4.272082421186451,0.06651465556009395,1.921050239443026e-06
23997,4.4113009411259805,-0.21409899346417216,0.00014402440144328766
24000,4.060413927091173,-0.25597613234296457,6.276439507098573e-05
24001,4.472495040788729,-0.13129040063510278,1.484041578755441e-05
24003,4.2693937037237415,-0.16016052900789024,1.5706103880152058e-05
24004,4.262691524116007,-0.283009870214046,4.8221584302622506e-05
24005,4.220051922028271,-0.22921773617583563,3.294482383012114e-05
24010,3.0835429870088404,0.7687300140135318,0.000711249088065528
24012,3.857537417449215,-0.10333849721463606,2.2093250228779364e-05
24013,4.388197673894443,0.15616037269689098,4.140130365564811e-05
24020,4.405036930866353,-1.327724670319939,0.0027698940376379476
24023,4.355599728094495,0.2993125497884108,0.00010258280695586231
24025,4.350163469871266,0.2110548285876428,4.1034733910376394e-05
24027,4.414718015148785,0.0557772675127044,1.4872609563706264e-06
24029,4.561078029078557,-0.22117632070534654,8.483987570499304e-05
24031,4.425451729902413,-0.09471838961608192,2.851847397446217e-06
24034,4.499268544245789,-0.21155258904314866,6.582690393237358e-05
24035,4.452050863845783,-0.1602224970900501,2.6467645678865354e-05
24036,4.325998946027092,-0.08611207851433278,2.7874403568872387e-06
24038,4.2946767202966125,0.03473996410497193,1.6200675732033594e-06
24039,4.479940107685752,0.038582271576667715,2.045256259354743e-06
24040,4.001387917293007,0.1760715516396001,2.8929183078918837e-05
24044,3.950418640562884,0.13219066544079583,7.652654267727878e-06
24045,4.3829956088113855,-0.08707167319091536,1.0497151909540095e-05
24048,4.621910992207556,-0.2324123426949729,5.888071310921471e-05
24049,4.416193170671949,-0.2730584442804167,0.00010518807135464116
24050,4.46452311630378,-0.01834866180614636,3.809963712511308e-06
24052,4.372075793800181,-0.32727167713821625,0.0001546120627523758
24057,4.273351556225439,-0.798284325996828,0.0006767528631730641
24059,4.392409240903699,0.13155088965884865,2.597501930692489e-05
24060,4.50565099945928,-0.048980821789632145,2.6982539717723455e-06
24062,4.356691388045887,0.19084968510556877,0.00016266632953656785
24063,3.6864552731147606,1.3710636068803455,0.0031150048091993176
24064,4.347722215399482,-0.08504233835816688,1.1178288450877635e-05
24065,4.499207600228506,-0.12470923197541595,2.2502072025637305e-05
24066,3.8730758449473774,-0.014453616246346446,1.715271125201307e-07
24069,3.9964638861295736,-0.029952695417357678,8.481909995297326e-07
24071,4.401355853873289,0.30456423521494536,3.538465001255494e-05
24072,3.5835125058944617,-0.47892582742838874,0.000203321665727192
24073,4.506256332855506,0.22201605026656868,1.9936754368009862e-05
24074,4.607328624912389,0.6097786862101042,0.0001626392312762413
24076,4.51490894573207,0.15885403172163315,1.287352909809613e-05
24077,4.4845823159007505,0.2646882140610973,3.020681498410507e-05
24079,3.3538038712445837,-0.343182985196842,0.00010879054511058724
24080,4.516218953254035,0.059522422043244205,1.9660898389889075e-06
24083,4.55305705173051,-0.35585510406870124,7.337127209469192e-05
24085,4.529823416115962,-0.0502164531032161,1.0248761601850818e-06
24086,4.454116710448026,-0.06337813517212254,2.8497852154637574e-06
24088,4.512779947562252,0.08536562348887511,2.891093180897024e-06
24089,4.437523460144426,-0.07315176070926555,2.7157681918527197e-06
24092,4.456919719255756,0.13516522718367963,8.917665288313561e-06
24093,4.531780971867682,0.23210090527523075,2.282341331728179e-05
24097,3.5391836725826638,0.7954892657077473,0.0008097713349075825
24104,3.4782625849241207,0.07708547656529285,6.272344558061249e-06
24113,4.49618702843148,-0.16808873578315442,1.1013542220930538e-05
24114,4.357305320186275,-0.1798458512536678,1.1489283502411215e-05
24115,4.291267155401283,0.1973692143308563,1.3372049053176395e-05
24117,3.9458425019633365,0.8589978791533222,0.0024596544856712427
24118,4.315557092699455,0.09238092375892748,8.849156907189813e-06
24119,3.2536436310808465,0.4377327032316769,0.00020212110578901935
24124,4.37668002163108,-0.3162370110846613,0.00010135803058500718
24137,4.346969326157509,0.005885931216092821,5.721671496046543e-08
24142,3.0168435097347253,0.5913680413117564,0.004282417055827308
24147,4.5806905840006245,0.16511073172721247,1.3691633159574309e-05
24161,4.478583811626084,0.07949476682815693,3.274587167629804e-06
24167,4.273275243023789,-0.19573779911806888,3.8321462450053824e-05
24170,4.09334432554107,-0.020904598707018884,4.378672578738032e-07
24173,3.145396357993812,0.577884522837457,0.00041074169704583425
24177,4.44156493632336,-0.07719323688819912,2.9959509639660943e-06
24179,3.086902477024926,-0.4336605124177111,0.0003190782534374338
24182,4.023835489155323,-0.0687529942667302,2.047335247335197e-06
24187,3.1779034368953876,0.2593043822898009,9.347587483504347e-05
24206,4.493786824207614,-0.28462658755693226,6.049422574207509e-05
24215,4.370139642599969,-0.035466704309557784,7.058493028641951e-07
24217,4.378483083513472,0.09657841712759918,9.540982358161561e-06
24221,4.564449249127696,0.20198908445651753,1.8899293907709188e-05
24224,4.353095418393893,-0.3421324651108426,0.00015555750810288804
24225,4.3321002774541215,-0.31212013052088317,0.00012872163244362247
24227,4.2873123390974435,-0.4308020435995563,9.860808912557397e-05
24228,4.069366132350796,0.1457200475674334,2.386737416399331e-05
24230,4.50415874291563,0.2673729802876865,2.9752611831830004e-05
24231,3.1733915726335717,-0.7938454385033977,0.0005540309673728625
24232,3.7670678232229826,0.4494943717233668,0.00010487621973315876
24233,3.7375601678363166,0.3927948319088168,0.0001701796873818203
24235,4.348337400069124,0.12899941440908247,2.402460891373403e-05
24236,3.5190135557111533,-0.3285372053646505,0.00012529228435944806
24238,4.338001098030791,-0.08380783486679366,2.1091442593375498e-05
24239,4.556591508460791,-0.16214235378835173,2.820666031788739e-05
24241,4.522724997374478,0.1302825180277729,6.7752594630062115e-06
24242,4.578101577436612,0.0853375166754553,3.4566509284579693e-06
24246,4.183072788583848,0.5731002709407704,0.0005986409017157869
24247,4.3279749092556665,0.010622167490878631,1.095657943738529e-07
24249,3.3078532632787163,0.21556175110768816,0.00010014209605165323
24251,4.5022214057978625,0.27184731665204254,4.802927375850132e-05
24252,4.473928893990101,0.38355522061197966,0.00013235223818417613
24255,4.482944340843739,-0.24161758827299273,2.9854594723852805e-05
24256,4.4210674700801,0.2601374021839886,3.7434996807812075e-05
24258,4.44148116465618,0.11239572694436095,6.299647620345051e-06
24260,3.617596904129251,0.2884080289733322,6.162581902973194e-05
24261,4.191844513897735,0.39414285267358284,8.250070369841951e-05
24262,4.42504358506895,0.22891676508857284,3.066517703059462e-05
24263,4.4631313390924445,0.2633711320631722,4.2429758236575736e-05
24264,4.255572645397639,-0.3237470126733135,5.236117873358085e-05
24265,4.385985995681706,-0.034418568492532664,5.993565776262991e-07
24266,4.43304942072902,0.21900435115792138,2.5328467672655673e-05
24267,4.409989297873207,0.23343960023197408,2.705083003765286e-05
24269,4.361332320265938,0.08366911356933215,4.0537365170953565e-06
24270,4.360631353661401,0.08084273965590061,3.863617341723837e-06
24271,3.3970507568788273,-0.46852723301828636,0.00022560924129525368
24272,4.297627693079697,-0.08401971003077868,3.986488213994233e-06
24273,4.434755440839606,0.09891874344341556,4.800515948703383e-06
24275,4.163448804192996,0.1790570723186029,1.635785625320297e-05
24276,4.14982808091106,-0.4609486267971241,0.00012576738786995278
24280,4.340270890955407,-0.19396658980259485,5.989919070269125e-05
24283,4.5830787305555765,-0.2289372993712302,8.758201177773324e-05
24288,4.274221695704947,-0.17821185416378515,3.850438176676717e-05
24293,4.379537298655853,-0.2719475096837316,4.364631085264572e-05
24294,4.466488578734778,-0.00173054646343207,1.408671915556709e-09
24295,4.44061277310358,0.42692167735200215,0.00016990936371085992
24297,4.270859053912987,-0.4335595946807773,0.00010734986068915456
24298,4.413499916003891,-0.07751721983141646,5.491315999339701e-06
24299,4.378886981035159,-0.16972674438447743,2.619544860250655e-05
24300,4.361580513550794,-0.15539646957315778,2.1916670097557966e-05
24302,4.457932029915982,-0.1089452493203007,9.10639843383152e-06
24303,4.339446842020549,-0.04352290640007883,1.0879955871352716e-06
24304,4.356062768267356,-0.056059969072064675,1.7862337258599673e-06
24305,4.317370331480474,-0.12016838381866535,7.846475579668932e-06
24306,4.18798614756357,-0.37247404251626737,7.660646394042729e-05
24307,4.493101615340274,0.537989687323364,0.00023332666710711996
24308,4.10007375403467,-0.5447256925452568,0.0003079283167748631
24310,4.083137055530713,-0.1415552478610227,1.6901969517832868e-05
24313,4.309794217525064,-0.015233608632458484,1.2547991818675354e-07
24314,4.398589778822677,-0.2844425893043967,6.940739708170107e-05
24315,4.309940573471664,-0.11877182661402319,8.713874435627537e-06
24317,4.190099756343507,-0.0050008308529418954,1.5803026571747287e-08
24323,4.370485088533166,0.045942972858047604,1.5782558515902556e-06
24328,4.331401055377679,0.15835827909908495,1.3310807901001803e-05
24329,3.0045527227700988,-0.5196460729820984,0.0006145123215780934
24330,3.633190032985362,0.25863026512526455,8.034830130932238e-05
24331,3.8015790253663404,0.2960933269484354,0.00012904892615734232
24335,4.77036099387914,-0.6130416324956514,0.0005161748807991292
24344,4.231830020448534,-0.5916157383158787,0.00018303349270860827
24357,4.478561579493185,-0.16642107228346958,1.0420801282730934e-05
24358,4.419583499226048,-0.2748627296788806,2.6518042009910588e-05
24363,4.26093812871921,-0.009589817687444047,7.66544399892728e-08
24377,4.627148121482229,-0.2602351246183954,3.9274872619145335e-05
24379,3.7827730720831396,-0.4541463832558197,0.0002244835724091406
24380,4.304287248851448,0.1696346505266888,2.5506002682205687e-05
24381,4.235341041250662,-0.30351540852633585,0.0011071143449631693
24383,3.807683783418071,-0.11630744910554736,5.3230792958870716e-05
24385,4.572367093921987,1.297494631426746,0.0022506746124399696
24389,3.818110630643278,0.3790913170185304,0.00013409640081810272
24390,3.609004697673339,0.4600220565644717,0.0001288294108722921
24393,4.528284310199789,-0.1601030823479599,9.141170080709481e-06
24396,4.345947274887718,-0.6471174899206131,0.0012623923374605467
24397,4.22291273294354,-0.04852546304790284,1.285481659094204e-06
24398,4.273672397209798,0.02225153841067229,1.557787162840725e-06
24401,4.56474491898403,-0.205475271432765,2.3949211058933772e-05
24405,3.939953350935673,-0.2535770270398552,6.913027167234469e-05
24408,4.346928892918368,0.047520261754071313,1.0818260948661341e-06
24410,4.492235152719051,0.13469652505055318,1.534753357056802e-05
24411,4.479054013530678,0.018530961777476485,4.4296996717911066e-07
24412,4.459354319226258,-0.024972454218448625,5.236797942396247e-07
24413,4.49809112776348,0.08585542177298411,9.514867082870262e-06
24415,3.7195322182210484,0.35630887243649223,0.00028201547707963257
24420,4.24416552445356,-0.09786122330074853,6.841524809247768e-06
24421,4.392159779526711,0.13936386629308206,7.0096606933663e-06
24422,4.363882746466345,-0.17878382097577994,2.6467701982575583e-05
24423,4.392595339369251,0.08587719357288304,2.888756310167221e-06
24424,4.564586344838839,0.18034578352441155,1.3948158061719972e-05
24425,4.431614365847818,0.24773521831452427,2.729878460401717e-05
24426,4.452331768453258,-0.19955996963663925,3.2624436026721786e-05
24427,4.389474533947644,0.11255489312093392,5.112857399287438e-06
24428,4.4119139478377996,-0.059058690464198094,2.825235263367949e-06
24429,4.441655364755407,0.22836579355230047,2.18853106857169e-05
24430,4.3811016377149565,0.2879818740167872,3.691043551328545e-05
24433,4.379493710847667,0.003782143226646717,6.30856025589411e-09
24434,4.3532731260615645,0.17177101544724227,1.2417526457397463e-05
24435,4.492360075154396,0.22435148556660245,2.9376297773004223e-05
24437,4.397042887218077,0.012112414844057895,4.516245194198985e-08
24439,4.464831040023239,0.22007411398370547,2.479255851548525e-05
24440,4.450082524040224,0.10379436756031701,8.86170539459311e-06
24442,4.288633733130449,0.15754072136718467,7.299121447801678e-06
24443,4.361521242578573,-0.2457413996364073,5.3396959826172415e-05
24444,3.419716140121369,0.02390195742473855,7.329251922537706e-07
24445,4.497614637401673,0.1065550482528348,6.4098556050990995e-06
24447,4.450204760679819,0.16886833047726402,1.576469998315188e-05
24448,4.48955487461147,0.3355537317418822,6.199426296584587e-05
24451,4.447902333963791,-0.1994070919144315,2.203773690269044e-05
24452,4.560223679339586,0.3080797061788738,5.8761842275772154e-05
24460,4.797437220919333,-0.45493134440773453,0.00025105504069935277
24461,4.444496277953439,0.18047653533083174,1.5763321977184235e-05
24468,4.402252473892577,0.10640681171467126,6.670084639445824e-06
24469,4.037854034759269,-0.08468908599994718,7.195495696297942e-06
24470,4.366275786332641,-0.34092409559749104,6.34299963766041e-05
24471,4.524588776320645,-0.12031153271194306,4.920992759646828e-06
24476,4.293096518219838,0.36371690092009157,0.00012446370910010568
24477,3.5817562584780016,-0.023555128006181647,8.186927486310395e-07
24481,4.180625794962207,-0.49174634084827096,0.00024029060555047746
24495,4.305933752980916,-0.1548938470822705,1.2434203577026537e-05
24496,3.827498917562804,-0.47759483028819893,0.00010800858375464784
24498,4.448291993424565,-0.15100658720577442,2.3565172066935823e-05
24502,3.8922531120834667,0.46573694476217353,0.0002403098156997939
24503,4.30592411223515,-0.022337550374521342,2.0593958242350218e-07
24507,2.826164124293161,0.5948358846651742,0.0005767636621457957
24511,4.405032793206212,0.056267022362177066,1.152553037253158e-06
24515,3.829645548143891,0.5063371480285839,0.0004877131307867706
24520,3.442607059119523,-0.2603952186229135,0.00010380143873951815
24522,4.330792778406476,-0.14417294007520454,1.3897044904708723e-05
24525,4.478626356956116,0.0981443545102767,6.442854493886459e-06
24527,4.5175772538240935,-0.2922044291955883,0.0002498370420388714
24529,3.2184500729766348,0.7055015033167851,0.002275716033754653
24530,4.494986117158937,0.25946577154490935,5.478809661871133e-05
24531,4.421284565405196,-0.030545990129293266,3.694174203623005e-07
24533,4.4943918325717185,0.0626379780884383,1.6032224336801498e-06
24537,4.598169765314798,-0.25566388880319924,0.0002241406505976621
24538,3.093591074366133,-0.3922298614147195,0.00014982106764084455
24539,4.487858875691134,-0.11841102322411245,1.1939961386699434e-05
24540,4.163989548671232,-0.06465744493809211,2.581849353600376e-06
24547,4.4252293913995295,-0.03821521521460891,5.653420025213973e-07
24548,4.5140930123168745,-0.15738418562728285,2.794500587336073e-05
24549,4.402793930474502,-0.17596018520632217,2.403701417166868e-05
24550,4.170636866928262,-0.6893967775925698,0.0006183529195665506
24553,3.9496391299073332,0.07213473947993165,2.734453223514403e-06
24554,4.420871121185048,-0.1455948564580467,8.78299280731209e-06
24556,4.490129194398696,-0.24306354515893158,2.4113773900162603e-05
24560,4.496906269464569,-0.107407619951986,1.0213669742273736e-05
24562,3.914724017219193,0.6773609292202432,0.0007187369144704043
24564,3.2051283687687624,0.8707127218887782,0.0015141694936546357
24565,3.613561001399798,0.7672148513724308,0.0009464072649089094
24573,3.492592525204216,0.0684535573998355,5.774025033793484e-06
24574,3.1569990462689264,0.3455508296535168,0.000142337669537064
24575,3.200339127968552,0.14605001719860855,3.035297614773803e-05
24576,3.7351084919330733,-0.91372960552386,0.0006052775986252882
24582,4.186981378836688,0.15292032953652246,3.323358638015729e-05
24583,4.2731537279308105,-0.09722917871628667,9.13507135493499e-06
24587,3.117377982475773,0.5739983518367504,0.0022114578711213344
24589,4.624258588295868,0.21835245370725698,7.244719237191761e-05
24594,4.512565508730997,-0.5328838548290364,0.0004320078785246802
24595,3.9389195494132725,0.2980813132103517,0.00013782146232029508
24596,3.7109232307944646,0.21302834549895522,3.0369310881585828e-05
24601,3.597618934668935,0.09624806095604077,9.762051726875046e-06
24602,3.1497787353923474,0.8862302498167898,0.001463909151997734
24607,4.126476888359606,0.20293979604197876,7.052136308442369e-05
24608,3.7802300210491815,0.3091019993493749,0.00014044834851870464
24614,4.573389115550255,-0.17401384254176033,3.6812602641194e-05
24615,4.395950914490696,-0.16039618371707132,2.5225868855431155e-05
24617,4.275588841306794,-0.2737251318788587,4.22253510714565e-05
24619,4.380568942074864,0.052625979173417825,2.2395815101189016e-06
24623,4.381403988739907,0.04224432062479355,6.91617135609824e-07
24627,3.198664451012959,0.2978431104535213,0.00012543035652936576
24628,4.38191155254135,-0.05249486813976567,1.9702058768306733e-06
24630,4.40889464572981,-0.03565651708900752,8.70445915671757e-07
24632,4.212962145488264,-0.3821491954856615,9.567345193035604e-05
24635,4.043956197661182,-0.4493874230184871,0.00019262170037996463
24636,4.381280891758498,-0.1143845643382484,7.097778698546324e-06
24650,3.7380652199303572,0.40506950646117534,9.486157576169883e-05
24651,3.9239004211376156,0.08343276409485556,2.611360424358186e-05
24654,4.454750646531699,-0.031102337166998062,1.4660310403376351e-06
24659,4.397428506314938,-0.03305680687977741,6.257083667257774e-07
24662,3.6112376388485457,0.30278336924227345,8.239923623861262e-05
24668,4.270550040711468,-0.11479685036072418,7.332809453689474e-06
24671,4.479445458813566,-0.2153581220043712,4.3885206737578016e-05
24673,4.501829654191828,0.42687225714174204,7.235659816063787e-05
24674,4.5451871210455215,0.5337296804671396,0.00012189688500477475
24676,4.200761474045978,-0.7962363022911485,0.0007268638990620873
24679,4.346077817900798,0.12898368274027305,9.957584250080962e-06
24681,4.421558265135963,0.22858528649485965,3.1447801066900455e-05
24682,4.316529217745399,-0.013816389791242223,1.7751358438419007e-07
24690,4.224220309080161,-0.12654795676538555,7.180143212337357e-05
24696,4.429958612896883,0.44523871030426854,8.194304708209487e-05
24707,3.068999762064748,0.15784423245262946,4.7459478087267414e-05
24708,4.201668576191542,-0.4289076380969039,0.0001246355635402165
24711,4.110743560515591,0.5526955335964763,0.00045935673271131904
24723,3.8143155673181037,-0.03696746521655925,1.4148884835124516e-06
24724,4.319686946533916,-0.1120136990048124,1.5176989458064056e-05
24726,3.648087754829738,0.3390427230852131,0.00013516402182289295
24733,4.5100338516049705,0.039623624452861606,1.3850879598840776e-06
24747,3.8287090585545878,0.07124136563928918,6.97808818014762e-06
24749,4.217367386010755,-0.04298011611511843,2.4972485529277598e-06
24750,3.814395994478865,-0.5601530257733729,0.00037264354744749947
24751,3.3108852417409085,-0.7771884277834764,0.00048747546426078267
24752,4.063521757431265,-0.14353058235394212,1.287648775159459e-05
24753,4.295097586897079,-0.14091302431896136,2.711532843032065e-05
24755,3.5874176524684356,-0.015072014610450601,2.456820375630929e-07
24765,4.437408754717984,-0.10404729202538299,8.831656569685063e-06
24766,4.493512070929368,-0.07587700878811887,4.111041142287148e-06
24767,4.242819996608048,0.15286296451331882,7.436582690714987e-06
24769,4.561378561577338,0.1904860035615572,2.2264963349633367e-05
24771,3.3566168477766407,-0.3810872815401689,0.00012965866278280867
24774,4.359061723372323,0.020461781083440655,4.433925353676376e-07
24776,4.431693353038241,0.2098087621972402,1.9310143916677447e-05
24811,4.51254348652456,0.33478825661350253,8.044324728202879e-05
24812,4.325982216838959,-0.15313459312891453,1.9465523181780492e-05
24816,4.4848338147158575,-0.11792081785202413,7.0032824729342505e-06
24818,4.269906815692291,-0.17223446337751547,2.9530147798487648e-05
24821,4.0976138285808155,-0.16187429653535323,1.1920371064598306e-05
24824,4.204846612094655,-0.0397329789843468,1.464990751910869e-06
24830,4.319633579916505,0.13587583151717997,1.4488678319567488e-05
24832,4.274310900150925,-0.04601836541908533,2.0010446976174356e-06
24840,3.3561268227503236,1.5312102550014384,0.0028511938282159213
24841,3.9967664621046772,0.5239345672569646,0.00030821380873798364
24842,4.232813544022529,0.09264273916295807,3.7946802124655755e-06
24846,4.495091638868527,-0.4950577561176681,0.001014707055722923
24847,4.277918064120722,0.17293476148301234,4.003152576154966e-05
24851,4.343195076888681,-0.24885051466658048,3.169751830659449e-05
24852,4.136067528563986,-0.27113613066969044,5.70799613240973e-05
24853,4.499136152477103,0.08990465158110439,9.934238757859488e-06
24867,4.416710737496162,-0.06000191080657036,2.012760391901713e-06
24879,4.547349469764885,0.201054884309114,1.748310209813973e-05
24893,3.572411304718905,-0.5867293670184153,0.0005653526742198526
24897,4.5814665776932655,0.8513816818123772,0.00031659704939198324
24898,4.373419269179466,-0.23346419570531385,2.2276830986841277e-05
24903,3.451876214469635,1.0071114613403753,0.0007752194465043801
24909,4.369064969701342,0.025384184971096957,3.2692515059978754e-07
24910,3.1030445269328597,0.48601459189886587,0.00030150898742698444
24916,4.3513519772595926,-0.10000366622782675,5.79084378222624e-06
24917,3.2443865314002482,-0.39947714758084096,0.00016784273786834753
24918,3.4600600440964397,-0.29458499595535415,0.00017756533649625385
24926,4.196280602728037,0.0941788384203539,2.6216289964194077e-06
24927,4.500369416978765,0.21544728909638966,4.381388630354995e-05
24931,4.5184510577753025,0.5352437257813998,0.0002678806545868853
24939,3.4625859070652067,-0.31413254649355205,0.00010017898579491312
24940,4.384966778685833,0.2980899459593296,3.709588830907243e-05
24941,4.369360712916381,-0.03731244804874123,6.105073516423599e-07
24953,3.074914563912876,0.6386575027914319,0.0005035360450138191
24956,4.254396982713774,0.2542623028934736,3.7894769328618226e-05
24957,2.995965182303319,0.3539389049712858,0.0008783248827970053
24960,4.434581477462461,-0.17190160042114577,2.362981384477379e-05
24961,4.323553215643273,0.15605374736947208,1.848381497426913e-05
24962,4.441072513753449,-0.17137506405348724,1.9115414651842778e-05
24963,4.35103616307305,-0.3657626959053113,7.417691254772624e-05
24972,4.456408775733055,0.28241779506771003,3.6774107605880936e-05
24973,2.9881062128410583,0.7707656130929128,0.000955055323287267
24975,2.9137011841190237,0.11643251615229966,1.9980468760006504e-05
24980,3.140675160364286,0.24031951398034979,7.283456849579635e-05
24984,3.5256748839885987,-0.3945379734284047,0.00012108674874369339
24988,4.294026064218905,0.5342876730833961,0.0001725193305826649
25004,4.566677090305558,0.10428083622053652,4.65290967951604e-06
25007,4.601919745680225,0.3454206980437178,5.188197267411125e-05
25008,4.48083259761995,0.0959381138464428,3.697933265308043e-06
25009,4.417115204018385,-0.09430792900447482,9.241446485337522e-06
25012,4.339191101517902,0.10581033231736825,4.036311574960253e-05
25015,3.558349089798625,0.19350516347669977,2.768885804294312e-05
25028,3.26001440990962,0.275130944262274,0.00010149462799204987
25038,3.206805334666534,0.3599064854731946,0.00015583059100672016
25039,3.3416214140791247,0.9460945411235153,0.0007919244323070262
25047,4.391255454594962,-0.21073319613180885,2.806603864147368e-05
25061,3.4098117386054714,2.2412729470502804,0.005391746479517692
25065,4.448625367263397,0.006884044170287318,4.322604733553979e-08
25075,4.592950120174035,0.10114627500845774,8.768752377336625e-06
25076,3.922254769557014,0.09592843169952259,3.4322442278868638e-06
25083,4.510754568962038,0.20506213711311716,2.3929414867398177e-05
25095,3.3545944282585367,-0.32446072798721337,8.734038213804247e-05
25110,3.5364700507564026,-0.1726284556380162,3.331102472213473e-05
25112,4.239267943914921,0.1986663226972567,6.068063191426269e-05
25120,4.132653479156267,0.27162376445243464,9.844897275648596e-05
25125,4.426231189327303,-1.9581316578556835,0.005841234088651552
25126,4.412881085620929,-0.3768721004117914,0.0016165065733072762
25129,4.435087151009455,-0.013839803182292165,7.328906451970458e-08
25137,4.159191277247885,-0.45050919583776894,0.00022838877677584902
25139,4.4149187230060996,-0.1764738168102422,2.793487128378153e-05
25140,4.465213467460045,0.17145538558741702,1.2492425870704417e-05
25141,4.534862766805468,-0.006573625153334817,4.3532546506200036e-08
25146,4.4549672324127165,-0.13083457615773764,1.2202826004252248e-05
25159,4.429021407698302,-0.2500293714159172,8.825208386385107e-05
25164,4.500217668678921,0.0007024959353705285,6.673390977812298e-10
25165,4.187925963819346,-0.3084261500967602,7.372569605427798e-05
25170,4.217566589489592,-0.4243271200514127,0.00018497625117623343
25173,4.003946732126911,-0.5796840775337597,0.0003184308419415248
25179,4.17448806599462,-0.1873575880796685,4.777773442541152e-05
25180,4.257945374320311,-0.12919938538087816,1.5024372603239243e-05
25183,3.909009645691799,0.32654508508182545,0.00013432262604137467
25186,4.297592564290842,-0.4243103871791267,0.00010299018232942276
25188,4.32964093287084,-0.026928104916683182,4.5990748020845053e-07
25193,4.261033086539574,-0.062328508993230614,2.341995244919613e-06
25207,4.391518158503328,0.06399125293035635,1.8013971102339491e-06
25208,4.386477416039461,-0.017029563572439343,2.82553883794929e-07
25209,4.5055804249162446,0.012941954346175066,2.4090167443874483e-07
25210,4.39481223730414,0.028836072060561158,1.1900890013124477e-06
25215,4.561845153301878,-0.0006268548429693155,4.062681321792784e-10
25216,4.410388058040069,-0.1491176245019874,3.1873095566945184e-05
25217,4.435708893964117,-0.04993927301140122,3.7299912684984056e-06
25218,4.362037020013131,-0.04321646124304124,2.9545429280836006e-06
25219,4.38203708094725,-0.20611253173272637,6.852615532505249e-05
25221,4.413351745309147,0.03164968852612304,1.4187229209826867e-06
25222,4.4661674895360655,-0.3104142991853216,0.00015027385398801803
25223,4.47644165917977,-0.03969012481664169,2.303105440036063e-06
25225,4.451723144040018,0.12812923396378384,1.6744619138065677e-05
25226,4.292941861104206,0.18893010853939263,1.468127407192781e-05
25228,3.556468299160795,-0.22784161033347505,9.596508475619057e-05
25230,3.9572759861912186,-0.051271053088635554,1.8686164192466549e-06
25242,4.159930821515667,-0.46357935256303007,0.0002215347432478691
25245,4.433735046361557,-0.007691526270900972,5.656606786582452e-08
25248,4.25994320377092,0.8435750844720493,0.0016230266665130443
25249,4.198146702941342,0.8906834387399707,0.001514141513946018
25251,4.088093910888828,0.18160353881113345,6.369713240820949e-05
25252,2.9805724587273517,1.135207384214814,0.0014826190779596415
25278,4.321110552642422,-0.007630460503650127,5.037488814368269e-08
25280,4.610938573260431,0.2695880354888045,0.00011716949410590677
25281,4.500241365581289,0.14414953356008375,1.6830067941781646e-05
25292,3.6055169226010224,0.25521278843957296,6.319469169407033e-05
25293,4.126731671253555,0.12746159191044182,2.3313439554364544e-05
25294,3.7221536555215256,0.34001200833634027,0.00011755209637127461
25306,4.437267341269539,-0.08312591008519288,3.429367950335945e-06
25307,4.622278289325301,0.23985699645251035,6.0351136032929684e-05
25309,3.354543752330498,0.029846511015276356,1.055304717118469e-06
25311,4.484492073397251,0.010863246583633135,1.624743773514698e-07
25330,4.2513252287303205,0.09248019312336364,5.222252102065441e-06
25331,4.2740765292475915,0.6192756042339322,0.00023011746675258383
25332,3.84136908356222,0.6472672861699196,0.0007689809837201608
25333,4.212519242309856,-0.27677971026439385,0.00012908834614064446
25334,4.462231050776316,-0.02429678416413772,1.3240260491191385e-06
25337,4.239359914329136,0.42124497854705556,9.639686678949968e-05
25338,4.4741117451116565,0.08815093986515787,1.3863272584333012e-05
25339,4.352273831797478,0.014639165066355098,9.427585134526969e-08
25342,4.334656343583641,-0.2811337758817958,6.194401513647216e-05
25343,4.374087269887563,-0.10438982018760168,7.147167611880885e-06
25344,4.415583100612278,0.01998430098963322,2.61656143848608e-07
25345,4.270577210809117,-0.1402222110639837,1.989198119781196e-05
25347,4.336396084509059,-0.24038624296789735,5.608956588589169e-05
25348,4.588593098768937,-0.1412469979744131,1.2127145480925264e-05
25349,4.232079868591,-0.3382208337905248,6.324905495383039e-05
25351,4.473502576964705,0.09914441731782642,3.818748385085072e-06
25353,4.414847159347006,-0.03407130657477708,5.581852712435631e-07
25354,4.256629818662851,-0.637636492013081,0.0002851581555047142
25356,4.059522988732427,-0.4594747483251065,0.0003459572217551746
25358,4.4589469924620975,-0.0034375810284128505,4.750803177756577e-09
25359,4.547896235646299,0.03707124302427367,5.594216525337984e-07
25364,4.441344023499443,-0.04442877633181119,1.6042050177566047e-06
25365,4.465077770023529,-0.15159767788475786,8.076905283733273e-06
25366,4.505270455926459,-0.09489934824343482,3.3750022581867363e-06
25368,4.552015162278813,-0.08381083136387968,4.159691126872713e-06
25369,4.618996142838973,-0.03709458379023545,1.049490961021708e-06
25370,2.980189121393551,-0.25233629299516114,0.00012915579970504559
25374,4.330657766890765,-0.16244335610220872,2.6773287916369432e-05
25376,3.1521193224441966,0.6411201469939827,0.0005313633850224174
25377,4.291170697585718,-0.07756271453679986,5.691721539160776e-06
25378,3.1434027585879933,0.2204388365303931,5.749934722868228e-05
25379,3.2858717889111775,0.0025300986056335795,6.10978431612659e-09
25384,4.268689701143336,-0.001793373723085523,5.580715878205276e-09
25388,4.4809072900302995,0.054912817822998505,2.6317392978710127e-06
25392,3.809819142099231,0.47926949691538123,0.0004073229293343335
25393,4.3413940584101605,-0.40370330623343653,0.0002804185127357148
25394,4.423338723427685,-0.18489381723182774,4.2804141725861846e-05
25395,2.951124357821439,-0.1238107358924112,3.04088301032987e-05
25397,4.258573179921668,-1.3793747226236284,0.008238563752797048
25404,4.324274167762005,-0.046220123471101715,1.1527054790929069e-06
25406,3.9715489387184144,0.9607643886023718,0.0011315130786502749
25409,3.7355026578735853,-0.24203000010225928,8.924356044191366e-05
25422,4.373575411727777,-0.1915252690865703,1.616726963239669e-05
25427,3.2802378577150484,0.13090985480027495,2.838843022530567e-05
25436,3.127464818282869,0.008029397646280856,8.595027519209994e-08
25451,4.061471863430695,0.14471218054694113,1.1787509752398057e-05
25463,3.7617994944389284,0.486695747610431,0.00021361351637687556
25464,4.504564995532863,0.2421047527289284,3.8645101857177966e-05
25465,4.115214954637036,0.12754961270333798,8.47404277442922e-06
25466,3.488726330479435,-0.5030443927789454,0.0004660478783295436
25467,3.557633381470217,0.2731795685323859,3.9596677158831624e-05
25469,4.262331673098379,-0.08028153045717268,8.487719750688957e-06
25471,4.448473748741964,-0.19855095470142015,1.3576184583909069e-05
25472,4.395076770620201,-0.07758865708389084,1.8312473071738433e-06
25473,3.977319140332355,-0.05534580405104084,1.6656460393400516e-06
25474,4.272829846844661,-0.8228423010130737,0.0004855643635366561
25476,3.946905898127802,0.2755386667216144,0.00012412789480795408
25477,4.124227993465736,0.2234659621276407,6.652077737555143e-05
25478,3.6464439556382335,0.3627057605206354,0.0009535602325076946
25479,4.319246804900979,0.4213280180933152,0.00026630549780906143
25480,4.3230231609450485,-0.05332571124508689,3.3517754508828878e-06
25481,4.509226645857634,0.21816117285470682,7.186715862238711e-05
25482,4.258073020443295,-0.04594542256481038,3.0353522713156625e-06
25483,4.399360327394928,-0.01234615121000715,1.6640796432950176e-07
25487,3.877360943783124,0.34214676139298295,0.00013100250447928467
25488,4.16586910026275,0.06096464500542975,3.7309714447003405e-06
25489,4.36209368084933,0.11864642676058512,2.1911436641042473e-05
25490,4.645972195682462,-0.15173357040165225,0.00014238588204197489
25493,4.513653903242376,0.09749835442326305,4.194290814800923e-06
25494,3.447166467396796,-0.5240048866776403,0.0001966012350033654
25495,4.440280635444385,-0.213446890176205,2.169995026370538e-05
25496,4.347704611477426,-0.2368307473041149,6.051557718701349e-05
25499,4.401179420777832,0.1357119244569649,1.1736033617570818e-05
25503,3.540734782409683,0.22972465869667635,4.0655400405097075e-05
25507,4.2325380632618295,-0.21615504250944095,4.7641201639608466e-05
25509,4.621787839593905,-0.029702893154468946,4.705089513911057e-07
25510,4.48796406727141,-0.05121253290828154,1.4685855167445722e-06
25511,4.568342619017588,-0.10704280344919859,7.427356588796471e-06
25512,4.099796329001215,-0.1504775388293722,2.2585217126163086e-05
25513,4.30894382794232,-0.2997941117834513,5.033189292351746e-05
25519,4.380915488956546,-0.025489536079843944,3.625625377670248e-07
25520,4.413005790032666,-0.030979155358784816,6.421581701137179e-07
25522,4.358241670665309,-0.04744254527979486,1.2398561036517375e-06
25523,4.514020072756712,0.46478049781952535,0.0001727157302242846
25524,4.741238344047161,0.1301348827155877,1.5348679574217604e-05
25525,4.495725469584949,0.3253622226256123,5.766391765679403e-05
25526,4.595090835959257,0.11623954585722451,7.738786108288635e-06
25527,4.639184565534435,0.3787573037442593,0.00011616054505341622
25528,4.519670188010727,-0.005519400409803588,2.1601766263368866e-08
25532,4.477747142303229,-0.017602728365394782,4.6162621275565e-07
25533,4.464771921764109,-0.011588092773899383,9.176105615558209e-08
25534,4.458349816132571,-0.12236711996009664,8.979389344506303e-06
25542,4.481283299541071,0.12787890771655785,1.1134459787434289e-05
25554,4.376472997450848,-0.10677554775088627,4.722737939421291e-06
25559,4.454768225591821,0.3091136515510913,0.00040353039014877037
25564,4.558659593832321,0.35839735330436895,0.0005665137190009701
25575,4.110997471356934,-0.06619335469496956,4.4010404734538755e-06
25576,4.372629580261961,-0.1679369608709953,2.5972824244285714e-05
25579,4.42812462983826,-0.18536006249788617,5.060948802440885e-05
25584,4.25639170859546,0.10415589440129747,9.960770043144222e-06
25587,4.416991428809352,0.06488054083424633,3.883351185777016e-06
25588,4.4063691500429485,-0.6382165150345043,0.00034642683993867107
25601,3.360848338243569,-0.7217910086283106,0.005917535132012814
25604,4.544147720814924,-0.004049531570547771,7.1708809196120224e-09
25611,4.819246882982884,0.008266534148647864,2.5733761967219364e-07
25613,4.439903741927342,-0.12776323471762652,1.1097581043974027e-05
25624,4.330477030000268,-0.0359164211076628,1.5920059362596422e-06
25625,4.363122971491364,0.1970498485659915,6.574379399635088e-05
25626,3.886622038223506,-0.5332153203976993,0.0002818274722870449
25631,4.688718379459657,-0.19224761039490712,4.7647949488912597e-05
25632,3.574444956120273,-1.185682166885175,0.012539119402580678
25633,4.289254837281163,-0.4097550235585774,0.00020000115837596674
25635,4.26959005742948,0.14683800396173385,2.6373205325743187e-05
25637,4.395256382582604,0.2710089027652982,0.00011040748637293875
25638,4.370383903818484,0.34811496747660975,4.584657378106033e-05
25643,4.05181397502225,-0.0777555786746511,7.406520602690289e-06
25644,4.010435029242263,0.013129350918790195,2.301039818098216e-07
25647,4.267152933182393,0.14806666884725228,8.771732192010596e-06
25648,3.9132423780281904,0.16767916386177006,1.4826818658911401e-05
25649,4.043092301872753,0.1374299565903998,1.1982927316055937e-05
25656,3.8232847559030967,0.2267595474224242,4.881119277475699e-05
25659,3.7503178115001785,0.5277362327907249,0.0002641772456740322
25673,4.3814973249573566,0.11942283965693523,5.732456558163127e-06
25674,4.438697897805486,0.2895744853165887,3.6118917320779275e-05
25684,4.260812604804049,-0.1832751608983294,4.762622869470639e-05
25685,3.8558067216249707,-0.4380800380116048,0.00030569488785119774
25688,4.339036935045806,-0.315472554884753,0.00014652472859608972
25690,4.2247021201132675,-0.8201769483584376,0.0028964184357775234
25697,3.1308981148165773,0.6162502474213349,0.0005279865422010052
25699,4.405970509410451,0.3798531762708981,0.0001720394837561045
25701,4.038333903632316,0.4229659119360729,0.0001893021534664008
25702,3.4392667980568947,-0.629864102694397,0.0016831786838693383
25703,3.7647853886742806,0.4620483565938991,0.00025859389229676853
25704,3.52910722270175,-0.6443065098550411,0.0016362360058537657
25706,4.464684813029296,-0.4483017922769079,0.00025964143274443687
25709,4.388119229419027,-0.08811643022373605,3.3353278548962317e-06
25712,4.53323623997628,0.11019265812890122,5.73144168381441e-06
25714,4.35787780903612,0.0657705003285809,2.5134280533921063e-06
25718,4.461521434448255,-0.19042636048165562,2.4064214903229057e-05
25722,3.0474180115649334,0.7480711776072613,0.0007232826145082554
25727,4.156671819497862,-0.12953600696921086,2.072548208144953e-05
25729,4.046503747272415,0.027638107632165898,8.429346676996972e-07
25731,3.9438649678378748,-0.0831352567972794,7.470811818501452e-06
25736,3.8198640834972672,-0.31130818351461276,0.00014059480940032347
25741,4.1241813290727345,-0.35372188796637527,0.0001560278405995836
25742,3.746671389998872,-0.3828297948804855,0.0001544469670516283
25747,4.131137166307555,-0.058697439473504254,4.31796271856546e-06
25751,4.185186223057829,0.41898346259667907,0.00020136459121763894
25752,4.115042312104588,0.07157752622668312,6.292007608061652e-06
25755,4.4250052315693935,-0.42497134881853427,9.733345219246342e-05
25760,3.6630713941527704,0.5035938296489562,0.0004508797288872432
25762,4.230584809768845,-0.039416062911204364,8.519973513794106e-07
25764,4.554416843294995,0.6952353512717604,0.0003416537310325366
25771,4.4744938062316635,-0.13589672948511833,7.314478694752703e-06
25773,4.37220241564287,0.29500316126467396,5.964001335621186e-05
25774,4.457088122312342,-0.016792579514484984,1.1489337453575578e-07
25776,3.925129293524645,0.2735752840216983,4.1032747640075056e-05
25781,4.462744700925578,-0.025993166562449765,4.597809616384291e-07
25784,4.304775917919455,-0.3927529124913094,0.00019371491712997168
25802,4.144826730144235,-0.33372964330604926,0.00014380407855580784
25803,4.447777961248825,-0.1000840056554484,9.240907407801445e-06
25813,3.4141401252442134,-0.28737958928381824,9.702991785639882e-05
25829,4.142658229513335,0.3243986543451216,5.431628090423391e-05
25833,3.9374530362032347,1.2364342519666245,0.0007460206825297684
25838,4.183488405877565,0.3703884857229758,7.36879653508072e-05
25842,4.210667885040076,0.20576017635113786,5.352625957978632e-05
25851,4.771718659484106,-0.8778596246836314,0.001203267184830156
25854,4.002379716638273,-0.3413854660138722,0.00011819680969444754
25856,4.346356178911438,1.0816727941582558,0.004161533767590703
25861,4.528830594779629,-0.1405734103551115,2.883910271836434e-05
25864,3.4930914110342464,0.06225665045516715,4.821179024477504e-06
25873,4.496724009582448,-0.031965977311101845,4.211825570722855e-07
25875,4.446222771034282,0.7378054491116268,0.00017942003609095841
25876,4.3080111338634905,-0.22035555979218646,1.92651299154434e-05
25877,4.366536233251993,-0.18143730776142775,1.542334802067059e-05
25878,4.410335054607176,-0.14203718526163644,8.527122870454086e-06
25880,4.372313807050819,0.21061076998995265,1.8548695901516218e-05
25882,4.375936773324507,-0.04388850845686676,1.3132460192347824e-06
25883,2.9869419946970117,-0.37687220195500526,0.00016006287143777861
25884,4.417838782862329,0.2871767380954786,3.4467295973694745e-05
25887,4.524793216788416,0.2898271933818819,3.211927375615986e-05
25889,3.3534064417087373,-0.4302448609895815,0.0001461388642964968
25890,4.478052303397851,-0.06404262287091811,1.3487211493053175e-06
25891,4.512000343701456,0.20471121701954242,1.7343097058297207e-05
25892,4.46007495181738,-0.22596844722012044,1.674310473259688e-05
25893,4.464720236153779,0.10585850506469363,5.930828535158378e-06
25894,4.559848114503871,0.12228311262034897,6.01111804250207e-06
25895,4.522519260993392,0.10343346417722721,4.674816862553356e-06
25897,4.379743238715287,0.12117692589900475,5.888373916535488e-06
25898,4.406141723703969,-0.0278721379077993,3.517849562991845e-07
25899,4.349788314593677,-0.1692660561305237,1.2237294229871444e-05
25900,4.514088747949164,0.13222338137010237,7.178400907267185e-06
25902,4.470051659922456,0.008420873019677977,4.170670072967609e-08
25903,4.443839757297354,-0.0322543203819281,3.9988694380079315e-07
25904,4.401366346883595,0.024677173207060754,2.3588955985299436e-07
25905,4.391839718937301,0.011214282928656338,4.8946071271431496e-08
25906,4.600998849769943,0.4195867751794804,6.605777727133176e-05
25907,4.450334205317642,-0.04361495805338844,8.644082908851891e-07
25909,4.366713809776261,-0.07078987415579086,2.1590588891289693e-06
25911,4.4048580105226804,0.17908853901378397,1.36419575493344e-05
25912,4.440084043707059,-0.0009684420490501111,3.6523362799526376e-10
25914,4.476599422605502,-0.028083046662787048,3.4904909472565176e-07
25915,4.360980322478673,-0.43900698619735845,9.762638992566877e-05
25916,4.292333540038752,-0.35659400799328944,5.558162185091685e-05
25918,4.472189408981825,-0.03425514236964666,4.6332701926109144e-07
25921,4.119331681378157,0.24884954647367152,7.6103688628406e-05
25923,3.8616993859764146,-0.22939028335087253,4.602222968333525e-05
25925,4.3903803631722385,0.1303206661894034,1.0959720666728846e-05
25926,3.8008332497433734,-0.9559238659239662,0.00041705279980202783
25927,4.3404841417875755,-0.04592353289497009,2.082981348201762e-06
25929,4.097279708174931,-0.24926203272269687,5.7822982953566384e-05
25935,4.063816158247905,0.5077972442113436,0.00016954084904397397
25936,4.213719845290271,-0.03166970264906421,4.041328275961708e-07
25937,4.010084762332883,0.5395727137249491,0.00013140146463727243
25938,3.744130589406327,-0.67607765427271,0.0002722520475452217
25939,4.490611979839354,-0.060986366366193145,2.3873683322407896e-06
25940,3.2488099566548403,-0.6685931270625152,0.0005024543304085196
25943,3.206741676078719,-0.1863167899343563,5.2413744538598107e-05
25944,4.405094061154711,-0.013117095627660724,5.671011635993454e-08
25947,4.393853899574008,0.027393448253154595,4.124001034214233e-07
25948,4.427449409957078,-0.20647219680161122,1.7319664981624437e-05
25950,3.1727708932077556,-0.5055426866258008,0.00022771101005754582
25951,4.380416010141715,0.07509340129196929,3.206989339920189e-06
25961,4.383147839881197,-0.19804891439063166,1.830141503232169e-05
25968,4.515594697603859,0.1711554753766551,1.1793118850302884e-05
25970,4.477399453970797,-0.2593634194061467,0.00010113753419149466
25972,4.47330204433858,0.22990188192087668,3.972638443118026e-05
25973,4.421804186516376,-0.14791971046219832,3.3546542540426566e-05
25976,3.686920657902266,-0.2594059679227372,7.071900061408703e-05
25980,3.1898097689739564,0.5620444843013686,0.0004557761961325334
25981,3.135551521165243,0.5607999477873942,0.0016860067739830741
25982,3.447605664781572,0.48029068980286427,0.00024834724382510344
25992,4.328170668691702,0.32769263161190754,0.0001890233221838883
25993,4.440201647607574,-0.1789312140694923,4.250074247091966e-05
26006,4.565465499858288,0.20860322259161723,1.9687914833848832e-05
26009,4.47082744831871,0.1393302791804203,8.20805768253419e-06
26011,4.496060164992864,-0.10037720387149651,5.714697786474318e-06
26012,4.3801884203290955,-0.045515482038684496,1.0687066472780556e-06
26013,4.2627428123661835,0.06006446264772691,2.417383352581478e-06
26014,4.418731384867375,0.07773938419737547,2.432210761778931e-06
26016,4.468633832313159,-0.12353055174387606,5.713031216298921e-06
26018,4.572280161361939,0.22019912293114619,2.3691402183720495e-05
26021,4.419122958868808,-0.06755553167963502,4.9563950799044206e-05
26022,4.474625815305951,0.04280545637413358,7.545848368855165e-06
26025,4.062217900622365,0.44973990364354766,0.0007941025051564578
26026,4.419715904177572,0.055345596463499014,1.3941688330963183e-06
26027,4.257283046247758,0.18183255541025112,1.3133934382520051e-05
26028,4.392634827043026,-0.08721929474098467,3.7672556284218473e-06
26031,4.491734676931578,0.21599209738160585,5.280315567614898e-05
26033,4.4753636158012124,-0.060144013771567195,3.3551416333086825e-06
26034,3.265971469554115,-0.3006984034848328,0.00013420876609671206
26035,4.349168180797794,-0.12233443552961454,2.0242438425892857e-05
26036,4.33414686250243,-0.09425999498967119,8.56828149248953e-06
26039,4.366250332301625,0.1823495021980719,4.318001587663483e-05
26041,3.861735215205005,0.16182916495604838,3.8353121394322075e-05
26042,3.8974128255549627,0.20191927817817712,3.670205164012121e-05
26049,4.026044724966278,-0.25328378687163955,0.00016127606407094933
26052,3.9715629692708836,-0.8759853607471766,0.000745981593904277
26054,3.8122336684049065,-0.08895278757363778,9.361569840721355e-06
26059,3.050043973335195,0.57429695964117,0.0004169997891417182
26062,4.385392664976992,-0.16735663041234172,9.565017121187632e-06
26063,3.51401404045719,0.48601984229366924,0.00024027327651053303
26065,4.2996630809397365,-0.44951547922967805,9.153003010709131e-05
26067,4.394853202038434,0.11600630447841542,4.227201017740979e-05
26074,4.101648453279692,-0.20778941847921706,4.073208077219702e-05
26075,3.886844957756417,0.09842850941132175,4.821047614222823e-06
26076,4.134440782649392,0.02444230071027942,2.0383934427067148e-07
26080,3.832252932083826,0.38725477309228085,0.0001960614504823236
26084,3.9764970607059884,-0.4211489992165749,0.00010341731329103521
26085,4.077518323084371,-0.4425672109959904,0.00012200103141583074
26091,4.490408479235165,0.0004725603507989007,8.944012960487704e-11
26094,4.273818525355544,-0.10251292199731576,7.763022988527894e-06
26096,4.26947491226987,0.1384631041885127,1.9915333128833907e-05
26097,4.394776593458503,-0.1264787241129639,1.685181354343258e-05
26098,4.056517390516062,0.10704224072751245,1.0877542007571897e-05
26099,4.346378637844336,-0.20165786829716836,4.007471999061449e-05
26100,3.523755707204993,0.3578080907384442,0.00018372622254366595
26101,4.351140867744201,-0.12723110116745673,1.611379506719009e-05
26102,4.6047374878242575,-0.5477487121459257,0.001054281705928004
26105,4.467246376173287,-0.14709514521749245,1.18830979822382e-05
26106,4.343472538512917,-0.3544884919486426,6.882148635949732e-05
26107,4.355378963869057,-0.3300272731339078,5.488035391548644e-05
26108,4.5455278604954685,0.08725749252559645,3.08302763276092e-06
26109,4.400324383688524,-0.2383211729926087,2.7628209492079554e-05
26110,4.282063595885616,-0.2765502473701318,5.151157285033842e-05
26113,3.310351344869757,-0.3606630098171726,0.0001541843575281424
26118,4.413271004902702,-0.3306616988990223,4.803641804577152e-05
26120,4.226122650589509,-0.5548981317142934,0.0001492320457786596
26124,3.9588132201411153,0.5465366305647654,0.00037274589145101263
26125,4.392010523205972,-0.3846773379735007,8.208433052998016e-05
26130,4.243551013519078,-0.03885839412811265,1.0719103101891058e-06
26131,4.396606369655487,0.2025457440070415,4.5236641718285734e-05
26132,4.398017641712075,-0.4220813105402761,0.00014001040472875112
26133,4.472691056682403,-0.48927805516758394,0.0008185990838291805
26141,4.402790510960079,-0.25490518180994837,0.000229240502103491
26143,3.9936534107498294,-0.12872201285553375,1.8707906961336304e-05
26146,4.525581169861107,0.11302379221322134,5.247704843070814e-06
26148,4.443083722413537,-0.14579831619474604,6.9043588289130105e-06
26157,4.328028767069701,-0.3634133115223843,0.00011791270586024092
26158,3.8270836966239594,-0.029349837597941075,5.392974979250308e-07
26165,4.418071902312277,-0.20003586774762638,5.15121989266357e-05
26181,3.411852030284852,0.16888526520938107,3.251913497012999e-05
26183,4.481060267224281,0.10390721144629111,3.600000073939214e-06
26184,4.403830743111912,-0.22178060047070502,2.1177246056846817e-05
26186,4.2525613226889405,-0.09524196130545182,2.7658928804784608e-05
26187,4.471858074874089,-0.283719633365628,3.071891713283999e-05
26190,3.5335635463299235,0.2819485587173789,5.342218858621725e-05
26191,4.066559349810903,-0.4107197497751667,0.00020500700032578874
26193,4.562845425515389,0.10341985983251245,1.3231982366137981e-05
26194,4.55686096153987,0.04430120305068197,2.5605517786037836e-06
26195,3.675231558678309,0.32480232407255016,0.0003943828588443147
26196,4.4321628626308085,-0.04266421311822555,5.87473018231162e-07
26200,4.599999393293522,0.5149959161269768,0.0001256000457881608
26208,3.093690344730871,0.43853529933768876,0.0002363001587144947
26217,3.5250513271719264,-0.5546368616022255,0.0002284005528880599
26224,4.23635954186538,-0.012449775288636111,7.684426147880572e-08
26228,4.581041999971011,-1.7074773603912274,0.0013044415638278064
26229,4.522106789667726,0.048471951550746795,2.981384792327765e-06
26230,4.220064146671653,0.015490584101971017,1.5317590814615554e-07
26232,4.30478588972713,0.11405471806946821,5.878114530578526e-06
26240,4.355110546763285,-0.22636455782385223,5.179206598017339e-05
26246,4.400829990952875,-0.296535097877606,8.868281586331143e-05
26249,4.338559725789179,-0.3701563869249256,0.00013404366765331298
26256,3.980626876726589,0.1937603931690477,0.00012158798603207172
26259,4.502410583136157,-0.15471662754278093,8.57058675290017e-06
26264,4.288266066098296,0.04771663007417892,3.039448505290984e-06
26274,2.99637430750741,0.4599423733758248,0.0003420284198442992
26275,3.6543111036400955,-0.14875370665369747,2.6648630342670943e-05
26278,4.237608679513626,0.12548994527473756,1.1465217387824563e-05
26281,4.326755119072541,-0.0584572497270015,2.4601986444597508e-06
26282,3.640049453358293,-0.10490409918639898,1.212672329585563e-05
26284,4.370608023294916,-0.20239361250636012,4.393347453265992e-05
26298,4.490120495774846,-0.11059699131908296,9.228058698136484e-06
26302,4.442069068604057,0.511643078092578,0.0009240393180097022
26304,4.489028152319254,0.24717029607524132,2.6464934052709245e-05
26306,4.479720544253733,0.01897739722384184,2.3467048337844604e-07
26353,3.5111853883000665,-0.036118158071455575,1.2752152370006929e-06
26361,4.3629872323114975,-0.20880266973338024,3.5738237890578515e-05
26363,4.412873955730355,-0.033350451274591464,6.49651702545811e-07
26365,4.119732204836915,0.1843328883672548,2.8302077692844797e-05
26368,4.4276427415158475,0.3050407647712037,0.00011775637579029884
26371,4.130064606237544,0.10838029995831366,3.708712883994878e-06
26375,4.333470807442373,-0.2324817025016035,3.3414308092356784e-05
26376,4.288680172636698,0.20220086694926565,4.816683097521905e-05
26380,4.446901519986858,-0.09533409279768446,8.920473568435564e-06
26400,3.164499557178571,1.1818998998521595,0.001907654020403521
26404,4.457703775988915,-0.6780699586065149,0.0003666392982382968
26406,4.174502748306668,-0.3158805196056367,4.565145311734892e-05
26408,4.348713569776718,0.21250472868219017,3.021454297328871e-05
26409,4.3898850465209485,0.08858748642118552,4.52418271432824e-06
26410,4.373698141804666,0.03910015153596902,1.4594437860588336e-06
26411,4.436705719837411,-0.05093609888469519,1.7927383142985127e-06
26412,4.449375766621803,0.27268817083778796,5.156834517220783e-05
26413,3.9514651027968473,-0.46409002489363926,0.0001668975676973347
26416,4.085489487829701,-0.11897829711748509,7.705952181691338e-06
26419,4.29236540678192,0.3148027818688437,4.6673378789322484e-05
26421,4.422331416517037,0.10595772513509694,4.984408700525109e-06
26425,4.326171794308669,0.009810901863805732,4.03306055898255e-08
26428,4.521159441367682,0.015731903867115093,2.3093701334798275e-07
26429,4.463150192030096,0.07801466398208223,3.6399562396635873e-06
26430,4.500674458562261,0.021114118486779354,1.9167043138812828e-07
26432,4.377939484810032,-0.21749512088340772,2.0925647418681423e-05
26434,4.250440113156855,0.25821917245039305,0.00021438089738908377
26435,3.7462456841594505,0.21647043558421375,4.6821821816764323e-05
26436,4.43751294178089,-0.21947690721623925,5.388138458776205e-05
26443,4.250490445067888,-0.030982739891781463,1.0020839620854406e-06
26445,3.7780056916202027,-0.3091496614842324,0.00010507926670406168
26446,4.320326922482288,0.035099030394414754,2.298839678670452e-06
26447,4.547551413038878,0.0516007006236503,2.6712190103307275e-06
26449,3.727422988372271,-0.18936642399291825,3.6254915343248364e-05
26451,3.820686616032256,0.16458685113548244,3.2539596937391297e-05
26454,4.6058798395672085,0.45734790464821806,0.00018848087787848083
26458,4.465836914611467,0.18812343554605615,1.1852955945057919e-05
26459,4.334692395491072,0.3418677865836921,3.50535059123662e-05
26460,4.589750573078764,0.5330222209543418,0.00013225924191864532
26462,4.494924767132814,0.1881319575123479,1.4054349399196492e-05
26464,4.221771410599663,0.07551399561912753,1.1410063568230306e-05
26466,4.472657375120358,0.2341664645942334,3.973382602625413e-05
26476,4.697932298248055,1.296278474527952,0.000762415741471519
26477,4.257282094733354,-0.22127310952421642,2.730280811363884e-05
26482,3.7839266279006316,-0.01346718679427239,2.5025587756916733e-07
26484,4.4824328204404456,-0.07449480398206276,4.895805977504631e-06
26492,3.6361036166067713,0.05277583750716497,4.095609616202057e-06
26496,3.1121214858937374,-0.41749430512366814,0.00028409148617696787
26497,4.357588728878007,0.1803727074166348,2.8778968150611456e-05
26502,2.8614733953449427,-0.5489379714977289,0.0004911528820650474
26504,4.224213729305718,-0.14837263864817718,1.217859097936641e-05
26506,3.585276512159552,-0.27109050748702623,8.098378838356512e-05
26509,3.4271327781837595,-0.6927652687641759,0.0009702775143461476
26510,4.479106251333713,0.5853857155532536,0.0006097512631280884
26511,4.402932802574669,-0.25504747342453804,8.137799766313321e-05
26512,4.398308378980823,0.09257266060514091,3.1764891823268123e-05
26513,4.432735363494402,0.5931168964067144,0.0013243375345901088
26514,4.052173993364125,-0.3484059267564379,6.244587312463987e-05
26517,4.429247107337259,-0.2380783604796184,5.0129984676444604e-05
26519,3.5401968905599532,-0.5149058147644179,0.0004776447991827196
26520,4.521154798047993,-0.3513935965411381,0.00010572555382684796
26522,4.352310625785311,-0.09811736262131365,5.907732645149186e-06
26525,3.3933046585483417,-0.5085039457016327,0.00028659803064722076
26527,4.3564097039159995,-0.02567636362966841,4.694486063610049e-07
26529,4.371231022548627,-0.03918275768098667,7.835979982586783e-07
26530,4.422167805862318,-0.2401176632211115,2.9616417250006924e-05
26531,4.466642613221698,0.29467625525632535,8.308720135589001e-05
26574,4.379456438618885,-0.17775335807628423,1.1588959361327931e-05
26591,3.1041730532295957,-0.15448471817701126,0.0003432272550966313
26596,4.329832713731801,-0.04900858456708246,2.7082676148350138e-05
26602,3.4864805438919806,-0.27161274042131867,7.234418266195728e-05
26607,4.716998590891778,-0.4515057724738485,0.00026397017645780397
26609,4.580251498766769,-0.8473551592360584,0.000874114335939949
26615,4.3701646693247875,0.21989187885325556,4.623597962788262e-05
26630,3.159339939250186,0.847993245982285,0.0009284065295467949
26696,4.403330075389442,-0.03388222292242027,1.9331719270435357e-06
26697,4.409010563068051,0.20214169459758757,1.791954855464353e-05
26698,3.5490457095834804,-0.3503725920327989,8.619189584079575e-05
26701,4.305777703470344,-0.31679365690606964,5.9230463347019885e-05
26705,3.2430617633315486,0.8156556212474011,0.0006848698290171293
26707,3.8811633047948906,-0.2865945301521955,4.138190527943307e-05
26710,4.682751556750945,-0.46030699190152813,0.0008297210391340636
26713,4.4242818893893245,-0.49835597879218696,0.0003276213889296006
26715,3.7293067584499164,-0.20589174406351196,4.378370495938162e-05
26716,2.9315878533178545,0.0233224257158815,9.902229553821864e-07
26717,4.3156355588646615,0.6380765878319732,0.0005043983664650705
26718,4.444421684908571,0.03177811978256084,1.4797394881293107e-06
26719,4.380747814961757,-0.05133113056017269,1.1724030115881615e-06
26722,3.285717611252549,0.03571480194074361,2.1394298627579216e-06
26723,4.403094853079942,0.013333208311271605,1.7281895428127696e-07
26726,3.1987802298421792,0.4673422371491407,0.00030757616453697616
26728,3.307653477896944,0.10349423461837937,1.2372862175501816e-05
26730,3.7942305171702793,0.8869743550938094,0.0007799340718607833
26732,4.665907918138177,-0.3510900331577451,0.0002701082378677653
26733,4.443039634003164,0.043347015994959825,1.0141619606844628e-06
26734,4.088215114681266,-0.6737725062690902,0.00013737360315788362
26735,4.42769122402028,0.06431026386217376,1.6943281010307445e-06
26736,4.264324940826093,-0.05219734294760858,1.0460399938754794e-06
26746,4.237260211355323,0.05456815540041049,1.5781744146366106e-05
26748,4.281792589473415,0.23126230760687072,0.0001068271670282586
26752,4.391090159127126,-0.24162629768394606,2.731816517450201e-05
26754,4.430158122819624,0.17900408443800497,1.322809849529421e-05
26756,4.126837441436094,0.4427055669088462,0.00014875989879179437
26758,4.2206466518221895,0.12575280520854104,1.935345005560039e-05
26760,3.8800523305016887,0.051773302222636985,3.1878622132853015e-06
26769,4.495257042494572,0.08048433280270739,7.252919239753826e-06
26770,4.321175916338759,-0.02117311714346748,7.337277952590407e-07
26772,4.28087737840954,-0.043876515785916226,1.5827086304991538e-06
26773,4.040696817713058,-0.09911501004336731,1.1295612701652146e-05
26778,4.263295010662969,0.1470760970200553,1.1616891467779304e-05
26783,3.9437488828093867,-0.12384116628904618,1.3960660536518859e-05
26791,4.283137769938865,-0.42451554123783364,7.072651710305456e-05
26793,4.327110391523487,-0.3624949359761702,0.00010355003201950046
26794,3.9030259113559826,0.5097723819846522,0.00024458177903967723
26797,4.102143610336642,-0.06260728460953668,1.7600577016134478e-06
26804,4.1298582374943695,0.010096835979783059,1.4284706714268536e-07
26806,4.439817764419025,0.3988422649374206,0.0001324205946524868
26807,4.348710329330195,-0.17894912782333972,2.448312099475099e-05
26808,3.872449056224114,0.18971660763375198,3.9938232897319786e-05
26813,4.359941092268641,-0.15375704829100467,1.1910910393155473e-05
26814,4.371649961600043,-0.03697702330963182,5.671794773380436e-07
26815,4.267578598769384,-0.3676281745755068,9.763261032001584e-05
26820,4.21540456882083,-0.2699467873064463,3.6662042395699956e-05
26821,4.40051204485819,0.03623948950493805,2.439021007231614e-06
26822,4.315281408147492,-0.1689771069946806,9.671660912231961e-06
26824,4.356004509581311,-0.37819376361516177,7.45932288783642e-05
26825,3.7722198402315166,0.7571486323402925,0.00043289813388845526
26826,4.362780657552793,-0.04262942659699931,1.5672722094975803e-06
26828,4.443816093675555,-0.19389329963501112,3.10040039036273e-05
26829,4.423701714149618,-0.14703559513356268,7.252303900803503e-06
26833,4.320241358125258,-0.294889667390108,3.4734771820454306e-05
26837,2.9685599013621875,0.7327420727503058,0.00244980818470609
26839,3.9048745942870124,-0.1815937134557437,2.8590077634469344e-05
26848,4.345206766113241,0.14342960361889823,2.500543843949854e-05
26855,4.396877030432679,-0.04789024983699797,3.3640218832379326e-06
26877,4.345663110978608,0.06592232593681846,1.6906936368695314e-06
26886,4.451435058599387,-0.05451981143175466,1.2395120188719263e-06
26887,4.354414730289929,0.018823398350873433,3.940999861597717e-07
26889,4.079955803866255,-0.21293016436884526,5.4046628229934495e-05
26891,4.449061336368348,-0.07582320772754514,4.632576810507348e-06
26927,3.5951909259330055,-0.11087863756034366,1.2688778073733696e-05
26960,3.5786111253588504,-0.29394755995264665,0.001321535043942298
26962,4.39085284471838,-0.24771811832684776,0.0006670646004072294
26973,4.387459862801037,0.10117650693110303,8.98039822561088e-06
26974,4.324949314885524,-0.07502652084497985,9.206938816304647e-06
26975,3.2307102813235846,0.050200934464069036,4.252402480676777e-06
26977,4.599990035574971,-0.5944766870594869,0.0003707246053400169
26978,4.4581192958092055,-0.16355868691660014,4.015512929318866e-05
26980,4.492429587610682,-0.31958196390063787,0.00013676344172408074
26991,3.168300939336,-0.11902789885397924,1.2954702794241661e-05
26993,4.4074440210642685,0.0041414158511576815,2.3904450447926605e-08
27000,3.8730307719347423,0.37689202210580186,0.00016322281773195342
27007,4.585844404228683,-0.39316394128572085,0.000204649852119236
27008,4.582088538741034,-0.5164864453845874,0.0003429666206365342
27009,4.7346549984115445,-0.2527830287679462,0.00010278453919727085
27018,4.405634692238636,-0.32640376782658365,5.189622986193945e-05
27019,4.370604597086553,-0.030702888713342702,6.565882567572668e-07
27021,4.405201077776758,-0.1653142102639995,3.4037458821897494e-05
27025,4.387656066296507,-0.17701104837824566,0.00011246125529361016
27026,4.2937668669915166,-0.3066363890765653,0.00042725486206506263
27028,4.2296468343243,0.3460945409729792,0.00021212404776886686
27029,4.0702423725052705,-0.3230940102673583,0.0001329752822647407
27031,3.4917447432577053,-0.670365856848492,0.0008864911386704537
27036,4.365237909167435,0.01051911249285098,1.5660005797353158e-07
27051,4.487429059542398,0.11373310504815404,5.389868034879035e-06
27078,3.7786141584870516,0.48406571855426384,0.0002653331075499271
27101,4.558713341328676,0.2964370499271851,3.8303586433205526e-05
27103,4.4087519655327085,-0.18924426035660158,4.5908894285798675e-05
27104,4.5278754044291425,-0.3098393698644921,0.00014219537532651606
27111,4.420195116306032,0.056004688385099755,1.3014958497384442e-06
27119,4.307522472086419,0.0694916207639178,2.5283386674080007e-06
27126,4.469163825930658,0.7997247299265666,0.0003441558841685985
27130,3.000118605064807,-0.41235456983709895,0.00024233048439415488
27132,4.254986417465886,0.09270753812749088,6.542672717810989e-06
27137,3.662851655662862,0.10298883958720273,1.1302483281244909e-05
27143,2.9811333235936006,-0.29328582980891005,0.0001931733698981641
27145,2.935689570162499,-0.2546680414482081,0.00012883838225497967
27148,3.537412266316727,-0.279315728295245,4.995250983980191e-05
27177,4.128243590219499,-0.22829316602562244,9.549690972780434e-05
27217,3.8388398056482833,0.13897094031786583,3.738678193712479e-05
27222,4.344730524718749,-0.39734037545331136,9.067009081909298e-05
27227,4.4290746654998445,-0.0054263561351435285,2.5078192310099344e-08
27241,4.004243133165502,0.2385214341748716,3.186995804010879e-05
27259,4.434237479233042,0.013108621561482181,6.696315003979656e-08
27264,3.329554152512354,-0.544542910274016,0.0003058760498668619
27269,3.9043398703165906,0.07720919776016588,1.0100016081839944e-05
27271,4.159691456758493,-0.45592339015080574,0.0001506339144827845
27273,4.421049903274955,0.27213116003584936,4.061468111680159e-05
27274,4.620927824751221,0.4573661178188493,9.175445416422008e-05
27275,4.327749503427666,-0.004942228413755245,2.090652605611987e-08
27276,3.9645786466779307,0.03911154727603927,1.2144808579583793e-06
27277,3.849943656351063,-0.3534360948845827,0.00014272439490987018
27278,3.9081735754486457,-0.1285397580662453,1.781376197914115e-05
27289,4.185196494431896,0.1148063047633956,4.49260467441005e-05
27292,4.699533712723649,1.4555366729823467,0.0030241811196914385
27296,4.4932972171437555,-0.06845058528694548,2.4380647877491624e-06
27303,3.0362801375763437,0.22947927319070738,8.119658492208367e-05
27304,4.180699238383171,-0.371816991874538,0.0002484556431560254
27305,3.0375306401984434,0.025860281829362286,1.0108481488708652e-06
27307,3.6564465511551045,0.7502726961091488,0.0005550080095573962
27310,4.440492915206746,-0.19342726596698157,2.6191702269860364e-05
27313,4.357064462295379,0.03861849882598811,7.82833924081352e-07
27321,4.374085393137001,0.2440010181176362,8.24188831999903e-05
27386,4.387036924714416,-0.19435646177145394,1.4891977198251749e-05
27387,4.51067674836049,0.16495190127616244,1.3027897108792423e-05
27390,4.446176437493531,0.17781550273514846,1.5944154813781174e-05
27400,3.6497873651405337,0.6583235865831796,0.0017325418422007091
27405,4.087800348798351,0.4097846265098033,0.00025355037864999424
27406,4.3366690663252925,-0.21763189151281992,7.373035529416922e-05
27407,4.370672087342467,-0.01910466015329426,5.309020962887681e-07
27409,4.282062142883438,0.2916173760132823,0.00012516081288412652
27412,4.380221709587436,0.004301805285033211,2.445817297049823e-08
27413,3.814778334133526,-0.31827077266704595,0.00010528353912893772
27446,3.9492103097446094,0.756709779343625,0.0005451497092104388
27456,3.228288851324077,0.6111634612692334,0.0007098907408688562
27458,3.7254576066393787,0.21418056582174083,4.342143342213197e-05
27470,3.2860519245889463,0.5851490863189448,0.0009868097051537825
27471,4.453349720743632,0.17943563227743287,1.3258218096558097e-05
27472,4.354438621629562,0.4297142198869697,9.50883173232907e-05
27475,4.302030149920235,0.1252088275751948,7.826105122412666e-06
27476,4.455976212794164,0.1146025284243084,4.41676563401604e-06
27481,3.478981110893186,0.5499356460064599,0.0005475227837076133
27493,4.159955822113195,0.7251162490077148,0.00023075693409731614
27518,3.954387167801669,-0.3407701981882796,0.00013797980107732184
27519,4.287313911181651,-0.38534124160700634,0.00018514336075515437
27522,4.0662477787936515,-0.1092514077227742,1.4591245250118816e-05
27524,3.992984929538973,0.06573245503997649,3.960710356666397e-06
27527,3.495862388663624,-0.9080983534359159,0.0018771059389319663
27534,3.0478385162372086,-0.4600744810095003,0.00039058269547857766
27572,4.406446772036223,0.545852945047069,0.000277202717596609
27575,4.468579248073346,0.1245183566804764,1.657667956484825e-05
27581,4.132752135397124,-0.10205760025147903,3.4647087070383363e-06
27592,4.307440305662219,0.4555879649414525,0.0006724157332247229
27601,3.8695369641257127,-0.21887872283197396,5.142337299519558e-05
27607,3.350471191923545,0.7798838078215886,0.0009701882046420727
27608,3.038993446592745,0.31790367617283044,0.00013596219004566068
27609,4.270423545510664,0.01866509350394807,4.067276377247505e-07
27614,3.584781818700173,0.29678197924326444,5.6915757144778894e-05
27616,3.472084756784676,0.2937557384653888,0.00011305218342885601
27619,4.27493090441837,-0.05248633956895343,1.334230570407586e-06
27625,4.365860408019897,0.33461995777251996,9.142519356290561e-05
27632,2.992795970405824,1.1114989226694454,0.0017400364172015593
27640,4.558277962580086,0.05980844867455115,1.5658201145413934e-06
27641,4.312337835370009,-0.31413713370081053,9.609703104985068e-05
27646,4.458106065074045,0.48425038826891686,0.0006074840138242663
27655,4.499924580458127,-0.009043540872163192,3.449778267856467e-08
27660,3.8224969606992834,-1.0313318528865665,0.0013267130057251825
27661,4.472993048405636,-0.158175163425204,1.7902962242273792e-05
27662,3.9306995240638294,0.26499753241855917,0.00010162110708106072
27663,4.427634222217683,0.1973385910665879,5.904020015504481e-05
27666,3.9931220945093324,0.13562389443010048,1.7928518080657793e-05
27673,3.0603577596035616,-0.6808116254733876,0.004305350957706287
27674,4.136491113866928,-0.5868737270864992,0.0004344667325096124
27679,3.212896124534414,0.4506655215952322,0.0002637348348580888
27682,4.403638087762277,-0.29440491304642613,0.00011629305182297898
27684,4.400992498272444,0.04869278487525186,5.531848527590457e-06
27687,3.027942809464192,0.5245440197441895,0.0004691157296630465
27688,3.987366706367095,0.03261344056614357,1.1625590722018904e-06
27698,3.752468152395269,0.5366204866193431,0.00037535512459937575
27704,3.861208438894537,0.5648350811961187,0.0004870596566511051
27706,3.754790036802048,0.1205689842545068,7.956845337476715e-06
27713,4.524178503660399,0.11249034938706348,5.4351970709160295e-06
27720,4.431922655019489,0.056713714712651075,4.575592781094274e-06
27722,4.379297642125714,-0.2251130795475964,7.050148398907102e-05
27730,3.140493883337131,0.4004654407001831,0.00020403317170288076
27731,3.200557495585202,0.2776009272130815,0.00010732826168521115
27732,3.3163741805726263,0.25597145728535864,8.282239333724441e-05
27733,4.466689160340041,0.2686317101130955,6.603608361422076e-05
27735,4.358976640438248,-0.08092259614734498,8.042172362754607e-06
27736,4.479628822284188,0.04973965028762084,2.3026283604558377e-06
27737,4.164848379184476,0.36989934250707,0.00012179280861674117
27741,4.259528490136038,-0.9636916241317088,0.001399203905355938
27743,3.147762655353072,0.14807421065125714,3.597476906255647e-05
27751,3.6879967398495004,-0.07978518880301877,7.716406288620283e-06
27752,3.7045513968534185,-0.684126510709056,0.0005944025547299125
27763,3.732866034734785,0.329299629123081,0.00016159602052070776
27765,3.758158473404943,0.4974542364132799,0.00022855943330485828
27766,4.386103425167925,-0.030677472291222863,3.321795267893254e-07
27768,4.421816153655488,0.5248138104648552,0.00014190489751386362
27769,4.330819501362703,-0.07520679154448029,2.5696807732319987e-06
27770,4.644986917589006,0.6692037981153209,0.00022180224132833132
27771,3.011533639635914,-0.379644799499268,0.00020084861741123837
27772,4.353636482747434,0.094879893195281,6.009855176214549e-06
27773,3.3466383527668255,-0.3068891937960605,8.375768236432581e-05
27774,4.3845688579971895,0.18497415034775067,1.8111963916038235e-05
27775,3.109216947835816,0.17918493968099503,4.0179983931862916e-05
27790,4.405300326927736,-0.07062738863732498,2.504202705341048e-06
27792,4.14894506748341,0.10097772655713388,5.679304118026231e-06
27806,4.073450394116787,-0.039209755964392023,9.976125953502602e-07
27807,4.010317443412728,-0.5508511536265965,0.0002763144471902797
27810,3.5763926809949775,-0.2370707030509096,6.863110814365785e-05
27815,3.6638649207494365,-0.6883353545129647,0.0004278061287148429
27816,4.1094213514982725,-0.5286840560040393,0.00010232064881021982
27819,4.6036291299890335,0.16280920359518003,2.2907428597524214e-05
27840,4.4112235759508645,0.33196790793460185,0.00013494397047691085
27841,4.168221882794998,0.08170091124554624,6.788954914471176e-06
27842,4.454557814993368,-0.15319908338694166,9.103174005809243e-06
27843,4.4832951816277316,0.20345499135278278,1.6314663687881586e-05
27845,4.53397710284352,0.3683303143671077,0.00012018467186008155
27848,3.9254204949850227,0.35401955091375825,5.5855996331547714e-05
27854,3.1002590179430904,0.2875153433869242,0.00010736647275390316
27855,3.313851156894633,-0.7489017994330962,0.0022759326090115114
27862,4.174768852779366,0.4462746823650159,0.0001123245625952938
27888,3.9951009659286023,0.40427430707989265,9.274570891173608e-05
27893,4.330818916283277,0.10237600496500487,7.0733883762779235e-06
27894,4.378435707177255,0.2906478045544887,0.0003213852778922656
27902,4.3140778578235555,0.0007400271568762662,2.8994049161083834e-10
27905,4.512961373272456,0.1159253393329509,5.182700616204495e-06
27907,4.274034107794656,-0.015588534892128969,2.9272606766051644e-06
27914,4.614269311544921,0.21644155035710178,2.5208056452546742e-05
27920,4.098910397409274,-0.22147883675074764,2.0879845162630478e-05
27921,4.346825586316868,0.2761845177995541,2.9747825982448337e-05
27925,4.240289100541637,0.5002857224526576,9.806647907210172e-05
27926,4.455257763711164,0.11221055509291578,5.3225250477402104e-06
27929,4.233576342170746,-0.5006800026400358,0.00019391243488735683
27930,4.4197421357981215,0.2178952403274712,5.428336885861204e-05
27931,4.47347634899664,0.08145262055470415,9.867612077319236e-06
27932,3.228683471301297,-0.3551188317215135,0.00026899236318323817
27935,4.421865416913887,-0.10838532477511542,6.796969041323896e-06
27936,4.355988086373331,-0.029209925929927216,7.90517843049908e-07
27937,4.427717964940956,0.10488152821230035,1.1952583466062849e-05
27945,3.9113139017037533,0.06836775219820757,5.290097301603138e-06
27946,4.318494841786392,0.2995915694682454,4.0369542391889424e-05
27947,4.357539050952093,-0.24175920800992756,5.733714749831109e-05
27948,4.509488963894137,-0.06097258795142224,3.870771224483372e-06
27949,4.346886951531045,-0.1436879843968617,1.979159533921317e-05
27950,4.377353205487308,-0.1607910105409589,3.494367783865035e-05
27954,3.7595994129146986,-1.0923712063327438,0.011184438045747086
27966,3.326232234820217,-0.2960985345488938,7.24973802970914e-05
27968,4.322594719760556,0.42926984537833945,0.0002520391566349667
27969,3.783723451151667,-0.04130323010970072,2.4866464886969867e-06
27970,4.537543819795813,0.24073898390092374,7.74702456971092e-05
27971,4.436094319913052,0.19474361282361663,3.780583170887124e-05
27972,3.3482181013244854,-0.6401679002222753,0.0005572316326148072
27976,4.491747240978549,0.09525897438187059,6.188046377504132e-06
27978,3.979997142502442,0.18821726828611407,5.569597959955562e-05
27989,4.543907022534951,0.23016169991495428,2.9681814846138232e-05
28000,3.4492253730640567,0.7509795798575216,0.0004608873042451043
28009,3.184205352434042,0.1190116208679095,1.9434155708189923e-05
28019,4.160801908411988,-0.22116373595086802,4.4130892367682616e-05
28022,3.0697369051798535,0.4145753831928083,0.00023683256547592848
28023,4.0106970147548955,-0.038520086507002116,1.8329071208894514e-06
28024,3.7550634224663084,0.24497046028455083,6.633668917134573e-05
28044,4.357326210743562,-0.25965385842878597,3.9609232948039466e-05
28047,4.157990914046685,0.11589356200749279,1.2321531451733666e-05
28049,4.414943088857536,0.4221321541133385,9.045107158425582e-05
28053,3.7284758491826056,0.35244569270735493,0.00050995420309126
28054,3.2138955208351,0.8378894269682049,0.0010296604098255471
28055,3.5379366566647152,0.4190597144061621,0.00017748742990797344
28056,3.154723301907573,0.7965204166738546,0.0008400364723411811
28058,3.2040603862289685,0.6003774085192402,0.0016616455361758216
28060,3.1976267945924013,0.5352695449383091,0.0013286680439706933
28062,4.196768188374923,0.31738259922599976,0.00010447238394864654
28107,3.8507109563072897,-0.35117767392427224,0.00014336739468948114
28140,3.242214635961947,-0.5680659865354181,0.00035170646256627903
28144,4.138661378509486,0.37548940909143713,0.00014765485659176092
28146,3.938855420478634,-0.2960199048661045,8.125867316358591e-05
28153,4.32325057262985,-0.5165880828595304,0.0003709349015697797
28171,4.01461157234203,-0.031198570827211114,1.2166001812568541e-06
28172,4.347465350240324,0.027033018012765808,8.174652175452801e-07
28176,3.4501592152337843,-0.3455725367677114,9.839133124897377e-05
28177,4.515261467384545,-0.012124006961605538,6.069024446753175e-08
28178,4.472247502548399,-0.043814495060361835,7.599514727392218e-07
28179,4.415704167069861,0.0695557222456733,1.805755416298914e-06
28180,4.544084391904709,0.17262716881628926,1.5049484639591619e-05
28181,4.214777223041206,-0.4818808835104953,0.0003273011839823122
28182,4.0426833552818575,-0.2271712502345551,3.25237212909024e-05
28188,3.5723836644675955,0.29254773342670015,6.757111880141405e-05
28205,4.220624736410335,0.07802028932449545,1.025261485329112e-05
28211,3.8778567089124816,0.2362904806057986,0.00012057981903715113
28220,4.5146339344623625,0.3176718241094765,5.0397766827309196e-05
28221,4.068205996486933,-0.12856782402581324,1.4726443085932026e-05
28222,4.137088161983658,-0.10995234945500698,7.639992354250916e-06
28224,3.862936820095389,0.7210097294410756,0.0019246684378653144
28228,4.336095660759565,0.19972444709373338,4.0898025820475024e-05
28245,4.4566556360171585,-0.008139260074443655,3.6121169852107165e-08
28247,4.525388907653144,0.2794514734635145,4.7618164528992654e-05
28250,3.1172730445891608,0.05241253608826835,3.5203219938043205e-06
28253,3.008748673493849,-0.27438116407426527,9.652483305405396e-05
28254,4.393726774653325,-0.35419044892621887,0.0002098501360222499
28259,4.346883595180668,-0.07299911912649026,1.904284865853968e-05
28260,4.320649913854556,0.4709998390761534,0.00013412540351070285
28262,4.535236730037085,-0.1632604312167052,2.4836139514914098e-05
28263,4.544477752589602,-0.4013430261980693,0.00010809380973077661
28267,4.265781880690856,-0.13061532394849973,1.0337841019682603e-05
28273,3.1815149146304744,0.6251475751398452,0.0006405069685470739
28274,4.205366523045466,0.3421745501059892,5.057603506647332e-05
28279,4.553211556104463,-0.128364924247653,1.1107848631871093e-05
28296,3.046116354988052,0.5993335411985483,0.0005658781404785429
28304,3.279313513980286,-0.156948589492929,2.6429200062385834e-05
28313,4.5319931972472824,0.16575617003390253,1.950581046246195e-05
28314,4.495039977447344,0.3015766731117031,8.988204446882358e-05
28322,4.522621643359754,0.1275219082710688,1.1671968182460253e-05
28323,4.422475616825747,0.1418725746420888,1.3438566920286834e-05
28336,3.0058473749536923,-0.06140839578725199,6.2998370194756665e-06
28337,3.1263971539771216,-0.5537849237700159,0.000450221155279348
28343,3.9572987074895853,-0.30924124789590435,9.246970346188098e-05
28346,2.9016932248718956,-0.31392918964418737,0.0004918464360804879
28363,4.233359229230409,-0.08389536778722917,7.594809263594295e-06
28366,4.4105275908426815,0.1252925170106165,1.4677741035848156e-05
28367,4.15934864311227,-0.3220491838800603,0.00019751969609338696
28382,4.016844100140215,-1.4752421066756694,0.003257016623092301
28383,4.3589413898257305,0.10235842574265863,4.373942708568335e-05
28392,3.9775490884104476,-1.1681463930479499,0.0013915613800821686
28397,4.520532476222738,0.14101804320146094,0.00021794428524306606
28399,4.253173909534482,-0.3233109859780048,3.47885173877613e-05
28402,4.198390417365731,-0.3828783123184287,7.088766235133695e-05
28405,3.5610935212569634,0.35492150544072,8.508672964799425e-05
28413,4.4835587902574865,-0.05871215840067645,2.7776085722432696e-06
28415,4.681502744891566,-0.14033788887938758,3.7193853953790515e-05
28424,3.6377149578506005,0.36414875157733473,0.00018575508208816375
28428,3.7497491873326902,0.6133494374556729,0.00040755350104516316
28431,3.943808615037519,-1.0931021135337855,0.0018627676933328505
28436,3.0075299029862856,0.19114321456439587,9.338923573639408e-05
28437,4.270215334632758,0.4357047544554762,0.00026149176040381135
28461,4.351410130149531,0.08178479109875081,4.796260854385263e-06
28462,4.895578794718206,-0.3095914281468888,0.000438239283554142
28469,4.36152581559567,-0.13469207032749075,7.064827682170794e-06
28474,4.288208948299916,-0.10615880565870928,1.1600723054412988e-05
28482,4.422434748635021,-0.12787413974241524,7.1605099746658885e-06
28484,4.309013714309734,-0.15797380841108843,1.7837557566003376e-05
28488,4.173199435348014,0.36262067250528407,0.00013603455883833947
28490,4.587983102404554,0.08577987504914919,7.223922649639889e-06
28491,4.571567881387457,0.20839559497379678,3.642869869925814e-05
28492,4.298392114486302,0.5994476854646091,0.00013669712207706956
28512,4.472353488321565,0.20792417015333164,1.9321436082722193e-05
28515,4.33451393645782,0.12331566163156182,5.866022973226997e-06
28519,4.492102915266229,0.03294122624257767,4.2857350037045766e-07
28520,4.421769272493043,0.06123327952084079,1.725511615777886e-06
28521,4.451784748215686,0.07542389630269408,2.357623536281041e-06
28523,4.583045750627632,0.28602597914683603,6.91080869231556e-05
28528,4.426522853508622,-0.027147580500127333,3.0224552130103297e-07
28532,4.282910257006475,0.1538412773566531,9.241478776256298e-06
28536,4.637767156290522,0.1447120446679797,2.0049398522294074e-05
28537,4.407181581359404,0.2534233115167881,2.6440404873610547e-05
28539,4.435225057521418,0.014460225626278245,8.255953010857084e-08
28544,4.490776923337619,-0.15217984659107398,1.0603222141801102e-05
28546,4.521232651457716,0.14220644265435123,1.0736915010469625e-05
28552,4.399975040406431,-0.10814667365069752,4.600036604546983e-06
28557,4.4667157489798575,0.14939437704656822,9.30338144781406e-06
28558,4.492902118543214,0.42342249608180005,0.00017746954752768766
28560,4.503068738364503,-0.11109177283745275,1.1538674923289756e-05
28564,4.3155981063740265,0.20836202418852157,1.7355680622824616e-05
28572,4.525724555152122,0.14335895657962183,8.949582907642758e-06
28574,4.420793753439552,-0.10999462805403848,4.852671228686139e-06
28578,3.73572894255453,-0.5329824996162129,0.00026706069715943793
28582,4.422496622509377,-0.26205225858275316,8.586806279655784e-05
28583,4.306524621494579,0.03468001865904746,4.3399185157296105e-06
28586,3.8947598905033503,0.2161139736699611,3.232245299809412e-05
28588,4.075691781105477,-0.17979815760721474,1.573256176127265e-05
28594,4.261604134939106,0.14267310866959537,8.031347017281995e-06
28595,4.033835685159978,0.9687674372390136,0.0004294317190928787
28597,4.352734118286839,0.4651251611116036,0.00023231256049988536
28604,4.232455498741853,0.19239113311495704,1.596627368653539e-05
28605,3.9066010618500115,-0.5708314855103116,0.00014903269393797818
28608,4.2934632832000315,0.14918797329028521,2.7528358395920358e-05
28609,4.406511983063534,-0.02448534838965255,2.55187673942912e-07
28612,4.386501060167955,-0.18031701619031892,1.1809776119033917e-05
28613,4.464035796883452,-0.3713592917620483,8.520239887759964e-05
28616,4.197781916165916,0.2174376858637297,7.018977908896665e-05
28625,3.367773776094868,-0.057230762700843485,3.275414518070307e-06
28642,3.69177332725699,0.8343536513906482,0.0026948481727381685
28643,3.625227497260586,0.009723614827795046,1.3117559079082522e-07
28647,4.294949065040793,0.03182909540261036,1.4803239785561821e-06
28648,4.272006442161492,-0.16606274409603916,1.1168652376411774e-05
28649,4.181323428372646,0.015878519289162618,3.534512591787232e-07
28654,4.403767312692782,-0.08894942771235037,3.2183271700459895e-06
28655,4.355720971630711,-0.2205544148883547,1.9372860974288642e-05
28658,4.4096882067580685,-0.09620811461929701,5.058127247874235e-06
28659,4.428399300374963,-0.11091118683865275,6.987208118722415e-06
28660,4.403393212299536,-0.1267270932834803,6.594589578394644e-06
28692,3.5913508164673122,-0.844079902211821,0.0006985339445924089
28694,4.311855159791641,-0.4659719568680396,0.00017158345240086108
28697,4.512923850836811,-0.13214799806458188,1.0646602549651558e-05
28698,4.35584885058861,-0.19228921934503607,1.8873685437965217e-05
28700,4.485629914967152,0.16833043519037094,1.2201802122232226e-05
28701,4.465790312834175,0.16990907818873957,1.2345331285920569e-05
28702,4.401739995832631,-0.22428052690002342,2.0125898372164475e-05
28703,4.456087235517498,-0.10323197814389662,4.0343588449642785e-06
28705,4.323071113742256,-0.18950583836687418,3.1555396666659783e-05
28707,4.2546422689218835,-0.0665038274134222,3.041172080574413e-06
28708,4.424305295262907,-0.1630348617248254,1.184876866536419e-05
28709,4.107391782663613,-0.5577743958831842,0.0002773730759217498
28710,4.433936670833921,-0.3296417777586518,9.908935235311287e-05
28711,4.470442927409875,-0.1717979016750446,2.4077027913918305e-05
28713,4.485487518151979,-0.03463469254824503,9.561054774037172e-07
28714,4.42166607385653,-0.21846710672234693,1.899988613092912e-05
28715,4.462170184727319,-0.34476034957422286,9.509396879760531e-05
28719,4.479205965477154,-0.38486140325505325,7.989655622086346e-05
28721,4.370973710069653,-0.2816416896710967,7.246419568843814e-05
28734,4.545467603820113,-0.12542290195871075,5.53196909228307e-06
28742,4.396753532973889,-0.2147033903326827,1.79833020347538e-05
28744,3.9053404148192983,-0.34429433221524697,0.00017329588644948506
28747,4.2137343515240495,-0.3488029536297539,7.038741247109878e-05
28750,4.059139126869917,0.21613713785708377,5.976175426204261e-05
28754,3.6685444717560176,0.0026800471191976705,4.291861390968313e-09
28757,3.242563486726926,-0.28245839081608626,0.00011941554936810794
28758,3.2070880899318293,0.7049349154963167,0.0007233918914346125
28762,4.719468010167433,0.29515930519835987,4.141854043712603e-05
28767,4.194100828656678,-0.5460433690629971,0.00011533475734629901
28769,4.4835310145238605,-0.2494245099266008,2.7074437836320055e-05
28774,4.304180322475033,0.007960184734682407,6.780933840453266e-08
28786,4.361820637187271,0.21082635709526087,1.7736318354626634e-05
28791,4.405696784675328,0.10735811240495785,9.615116234460057e-06
28794,3.0915543840336044,0.3488637107818322,0.00014577435997301433
28796,4.38808018074454,-0.14963527454868242,1.1748453747250888e-05
28797,2.8698785889998986,-0.13551107958031494,2.766780425485545e-05
28799,4.4265209237213465,0.11037042151345045,1.9003648037921743e-05
28800,4.4582207415191615,0.18424522921262643,5.43974560344062e-05
28805,4.517475592698553,0.4334096969919292,8.628989870095373e-05
28806,4.500626998668356,0.1437639004730169,1.7653278704074198e-05
28807,4.4293976154240315,0.13182068303487693,1.4833862464216988e-05
28808,3.0068182481236954,-0.521911598335695,0.0003917389537537344
28810,4.115936077898381,-0.4996273166192795,0.00014480190312045744
28814,4.628371780364389,-0.07765778017235636,2.361664539396299e-05
28815,4.640017681023387,-0.28716242364978584,0.00027764451105312073
28822,3.825618568631371,0.17807162532259913,1.7054306406533717e-05
28826,4.312351764766854,-0.6360510928597778,0.004642720593697217
28829,4.2364801867247746,-0.26996899601255864,7.035650878483723e-05
28833,3.903501600649453,0.40863890656026225,0.00019224813779193225
28858,4.4525444243114425,-0.16757950248069253,1.1884696791394467e-05
28866,4.301090666593854,0.0796851861783745,6.900009139325968e-06
28871,4.47181094328787,-0.2867120177973046,4.625626058169266e-05
28873,4.133666061028634,0.31016097455069414,5.088712915914588e-05
28876,4.260238623638425,-0.04959360572016358,1.574215702493025e-06
28877,4.747357454671139,0.030925349025597626,1.683652893689186e-06
28889,4.293938571469424,0.028868703544486785,2.629173959206073e-07
28892,4.2374721875387955,-0.2032315493864001,2.5024170411531128e-05
28893,3.501951475122025,-0.08422479150865891,7.5150583210768294e-06
28894,4.35263818566263,-0.13755200574440085,1.6484513615915088e-05
28899,3.7008317128689514,0.5068415346601522,0.0001527240636596526
28900,4.177698688523278,0.2179842725980894,8.079128112201253e-05
28959,4.108389139492732,-0.25824153778267345,4.041357332501122e-05
28962,3.9042116989316122,-0.4353556687956419,0.00014992750964545757
28966,4.0631029019746645,0.08478242717546625,3.010961436513417e-06
28990,3.8244633720371444,0.1570856960396121,2.8822073461901238e-05
29001,4.220495398257481,0.34281058363191175,0.00041160900106008817
29002,4.538210990242327,0.48303448296594453,0.00010881490613283697
29003,4.387183832314812,-0.12591339877673047,7.978180248442634e-06
29007,4.336221285466942,0.154659754119022,9.586841979745504e-06
29012,4.090006989571933,-0.4213302427755159,9.390546144816588e-05
29018,4.394127000254908,-0.23837380990416435,2.1162329956479303e-05
29019,4.330141303026033,-0.046554741165404145,2.4249261609360776e-06
29020,4.379621562505371,-0.08233615628658075,7.481400787485658e-06
29021,4.312782567865389,-0.05151213432730728,9.979470747897855e-07
29024,3.4015619841756766,0.32171889665559217,0.00011082790493304175
29029,3.0769275248028682,-0.5511988804946126,0.0014775069295268428
29030,4.5236024015879215,-0.06230258601953231,3.496158206629714e-06
29035,3.420778600180061,0.34506189507000373,0.00015190681478546625
29039,4.406571477898219,-0.20786690035187583,3.537776157598588e-05
29041,3.98509863358935,-0.35543853913538515,9.126568978491423e-05
29042,3.390512766746018,-0.5811100713835202,0.0003561472229234641
29057,4.076264638472469,0.06050063963358365,2.3494606796483752e-06
29060,4.221317341671149,-0.024115394009340818,3.4823301218143886e-07
29064,4.694776756276482,0.051024559451354534,1.9368066995413566e-06
29066,3.091550880239497,0.03958603032069696,2.6167664779513026e-06
29067,3.950031536270498,-0.32302748587464913,5.51045657179169e-05
29068,4.420884700537456,0.5200431811339801,0.00011881448441087456
29070,4.302282990533468,0.015205123002842491,3.3188802485404937e-07
29073,3.688900958197861,0.25268084947182956,3.67333191796928e-05
29076,3.00852470636043,-0.32067721257573956,0.00014806185914172595
29077,4.503380437573981,0.059925544315411194,1.4110524248079955e-06
29078,4.557953756849114,0.5172200583847122,0.00011539167587812261
29079,3.274576751442496,-0.1304244727702315,2.027559746348028e-05
29080,3.00852470636043,-0.21735959854771325,6.802438828591081e-05
29081,4.46756842125161,0.01881822874651462,1.1794358755464965e-07
29083,3.0130835956607784,-0.4404713654536727,0.0008566286673003571
29086,4.461098862467405,0.34537818022572164,6.180476965205194e-05
29087,4.500529643994857,0.1676153411546233,1.1362543833243482e-05
29088,4.6520053140301005,0.39528329771419024,6.793044371179476e-05
29089,4.549321577737077,0.23817016504496902,3.253491518286439e-05
29090,3.3845293711245232,-0.5338228696207898,0.00030952878124053786
29091,4.428210442216759,0.11827074742265253,6.236897669563914e-06
29093,3.2990197417415446,0.6229535945397697,0.0005852694955974599
29094,4.475461149158126,-0.08844697297320536,2.9149708687660823e-06
29100,4.521271112371798,-0.12929414684474771,9.260358953723695e-06
29104,4.304206414428245,-0.22666897052252555,2.2402456028239056e-05
29110,3.675122048822478,0.8157589907634857,0.0007875384240780383
29111,3.9751809925711883,0.626984684396604,0.00025809556825077647
29114,3.4072159370348745,0.05851996576485208,4.985002651606532e-06
29118,3.2734738817733335,-0.21947270009536668,7.084813438467422e-05
29119,3.994554343740093,-0.052972536070402754,3.104085882681404e-06
29121,4.408170565077997,-0.18719335192252995,1.3815635945068216e-05
29128,4.510205291443958,0.18114259078518558,3.513084676987973e-05
29130,3.1711072599380214,0.5077218583224132,0.00035419646549734047
29131,3.2850103490397347,0.3204874961351507,0.00011100980297229375
29138,4.174483850813445,0.03020876857752075,8.741064612537846e-07
29139,3.0926523758154354,0.20688135207021974,5.259806494940812e-05
29141,4.147377744380484,-0.1491770427112855,1.1486278667504606e-05
29142,3.364894427488548,0.36560670131620787,0.0001755999574406102
29143,2.9343917650359637,0.9368092458719275,0.0010657590630336327
29144,4.419043456375859,0.10274512067318131,4.241702489455322e-06
29145,4.30846934582122,0.7883436445160878,0.00026533113406144846
29147,4.027803047890034,0.5952070562263883,0.00048122416584857395
29148,3.6384692296847585,0.2031313114468416,4.5266692191406234e-05
29149,4.475592371774506,-0.18239695080723983,1.1513359216420464e-05
29152,4.068880119065593,-0.7189760317909881,0.00018128068085191887
29159,4.3714738503841755,-0.03026921023054907,5.210319916474927e-07
29160,4.254211524550403,-0.2505213305964329,6.318435089808782e-05
29162,3.2998580739862122,-0.03409866321916111,1.2520481973730247e-06
29165,3.796141916318322,0.10583075325632274,1.0237310224140127e-05
29166,3.453163128659947,-0.686844019433761,0.00039231095154744586
29167,4.512768323227815,0.1364187481770509,7.752322621000164e-06
29168,4.542124125187351,-0.08429452709796958,3.123996349308176e-06
29169,4.323798092765465,-0.3201078988114947,6.237671887379636e-05
29170,4.368772881315729,0.4002153899017573,9.057627656385046e-05
29171,4.600222677113741,0.1002576886786759,4.580755656811197e-06
29172,4.477683862109838,-0.055235312937040426,1.016036374105667e-06
29173,4.510319234750008,0.355675569519982,6.066158263934684e-05
29175,3.3249714354726443,-0.7003028433094851,0.0003598432677019815
29176,4.060963396921464,0.3626849124432372,0.00016152803047669124
29178,4.442089872459912,0.02840541020157783,5.543826910195282e-07
29180,4.282681731337363,0.010513689629902956,8.135182587298958e-08
29181,3.4082950436086805,-0.5869161571994672,0.0002404065176210819
29184,4.4205561945135114,-0.053643197649678065,1.3771209844778058e-06
29185,3.746022966896675,-0.19928327994386175,2.2475415712114313e-05
29202,4.130895194112696,-0.67773807351983,0.0006359740005459451
29203,4.142263208675406,-0.5232698820256361,0.00028203459848760785
29205,3.0851370428078493,0.27870455231053715,9.574261572871998e-05
29208,3.586049458098158,-0.7295792518776749,0.00039283875981520447
29210,3.2905400749266884,0.5617329260956838,0.00028365242779485717
29211,4.133562015362169,0.3794928817181171,0.00013674445669897123
29214,4.04697929542266,-0.3531122997976843,4.8282318679622346e-05
29217,4.285105421285037,-0.16769558613194047,1.2188332075073903e-05
29224,4.450395191300477,0.08542491655282092,2.9329505414510393e-06
29225,4.505999985652222,0.03835806093911209,6.294615854713418e-07
29227,4.433851465777217,0.19990617706278702,1.9343337432382265e-05
29228,4.221771410599663,0.07142401036760315,1.0207552597755509e-05
29234,4.285992733662315,-0.06795669909766477,1.8101799451463106e-06
29235,4.3511715183742385,0.47794189909862705,0.0001136071200613806
29236,4.4089661089865295,0.6116195159628939,0.00015941280057595373
29237,4.362010444187271,0.027488205325312265,3.1230519794752135e-07
29238,4.44843248138508,-0.028387779523677104,3.107182454133994e-07
29246,3.9678287448958955,-0.010832373825018227,1.2722082035571332e-07
29249,4.333745912136898,0.0875014356902648,4.385272992409348e-06
29250,4.437715733385878,-0.038340460377383145,6.155313079352433e-07
29252,4.491833936441477,0.1912227882036852,1.705903594935041e-05
29255,3.8473381405606513,0.0028094611494071664,8.120604821069802e-09
29258,3.141996322077433,-0.2797954411479644,0.00010676476594701783
29261,3.798494647360139,0.18118700654182174,3.829963120108658e-05
29267,4.1355111360457935,-0.00515613630066003,1.2006887802944518e-08
29272,3.60608694025282,-0.14348093046202104,1.9008939113894242e-05
29279,4.533133305897185,0.1321908029106531,1.5012525852640084e-05
29281,4.408224103604594,0.002147004078429937,1.8816410146062184e-09
29283,4.355584491325227,0.0036851562260382664,6.28472215818187e-09
29284,4.446683641500163,0.03405646610975133,4.882352796911396e-07
29285,3.174619869068074,0.35760577500048596,0.0001760198968934139
29296,4.405637708183949,-0.3264067837718967,4.7457558469926706e-05
29298,3.9856002219445257,1.0296908836879242,0.0010054055567416617
29300,3.241031003445427,-0.5001909795202262,0.0003628580038923963
29302,4.387180898529035,0.11484852853954308,1.3847819571395741e-05
29303,4.410948205388563,0.09771108021868447,6.919552040219076e-06
29308,4.564824401286075,0.24001597983058343,5.0097791961729e-05
29309,4.417870792382309,0.0696413501375499,3.5170127647711016e-06
29313,4.604291730994742,-0.01018249236607538,1.692703064169787e-07
29315,4.614117657327364,-0.0697596107360301,2.7979540435934465e-06
29317,4.3744532589580505,-0.201605635248006,3.4600708546382103e-05
29323,4.627680140705484,-0.25192311904519826,0.00010869455322205503
29326,3.8938695608666065,0.1403710772857889,2.1125509398111195e-05
29328,4.0683000969416385,-0.861496853307707,0.0029830190186534863
29329,4.376410906021309,-0.005698031247701074,1.1958184472927404e-08
29332,4.403373793692166,-0.20316884077058806,4.5429429300942134e-05
29335,4.340897881583633,-0.22511803864146707,1.977371687816932e-05
29337,4.428424462520497,0.002392336322816213,2.7666235487506686e-09
29340,4.369837150446819,0.05859585704121795,1.7486530627577464e-06
29341,4.295757080409345,0.2549569197826873,0.00010674916338670673
29348,4.313796948947936,-0.2345660245358836,2.419286625474898e-05
29356,3.7828176748934412,-0.49441578737663017,0.0009325392632344778
29359,3.9609189245552576,0.38677503103811883,9.103190305173441e-05
29367,4.0136574572150705,0.2276692953556756,4.8937849591141846e-05
29370,4.3069013983670805,-0.015073031611347432,1.3930691545460412e-07
29371,4.019029581840667,-0.4926690572245054,0.0001790936792963014
29372,4.337213294415204,0.015641962958397038,9.775230466194143e-08
29374,4.332719778429433,0.18906879861960757,1.77247757091152e-05
29375,4.389807934552608,-0.24826177084621293,4.5649368439765814e-05
29376,3.5626321063807365,0.009713531477248516,6.312600261996033e-08
29389,4.460517583352919,0.0742301383386268,2.474774502436244e-06
29391,4.4760963304315755,-0.1652972050460617,1.1617137011178454e-05
29401,4.329147122345615,-0.2149999328273351,2.4365351948675388e-05
29403,4.288483112223164,-0.42565035098578985,0.0005711160641247298
29411,4.37887312116136,0.6443492884403677,0.0008349609008351849
29416,2.911527467853824,0.11860623241749924,3.522694688376142e-05
29418,4.523318352215954,0.1513778964207475,0.0003057886158820623
29419,4.505222718685488,0.07360349196300131,2.599305998481136e-06
29421,4.400323973060458,-0.09086803122141163,3.291435532301885e-06
29422,3.9809448281587367,0.2311827697197475,7.205827648826504e-05
29425,4.367154035424944,-0.3258586942926591,9.232501600686599e-05
29426,4.396619823207463,0.0681382090638829,2.280092202113834e-06
29427,4.511869773315765,-0.10149866563274124,1.312438367887528e-05
29428,4.539659874967035,-0.01569974440448707,1.756665051682672e-07
29429,4.1976558954817715,0.13439236938586863,7.045480682032623e-05
29430,4.326906596934777,0.14358868572671213,0.00030725356512089974
29431,3.440619586595292,-0.10841507642008841,9.912371692872316e-06
29432,4.227884813952303,-0.08316404440513558,7.4585101555136725e-06
29434,4.520054001177082,0.11758337494851112,0.00015083618506616983
29435,4.450320901297565,-0.20325525205780082,4.779137793068953e-05
29445,4.385878176183391,0.0649746494203427,4.641640099178962e-06
29447,4.253644151174929,-0.20709025278917714,4.439930380295006e-05
29465,4.159453234849754,0.3224187347938443,3.884783736053407e-05
29466,4.385457803768899,0.23558573137548233,2.1057104598390925e-05
29467,4.496766321475318,0.15242074992954713,9.39984365439463e-06
29468,4.470529549776063,0.21067532248802578,1.7985818829234284e-05
29469,4.445252885118505,0.005599940485229382,1.2491871623780153e-08
29470,4.359497592574861,0.3029976600324993,5.0338949660473033e-05
29471,4.362760999762761,0.3899667505829445,8.272959048588531e-05
29472,4.3972511902176015,-0.07444391520369109,2.2941790502669967e-06
29473,4.381957595467804,0.06186944011152473,1.4871285981106175e-06
29475,4.562146052925209,-0.012488576867377255,1.258860806051031e-07
29476,4.504077851522427,-0.2428074179843458,5.103801313203084e-05
29478,3.571036506264003,0.8562024712314265,0.0008411305918006897
29480,4.609934334946528,0.34518824921946845,5.238309944386302e-05
29481,4.533257168559348,0.06186268157524211,1.5337272891339324e-06
29489,4.087674626271918,0.31292839397489924,0.0001172520275785527
29490,3.2744474290442103,0.792868460789971,0.0006651352718702021
29492,4.36431317373425,-0.21642784458411946,3.307190810651368e-05
29493,4.474341784573883,0.06895299769612073,2.4824545256078288e-06
29494,4.4652560087407895,-0.12665893199424438,6.33556185782002e-06
29498,4.405623525655053,-0.008708278487421062,2.9902104525508146e-08
29499,4.44038423107146,-0.06967135629785126,1.976013778399222e-06
29500,4.38158674545019,-0.17242650879950805,2.9218584720994954e-05
29501,4.457884583827425,0.0660755467351235,4.9238366896806365e-06
29502,4.485845340061096,0.07850285140674007,6.423435086102365e-06
29507,4.361998931459785,-0.24621908851761898,2.6935092971433228e-05
29510,4.323368961336333,0.36061240507604886,0.00010547615759082207
29513,4.381237850706553,-0.07717275750238262,2.352699682794422e-06
29514,4.39344863638805,0.17713010483042257,1.2498272642240613e-05
29515,4.449743207238622,0.18206890969589118,1.4343653520108072e-05
29516,4.40197296584025,0.23469588720721202,2.315887057751593e-05
29517,4.559853874782466,0.33349825869905736,9.21598093465637e-05
29520,4.568112670317829,0.3706685200104429,0.0001134811965750295
29521,4.4510240382208375,0.21524124712706438,3.562403235818995e-05
29523,4.3059843678252605,0.2415567053261949,2.3056277581844918e-05
29526,4.619539022320304,-0.42988428029387915,7.185526274309247e-05
29530,4.503502463168875,0.24490189090512438,2.394296691107166e-05
29532,4.668929871004038,0.05757260015157861,4.225674023509665e-06
29533,4.264875187953905,0.03648354365252171,5.714289309346194e-07
29534,4.324545423269507,0.39216613745149154,7.536708320980717e-05
29536,4.493723310668827,-0.1370144839792351,8.041743366210987e-06
29537,4.421569593897439,-0.2533551831088827,2.588032564840655e-05
29538,4.5470629993446945,0.20652719176167,3.0825376819992836e-05
29539,4.484328541075338,-0.2736835231570769,3.139160694846286e-05
29540,4.506442628845292,0.017517501717255968,1.3650759401842072e-07
29542,4.48809069042629,0.28766579613733523,3.846598408304178e-05
29543,4.5696326400893765,0.09851234506010353,4.983287290153285e-06
29544,4.150143840710057,0.517061736197487,0.00013603190726543736
29545,4.388860115303706,0.07819676855475066,2.947818923696693e-06
29546,4.4812069640768275,-0.04327269746464957,7.658728723677798e-07
29547,4.334311317698301,-0.0370259114795104,8.730731635780067e-07
29551,4.212841438980414,-0.0051681914513102,1.0820604776706345e-08
29556,4.434009750993801,-0.011561201821003841,5.5057913241329346e-08
29559,4.388771874275049,0.001966701000854165,2.2529933245455614e-09
29560,4.562460143913755,0.23250361370699135,4.547026346534652e-05
29561,3.609468558724638,-0.24217272873816365,4.068397419072598e-05
29568,4.223352093208205,-0.256840902495989,3.4700287994490556e-05
29569,4.030334905083355,0.87937447042294,0.000777151590060798
29570,3.461163941423379,-0.4456290405732082,0.00015687292804107163
29571,4.276558650801397,0.2332013503820356,2.168091638839437e-05
29572,4.462609852866746,-0.06939602880229945,1.7424388123094563e-06
29573,4.440209428655127,-0.024989826625481548,2.438670589851348e-07
29575,4.150945564107363,-0.027042199643717346,7.255283490374094e-07
29576,4.481681423046319,-0.2077969469921408,1.7842743197978456e-05
29577,4.528872828160508,0.010157555323038636,6.08335058652465e-08
29580,4.347566204677178,0.310196431430084,5.3211375346211715e-05
29582,4.457385690364821,-0.049447673906438006,9.574487899689972e-07
29583,4.508342256264944,0.13508664184023722,7.4520174410707705e-06
29584,4.515192624370915,-0.06433979876718077,1.966231487775726e-06
29586,4.379159001030799,-0.0021449081804618686,1.9962438678670116e-09
29587,4.202914921402162,0.21712978045924025,1.9191767713326e-05
29589,4.458215266121991,-0.2869096627637626,4.5448477809801886e-05
29591,4.18979072708668,0.6409201348153424,0.00026760570908049655
29593,3.7428949080040104,0.3244209818301709,7.438292982534197e-05
29594,4.340379376196139,-0.13121913954545672,1.4214206208750053e-05
29595,4.313427089638229,0.18081153564258035,1.7531977403678353e-05
29596,4.438253261837657,0.16791642448351762,1.2787363610608062e-05
29598,4.367797724640135,0.045000568700499954,8.413996541267788e-07
29599,3.514775392256537,-0.05845871137330194,2.250023888534865e-06
29600,4.320990124732886,0.07098684079416362,2.0528569209594146e-06
29601,3.96085968088465,0.4047834745387071,7.986868210911767e-05
29602,4.093136618003007,0.04999810838852525,2.3277713307327504e-06
29603,4.466824178530488,0.1343379860600642,7.4480865693909055e-06
29606,4.503337391489363,-0.08088884231656568,2.7456243835915027e-06
29608,4.302943150608543,0.12787364823477,2.3937347045115296e-05
29609,4.393220608663348,-0.209644912713304,1.7304002271165324e-05
29610,4.409447446936533,-0.055306015752186966,1.1781185567835347e-06
29611,4.336050839909563,0.33209414523991665,0.0011968900386302322
29612,3.450957686838004,0.14635457375044192,1.8179031294381196e-05
29615,3.46239755330932,0.015760869488963714,2.8243365773921693e-07
29617,4.339122894820332,0.042903739853549006,2.028275034312709e-06
29618,4.06044618207309,-0.337165301241821,0.00014359954519046683
29623,4.62132570261365,-0.029240756174213622,1.268973069237089e-06
29625,4.506755042090709,0.2630817654526165,2.718456048546656e-05
29627,4.245654561751183,0.37144419510218185,7.159666453031443e-05
29628,4.406904291688546,0.44042745144951656,0.00018649973727406303
29631,4.344750116506365,0.07529458535503775,3.3579186242898346e-06
29632,4.236619039541669,0.03726543651250935,1.7114076904770288e-06
29633,4.099202618139261,-0.14795889955783315,2.7039121418008036e-05
29653,4.37481639213599,-0.024538455776689005,2.387651624843558e-07
29659,4.059104315853428,-0.18374529479687363,2.2622498595953605e-05
29660,4.139469976650804,-0.018808106111329437,2.3289441827741115e-07
29661,4.00447953027275,-0.21575474118909765,3.182364378676909e-05
29665,4.644500885533393,0.13294052139515156,2.4990559364737122e-05
29666,3.210746620149578,-0.22506468244908806,8.547684008149916e-05
29667,4.179770628006138,-0.036635901614605615,8.197526003359261e-07
29668,4.175813558367973,-0.5757653179606526,0.00021718757637802138
29669,4.353229251317935,-0.047813719015893597,2.0614711140952214e-06
29670,4.149297528259377,-0.21551303104971842,4.9715638511061794e-05
29671,4.506154400762912,-0.1846742659570646,2.6100546569364588e-05
29672,4.598257582657257,-0.1152550306433735,1.2556481930975883e-05
29673,3.699414180811737,-0.15845485677442284,2.370390529865891e-05
29674,4.333058720490948,-0.12389848384026614,6.31157800224026e-05
29675,3.9172035987428067,0.6909620962250833,0.0006112346251686167
29679,4.395002173785198,0.17246614501888224,9.567924031528604e-05
29682,4.5941185731722145,-0.014266195168413098,9.103595608143667e-08
29683,4.353216494055114,0.6033145410479408,0.00011208665666623689
29684,4.071209386826978,-0.5331528224476254,0.00031255821652606753
29686,4.5050036814121475,-0.1729554165445073,2.8080914353736736e-05
29687,4.16703907506027,-0.012854512482152636,2.527389886369883e-07
29701,4.4460931419734315,0.4329137096443878,0.00012505440416380235
29727,4.199571317824884,-0.10189896551010857,1.1666044472170785e-05
29728,2.786700034925737,0.7396604896904244,0.008104862091649146
29732,4.410966982033952,-0.20776801489976915,3.9099379393990616e-05
29742,4.400238803969219,-0.41682580245440004,0.0001833701945833598
29760,4.1890547201790955,0.25594671365617483,2.8824940180744707e-05
29764,4.361552381078499,0.0846220734191343,3.7200531925175505e-06
29770,4.340298867695157,0.5523033594895059,0.00031276219713401496
29772,3.890705626109594,0.12927452082364432,1.760149774540388e-05
29775,3.138324754217449,-0.5505607189897406,0.0005096340411975071
29791,3.4915478729912586,-0.1994215863834654,0.0005629024493200208
29793,4.222760935847445,0.558880393256425,0.00016710964410550285
29797,3.840123291890649,-0.1512438377767129,2.3816175679432573e-05
29799,3.372051321163463,-0.7401624810268168,0.0006431954317559508
29805,4.458611394024882,0.12124098397891903,1.219178947313264e-05
29806,3.664218659646279,-0.4216263081607621,0.00022179804529557536
29816,4.318582578790494,0.120533022867515,1.7714743168172462e-05
29820,3.873188334482409,-0.05328061796206862,3.0337026507492506e-06
29822,2.976001211680949,-0.1310918278615416,3.550036937838466e-05
29823,3.052219386034829,0.05236729243124394,4.076124044984667e-06
29824,3.1273108160193552,0.4280372454700583,0.000289698620563356
29825,3.0975796481421756,-0.11189771044168584,2.0014554425214985e-05
29826,3.424593326252951,0.5052695973035259,0.00023122577828642424
29829,3.00374115680865,-0.19433846144615208,5.794012117239025e-05
29830,4.339577457920327,0.2079636152311286,1.9250916062021212e-05
29833,4.287760939363184,-0.1950844342417808,4.545108710563428e-05
29834,3.6084437470229402,0.3427999715584873,0.00016960098597729458
29835,3.911848169490929,-0.16469980725301658,3.844918468217726e-05
29836,4.405266710824156,0.12948101086738983,6.565403494254841e-06
29845,3.1858464614429676,0.2641410843886196,0.0001048219191531774
29846,4.430524647434568,0.5887399733597416,0.0005084217565842335
29847,4.394385522585214,-0.04281809539604087,7.610292272410557e-07
29848,4.32730570481945,0.23286711523790604,2.8090400710892684e-05
29849,3.988632762598693,0.06141154072682786,3.47685453739211e-06
29850,4.144455997320074,-0.1280729765676858,1.7490863735132144e-05
29855,3.883307799514091,-0.001744001570653797,2.1864336982786676e-09
29856,4.360695417552973,0.13465990242791115,8.533907436851405e-06
29857,4.362231339345778,0.21762103865802374,1.8409281554687885e-05
29869,4.4977943688831274,0.1740994491478718,1.2578248232502937e-05
29871,4.31180069062006,0.3003451091044571,0.00010180625040792941
29875,4.367446858381701,0.44555017480870696,0.00017273039149274464
29880,4.334299098349735,0.4439837053470015,0.0002222647359560389
29885,4.384526455541719,-0.4586005449445816,0.0006381037272170929
29886,4.057035407444247,-0.049702222211776004,2.4619250103707497e-06
29887,3.050561087737873,-0.42589249557471387,0.00021812916337347795
29888,3.786114239062518,0.12590876636562776,9.272050115722025e-06
29893,4.059561020816012,-0.504212959326598,0.0001927384004134965
29894,4.13942153930696,-0.40175192102359203,5.348329201288278e-05
29895,4.181248640143307,-0.1885677316977068,3.36241314719327e-05
29899,4.277847324209435,-0.2596641229528984,2.8479022216908122e-05
29900,4.306628501630838,-0.43751299721396864,0.00011934778955794911
29901,4.548984430889421,-0.3004891888400616,3.410776029678336e-05
29902,4.479281876481903,-0.41025512224409244,5.481130132326212e-05
29908,4.352519830643662,0.34796053514875425,6.836198857959066e-05
29914,4.399432818236645,0.03494904677116484,4.971039573038467e-07
29916,4.526514911387637,-0.2652444778495555,2.83430797703902e-05
29918,3.7454589265703286,-0.17030823778473536,0.00011227131273248583
29920,4.223055189258829,-0.30505011215313527,6.198384623253461e-05
29921,4.200717638176481,-0.3591170970448805,8.982181926917116e-05
29923,4.39583452416278,0.14319585932076695,7.750153002642803e-06
29924,4.583791100718343,0.357136780953093,5.410774292645631e-05
29925,3.796097844701333,-0.06799767743411511,3.5817147330564326e-06
29926,3.2495321676506146,-0.47694344541083344,0.00021211531777455696
29927,4.121750091353723,-0.5692632621453417,0.00012828785366608795
29937,3.9931348130047652,0.2293097518446512,4.313168856161513e-05
29938,4.084525694838845,-0.08083550088487534,8.568692341370672e-06
29939,4.094314516493857,0.45745489276711915,8.233029323846222e-05
29951,4.425052309343542,-2.0548085678756816,0.06189022149523035
29955,4.321150072108595,-0.20537022916642922,3.640836094018826e-05
29956,4.402193474443998,-0.20348889689765493,1.2779598709874123e-05
29957,2.9168826554179876,0.5267354421281198,0.0003858424311996902
29958,4.2795720294715895,0.10245460520229166,4.416178289585626e-06
29963,3.434094240026142,0.03476179010982827,1.3422638105887962e-06
29970,3.1117255622412996,-0.4943297294072204,0.0011784611184616541
29972,3.872492046837191,0.3322005725537749,0.0001403309058543068
29976,4.647063027861164,0.26559185787488815,4.287130576571623e-05
29979,3.6211907398584127,-0.5766683021349897,0.0004133833550109515
29980,4.4433691079593425,0.21534184495677877,3.775654411230986e-05
29981,3.8906128028004874,0.21533089526496507,6.0552888094217075e-05
29982,4.310005774463888,-0.04873534092580645,2.6439463379052627e-06
29983,4.294601460353704,-0.3299860048063872,0.00012751936240669283
29984,4.38061535775494,-0.16700737470602167,1.5892055210899315e-05
29985,4.69279416835959,0.24023987971311378,3.96888522140678e-05
29993,4.210595234858705,-0.3393942239508134,0.00019381740529506662
30006,4.415776370909429,0.5657733422917302,0.00017300341999861962
30007,4.532706736618122,0.36363941107600617,5.335233222067171e-05
30014,3.3966450954564262,0.3875445384618348,0.00012353508657697346
30017,3.9526971516694767,-0.5888555565510902,0.0003619871674314461
30022,4.316954191874891,0.1939053146419587,1.4282778224295705e-05
30033,4.3453132621438755,0.2117165485162813,3.221032253119442e-05
30034,4.209499652800848,0.2813813867851156,5.125716354948641e-05
30035,4.4865068641387875,-0.18786183840395676,1.3554782512531339e-05
30089,3.6310179521404335,-0.22317602775960976,0.0007091577197725887
30096,4.387222489755371,-0.11892462040983176,5.946288383941246e-06
30102,4.502649537646108,0.1281883950905609,6.950120462717459e-06
30111,3.990767299655551,0.3200318257299628,9.360459671826464e-05
30122,4.3925742268757375,-0.08311828503669094,2.8136853498925618e-06
30123,4.45011449055255,0.18267086246851516,0.00012085800807620792
30124,4.3449171082325755,-0.032776601022860063,6.394153515291438e-07
30126,3.9255750639510265,1.236349677691455,0.000713185902914616
30127,3.558799570110991,0.22766021234180922,3.564005752545243e-05
30130,4.0667669022758055,-0.44242596929944034,0.00014196961187749592
30132,3.98697955800336,0.7579525703598904,0.00027911208819013687
30139,4.246579466157232,-0.38164806826293596,9.245156516333059e-05
30225,4.009131062496124,0.47500079511491133,0.00029767518226080455
30242,4.396220073223571,0.4304923827117566,8.189928551309178e-05
30243,4.458331374939283,-0.18723630097268362,1.4768611533181028e-05
30245,4.500602798815965,0.010256707700884604,4.763005845693338e-08
30246,4.501294639943189,-0.11428046375826817,1.121768164151367e-05
30247,4.5326082390069375,0.0327810769693091,4.2848529077608405e-07
30252,4.642604830116419,0.06602406423990281,4.524091594487429e-06
30254,3.1693907649724826,0.7643937322371763,0.0008051485564340669
30259,3.0389002420363354,-0.4215044092022562,0.000820082666603951
30303,4.6565320240066965,1.150709159017734,0.0005834504602616793
30305,4.618954968831106,0.8549949663600893,0.000309437336252946
30319,4.466426664446447,-0.4999154737342315,0.0007993081117666514
30328,4.415666231422732,-0.21846428376092408,2.078840567887644e-05
30332,3.041294600430234,0.08984231012995991,1.0237999286847567e-05
30354,3.7416822145828657,0.12743328983400382,6.642320198408111e-05
30355,4.289446820045273,0.2014342195406904,6.263330061473836e-05
30357,3.9791428196651926,0.5228866074033856,0.00015574595430129765
30358,3.1521193224441966,0.5088749281802039,0.0003347610210126344
30362,4.602395498039236,0.12055772360523864,1.9389881847329423e-05
30368,3.4933651381983286,0.3482354029332715,0.00012102401046403257
30375,3.2996983454196633,0.67247858282823,0.0006067821525161393
30377,2.9279798807173227,-0.16166077149113667,3.582113799375182e-05
30378,3.3846334062098733,-0.35449970593854996,0.00017436294288043026
30381,4.439485730101267,-0.27282050629954036,9.44073126661006e-05
30385,4.45352489047249,-0.1413843832627748,1.5343346632672637e-05
30404,4.451569858027076,-0.1502111264206496,1.4402634789824311e-05
30410,3.9062759475403888,0.10830364621284927,1.218553552060902e-05
30433,4.078157151653571,-0.37932736668646605,0.00014982585643400097
30441,4.4393143745286645,-0.3235345315864988,5.480897659644983e-05
30446,4.4152640125046405,-0.2816987371292585,4.0096460231183937e-05
30447,4.213493168773762,0.11460512387456401,8.288277381318358e-06
30452,4.299506601453885,-0.1113681599454237,7.099213946531931e-06
30453,4.34551991624941,-0.017421623601084235,1.4879221234981357e-07
30458,3.050997164952653,2.251810106868236,0.01227739137566589
30459,4.56384643652613,0.20344259893839656,6.084965758746071e-05
30460,4.544778259719771,0.24104542596157774,8.679766426150636e-05
30508,4.587340298794312,0.07231807247784872,3.5912804563498132e-06
30512,4.4375721776595,0.13610734123722068,7.189710388873864e-06
30513,4.333202641146001,0.04506694465016814,9.683902941096764e-07
30514,4.301501317197432,-0.06450045457380771,2.4735393564754334e-06
30523,4.409670242719827,0.12829119357481478,1.568962196081451e-05
30525,4.266998808000261,0.04245713383878513,1.4990036136004263e-06
30535,3.747830106334905,0.7157765153313997,0.0002902888903215663
30556,4.363002294102026,0.0013694053331345657,1.2175278720692982e-09
30600,4.371704955759758,-0.272372852026618,4.322280962325528e-05
30792,3.869256690210811,-0.3487958877218382,0.00012990688053661189
30793,4.45261223714771,0.05604704845953812,2.9085691989470225e-06
30805,3.035095433187804,0.11764058917585185,2.0890470687021668e-05
30806,4.435105450440916,-0.1446460092925248,7.145577366338732e-06
30809,4.40655742546806,0.054742390100329,5.362292018988213e-06
30810,4.552376517142848,-0.2483114239386781,6.70173496188671e-05
30835,4.594232146977691,0.047269968257790396,1.9688358385757265e-06
30836,4.4902455025268235,0.26334468857954096,3.986503263531144e-05
30837,3.9994438396198837,-0.28587177291557575,8.13046711790861e-05
30838,2.943862923884919,-0.3264670910508398,0.0001509633145973343
30839,2.9704032962732065,-0.35300746343912737,0.00017957993961396736
30840,2.943862923884919,-0.21601009548652916,6.609075323065414e-05
30843,4.359061723372323,0.021714129399906135,4.993284975016438e-07
30979,4.4426998821417865,0.3694844732306306,0.00010232907415833143
30981,4.227636230701043,0.40903262234641957,8.8905685913286e-05
30987,4.480025232433052,-0.08681140836860557,3.3201600983511158e-06
30988,4.35219962137274,-0.34668627285725506,0.00011614967339954588
30989,4.521439655414754,0.07064529102468242,2.1553960761565163e-06
30992,4.400075885324931,0.08631076467319332,3.702644502582435e-06
30993,4.1343554089103804,-0.3366215498843621,0.00047014764549406117
31000,4.489100443458775,-0.2320702989595791,5.076309680638293e-05
31019,4.504986499428445,0.04783720618743725,1.8630592058401666e-06
31020,4.315829622236089,-0.103702024357605,9.847912118224002e-06
31021,4.3261330585045865,-0.1502085092900627,2.0179601336409142e-05
31022,4.476593042530908,-0.016448628593074055,1.8548515261592765e-07
31032,4.327402798240474,-0.49876140175137884,0.0009625797014899216
31054,4.497461147386337,0.13726784084329857,1.3573474617635316e-05
31055,4.384511667824171,-0.11761534040392085,6.954750393760189e-06
31056,4.4617782888151005,0.25672058247999363,5.37241651526015e-05
31057,4.208945489525507,-0.5250785772351154,0.000344100002291023
31058,4.46964051117584,-0.06658650930988319,5.11483391827025e-06
31090,4.419161361018433,0.015220503989376688,2.428691893829427e-07
31127,4.382597442780361,0.004416733404559281,1.2286182577604952e-08
31131,3.0876200170219605,0.17431529730668727,5.699224211988027e-05
31211,4.249354520067431,0.6011120218760029,0.00010686260051252986
31212,4.120519584456358,-0.04978488787339064,1.6065299923940981e-06
31229,4.081093741845579,-0.12218715051858231,1.9707493029009924e-05
31233,3.2424217559379636,-0.35204999804179904,0.0005364888275968875
31234,4.387517287856062,-0.17687226993780136,2.6731792667839006e-05
31239,4.518227221196545,0.056483757306837745,1.7369711163332375e-06
31247,4.408518174829214,-0.17296344405558983,3.6370495227952016e-05
31248,4.446900583496664,-0.12276792724168484,1.7488225089519397e-05
31249,4.425561000906172,0.1293679686451723,1.0848976942694304e-05
31250,4.58282839500607,-0.011214992546821456,1.6503661868733498e-07
31252,3.479985820523257,0.7468479247449227,0.0008327324692813396
31262,4.400410809171909,-0.1706616099436049,3.8997954495041646e-05
31264,4.269773959821547,-0.22672269198699713,2.285513492207616e-05
31273,4.477338905250209,-0.29528876260900194,9.252622213880564e-05
31274,4.511760144572781,0.06911734884626597,2.9425801863907896e-06
31276,4.53370687456477,0.12878837804259025,1.3938101516048939e-05
31277,4.444707838652206,-0.17221709104663052,1.7466419362854997e-05
31282,3.3154933980098154,1.0740052515027676,0.0012015307268044928
31288,4.486687148133545,0.36221322277714396,0.00012699869121449438
31296,4.341089681350692,0.13054911201287744,8.496078957532484e-06
31299,4.18970161954076,-0.4308297936067893,0.0001523687495083114
31301,4.251539487848452,-0.15220738411531176,1.9221390826854096e-05
31302,4.120740464775962,0.634572379641849,0.00033627542215360605
31306,3.2170427835502484,0.282490498832769,0.0009216858565133505
31311,3.3037597817120963,-0.5957095806098862,0.0004055073016469771
31317,3.5824070804420867,0.750954382250514,0.0004377798373263451
31321,2.8068925082756575,0.4926412196099976,0.0007205709747478189
31324,4.259595972185472,0.3284280549676488,0.00010021536749452957
31339,4.404278120137957,-0.04885216726125474,2.6200021205492072e-06
31358,4.405056995740188,-0.005681722731693206,1.3454731535106765e-08
31362,3.9969710216584593,0.30167400407637146,5.148210152884233e-05
31369,3.851087935918106,0.19020740521417911,4.1651349875921236e-05
31370,3.2337196836959374,0.2320162191037891,7.55655783431619e-05
31379,3.808898267446557,0.05183144359403835,3.0391177135394215e-06
31517,3.9325278628810336,-0.07813397028952407,6.116352519595705e-06
31519,3.734814686093712,0.5597459227988932,0.0002037461132845304
31520,4.3335458236343,-0.13184274309169997,9.450827664498204e-06
31521,4.161714991347725,-0.10993004354441993,1.1931873139968564e-05
31522,4.486583688615526,0.3893767021541281,0.00013732437278372284
31523,4.223258913729329,-0.3731113120192706,0.0001372460266110358
31525,4.258486080850929,-0.06580561790796668,4.529909275121593e-06
31526,4.363287252978371,-0.01559329738499482,1.8298265643065814e-07
31527,4.3998462109136565,-0.08904708552814267,7.161356195137587e-06
31528,4.45965096985057,0.06430916071197768,3.704289432917898e-06
31529,4.451519495172811,-0.20875492783243743,0.0004710682008973297
31531,3.9740321265509344,-0.21283201085737202,6.347168431572922e-05
31532,4.3431956823773685,-0.6007754613354024,0.0011268480804316617
31533,4.361926058440415,-0.19681242533010668,2.3337241254170596e-05
31534,4.399950976740677,-0.38176777548414087,9.579791166858605e-05
31790,4.483788888965338,-0.08073488709938115,2.5740459447110406e-06
31792,3.2133075015128747,-0.610617816068491,0.00033818531204479724
31793,3.263482207249952,-0.5962540006679973,0.0003656573362337477
31794,3.797546858645101,0.06738453924919474,4.815445412036445e-06
31795,4.381801997725748,-0.48590837422748523,0.00011239091027349013
31796,3.053774288106276,0.6573557749424799,0.0007323401024819674
31798,3.9334019719754414,0.2772430459428197,3.85127972397061e-05
31799,3.8796611716707448,-0.39228609376753676,9.616035471959648e-05
31800,4.278495777655811,0.06140593071739886,1.5969254770844338e-06
31801,4.493060488307644,-0.028302456036297663,6.641513745034098e-07
31802,4.163991063692426,-0.13863937295727613,9.14937285682452e-06
31806,4.279648710869158,0.17237029562475836,3.977929140133683e-05
31807,4.056013197491155,0.03999664405000658,7.761883016614969e-07
31808,3.6401496147049737,0.17094747213321204,2.864822096746746e-05
31809,4.589245300304106,-0.018666559085633416,2.1750803947131012e-07
31810,4.163124044718154,-0.4112697914428294,0.00017700220823616092
31811,4.380239447931634,-0.07212849620792028,4.7415647986557475e-06
31812,4.239245237558181,0.2627841895103975,6.575732120540937e-05
31814,4.445270443663537,-0.17417536969693703,2.465420747168579e-05
31815,3.2556784604793507,-0.31123948131291046,0.00020544216740141653
31817,3.84228572883678,-0.2504679875659752,6.929807741550318e-05
31818,4.1833832226389775,0.6165310401416253,0.0002604227687043001
31819,4.347643559940797,0.016728139494363248,1.5554731388645982e-07
31821,4.391571474718246,0.16335749483309847,4.4472565118368534e-05
31822,4.234039713842731,0.33446648777376886,7.15882645267671e-05
31823,4.356653747744067,0.05006549952018613,2.778500227053263e-06
31824,4.329399088490502,0.13420753317580303,6.747711908309361e-06
31825,4.260236249054755,0.05591764146841882,1.4952012821657198e-06
31826,4.057836721300588,0.7179197652630371,0.0002693706098357757
31827,4.412323676831481,-0.14683085841355137,8.85999560022534e-06
31828,4.373107918484366,0.012661702468349745,6.489564963932375e-08
31829,4.383859858402086,0.249897784437918,2.2781336251508036e-05
31830,4.47989272939784,-0.120623081846575,1.550099116156565e-05
31831,4.444371194363007,-0.253202447505366,3.0576781358519614e-05
31832,4.415969016007091,-0.05287039121872805,1.5101537239774723e-06
31834,4.324015633935195,0.04543221853182633,2.9172772791563355e-06
31835,4.317733576454654,-0.13721131799150132,1.0698297616035274e-05
31836,4.296108120574077,-0.20677610017552084,1.643882734055776e-05
31837,4.346357055012335,0.06886254701730987,2.6219301954711453e-06
31838,4.372969933129945,-0.021402505940772087,1.8891789290008921e-07
31840,4.688713174531255,0.08535554791864985,6.692427402621257e-06
31841,4.382556367547002,-0.2898798624255985,3.848727519216016e-05
31842,3.6112376388485457,0.30278336924227345,8.239923623861262e-05
31843,4.547171630804455,-0.04736196047419039,1.2963564979347058e-06
31844,3.650074424889143,0.8306656827207717,0.00041664135704382917
31845,4.526340717715815,-0.06504090214742586,1.774821175412964e-06
31846,4.258686165710862,-0.3307898111264258,0.00010906586192595055
31847,4.484653146235192,-0.1552364618336073,1.3667267219534096e-05
31848,4.475413834661177,-0.25150406808443293,3.528049735989133e-05
31849,4.411953156381909,-0.046310000958551534,9.505192741117146e-07
31850,4.4017608367766154,-0.30408848446183967,8.652980675310465e-05
31851,3.0867324160403817,0.3111260643562588,0.00016403937863379792
31852,4.01755088233982,0.5975696345014399,0.00017948641642276297
31853,4.230191163456015,-0.28087237328417247,7.35380129439891e-05
31854,3.143266364419706,-0.052223911061390016,3.060777429069212e-06
31855,4.238665260489862,-0.21331356975471216,1.8905313507315624e-05
31856,4.315939521119354,0.1004885402718596,5.679188441546955e-06
31858,4.301730428266162,-0.21407485419485806,1.5503372371329532e-05
31859,4.534625691058669,-0.12304025414324293,9.065664880760924e-06
31860,4.291652757168155,-0.16290676822872197,1.947092943578038e-05
31862,4.270821884827447,0.3363463038233174,8.726311210395764e-05
31863,4.364602432803285,-0.049784547822853575,9.658349245826756e-07
31864,3.951404211679954,0.10903879886646495,1.7226213125255702e-05
31870,3.638531333127168,0.6560292757654373,0.0005265121267451435
31875,4.645209395246571,0.15223267838864274,1.9125834163054858e-05
31879,4.338647725223982,-0.17664451452806684,1.4022112124854105e-05
31880,4.338647725223982,-0.12208553027763269,6.697944001788492e-06
31881,4.172378530347887,-0.07803396812578622,4.076563745938082e-06
31882,4.260173035306087,0.19881464050392328,1.599656763338341e-05
31883,3.028872271113696,-0.42618258566931244,0.0002704294658905371
31884,3.558450176135293,-0.4719635393128381,0.00018584606118708858
31885,4.361997372897007,0.2341320684389352,2.3491997029093667e-05
31886,4.379394827338381,0.1413062020232605,7.78507218946923e-06
31887,4.43578140393121,0.16838828172329823,1.2282206299159462e-05
31895,4.482202363648977,-0.10142651087674803,4.3925084625894785e-06
31897,4.478844764732851,0.09380222954968076,4.52761472978207e-06
31899,4.453312408453185,-0.09917097726883917,5.5254755178320454e-06
31900,4.310514623637237,-0.007801795683080925,2.5142436390541614e-08
31902,4.48995494051316,0.22586176556199522,0.0005610708651868366
31904,4.414618258375606,0.06498870463713935,1.8980496397813536e-06
31905,4.4338168167454075,-0.17537124384288028,2.6632339202977323e-05
31906,4.466394785435828,-0.010885374002143067,9.825690343931565e-08
31907,4.408126635608322,-0.14544675856700628,8.544472073378926e-06
31908,4.46267144960607,0.0382487150082218,1.2337848057028129e-06
31909,3.773833199043297,-0.16562164799681556,2.652780996703549e-05
31910,4.426723862975316,0.22818841490758945,2.1985820845840525e-05
31911,4.457743410026163,0.3737652181726574,5.857763745369598e-05
31912,4.509083063497478,0.1702665206648648,1.2348818230548542e-05
31922,2.9729131881389463,-0.602669446671086,0.0005778023712467482
31924,4.373573331062538,0.09692195159895167,4.058189489692338e-06
31926,4.562539413950609,0.1195918131736109,6.36726952982616e-06
31927,4.496392089015724,0.32469560319483737,5.2344372380075945e-05
31944,3.047052138129781,-0.20797367462116645,4.928960943379751e-05
31952,3.141952474463103,-0.21342895060256195,6.197988553490129e-05
31957,4.457422780914333,-0.2830355110186966,4.141184806041823e-05
31960,4.48252044729767,0.30079592407389555,4.438550347067043e-05
31965,4.291026562583953,0.14690770402822473,1.434723910877781e-05
31983,4.583806378348705,0.0833991985588387,3.2489619856696488e-06
31984,4.5115521902934415,0.17611921720639323,1.3356733177655632e-05
31985,3.332605811434388,0.39067506939688057,0.00020361506631611575
31989,4.148277764865615,0.20200017149368676,2.0399249347508216e-05
32050,4.345546878671216,-0.022739603657305985,2.126381573383681e-07
32055,3.4635427502723224,-0.5511920856573824,0.00025118250562882605
32136,4.367724463421053,0.06547045782722893,2.081227278592466e-06
32138,4.548139146988202,0.20113138297364586,1.6566059110629582e-05
32150,4.304564950824074,0.5173282186753045,0.0008796277153795111
32167,4.343211227823841,0.21800707063506763,0.0007119291502778633
32177,4.306139810635705,0.010014079887469052,1.2110512388333772e-06
32178,4.447649833041439,-0.1261696982355911,9.707417653847683e-06
32182,3.8775174957788856,0.4779084570978167,0.0009767023870534478
32187,4.492483982880637,-0.03233956894280343,4.355680445156157e-07
32189,4.37887164282705,0.031499464855973436,3.644675550363269e-07
32190,4.430507653085844,-0.1386792863301105,7.329913667943751e-06
32191,4.336464309856887,-0.10090957908326281,3.838618969179935e-06
32192,4.268616280410409,-0.014423017246412151,7.293388540349525e-07
32203,3.158518897960785,0.7830629097089052,0.0008225323016994514
32204,4.4694247550303325,-0.05058414723373428,1.8409051787884424e-06
32205,4.303313516446274,-0.11365877441984917,8.503132787546803e-06
32210,4.4400044689133775,-0.03940144866656059,6.140897289306365e-07
32215,4.3191517836171425,-0.19040579467770957,2.545387202168265e-05
32224,3.6908286066484584,-0.4679607605107199,0.00022604544899430508
32226,4.361487689207467,-0.3780746876926484,9.876562433549658e-05
32228,4.4054600598675,-0.1641333072967539,1.4525223396532876e-05
32242,2.9715569166671383,-0.5379435612666885,0.0004243491102890116
32243,2.915357866014997,-0.5639826088515192,0.0005294091043706732
32246,2.9214826262818274,-0.1936297978834376,6.446369125865765e-05
32247,3.062170087044457,-0.6552249787261686,0.000780613478091712
32248,4.418764926420375,-0.05439322698521476,1.2196126946464566e-05
32249,3.482475263047489,-0.6913101552347722,0.0006689683427485847
32253,3.5888870221400073,-0.6133574559035355,0.0007755336367870938
32254,3.747082631226344,0.8769093090023352,0.0003925682322729304
32255,3.337700679732566,-0.46413604015278276,0.00029835880651484295
32258,4.742291880986979,-0.07508630407943517,8.89576921822782e-06
32259,3.386854273971412,-0.44769235190581513,0.000318241745594592
32261,3.5248220298742976,-0.509287129024127,0.0005876330436477352
32262,4.101262677026761,-0.7907196636327365,0.0007568180665306298
32278,3.4242837028597486,-0.1777927109585744,2.7857922139460448e-05
32279,3.724838746081889,0.012830872201479604,1.9163671926527131e-07
32280,3.4299685649779157,0.25640775891790213,0.00011113616549300018
32282,4.362322185474176,-0.06912676450691002,4.019376447114928e-06
32285,4.422488719754362,-0.0878157814639513,2.6604000846647146e-05
32286,4.400031888416732,0.4162092676512996,8.617768362909699e-05
32287,4.448759317760271,0.12698205753700798,7.2610768036484965e-06
32311,4.410388430890661,0.14454053866068328,8.275375817635341e-06
32312,4.4890993656564255,-0.18098841393271226,2.7808997716703297e-05
32313,4.5273328115098135,0.2097424453582164,1.877405742944644e-05
32314,4.278167484486933,0.1236617774831279,2.0401711657071635e-05
32315,4.458424176110924,-0.07016699168640628,4.501810897668014e-06
32317,4.824184462945593,-0.3850688612875839,0.00022960315220288914
32325,3.711060676167512,0.3630811787370689,0.00013426300179009224
32327,4.292750145055166,-0.18023827887761623,3.4945925254845334e-05
32328,4.444983160202103,0.31462337909040716,0.00011806243135204677
32329,3.7219228101191164,0.1409099511182581,1.9626645775804865e-05
32330,4.452463924382763,0.042891395598121385,2.243321623387756e-06
32331,4.309554442427223,-0.17119299478834815,3.100092966088817e-05
32332,3.7276485405462405,0.05881124190655962,3.706669017652507e-06
32333,4.336778741342944,-0.10848620661110431,1.3580040254933007e-05
32334,4.416484923329169,-0.12876896812652916,1.8098231306404066e-05
32335,4.445861308987794,-0.23521629106953323,6.809576203216463e-05
32336,4.281794329904506,-0.3002452618277496,0.0001024571469942409
32337,4.295148932498288,-0.6290264655069677,0.0004221195887050345
32339,4.341030450550591,-0.14382850288878224,2.3932010662862453e-05
32341,4.073752510994507,-0.7203457931687001,0.007528738132420456
32342,4.387346384533481,-0.08193085223143903,8.143102230628498e-06
32345,4.267834296080905,-0.46786079446138196,0.00022844997500857193
32346,4.177947064601639,-0.5536061316252741,0.00030737712628217353
32349,4.290093521386828,-0.3198016078347057,0.00010603043211189806
32350,4.081086368203168,-0.19130897172234196,3.8176359755882435e-05
32351,4.0444302460839845,-0.04256653665604926,1.8659598969767347e-06
32372,4.396225421425261,0.1046947431890306,6.01698675271461e-06
32376,4.505687616883527,0.024759022908627415,2.61897952404308e-07
32378,4.20591921077984,0.378027338756624,5.886549540198118e-05
32381,4.429006785858628,-0.09827344557229711,3.8964953197815805e-06
32385,4.414027846319172,-0.08461116191758755,3.4214177333607588e-06
32386,4.414082029223688,-0.0012837358830530832,6.836212343118931e-10
32388,4.222759357301379,0.06082720455925017,2.387313112695505e-06
32389,4.259102939018547,0.010594510681414704,7.281240978541759e-08
32390,4.240065824785744,0.05312959618152213,1.8254510280178994e-06
32391,4.274678759754476,0.05209940068892749,1.7660994013992892e-06
32392,4.26775617276073,-0.04092242749254993,1.0881014191015681e-06
32393,4.253910998773237,-0.0011391999566177091,8.411025427728112e-10
32394,4.260833585766983,0.015832533249072078,1.6265989354580348e-07
32395,4.255641645521673,-0.09519728159504925,5.875263788662567e-06
32396,4.240065824785744,0.08141431002010346,4.286458759543149e-06
32397,4.290254580490405,-0.01915950652380527,2.3966612875622367e-07
32398,4.214106123559196,0.06117014116780517,2.412055649492423e-06
32399,4.281601346748222,-0.056228522119717184,2.0601655238145003e-06
32400,4.2417964715341805,0.03347979319282057,7.25059539818629e-07
32401,4.248719058527928,0.03072098737085316,6.111464384962992e-07
32402,4.298907814232588,-0.12144834529998061,9.64997406231066e-06
32403,4.250449705276364,0.015043113141565811,1.4657935385925795e-07
32404,4.189877069081083,-0.08558217600581397,4.7124668576192824e-06
32405,4.2573722922701105,-0.034927727420694055,7.91134746611283e-07
32406,4.2521803520248005,0.0396480147309326,1.0185091746815982e-06
32407,4.2469884117794905,-0.06799637549710535,2.993135252382878e-06
32408,4.279870699999786,-0.01017325029982441,6.741322411058171e-08
32409,4.264294879263857,-0.004435878564183149,1.2776676605851345e-08
32410,4.27294811300604,-0.010268235964724148,6.857837904396082e-08
32411,4.066327175674075,0.4030232871714823,0.00011087219886451746
32412,4.2573722922701105,0.01929382674594482,2.414051604275734e-07
32413,4.248719058527928,-0.024809291951183532,3.985691544554985e-07
32414,4.222759357301379,-0.013599120650696683,1.1932606553016514e-07
32415,4.200260949571703,-0.012122508063241888,9.461613513960693e-08
32416,4.253910998773237,-0.0285381741447317,5.278389009614668e-07
32417,4.290254580490405,0.04047875979592597,1.069774936292168e-06
32418,4.205452889817012,-0.029528340602488434,5.616153607034429e-07
32439,4.4148903776389234,-0.08943409445343597,7.087867292378786e-06
32446,4.453730243303999,0.014474087610934383,2.428474225472708e-07
32449,3.2851968268472613,0.30386229198446424,0.00014842515419218055
32450,3.059464081053559,0.775677880038629,0.0008009089415952108
32452,4.02623115658499,-0.028030454915791925,9.798303490017675e-07
32453,4.376180899095944,0.87242087520616,0.0006875089862547902
32456,3.482122404185983,-0.6256521979654996,0.0004346069606930541
32457,4.128806066222142,-0.37930199029177114,0.0001448010648635611
32458,4.433412735367795,-0.1920859827970487,4.2517881593002315e-05
32459,4.245257765031054,0.006090546000711683,2.4007637458127718e-08
32461,4.172516046929229,-0.12946477909467902,0.0001570207708469349
32463,4.674017186349886,0.3061589002616616,0.00015194216861963566
32464,4.311585217961441,0.5451215938420777,0.0001215511540631308
32495,4.259970209601717,0.19437708665179,1.9765138359016665e-05
32496,4.148887846827742,-0.005753120436209791,1.918133672005358e-08
32497,4.385392664976992,-0.16735663041234172,9.565017121187632e-06
32499,4.359308213365317,-0.32861367821967225,4.336478517002244e-05
32501,3.763088330896854,0.4051260798917018,8.716782181180047e-05
32502,3.5520371716277235,0.46434584912466503,0.000140622361290696
32503,4.51691935293498,-0.06723406978728352,2.534645910250556e-06
32504,3.1733915726335717,-0.7938454385033977,0.0005540309673728625
32508,4.124068286525655,0.1143766196702023,4.1398125371820755e-06
32509,3.1699901713025493,0.4675959884238363,0.0003795640332787621
32510,4.3344499854606955,-0.14026008826887892,2.765425504564497e-05
32512,3.0606709304233646,0.19742560759811756,4.248819795406803e-05
32513,3.85802728726636,0.2544845789111898,4.3906978221641165e-05
32514,3.609263796790123,-0.22148943546010846,5.8000301736382117e-05
32515,4.2284681610061545,0.15355847366772668,1.885729388060818e-05
32517,4.436822897024842,-0.008389889536805306,3.89578955301885e-08
32518,4.388211067428583,-0.3226089740721365,5.205513313834353e-05
32519,4.1861816641521,-0.136137360826579,1.1016940831677394e-05
32521,4.3645731041673494,0.11842944784653398,1.8603353418016557e-05
32522,3.1431421177047163,-0.3831321776717953,0.00019569350181265272
32548,3.0443932297714342,0.7214472654786306,0.0009338794396070553
32549,3.2287142947896594,-0.11965333592866534,2.0414556668473156e-05
32550,2.997257266354038,-0.11805880905599864,2.0107690435064684e-05
32551,3.0767628487751923,0.760536610457017,0.0007585909908421729
32552,2.9974289695799663,1.0368116685724291,0.0015495640532754095
32557,4.650838251594345,0.19727811300413656,6.890247254866025e-05
32558,4.310209859698358,0.5244834845679822,0.0003452780690395009
32563,3.5236522999085778,1.0417370160676689,0.01597452489440948
32567,4.3245860456809915,0.5109018953693099,0.0002683928153392802
32568,3.0539384624935604,-0.6380246841925117,0.0019366439180074299
32575,3.7005918930690065,-0.6372009710412008,0.0005422630498655755
32579,4.133890401344035,0.15245098319543793,3.48977870732078e-05
32580,4.33536776614157,0.39731574014548077,0.00013394944291437536
32582,4.4119762774634586,0.06536053701474831,3.9827874987667965e-06
32590,4.6840178837006645,0.11259876685838233,1.0542568630256158e-05
32611,3.179685636552881,0.1381301361702234,2.2164887601074566e-05
32613,3.1265267324610337,0.1949056807322589,5.0701140686028184e-05
32614,3.4578444143425866,0.5494887708898846,0.00117906387734395
32615,3.003323108072219,0.6627993589191008,0.0007159647721187665
32616,3.307653477896944,0.12310270600675555,1.7505441165282493e-05
32617,3.5372582765025964,0.13141847029382037,1.1804912127043596e-05
32618,4.414067506773151,-0.04969580733799006,1.3790362540199987e-06
32619,4.3554950175482725,0.045108002698544425,1.0683233461198005e-06
32621,3.377373193442098,-0.5382947299334835,0.0003207276593657451
32622,4.439520914864315,-0.33357721679886243,4.440535496901136e-05
32623,3.838170392917861,-0.4074142090141617,0.00015976283998458125
32626,3.3924805102520668,0.015361414128757023,3.276193962494306e-07
32628,4.324357012142559,0.1404010201287873,1.8110934849506408e-05
32638,4.348663580526096,0.09045202113191309,7.273809983056024e-06
32639,4.3346595028877974,0.23280881591628244,3.238667412841215e-05
32640,4.328369790006406,0.10956447660577151,6.671766239264178e-06
32641,4.267165552280379,0.002531897419582485,7.3053923200453036e-09
32642,4.165422937237386,0.10006988118054405,7.69941333087142e-06
32644,4.244450096480107,-0.04274701593750674,2.1424375577969544e-06
32645,4.270217580842134,0.08905206670913124,4.261224957224473e-06
32790,4.0986416011019235,0.03171339864320988,1.111724964074091e-06
32800,3.74361066772806,-0.10339638559540454,4.368111664644177e-05
32802,4.111734956324993,0.4056963153550921,9.376659196721771e-05
32803,4.072949613575827,-0.2685118188276183,9.472484989583716e-05
32804,4.794957049172551,-0.15441971934716836,5.173371327299083e-05
32806,4.54593337395478,-0.3089325113311556,0.0001047167218272013
32808,4.5899675760812695,0.06113154179522162,4.767294143002318e-06
32811,3.672773734479454,-0.744250210618913,0.0006720960720042277
32816,4.295052445625953,-0.07996626570772403,3.6803425209435378e-06
32817,4.374926106836392,-0.12073284367239445,6.463156644138279e-06
32820,3.2779508059333304,0.21247770945676736,4.658744327147166e-05
32821,4.363845432410859,-0.1696555352190421,1.191064794077362e-05
32822,4.401278952852664,-0.11907265346099294,6.959411904422863e-06
32823,4.440513498000884,-0.01088788452772338,1.0603501552974502e-07
32824,4.3863052712136,0.7141707268824451,0.00019645099744034294
32825,3.6411038523915,0.30435392912288384,0.00014426430293671452
32826,3.621672667132264,-0.42299954958158237,0.00015898521308470263
32832,3.7753108954242007,-0.21142793148494965,8.270265172194378e-05
32834,3.4901863226302785,-0.768890894778048,0.0006516427584279204
32835,4.24977436857225,0.12093850620135793,1.4588046875908267e-05
32836,4.73045924925402,-0.0812721778491543,7.910028272788701e-06
32837,3.3068065158220485,-0.47949289389302097,0.0002494354624544627
32841,3.450816579351998,-0.3066643006797336,8.590226695325898e-05
32843,3.462506012829018,-0.5777052999823091,0.00035934345945499025
32861,3.4446344481244684,-0.5432128540417187,0.0003047485056894197
32862,3.4901248821167568,-0.29964853177025397,9.530362140430242e-05
32891,4.467397598416772,0.16148911418863499,3.396559901290215e-05
32894,4.522151210347149,0.23402184917746993,0.00033843098728531505
32897,3.3728218303308144,-0.35239694418645184,0.00020256891357183505
32898,4.177051014971565,-1.5892869797438567,0.002721642837176675
32899,3.8561392743303906,0.19041462405536125,3.867719651764962e-05
32918,4.393462358540377,0.41464867144440465,0.0001054825931508674
32931,4.39107286276795,0.11206459765498966,5.538185828364994e-06
32932,4.539847311152048,0.2892661063208175,3.630630048527003e-05
32933,4.4084882197439725,-0.22186838141270115,1.5289826860313775e-05
32934,4.309990419797769,-0.034714155070767916,4.375141928269739e-07
32936,4.338619871314867,-0.2392877675817271,8.368657458654059e-05
32937,4.419936595877855,0.5759234126362465,0.00016169026724818187
32938,4.377488783030701,-0.00047469018036405686,8.486705321986457e-11
32939,4.351179994932477,0.002961436251869287,3.751964532508345e-09
32940,4.376401536229808,-0.29379223022612777,4.01920165900015e-05
32942,4.508421753111538,0.3142762454051278,4.5330701970232337e-05
32951,4.116498919625397,-0.03220469325679787,1.3606395036042572e-06
32952,3.589286013959908,0.13157648600707894,1.1129738962660277e-05
32953,4.179615077742722,-0.14360609253358447,2.0773100624063524e-05
33000,4.433584272263608,-0.011135723090810679,6.1262368780066e-08
33351,4.546266082220509,0.2860396763513302,3.914197609090652e-05
33352,4.257034707884109,-0.07804267160172351,3.658445444477055e-06
33356,4.481194384797385,0.03514458748409055,6.045021564748496e-07
33358,4.393819027935431,-0.2132967694722785,4.4513223963862625e-05
33360,4.5187684143093625,0.1275437150099039,6.747556065398788e-06
33362,4.540078982015009,0.24323738935655648,5.012586090827225e-05
33364,4.449811291752529,-0.03217622961127997,5.507964415994036e-07
33367,4.516557531968306,0.12783336717306693,1.4545181360613305e-05
33368,4.52439295673089,0.2730491169043239,3.43837492837261e-05
33369,4.481033248878605,0.10902329929943821,5.127226304770127e-06
33370,4.503988305945403,0.18919275736540175,1.5758736606585346e-05
33371,4.120845969761882,0.969216457965695,0.000785342592420248
33373,4.442441423879645,0.036031109062489186,5.113338137986708e-07
33374,4.295610345187636,-0.11815087625502851,7.1124854921954465e-06
33375,4.3536430792149545,0.04450293733881061,9.024431747940651e-07
33376,4.516118019485262,0.31459284241676055,3.9961167515760214e-05
33380,4.358943172343004,-0.19072876155444796,1.529609913561238e-05
33381,4.390150233602719,0.00306359046172755,3.680717905873772e-09
33383,4.5315035902516305,-0.1469800753791617,9.025280604299168e-06
33384,4.406440664900354,-0.17814813016851438,0.00034023577768089715
33385,4.45029163185552,-0.01947483301220654,1.710866713788028e-07
33395,3.5756670116971128,0.8936834511484442,0.000799432464562394
33434,3.4719866531200094,0.08336140836940409,2.941495735110089e-05
33445,4.513251573950096,0.19987575354308795,1.6187959155343023e-05
33446,4.200408952262864,-0.6085912109920586,0.001282652593984271
33447,4.475051463483741,-0.2081551360634908,1.7855463643149255e-05
33448,3.627330973807736,-0.20306831921458457,4.8528069890094776e-05
33461,3.0636185881025657,0.38318930481164193,0.00018709078888953445
33486,4.296492896444286,-0.5032534270061064,9.195851673217243e-05
33487,3.0748139071055984,0.1638645450587819,7.513780173724128e-05
33490,4.0728539811725915,0.12434796648921687,6.173701431309709e-06
33491,4.34713318984666,0.0005607657467168181,1.6368618700479618e-10
33492,4.167160059725095,0.03154451782124834,5.773968689863348e-07
33493,4.409238319285333,-0.2566248489392562,6.051669704474898e-05
33494,3.673608023543814,-0.3740742956581591,0.00013108405337354534
33515,4.366007299110797,0.34622195917070187,9.901711115113185e-05
33525,3.15228247547166,-0.7635196862365619,0.002374628607234334
33526,3.190234421160828,-0.7136960210433441,0.003303236020601602
33582,3.0497349342955604,-0.10004659924297599,1.3111712477860064e-05
33583,3.665868252358698,0.03543372175379522,1.4695725329072002e-06
33584,3.175136901446096,0.15706760872910763,3.373309708239577e-05
33587,3.934731061302489,0.008790611185028219,8.358591041124935e-08
33588,3.9995430726124956,-0.5687868887087961,0.0003108266526777437
33590,4.2520329822012775,0.21502390165717955,3.124002799959663e-05
33591,4.425602657186126,-0.2046254440306594,3.735089166954404e-05
33592,4.47194652705167,0.04220426054925319,1.6566554364652196e-06
33593,4.276863661062913,-0.17091996299746093,8.940407443985405e-05
33595,3.122642387748612,-0.3626324477156908,0.0007849890887688044
33596,4.290391435980718,-0.5291913202871554,0.00030839081704411733
33597,4.140608948807379,-0.08189156422842903,6.615223214987976e-06
33641,4.424689793060042,-0.037675616875121776,5.937341703744549e-06
33647,3.907624298148193,0.7386878311710734,0.0005709381099358208
33789,4.4958815695264525,-0.2749043563709854,3.107562106499043e-05
33846,3.3985558276424785,-0.6905056265402685,0.0004763175651487308
33852,4.212186777051235,0.7789258505561572,0.00040752287769278955
33853,3.0534989958972423,0.35102617585758766,0.00015552515777926627
33858,4.128915678181013,-0.4251476115733257,0.0002637562870886997
33866,4.193517225665693,-0.19715307180379638,2.333018675861298e-05
33891,4.348050678613257,0.13720921070227732,1.391419325723022e-05
33941,3.2121238782638124,0.7524915772835041,0.0011318161787419257
33969,3.8954646068322574,0.34298029936359997,0.00020121533180995406
33974,4.104853705947371,0.05714950474854419,4.334123358709719e-06
34000,4.332112283614227,-0.09078553104348064,5.547960555567787e-06
34007,4.178516648728525,0.12824750144480923,1.428908393621283e-05
34008,4.270739627753789,0.02654577846500139,6.439790078712884e-07
34009,4.338487549648375,0.1624326149659172,2.3646283020367413e-05
34010,4.284910128758886,0.09586572401334248,6.43748625902973e-06
34011,4.443507011546364,-0.11145874667872402,1.395547197768899e-05
34013,4.513625198791645,0.11526151381376248,5.2637691634508364e-05
34015,4.290943221333295,0.2734049701345409,0.0002663276143521447
34016,4.424875511581019,0.1488040073157011,1.5718675902408676e-05
34017,4.304014255286231,0.25301555537392595,4.4353237050404276e-05
34018,4.302371405618117,0.05561865122752341,3.074055824563459e-06
34022,4.399200210661875,-0.048922274302573676,2.3156033818183996e-06
34043,4.527056751683829,0.8868189554984802,0.0008784950166311661
34044,4.231785125333402,-0.3399648272227753,0.00012754358212288525
34062,3.176914314024131,0.6859184472132434,0.0010934816547370965
34077,4.5142924303527625,0.24958944679015005,4.503445566553785e-05
34126,4.419141766096269,-0.09104347344794306,7.418523142402784e-06
34145,4.516896247663011,0.08124932338811597,2.7778312877563047e-06
34155,4.392209984317569,0.2627022935653365,3.225148007637986e-05
34156,4.55597337613518,0.18285319466558558,3.731235410379038e-05
34158,3.673372684942674,-0.2622249724273509,4.286794432556614e-05
34159,3.2742046333443215,-0.3564339012600426,0.00013980399910343286
34162,4.469163825930658,0.8007540660956805,0.00034504238940566423
34163,4.380784498981098,0.0908542943824715,1.150927280954979e-05
34164,4.364550275760089,0.1539721035023307,3.4144161522174654e-05
34165,4.555592522070283,-0.03054838056147613,1.3308653925275565e-06
34166,4.430611656407936,0.012039600082380808,2.0619679143102048e-07
34167,4.310119566073758,-0.06305391683399364,5.904972688748522e-06
34168,4.414260655992462,0.12583753325191438,6.819867093323754e-06
34169,4.307522472086419,0.07450416258746184,2.9062397611580656e-06
34170,3.9519560049966507,-0.3329626783468811,0.0001146931705840874
34178,4.348823351326723,0.2061056182246217,2.0205702593526365e-05
34193,4.339365313709261,0.21976093377742334,6.191412158935184e-05
34200,3.561544824247725,0.6113027994623197,0.0003507958030901698
34202,4.424772185826669,0.3433668284395628,0.00017148964589574277
34208,3.1203013307497387,-0.015714652283665753,1.0765519864201244e-06
34209,2.9642573566343087,-0.4546580942559366,0.00046419766429807484
34212,3.8557860634002177,0.32167340553238954,0.00010130629515716033
34298,3.3833271090020536,-0.0691411043295278,4.532060201762136e-06
34367,4.195076201637039,0.23096731845361695,2.3245369164735543e-05
34389,4.522804690760695,0.03736812929666122,5.653078580409579e-07
34494,3.9367840247165864,-0.10814262822749132,1.2655512351847763e-05
34495,4.335969174165535,0.027129450622828344,4.2487356079730165e-07
34507,4.5111819039521786,0.05939683726629408,2.4649075540981703e-06
34508,4.4549116257469645,-0.07288499107308333,3.5550886697299717e-06
34511,4.24494680431993,0.1882481169283512,1.3455962284134303e-05
34523,3.821840037402551,0.11389949464291105,1.4562002110770196e-05
34814,4.796267803112756,0.1581498109852708,5.979073324661285e-05
34815,4.465116775032004,-0.0620627731660468,5.576438962123702e-06
34816,4.451271601044511,-0.05929463551746128,5.080297160543543e-06
34817,4.4772313022710595,-0.08649272699515631,1.0850226370427665e-05
34818,4.081779415078309,-1.1165063490090263,0.001838893614336734
34858,3.2609801625408283,-0.6077381979336134,0.00035868955960602816
34859,4.430650066401156,-0.2170420833522373,3.9699155761090814e-05
34869,3.757367777415591,-1.3063626793032719,0.0019406692279873492
34870,4.477967199487079,-0.4490504425874331,0.00022452505868947447
34925,4.40036615493128,-0.10172112919644949,1.0032128275417931e-05
34926,4.423401411822486,-0.2676482214717417,3.1207245946111196e-05
34941,4.329172820658007,-0.09217195803438294,3.3454898687549893e-06
34942,4.116170727523957,0.14227484537857027,9.969889582255917e-06
34943,3.912738424053242,-0.13310460667084145,1.8300093888300483e-05
34944,4.322317103941503,-0.1326623619150782,6.642443479697704e-05
34945,3.2082536277581246,0.05368168657052319,4.234929776017545e-06
34984,3.0892326546855577,0.1688638833359244,3.9072727637881746e-05
35023,3.539746312654549,-0.5144552368590136,0.00018247329703497344
35024,4.4623719705498175,0.5429157172198433,0.00011413350851065866
35029,4.24730540817245,0.21745262409889587,2.9398712664369323e-05
35032,4.301692777204552,0.3720702002491505,4.183540310977094e-05
35034,4.322188369739231,0.12398608475840245,1.2544604383261957e-05
35035,4.40518930917504,-0.06398466902141386,1.5385195927643035e-06
35038,4.361286625218368,0.10347140705297786,1.1485477539560928e-05
35042,4.420554142834802,0.13121526642617454,7.719479374221008e-06
35045,4.410459292490958,0.3919210627848386,5.9019697440614686e-05
35046,3.2176238291969548,-0.10856287033596068,2.1833033535736646e-05
35049,3.532453276260713,0.9838856960207631,0.001678676637079073
35050,4.673340665891767,-0.7633196631342942,0.0006589796780172723
35055,4.315140510638456,-0.22916419808687216,6.64112213586414e-05
35056,3.4118665501083716,-0.38657547431283623,0.0003354789844754175
35058,4.697474112379025,-0.12482711809649327,2.3378211230153583e-05
35059,3.9522952798716133,-0.330624575451127,6.224605952768485e-05
35062,4.191143670293151,0.3948436962781665,8.888940769246332e-05
35064,3.251482412443687,0.2778149718457841,0.0001042961099585634
35293,4.379821837338439,0.3917098858648771,5.8878517220942495e-05
35603,4.310036608105736,0.180844431480228,1.8095503222235118e-05
35604,4.357128891476417,0.08669814410291199,3.949880224673085e-06
35605,4.447995526340425,-0.15890688732581282,1.2817773191209377e-05
35606,4.303516189023969,-0.006230782805178414,2.7271547501549052e-08
35607,4.428832409923668,-0.23012783237732481,2.6328954890196495e-05
35608,4.333049159862013,0.0003123028305873632,7.016396421990776e-11
35631,4.478167349850667,0.18432790275669397,0.00012203977263427455
35667,3.9901154982506037,0.2583797437987556,2.8957174474972922e-05
35702,4.0838271278960185,0.0951649083863666,5.327691757186119e-06
35714,4.336861138225036,0.06741610538366594,4.250889404200667e-06
35715,4.392099812489787,-0.1478994947233092,1.5755014421498074e-05
35719,4.272742330304646,-0.4885526963863849,8.957615921182981e-05
35722,4.407897987853531,-0.11880934883891836,1.1032224100701836e-05
35730,3.6989394748210893,0.3887160992502148,0.0001565263062176049
35741,4.441381048310799,0.30093897582452644,5.0653884459883646e-05
35742,4.395427009559947,0.15528699063208506,1.3534092911894102e-05
35782,3.943365344700634,-0.20094512365866768,4.374434382453471e-05
35783,4.470528628251578,-0.05894319133615156,3.7664073599537144e-06
35784,3.055653529131371,-0.06493379740092431,6.14386912191345e-06
35787,2.9179243990250225,-0.45833555722131214,0.0002887181447239991
35812,3.175664987563068,-0.5729753021186843,0.0004404838566589377
35817,4.29803401911218,-0.26202503390304255,4.19028916537466e-05
35820,3.048534473669168,0.3256342356050679,0.00014252610667670742
35841,4.5681259356859885,-0.21013587884034823,6.388083527213549e-05
35843,3.925204372146296,-0.015183369388823031,2.0880106335743788e-07
35845,3.5201133747180706,0.09887995193169896,9.973901158964275e-06
35846,4.216643684362405,0.11540458050523483,1.8918154379755403e-05
35908,3.1497588979038347,0.38538645626805934,0.000654509870619425
35931,4.527412060010595,0.33240034435107724,4.7981962113153585e-05
35938,4.470107913628555,0.028590027849020316,7.508195838819504e-07
35940,4.335814631847294,-0.1401175753649051,7.606214845264298e-06
35943,4.442533055280871,-0.07688989985751338,2.219791638269533e-06
35946,4.3714647158943984,-0.1431721811625586,1.39149969756145e-05
35949,4.554154909458082,0.04801076750971056,1.9340425950171305e-06
36002,4.400232087837811,0.054115208415696614,1.175509548755696e-06
36005,4.44447021732549,-0.13367109193997617,7.3431191062679814e-06
36006,4.47137168676212,-0.1340809459296297,1.4702148936507259e-05
36007,4.437885091931336,0.02687294034001031,6.221097809642143e-07
36009,4.5778104899853265,0.06658040915604602,2.538485010420451e-06
36010,4.566204023418783,-0.04550299405714142,9.126140365361931e-07
36012,4.439076739492022,-0.11362045630653483,1.0533807318872382e-05
36013,4.501360311253752,0.07335066724963113,2.577260014579261e-06
36014,4.304038683834791,-0.04417968313511711,8.137513124420296e-07
36015,4.543463750293608,-0.10198965697630591,4.421325084609863e-06
36016,4.536190108069923,0.10047874497753906,4.207825207254298e-06
36017,4.520310059087953,-0.06248046099857074,1.6593371847191252e-06
36018,4.454301081390861,0.18816488934092668,1.4379329701074223e-05
36019,4.44333194972263,0.013338227947017778,7.168307430194463e-08
36020,4.102739823383481,-0.23571418388607102,2.249011987306534e-05
36097,3.1032135733169586,-0.5459862619493321,0.0007419800169099725
36098,4.264395030533606,0.08846022683999522,5.730934028367937e-06
36099,4.26458812495677,0.0009046934611598445,6.266674394660276e-10
36100,4.296208274599999,0.06561565275636383,3.296039805265636e-06
36101,4.326431381834477,0.2211096913169781,3.30998037733517e-05
36102,4.424678737866245,-0.008250676475030971,2.8164544933050213e-08
36103,4.316313672521156,0.1345391530825779,1.2243606160085484e-05
36105,4.383744759300369,0.12160509140551135,6.0484516340381735e-06
36106,4.407224230974502,-0.026448378202273304,2.971280681868628e-07
36107,4.392059249972292,0.09207260763874281,3.501050982737517e-06
36109,3.384977507578515,-0.3743566215307732,0.00011550328863600092
36114,4.387488947344965,0.015565054520991772,1.006814282132546e-07
36116,4.352284520491383,-0.10808420272490515,4.7800117577251154e-06
36117,4.457806502534182,0.2633673592102159,3.46318461482416e-05
36120,4.397970295150316,0.18597625438614873,2.9971614657796183e-05
36123,4.401197546473843,0.1324766378091784,7.265474074111775e-06
36124,4.341611692428099,0.12888359023339024,9.105295550329266e-06
36125,4.366252142883527,0.018271371988942242,1.8718453281642323e-07
36127,4.354094518775935,0.13790696910651867,1.0273248861537217e-05
36131,4.506096359093929,-0.22665631319514823,7.500200627629217e-05
36167,3.167175740217778,-0.8447880199275528,0.0009324662125155752
36168,4.437548068425417,0.09505142472783934,3.5279130278770828e-06
36210,4.4124255320271875,-0.7774744199388066,0.0009306957868849632
36216,4.374245325895778,-0.2519613949844359,8.045903425943349e-05
36220,4.464812507595873,-0.0046680936580392185,1.3264827198700423e-08
36226,3.423861478374029,-0.5060907462897499,0.00022174137894314484
36248,3.22769334301294,0.20951447617224828,5.5259699941577924e-05
36249,3.686394244195472,0.3191191043200128,0.00011853229301644574
36255,4.311569926010123,0.20804237161632155,4.4243287191340435e-05
36275,4.548384155791829,-0.2620427712523554,9.913726319251104e-05
36280,4.865674644703651,-0.6520666616547324,0.001146840861692952
36281,3.5409191557092,-1.0313198933308279,0.001153378599714882
36282,4.422525060846202,-0.012153953163178244,1.860808740937978e-07
36283,4.291443768815949,0.005841637402841826,2.2952691416597268e-08
36285,4.247619443833088,0.04420892292264522,1.178712898511481e-06
36286,4.285140925801166,0.3505584652217486,6.839907154802695e-05
36290,4.323981289049505,-0.12377633612792671,4.813186662697603e-06
36296,4.435895918179287,0.0988518035122592,9.569931975947248e-06
36301,4.20047732893902,-0.20227662726982176,2.864148676263391e-05
36307,4.0472763088010195,0.3259618198397831,0.00010105631409846821
36308,4.3500095989255,0.06157583798992583,4.2253226887790934e-06
36309,4.351357857647915,-0.26035219669132825,2.7310800375736375e-05
36310,3.945315294528138,-0.019389383931000204,3.634837283590125e-07
36311,4.2313910608464695,0.09141621416744083,4.631915602785218e-06
36314,4.417998318896199,0.015196602352082422,1.3333739366127528e-07
36315,4.079977037985839,-0.6721351136050151,0.00019409248928002804
36318,4.285454282937386,0.16889301331612128,9.01832591816685e-05
36319,3.891733756113998,0.38632028817690545,0.00014536750568651236
36324,4.273220958212669,0.18112633804083877,3.336458250351845e-05
36329,4.450701795940828,-0.1466367027366582,1.2120543087389505e-05
36330,3.1565636320892434,0.37273375220022764,0.00016308368291873462
36340,4.226658579870445,0.0733442193248468,1.961585089141801e-05
36343,2.8001585283226738,0.6142840800895022,0.0046627961198843874
36346,4.018411116245356,-0.5219035547788757,0.001148719539871003
36347,4.339906011981986,0.5624014052286412,0.0005125267885422863
36360,4.377674706504754,0.05670715850305541,2.2802338224675964e-06
36365,4.96431381831839,-0.6428336835125421,0.0018980695640457457
36550,4.352194757127156,-0.14899578999297347,1.1438431494575884e-05
36551,4.075553270090344,-0.08656922352606955,6.697488946737492e-06
36552,4.691667787670133,-0.3622511032685489,0.00017661267184377477
36553,4.410117411086438,0.10731386059364656,1.0622500166007079e-05
36600,3.1358832147762894,-0.03579092589805555,1.6072632462489277e-06
36609,3.1402499704625435,0.9028012973720068,0.0014397901386722092
36818,3.5027057109570023,0.24914854231832262,9.480042436637556e-05
36825,4.423605642646285,-0.2055696080816345,4.8369744977260664e-05
36827,4.21537904135639,-0.1045051771830785,1.1934279753780113e-05
36828,3.1844275097188124,-0.10711524917239856,1.901535006813024e-05
36829,2.932893926815022,0.6671543135922984,0.0008860855472091508
36835,4.144765200708351,-0.22676012360265752,8.855023422779409e-05
36843,4.195393424374177,-0.039640234023432974,6.060153018739091e-07
36847,4.37982494306246,-0.04646348036985959,2.1888308668822755e-06
36859,4.504820853973131,-0.026348321030996935,3.711299695404189e-07
36860,4.53294361233181,0.09300911283880975,3.723343305675453e-06
36862,4.331147782472247,0.14505202221888513,8.215320440994074e-06
36863,4.3706533085802945,-0.12932655600954845,6.501696848642606e-06
36865,4.5825210301989525,0.3425563755356569,4.7245603467047566e-05
36866,4.5369968902920075,0.053059657886035616,1.0419238025191053e-06
36867,4.518127397750871,-0.1004923356096219,3.4050561424372945e-06
36869,4.5364808435158395,0.24683552785572616,3.016360745206119e-05
36870,4.482851669152314,0.07941101582450028,2.7164762171600636e-06
36871,4.381257938122918,0.09721459481921624,5.21976727276426e-06
36872,4.4605300323697215,-0.03209702488168453,4.1605683269599827e-07
36873,4.245925474480502,0.3090034950708427,0.00012299820635531674
36874,4.500766954532717,0.09737861651840962,3.740456901029036e-06
36875,4.327775005589596,0.18198499559383663,1.6017073587091037e-05
36876,4.435397221420917,0.22615329800328166,2.280572851694814e-05
36877,4.445540086689857,0.038591770921177826,6.028098692594957e-07
36878,4.493510237305577,-0.0758751751643274,2.4102917574110063e-06
36881,4.524758087322575,-0.01389858080572548,8.059763256676361e-08
36883,4.462857928632216,0.11082159026450444,4.948588702233314e-06
36884,3.532958502647926,-0.05789127241931524,4.471529647800768e-06
36885,3.1907311996013363,0.35600848735147705,0.00022644276388261
36888,3.2287705160855085,-0.9261854230914626,0.0010512353305600912
36964,4.613802402234153,0.7116436317021364,0.00023491093278545889
36990,4.362987506142686,-0.32345118041558063,5.7402925818141616e-05
36996,3.126397153977121,-0.5537849237700154,0.00045022115527934727
36997,3.126397153977121,-0.5537849237700154,0.00045022115527934727
37040,4.297275562755924,-0.008186923741311247,6.366429626199222e-08
37132,2.992298891039138,0.5042086704273423,0.00036786590854967163
37166,3.8954987521015196,-0.6968256345508381,0.0006500108287998264
37179,3.6039831185998987,-0.5594606808764757,0.00023391630499474894
37180,4.348223602108236,-0.012240905935761326,5.731378942273312e-08
37187,4.465490407782879,-0.21699516573352007,2.1189720328041884e-05
37205,3.0590340626465835,-0.11459508348014324,1.645989506964947e-05
37218,4.491698472917001,0.1410868801040639,6.887273683108686e-06
37225,4.485656532153613,-0.15098359386320226,8.350896448239173e-05
37228,4.065822497276214,0.11010205193831002,6.276200169960002e-06
37237,4.044326832013256,0.32385439583857245,4.7926869031225055e-05
37458,4.499809861565311,0.05406703003523017,1.5601647366687248e-06
37460,3.79525731978432,0.39893257740749677,0.0003264683605363148
37575,3.9395001655790782,-0.2733776985877583,6.99814120041268e-05
37606,3.795315253375131,0.020196851672171334,8.1650978802227e-07
37646,3.45041201255653,0.18980226957612523,3.1240226998228285e-05
37704,4.56765118717872,0.12552987613208444,7.475511614998328e-06
37784,3.159564712802982,0.04723853083094953,2.9380376392914987e-06
37811,4.159137463565411,-1.571373428337703,0.010355196188484251
37814,3.205189520725306,0.4402603754612944,0.000296935983304998
37821,4.427790930036841,0.19325260510754028,1.660859458304966e-05
37822,4.439046316295765,0.009470059646949913,3.6564631597686374e-08
37823,4.336021736607259,0.03847663164583093,5.849968644800541e-07
37824,4.437147728678839,0.11988208198131733,6.141475230775501e-06
37825,4.413537341453591,-0.09073006643968018,3.315544435224801e-06
37826,4.407989678552175,0.08064669117996459,2.8304960143896034e-06
37827,3.069466580399651,-0.39531793097312207,0.0007195840837099546
37830,4.402443130462912,0.012776471566732894,6.77410870622147e-08
37831,4.408516348111081,-0.0790996637094965,2.511171331035666e-06
37832,4.467129378768199,0.06331726102395585,1.8218769614035467e-06
37833,4.4841699863984115,0.1408028268858592,9.170787565004998e-06
38834,3.129658659551504,1.011887504154891,0.014887458247554719
38836,2.8619400186996433,-0.34424354608865215,0.0001952771387247891
38838,4.480936668398716,-0.32675210582059844,3.861658926676901e-05
38843,3.1166779719637754,-0.012091293497702438,2.361096737854267e-07
38861,4.467186525409974,-0.11561909822080096,5.350716969779901e-06
38868,3.9641754967954843,-0.7902970378580192,0.0017110403645988512
38908,4.261953566897381,-0.34993056146923474,0.00011852202037935154
38963,2.974893089885677,-0.550090364167382,0.0005366158337053524
38964,4.553460841946836,-0.2453498902231228,7.794312743052335e-05
38965,4.427509287492877,-0.06313758805771652,3.3111892608039933e-06
38967,2.8824967772822476,-0.356768132973992,0.0001855892827372395
39002,3.7844046806873894,-0.7351316402053687,0.00039019118915998045
39006,4.274407886883571,0.3297617987709369,4.8308563136124414e-05
39011,4.378078687465745,0.1925000537527275,6.275842534430733e-05
39038,3.0982133974013086,-0.7186672632711346,0.0010377289485089573
39064,3.054848824588124,-0.3945892873222623,0.0003406252967325
39065,2.9766453043716683,-0.155266417962455,4.468882193163559e-05
39080,3.2491221152364207,0.3343968232196892,0.00016118353902157766
39087,3.1706161129267176,1.2895283010111163,0.0022227301969744606
